month,ONI,DMI,DMI_3M,DMI_lag_1,DMI_lag_2,DMI_lag_3
1870-01,,-0.438,,,,
1870-02,,-0.337,,-0.438,,
1870-03,,0.177,-0.19933333333333336,-0.337,-0.438,
1870-04,,-0.048,-0.06933333333333334,0.177,-0.337,-0.438
1870-05,,-0.48,-0.11699999999999999,-0.048,0.177,-0.337
1870-06,,-0.548,-0.3586666666666667,-0.48,-0.048,0.177
1870-07,,-0.65,-0.5593333333333333,-0.548,-0.48,-0.048
1870-08,,-0.522,-0.5733333333333334,-0.65,-0.548,-0.48
1870-09,,-0.728,-0.6333333333333333,-0.522,-0.65,-0.548
1870-10,,-0.636,-0.6286666666666667,-0.728,-0.522,-0.65
1870-11,,-0.401,-0.5883333333333333,-0.636,-0.728,-0.522
1870-12,,-0.376,-0.4709999999999999,-0.401,-0.636,-0.728
1871-01,,-0.273,-0.35000000000000003,-0.376,-0.401,-0.636
1871-02,,-0.17,-0.273,-0.273,-0.376,-0.401
1871-03,,-0.212,-0.21833333333333335,-0.17,-0.273,-0.376
1871-04,,-0.148,-0.17666666666666667,-0.212,-0.17,-0.273
1871-05,,-0.115,-0.15833333333333333,-0.148,-0.212,-0.17
1871-06,,-0.163,-0.142,-0.115,-0.148,-0.212
1871-07,,-0.444,-0.24066666666666667,-0.163,-0.115,-0.148
1871-08,,-0.375,-0.3273333333333333,-0.444,-0.163,-0.115
1871-09,,-0.336,-0.385,-0.375,-0.444,-0.163
1871-10,,-0.527,-0.4126666666666667,-0.336,-0.375,-0.444
1871-11,,-0.217,-0.36000000000000004,-0.527,-0.336,-0.375
1871-12,,-0.229,-0.32433333333333336,-0.217,-0.527,-0.336
1872-01,,-0.037,-0.161,-0.229,-0.217,-0.527
1872-02,,0.041,-0.07500000000000001,-0.037,-0.229,-0.217
1872-03,,-0.075,-0.023666666666666666,0.041,-0.037,-0.229
1872-04,,-0.083,-0.039,-0.075,0.041,-0.037
1872-05,,-0.148,-0.10200000000000002,-0.083,-0.075,0.041
1872-06,,-0.083,-0.10466666666666667,-0.148,-0.083,-0.075
1872-07,,-0.285,-0.17200000000000001,-0.083,-0.148,-0.083
1872-08,,-0.325,-0.231,-0.285,-0.083,-0.148
1872-09,,-0.333,-0.31433333333333335,-0.325,-0.285,-0.083
1872-10,,-0.27,-0.30933333333333335,-0.333,-0.325,-0.285
1872-11,,-0.106,-0.2363333333333333,-0.27,-0.333,-0.325
1872-12,,-0.11,-0.162,-0.106,-0.27,-0.333
1873-01,,0.063,-0.051,-0.11,-0.106,-0.27
1873-02,,-0.319,-0.122,0.063,-0.11,-0.106
1873-03,,-0.404,-0.22,-0.319,0.063,-0.11
1873-04,,-0.272,-0.33166666666666667,-0.404,-0.319,0.063
1873-05,,-0.411,-0.36233333333333334,-0.272,-0.404,-0.319
1873-06,,-0.587,-0.42333333333333334,-0.411,-0.272,-0.404
1873-07,,-0.69,-0.5626666666666665,-0.587,-0.411,-0.272
1873-08,,-0.8,-0.6923333333333334,-0.69,-0.587,-0.411
1873-09,,-0.694,-0.7279999999999999,-0.8,-0.69,-0.587
1873-10,,-0.479,-0.6576666666666666,-0.694,-0.8,-0.69
1873-11,,-0.353,-0.5086666666666666,-0.479,-0.694,-0.8
1873-12,,-0.303,-0.37833333333333324,-0.353,-0.479,-0.694
1874-01,,-0.381,-0.3456666666666666,-0.303,-0.353,-0.479
1874-02,,-0.388,-0.3573333333333333,-0.381,-0.303,-0.353
1874-03,,-0.586,-0.45166666666666666,-0.388,-0.381,-0.303
1874-04,,-0.753,-0.5756666666666667,-0.586,-0.388,-0.381
1874-05,,-0.441,-0.5933333333333333,-0.753,-0.586,-0.388
1874-06,,-0.465,-0.553,-0.441,-0.753,-0.586
1874-07,,-0.338,-0.4146666666666667,-0.465,-0.441,-0.753
1874-08,,-0.344,-0.38233333333333336,-0.338,-0.465,-0.441
1874-09,,-0.814,-0.49866666666666665,-0.344,-0.338,-0.465
1874-10,,-1.158,-0.7719999999999999,-0.814,-0.344,-0.338
1874-11,,-0.603,-0.8583333333333334,-1.158,-0.814,-0.344
1874-12,,-0.79,-0.8503333333333334,-0.603,-1.158,-0.814
1875-01,,-0.449,-0.614,-0.79,-0.603,-1.158
1875-02,,-0.187,-0.4753333333333334,-0.449,-0.79,-0.603
1875-03,,-0.098,-0.24466666666666667,-0.187,-0.449,-0.79
1875-04,,0.029,-0.08533333333333333,-0.098,-0.187,-0.449
1875-05,,-0.135,-0.068,0.029,-0.098,-0.187
1875-06,,-0.093,-0.06633333333333334,-0.135,0.029,-0.098
1875-07,,-0.511,-0.24633333333333332,-0.093,-0.135,0.029
1875-08,,-0.248,-0.284,-0.511,-0.093,-0.135
1875-09,,-0.396,-0.385,-0.248,-0.511,-0.093
1875-10,,-0.658,-0.434,-0.396,-0.248,-0.511
1875-11,,-0.89,-0.648,-0.658,-0.396,-0.248
1875-12,,-0.46,-0.6693333333333333,-0.89,-0.658,-0.396
1876-01,,-0.361,-0.5703333333333334,-0.46,-0.89,-0.658
1876-02,,-0.504,-0.4416666666666667,-0.361,-0.46,-0.89
1876-03,,-0.402,-0.4223333333333334,-0.504,-0.361,-0.46
1876-04,,-0.476,-0.4606666666666667,-0.402,-0.504,-0.361
1876-05,,-0.472,-0.45,-0.476,-0.402,-0.504
1876-06,,-0.423,-0.457,-0.472,-0.476,-0.402
1876-07,,-0.391,-0.4286666666666667,-0.423,-0.472,-0.476
1876-08,,-0.267,-0.3603333333333334,-0.391,-0.423,-0.472
1876-09,,-0.079,-0.2456666666666667,-0.267,-0.391,-0.423
1876-10,,-0.213,-0.18633333333333338,-0.079,-0.267,-0.391
1876-11,,-0.358,-0.2166666666666667,-0.213,-0.079,-0.267
1876-12,,-0.297,-0.2893333333333334,-0.358,-0.213,-0.079
1877-01,,-0.311,-0.322,-0.297,-0.358,-0.213
1877-02,,0.367,-0.08033333333333338,-0.311,-0.297,-0.358
1877-03,,0.13,0.061999999999999965,0.367,-0.311,-0.297
1877-04,,-0.28,0.07233333333333329,0.13,0.367,-0.311
1877-05,,-0.684,-0.2780000000000001,-0.28,0.13,0.367
1877-06,,-0.49,-0.48466666666666675,-0.684,-0.28,0.13
1877-07,,-0.587,-0.5870000000000001,-0.49,-0.684,-0.28
1877-08,,0.214,-0.2876666666666667,-0.587,-0.49,-0.684
1877-09,,0.52,0.04899999999999997,0.214,-0.587,-0.49
1877-10,,0.417,0.3836666666666666,0.52,0.214,-0.587
1877-11,,0.558,0.4983333333333333,0.417,0.52,0.214
1877-12,,0.154,0.37633333333333324,0.558,0.417,0.52
1878-01,,-0.261,0.1503333333333333,0.154,0.558,0.417
1878-02,,-0.398,-0.16833333333333342,-0.261,0.154,0.558
1878-03,,-0.015,-0.22466666666666676,-0.398,-0.261,0.154
1878-04,,-0.085,-0.16600000000000006,-0.015,-0.398,-0.261
1878-05,,-0.354,-0.1513333333333334,-0.085,-0.015,-0.398
1878-06,,-0.311,-0.25000000000000006,-0.354,-0.085,-0.015
1878-07,,-0.383,-0.34933333333333344,-0.311,-0.354,-0.085
1878-08,,-0.272,-0.32200000000000006,-0.383,-0.311,-0.354
1878-09,,-0.208,-0.2876666666666668,-0.272,-0.383,-0.311
1878-10,,-0.674,-0.38466666666666677,-0.208,-0.272,-0.383
1878-11,,-0.461,-0.4476666666666667,-0.674,-0.208,-0.272
1878-12,,-0.471,-0.5353333333333334,-0.461,-0.674,-0.208
1879-01,,-0.428,-0.4533333333333334,-0.471,-0.461,-0.674
1879-02,,-0.417,-0.4386666666666667,-0.428,-0.471,-0.461
1879-03,,-0.453,-0.43266666666666675,-0.417,-0.428,-0.471
1879-04,,-0.542,-0.4706666666666668,-0.453,-0.417,-0.428
1879-05,,-0.513,-0.5026666666666667,-0.542,-0.453,-0.417
1879-06,,-0.274,-0.44300000000000006,-0.513,-0.542,-0.453
1879-07,,-0.374,-0.38700000000000007,-0.274,-0.513,-0.542
1879-08,,-0.64,-0.4293333333333334,-0.374,-0.274,-0.513
1879-09,,-0.59,-0.5346666666666667,-0.64,-0.374,-0.274
1879-10,,-0.789,-0.673,-0.59,-0.64,-0.374
1879-11,,-0.761,-0.7133333333333334,-0.789,-0.59,-0.64
1879-12,,-0.605,-0.7183333333333334,-0.761,-0.789,-0.59
1880-01,,-0.463,-0.6096666666666667,-0.605,-0.761,-0.789
1880-02,,-0.262,-0.44333333333333336,-0.463,-0.605,-0.761
1880-03,,-0.327,-0.35066666666666674,-0.262,-0.463,-0.605
1880-04,,0.002,-0.19566666666666674,-0.327,-0.262,-0.463
1880-05,,-0.14,-0.15500000000000008,0.002,-0.327,-0.262
1880-06,,-0.3,-0.14600000000000007,-0.14,0.002,-0.327
1880-07,,-0.528,-0.3226666666666667,-0.3,-0.14,0.002
1880-08,,-0.586,-0.4713333333333334,-0.528,-0.3,-0.14
1880-09,,-0.574,-0.5626666666666668,-0.586,-0.528,-0.3
1880-10,,-0.755,-0.6383333333333333,-0.574,-0.586,-0.528
1880-11,,-0.553,-0.6273333333333334,-0.755,-0.574,-0.586
1880-12,,-0.348,-0.552,-0.553,-0.755,-0.574
1881-01,,-0.174,-0.3583333333333334,-0.348,-0.553,-0.755
1881-02,,-0.507,-0.34299999999999997,-0.174,-0.348,-0.553
1881-03,,-0.349,-0.3433333333333333,-0.507,-0.174,-0.348
1881-04,,-0.45,-0.43533333333333335,-0.349,-0.507,-0.174
1881-05,,-0.14,-0.313,-0.45,-0.349,-0.507
1881-06,,0.179,-0.137,-0.14,-0.45,-0.349
1881-07,,-0.116,-0.025666666666666674,0.179,-0.14,-0.45
1881-08,,-0.078,-0.0050000000000000044,-0.116,0.179,-0.14
1881-09,,-0.298,-0.164,-0.078,-0.116,0.179
1881-10,,-0.462,-0.2793333333333334,-0.298,-0.078,-0.116
1881-11,,-0.376,-0.37866666666666665,-0.462,-0.298,-0.078
1881-12,,-0.496,-0.4446666666666667,-0.376,-0.462,-0.298
1882-01,,-0.558,-0.47666666666666674,-0.496,-0.376,-0.462
1882-02,,-0.68,-0.578,-0.558,-0.496,-0.376
1882-03,,-0.149,-0.4623333333333333,-0.68,-0.558,-0.496
1882-04,,-0.134,-0.321,-0.149,-0.68,-0.558
1882-05,,-0.068,-0.11699999999999999,-0.134,-0.149,-0.68
1882-06,,-0.071,-0.09100000000000001,-0.068,-0.134,-0.149
1882-07,,-0.233,-0.124,-0.071,-0.068,-0.134
1882-08,,-0.496,-0.26666666666666666,-0.233,-0.071,-0.068
1882-09,,-0.652,-0.4603333333333333,-0.496,-0.233,-0.071
1882-10,,-0.51,-0.5526666666666666,-0.652,-0.496,-0.233
1882-11,,-0.377,-0.513,-0.51,-0.652,-0.496
1882-12,,-0.431,-0.43933333333333335,-0.377,-0.51,-0.652
1883-01,,-0.706,-0.5046666666666667,-0.431,-0.377,-0.51
1883-02,,-0.207,-0.448,-0.706,-0.431,-0.377
1883-03,,-0.303,-0.4053333333333333,-0.207,-0.706,-0.431
1883-04,,-0.127,-0.21233333333333335,-0.303,-0.207,-0.706
1883-05,,-0.19,-0.2066666666666667,-0.127,-0.303,-0.207
1883-06,,-0.084,-0.13366666666666668,-0.19,-0.127,-0.303
1883-07,,-0.288,-0.18733333333333335,-0.084,-0.19,-0.127
1883-08,,-0.125,-0.16566666666666666,-0.288,-0.084,-0.19
1883-09,,-0.502,-0.305,-0.125,-0.288,-0.084
1883-10,,-0.348,-0.325,-0.502,-0.125,-0.288
1883-11,,-0.359,-0.403,-0.348,-0.502,-0.125
1883-12,,-0.325,-0.34400000000000003,-0.359,-0.348,-0.502
1884-01,,-0.408,-0.36400000000000005,-0.325,-0.359,-0.348
1884-02,,-0.183,-0.3053333333333334,-0.408,-0.325,-0.359
1884-03,,-0.312,-0.30100000000000005,-0.183,-0.408,-0.325
1884-04,,0.075,-0.14000000000000004,-0.312,-0.183,-0.408
1884-05,,0.249,0.003999999999999966,0.075,-0.312,-0.183
1884-06,,-0.203,0.0403333333333333,0.249,0.075,-0.312
1884-07,,-0.003,0.014333333333333295,-0.203,0.249,0.075
1884-08,,-0.306,-0.17066666666666672,-0.003,-0.203,0.249
1884-09,,-0.471,-0.26,-0.306,-0.003,-0.203
1884-10,,-0.368,-0.38166666666666665,-0.471,-0.306,-0.003
1884-11,,-0.474,-0.43766666666666665,-0.368,-0.471,-0.306
1884-12,,-0.417,-0.4196666666666667,-0.474,-0.368,-0.471
1885-01,,-0.463,-0.45133333333333336,-0.417,-0.474,-0.368
1885-02,,-0.09,-0.32333333333333336,-0.463,-0.417,-0.474
1885-03,,-0.169,-0.24066666666666672,-0.09,-0.463,-0.417
1885-04,,-0.198,-0.15233333333333338,-0.169,-0.09,-0.463
1885-05,,-0.199,-0.18866666666666668,-0.198,-0.169,-0.09
1885-06,,-0.13,-0.17566666666666672,-0.199,-0.198,-0.169
1885-07,,-0.218,-0.18233333333333338,-0.13,-0.199,-0.198
1885-08,,-0.229,-0.19233333333333338,-0.218,-0.13,-0.199
1885-09,,-0.351,-0.266,-0.229,-0.218,-0.13
1885-10,,-0.219,-0.26633333333333337,-0.351,-0.229,-0.218
1885-11,,-0.475,-0.34833333333333333,-0.219,-0.351,-0.229
1885-12,,-0.385,-0.35966666666666675,-0.475,-0.219,-0.351
1886-01,,-0.613,-0.49100000000000005,-0.385,-0.475,-0.219
1886-02,,-0.766,-0.5880000000000001,-0.613,-0.385,-0.475
1886-03,,-0.455,-0.6113333333333334,-0.766,-0.613,-0.385
1886-04,,-0.282,-0.501,-0.455,-0.766,-0.613
1886-05,,-0.445,-0.3940000000000001,-0.282,-0.455,-0.766
1886-06,,-0.347,-0.35800000000000004,-0.445,-0.282,-0.455
1886-07,,-0.725,-0.5056666666666666,-0.347,-0.445,-0.282
1886-08,,-0.918,-0.6633333333333333,-0.725,-0.347,-0.445
1886-09,,-0.989,-0.8773333333333334,-0.918,-0.725,-0.347
1886-10,,-0.897,-0.9346666666666668,-0.989,-0.918,-0.725
1886-11,,-0.684,-0.8566666666666668,-0.897,-0.989,-0.918
1886-12,,-0.56,-0.7136666666666667,-0.684,-0.897,-0.989
1887-01,,-0.459,-0.5676666666666668,-0.56,-0.684,-0.897
1887-02,,-0.389,-0.4693333333333334,-0.459,-0.56,-0.684
1887-03,,-0.282,-0.3766666666666667,-0.389,-0.459,-0.56
1887-04,,-0.258,-0.3096666666666667,-0.282,-0.389,-0.459
1887-05,,-0.291,-0.27699999999999997,-0.258,-0.282,-0.389
1887-06,,-0.172,-0.24033333333333337,-0.291,-0.258,-0.282
1887-07,,-0.233,-0.232,-0.172,-0.291,-0.258
1887-08,,-0.01,-0.13833333333333336,-0.233,-0.172,-0.291
1887-09,,-0.286,-0.17633333333333337,-0.01,-0.233,-0.172
1887-10,,-0.517,-0.271,-0.286,-0.01,-0.233
1887-11,,-0.289,-0.36400000000000005,-0.517,-0.286,-0.01
1887-12,,-0.295,-0.367,-0.289,-0.517,-0.286
1888-01,,-0.34,-0.30800000000000005,-0.295,-0.289,-0.517
1888-02,,-0.603,-0.41266666666666674,-0.34,-0.295,-0.289
1888-03,,-0.733,-0.5586666666666668,-0.603,-0.34,-0.295
1888-04,,-0.862,-0.7326666666666667,-0.733,-0.603,-0.34
1888-05,,-0.504,-0.6996666666666668,-0.862,-0.733,-0.603
1888-06,,-0.424,-0.5966666666666667,-0.504,-0.862,-0.733
1888-07,,-0.449,-0.4590000000000001,-0.424,-0.504,-0.862
1888-08,,-0.37,-0.4143333333333334,-0.449,-0.424,-0.504
1888-09,,-0.526,-0.4483333333333334,-0.37,-0.449,-0.424
1888-10,,-0.436,-0.444,-0.526,-0.37,-0.449
1888-11,,-0.553,-0.505,-0.436,-0.526,-0.37
1888-12,,-0.452,-0.48033333333333345,-0.553,-0.436,-0.526
1889-01,,-0.663,-0.5560000000000002,-0.452,-0.553,-0.436
1889-02,,-0.246,-0.4536666666666667,-0.663,-0.452,-0.553
1889-03,,-0.653,-0.5206666666666667,-0.246,-0.663,-0.452
1889-04,,-0.818,-0.5723333333333334,-0.653,-0.246,-0.663
1889-05,,-0.664,-0.7116666666666668,-0.818,-0.653,-0.246
1889-06,,-0.562,-0.6813333333333335,-0.664,-0.818,-0.653
1889-07,,-0.515,-0.5803333333333334,-0.562,-0.664,-0.818
1889-08,,-0.664,-0.5803333333333335,-0.515,-0.562,-0.664
1889-09,,-0.911,-0.6966666666666668,-0.664,-0.515,-0.562
1889-10,,-1.139,-0.9046666666666668,-0.911,-0.664,-0.515
1889-11,,-0.871,-0.9736666666666668,-1.139,-0.911,-0.664
1889-12,,-0.41,-0.8066666666666666,-0.871,-1.139,-0.911
1890-01,,-0.105,-0.462,-0.41,-0.871,-1.139
1890-02,,-0.066,-0.19366666666666674,-0.105,-0.41,-0.871
1890-03,,-0.199,-0.1233333333333334,-0.066,-0.105,-0.41
1890-04,,-0.202,-0.15566666666666676,-0.199,-0.066,-0.105
1890-05,,-0.336,-0.24566666666666678,-0.202,-0.199,-0.066
1890-06,,-0.769,-0.4356666666666667,-0.336,-0.202,-0.199
1890-07,,-0.917,-0.674,-0.769,-0.336,-0.202
1890-08,,-0.706,-0.7973333333333334,-0.917,-0.769,-0.336
1890-09,,-1.091,-0.9046666666666668,-0.706,-0.917,-0.769
1890-10,,-1.167,-0.9880000000000001,-1.091,-0.706,-0.917
1890-11,,-0.906,-1.0546666666666666,-1.167,-1.091,-0.706
1890-12,,-0.583,-0.8853333333333335,-0.906,-1.167,-1.091
1891-01,,-0.319,-0.6026666666666668,-0.583,-0.906,-1.167
1891-02,,-0.573,-0.4916666666666667,-0.319,-0.583,-0.906
1891-03,,-0.612,-0.5013333333333334,-0.573,-0.319,-0.583
1891-04,,-0.286,-0.49033333333333345,-0.612,-0.573,-0.319
1891-05,,-0.325,-0.4076666666666668,-0.286,-0.612,-0.573
1891-06,,-0.099,-0.23666666666666678,-0.325,-0.286,-0.612
1891-07,,-0.302,-0.24200000000000013,-0.099,-0.325,-0.286
1891-08,,-0.006,-0.1356666666666668,-0.302,-0.099,-0.325
1891-09,,-0.067,-0.12500000000000014,-0.006,-0.302,-0.099
1891-10,,-0.117,-0.06333333333333345,-0.067,-0.006,-0.302
1891-11,,-0.13,-0.10466666666666678,-0.117,-0.067,-0.006
1891-12,,0.068,-0.05966666666666678,-0.13,-0.117,-0.067
1892-01,,-0.233,-0.09833333333333344,0.068,-0.13,-0.117
1892-02,,-0.323,-0.1626666666666668,-0.233,0.068,-0.13
1892-03,,-0.208,-0.25466666666666676,-0.323,-0.233,0.068
1892-04,,-0.318,-0.28300000000000014,-0.208,-0.323,-0.233
1892-05,,-0.286,-0.2706666666666668,-0.318,-0.208,-0.323
1892-06,,-0.487,-0.3636666666666668,-0.286,-0.318,-0.208
1892-07,,-0.659,-0.47733333333333344,-0.487,-0.286,-0.318
1892-08,,-1.041,-0.7290000000000001,-0.659,-0.487,-0.286
1892-09,,-1.181,-0.9603333333333334,-1.041,-0.659,-0.487
1892-10,,-0.815,-1.0123333333333335,-1.181,-1.041,-0.659
1892-11,,-0.454,-0.8166666666666669,-0.815,-1.181,-1.041
1892-12,,-0.496,-0.5883333333333335,-0.454,-0.815,-1.181
1893-01,,-0.446,-0.46533333333333343,-0.496,-0.454,-0.815
1893-02,,-0.469,-0.4703333333333335,-0.446,-0.496,-0.454
1893-03,,-0.413,-0.4426666666666668,-0.469,-0.446,-0.496
1893-04,,-0.583,-0.48833333333333345,-0.413,-0.469,-0.446
1893-05,,-0.523,-0.5063333333333335,-0.583,-0.413,-0.469
1893-06,,-0.526,-0.5440000000000002,-0.523,-0.583,-0.413
1893-07,,-0.549,-0.5326666666666668,-0.526,-0.523,-0.583
1893-08,,-0.757,-0.6106666666666669,-0.549,-0.526,-0.523
1893-09,,-0.692,-0.666,-0.757,-0.549,-0.526
1893-10,,-0.796,-0.7483333333333335,-0.692,-0.757,-0.549
1893-11,,-0.518,-0.6686666666666667,-0.796,-0.692,-0.757
1893-12,,-0.364,-0.5593333333333336,-0.518,-0.796,-0.692
1894-01,,-0.077,-0.3196666666666668,-0.364,-0.518,-0.796
1894-02,,-0.261,-0.23400000000000012,-0.077,-0.364,-0.518
1894-03,,-0.264,-0.20066666666666685,-0.261,-0.077,-0.364
1894-04,,-0.316,-0.2803333333333335,-0.264,-0.261,-0.077
1894-05,,-0.213,-0.2643333333333335,-0.316,-0.264,-0.261
1894-06,,-0.095,-0.2080000000000001,-0.213,-0.316,-0.264
1894-07,,-0.18,-0.16266666666666682,-0.095,-0.213,-0.316
1894-08,,0.125,-0.050000000000000155,-0.18,-0.095,-0.213
1894-09,,-0.329,-0.12800000000000014,0.125,-0.18,-0.095
1894-10,,-0.326,-0.17666666666666683,-0.329,0.125,-0.18
1894-11,,-0.275,-0.31000000000000016,-0.326,-0.329,0.125
1894-12,,-0.251,-0.28400000000000014,-0.275,-0.326,-0.329
1895-01,,-0.184,-0.2366666666666668,-0.251,-0.275,-0.326
1895-02,,-0.056,-0.16366666666666682,-0.184,-0.251,-0.275
1895-03,,-0.108,-0.11600000000000014,-0.056,-0.184,-0.251
1895-04,,-0.177,-0.1136666666666668,-0.108,-0.056,-0.184
1895-05,,-0.157,-0.14733333333333348,-0.177,-0.108,-0.056
1895-06,,-0.105,-0.14633333333333345,-0.157,-0.177,-0.108
1895-07,,-0.41,-0.22400000000000012,-0.105,-0.157,-0.177
1895-08,,-0.071,-0.19533333333333347,-0.41,-0.105,-0.157
1895-09,,-0.306,-0.2623333333333335,-0.071,-0.41,-0.105
1895-10,,-0.155,-0.17733333333333348,-0.306,-0.071,-0.41
1895-11,,-0.482,-0.3143333333333335,-0.155,-0.306,-0.071
1895-12,,-0.372,-0.33633333333333343,-0.482,-0.155,-0.306
1896-01,,-0.386,-0.4133333333333335,-0.372,-0.482,-0.155
1896-02,,-0.587,-0.4483333333333335,-0.386,-0.372,-0.482
1896-03,,-0.562,-0.5116666666666668,-0.587,-0.386,-0.372
1896-04,,-0.292,-0.48033333333333345,-0.562,-0.587,-0.386
1896-05,,-0.216,-0.35666666666666685,-0.292,-0.562,-0.587
1896-06,,-0.156,-0.22133333333333347,-0.216,-0.292,-0.562
1896-07,,-0.1,-0.15733333333333346,-0.156,-0.216,-0.292
1896-08,,-0.132,-0.1293333333333335,-0.1,-0.156,-0.216
1896-09,,-0.011,-0.08100000000000016,-0.132,-0.1,-0.156
1896-10,,0.302,0.052999999999999846,-0.011,-0.132,-0.1
1896-11,,0.04,0.11033333333333317,0.302,-0.011,-0.132
1896-12,,0.097,0.14633333333333318,0.04,0.302,-0.011
1897-01,,-0.183,-0.015333333333333476,0.097,0.04,0.302
1897-02,,-0.314,-0.1333333333333335,-0.183,0.097,0.04
1897-03,,-0.284,-0.26033333333333347,-0.314,-0.183,0.097
1897-04,,-0.178,-0.2586666666666668,-0.284,-0.314,-0.183
1897-05,,-0.184,-0.21533333333333346,-0.178,-0.284,-0.314
1897-06,,-0.252,-0.20466666666666677,-0.184,-0.178,-0.284
1897-07,,-0.245,-0.22700000000000012,-0.252,-0.184,-0.178
1897-08,,-0.22,-0.23900000000000013,-0.245,-0.252,-0.184
1897-09,,-0.56,-0.3416666666666668,-0.22,-0.245,-0.252
1897-10,,-1.125,-0.6350000000000001,-0.56,-0.22,-0.245
1897-11,,-0.904,-0.8630000000000001,-1.125,-0.56,-0.22
1897-12,,-0.744,-0.9243333333333333,-0.904,-1.125,-0.56
1898-01,,-0.549,-0.7323333333333334,-0.744,-0.904,-1.125
1898-02,,-0.445,-0.5793333333333335,-0.549,-0.744,-0.904
1898-03,,-0.331,-0.4416666666666667,-0.445,-0.549,-0.744
1898-04,,-0.379,-0.38500000000000006,-0.331,-0.445,-0.549
1898-05,,-0.494,-0.4013333333333334,-0.379,-0.331,-0.445
1898-06,,-0.432,-0.43500000000000005,-0.494,-0.379,-0.331
1898-07,,-0.823,-0.5830000000000001,-0.432,-0.494,-0.379
1898-08,,-0.819,-0.6913333333333332,-0.823,-0.432,-0.494
1898-09,,-0.889,-0.8436666666666667,-0.819,-0.823,-0.432
1898-10,,-0.917,-0.875,-0.889,-0.819,-0.823
1898-11,,-0.661,-0.8223333333333335,-0.917,-0.889,-0.819
1898-12,,-0.473,-0.6836666666666668,-0.661,-0.917,-0.889
1899-01,,-0.419,-0.5176666666666667,-0.473,-0.661,-0.917
1899-02,,-0.293,-0.395,-0.419,-0.473,-0.661
1899-03,,-0.177,-0.2963333333333334,-0.293,-0.419,-0.473
1899-04,,-0.13,-0.20000000000000007,-0.177,-0.293,-0.419
1899-05,,-0.091,-0.13266666666666674,-0.13,-0.177,-0.293
1899-06,,-0.375,-0.19866666666666677,-0.091,-0.13,-0.177
1899-07,,-0.573,-0.3463333333333334,-0.375,-0.091,-0.13
1899-08,,-0.452,-0.4666666666666668,-0.573,-0.375,-0.091
1899-09,,-0.934,-0.6530000000000001,-0.452,-0.573,-0.375
1899-10,,-0.428,-0.6046666666666668,-0.934,-0.452,-0.573
1899-11,,-0.437,-0.5996666666666668,-0.428,-0.934,-0.452
1899-12,,-0.743,-0.536,-0.437,-0.428,-0.934
1900-01,,-0.469,-0.5496666666666667,-0.743,-0.437,-0.428
1900-02,,-0.294,-0.5020000000000001,-0.469,-0.743,-0.437
1900-03,,-0.465,-0.4093333333333334,-0.294,-0.469,-0.743
1900-04,,-0.319,-0.35933333333333345,-0.465,-0.294,-0.469
1900-05,,-0.16,-0.3146666666666667,-0.319,-0.465,-0.294
1900-06,,-0.042,-0.17366666666666675,-0.16,-0.319,-0.465
1900-07,,-0.318,-0.17333333333333342,-0.042,-0.16,-0.319
1900-08,,-0.49,-0.2833333333333334,-0.318,-0.042,-0.16
1900-09,,-0.538,-0.44866666666666677,-0.49,-0.318,-0.042
1900-10,,-0.429,-0.48566666666666675,-0.538,-0.49,-0.318
1900-11,,-0.196,-0.38766666666666677,-0.429,-0.538,-0.49
1900-12,,-0.633,-0.4193333333333334,-0.196,-0.429,-0.538
1901-01,,-0.541,-0.4566666666666667,-0.633,-0.196,-0.429
1901-02,,-0.868,-0.6806666666666668,-0.541,-0.633,-0.196
1901-03,,-0.72,-0.7096666666666668,-0.868,-0.541,-0.633
1901-04,,-0.513,-0.7003333333333335,-0.72,-0.868,-0.541
1901-05,,-0.553,-0.5953333333333334,-0.513,-0.72,-0.868
1901-06,,-0.618,-0.5613333333333334,-0.553,-0.513,-0.72
1901-07,,-0.712,-0.6276666666666668,-0.618,-0.553,-0.513
1901-08,,-0.825,-0.7183333333333334,-0.712,-0.618,-0.553
1901-09,,-1.029,-0.8553333333333334,-0.825,-0.712,-0.618
1901-10,,-0.774,-0.876,-1.029,-0.825,-0.712
1901-11,,-0.741,-0.8480000000000002,-0.774,-1.029,-0.825
1901-12,,-0.681,-0.7320000000000002,-0.741,-0.774,-1.029
1902-01,,-0.473,-0.6316666666666668,-0.681,-0.741,-0.774
1902-02,,-0.453,-0.5356666666666668,-0.473,-0.681,-0.741
1902-03,,-0.251,-0.3923333333333335,-0.453,-0.473,-0.681
1902-04,,0.051,-0.2176666666666668,-0.251,-0.453,-0.473
1902-05,,-0.042,-0.08066666666666682,0.051,-0.251,-0.453
1902-06,,-0.09,-0.02700000000000015,-0.042,0.051,-0.251
1902-07,,-0.07,-0.06733333333333348,-0.09,-0.042,0.051
1902-08,,0.333,0.057666666666666526,-0.07,-0.09,-0.042
1902-09,,0.209,0.1573333333333332,0.333,-0.07,-0.09
1902-10,,-0.238,0.1013333333333332,0.209,0.333,-0.07
1902-11,,-0.047,-0.025333333333333482,-0.238,0.209,0.333
1902-12,,-0.266,-0.18366666666666678,-0.047,-0.238,0.209
1903-01,,-0.479,-0.2640000000000002,-0.266,-0.047,-0.238
1903-02,,-0.571,-0.4386666666666668,-0.479,-0.266,-0.047
1903-03,,-0.365,-0.47166666666666685,-0.571,-0.479,-0.266
1903-04,,-0.628,-0.5213333333333335,-0.365,-0.571,-0.479
1903-05,,-0.267,-0.42000000000000015,-0.628,-0.365,-0.571
1903-06,,-0.335,-0.41000000000000014,-0.267,-0.628,-0.365
1903-07,,-0.614,-0.40533333333333355,-0.335,-0.267,-0.628
1903-08,,-0.452,-0.46700000000000014,-0.614,-0.335,-0.267
1903-09,,-0.69,-0.5853333333333335,-0.452,-0.614,-0.335
1903-10,,-1.035,-0.7256666666666668,-0.69,-0.452,-0.614
1903-11,,-0.628,-0.7843333333333334,-1.035,-0.69,-0.452
1903-12,,-0.441,-0.7013333333333335,-0.628,-1.035,-0.69
1904-01,,-0.219,-0.4293333333333335,-0.441,-0.628,-1.035
1904-02,,-0.233,-0.2976666666666668,-0.219,-0.441,-0.628
1904-03,,-0.218,-0.2233333333333335,-0.233,-0.219,-0.441
1904-04,,-0.03,-0.1603333333333335,-0.218,-0.233,-0.219
1904-05,,-0.258,-0.16866666666666683,-0.03,-0.218,-0.233
1904-06,,-0.286,-0.1913333333333335,-0.258,-0.03,-0.218
1904-07,,-0.287,-0.27700000000000014,-0.286,-0.258,-0.03
1904-08,,-0.413,-0.32866666666666683,-0.287,-0.286,-0.258
1904-09,,-0.678,-0.4593333333333334,-0.413,-0.287,-0.286
1904-10,,-0.237,-0.44266666666666676,-0.678,-0.413,-0.287
1904-11,,-0.352,-0.42233333333333345,-0.237,-0.678,-0.413
1904-12,,-0.644,-0.4110000000000002,-0.352,-0.237,-0.678
1905-01,,-0.601,-0.5323333333333334,-0.644,-0.352,-0.237
1905-02,,-0.372,-0.5390000000000001,-0.601,-0.644,-0.352
1905-03,,-0.472,-0.48166666666666674,-0.372,-0.601,-0.644
1905-04,,-0.468,-0.4373333333333335,-0.472,-0.372,-0.601
1905-05,,-0.205,-0.3816666666666668,-0.468,-0.472,-0.372
1905-06,,-0.448,-0.3736666666666668,-0.205,-0.468,-0.472
1905-07,,-0.275,-0.3093333333333335,-0.448,-0.205,-0.468
1905-08,,-0.22,-0.31433333333333346,-0.275,-0.448,-0.205
1905-09,,0.024,-0.15700000000000017,-0.22,-0.275,-0.448
1905-10,,-0.462,-0.2193333333333335,0.024,-0.22,-0.275
1905-11,,-0.436,-0.2913333333333335,-0.462,0.024,-0.22
1905-12,,-0.56,-0.4860000000000002,-0.436,-0.462,0.024
1906-01,,-0.605,-0.5336666666666668,-0.56,-0.436,-0.462
1906-02,,-0.485,-0.5500000000000002,-0.605,-0.56,-0.436
1906-03,,-0.51,-0.5333333333333335,-0.485,-0.605,-0.56
1906-04,,-0.788,-0.5943333333333335,-0.51,-0.485,-0.605
1906-05,,-0.425,-0.5743333333333335,-0.788,-0.51,-0.485
1906-06,,-0.39,-0.5343333333333334,-0.425,-0.788,-0.51
1906-07,,-0.986,-0.6003333333333335,-0.39,-0.425,-0.788
1906-08,,-1.085,-0.8203333333333335,-0.986,-0.39,-0.425
1906-09,,-1.634,-1.235,-1.085,-0.986,-0.39
1906-10,,-1.012,-1.243666666666667,-1.634,-1.085,-0.986
1906-11,,-0.795,-1.1470000000000002,-1.012,-1.634,-1.085
1906-12,,-0.349,-0.7186666666666669,-0.795,-1.012,-1.634
1907-01,,-0.37,-0.5046666666666669,-0.349,-0.795,-1.012
1907-02,,-0.185,-0.3013333333333335,-0.37,-0.349,-0.795
1907-03,,-0.052,-0.20233333333333356,-0.185,-0.37,-0.349
1907-04,,-0.367,-0.20133333333333356,-0.052,-0.185,-0.37
1907-05,,-0.308,-0.24233333333333354,-0.367,-0.052,-0.185
1907-06,,-0.346,-0.34033333333333354,-0.308,-0.367,-0.052
1907-07,,-0.602,-0.4186666666666669,-0.346,-0.308,-0.367
1907-08,,-0.933,-0.6270000000000002,-0.602,-0.346,-0.308
1907-09,,-0.526,-0.6870000000000003,-0.933,-0.602,-0.346
1907-10,,-0.403,-0.6206666666666669,-0.526,-0.933,-0.602
1907-11,,-0.388,-0.4390000000000002,-0.403,-0.526,-0.933
1907-12,,-0.221,-0.33733333333333354,-0.388,-0.403,-0.526
1908-01,,-0.392,-0.33366666666666694,-0.221,-0.388,-0.403
1908-02,,-0.35,-0.32100000000000023,-0.392,-0.221,-0.388
1908-03,,-0.251,-0.33100000000000024,-0.35,-0.392,-0.221
1908-04,,-0.789,-0.46333333333333354,-0.251,-0.35,-0.392
1908-05,,-0.23,-0.42333333333333356,-0.789,-0.251,-0.35
1908-06,,0.042,-0.32566666666666694,-0.23,-0.789,-0.251
1908-07,,-0.598,-0.26200000000000023,0.042,-0.23,-0.789
1908-08,,-0.461,-0.33900000000000025,-0.598,0.042,-0.23
1908-09,,-0.317,-0.45866666666666694,-0.461,-0.598,0.042
1908-10,,-0.468,-0.41533333333333355,-0.317,-0.461,-0.598
1908-11,,-0.507,-0.4306666666666669,-0.468,-0.317,-0.461
1908-12,,-0.582,-0.5190000000000002,-0.507,-0.468,-0.317
1909-01,,-0.733,-0.6073333333333336,-0.582,-0.507,-0.468
1909-02,,-0.5,-0.6050000000000002,-0.733,-0.582,-0.507
1909-03,,-0.559,-0.5973333333333336,-0.5,-0.733,-0.582
1909-04,,-0.444,-0.5010000000000002,-0.559,-0.5,-0.733
1909-05,,-0.801,-0.6013333333333336,-0.444,-0.559,-0.5
1909-06,,-0.917,-0.7206666666666669,-0.801,-0.444,-0.559
1909-07,,-1.032,-0.916666666666667,-0.917,-0.801,-0.444
1909-08,,-0.986,-0.9783333333333335,-1.032,-0.917,-0.801
1909-09,,-0.919,-0.9790000000000004,-0.986,-1.032,-0.917
1909-10,,-0.73,-0.8783333333333335,-0.919,-0.986,-1.032
1909-11,,-0.424,-0.6910000000000003,-0.73,-0.919,-0.986
1909-12,,-0.256,-0.4700000000000002,-0.424,-0.73,-0.919
1910-01,,-0.551,-0.4103333333333336,-0.256,-0.424,-0.73
1910-02,,-0.168,-0.3250000000000003,-0.551,-0.256,-0.424
1910-03,,-0.489,-0.4026666666666669,-0.168,-0.551,-0.256
1910-04,,-0.394,-0.3503333333333336,-0.489,-0.168,-0.551
1910-05,,-0.531,-0.4713333333333336,-0.394,-0.489,-0.168
1910-06,,-0.459,-0.4613333333333336,-0.531,-0.394,-0.489
1910-07,,-1.036,-0.6753333333333336,-0.459,-0.531,-0.394
1910-08,,-0.82,-0.7716666666666668,-1.036,-0.459,-0.531
1910-09,,-1.022,-0.9593333333333337,-0.82,-1.036,-0.459
1910-10,,-1.053,-0.9650000000000002,-1.022,-0.82,-1.036
1910-11,,-0.682,-0.9190000000000004,-1.053,-1.022,-0.82
1910-12,,-0.296,-0.6770000000000002,-0.682,-1.053,-1.022
1911-01,,-0.195,-0.39100000000000024,-0.296,-0.682,-1.053
1911-02,,-0.487,-0.32600000000000023,-0.195,-0.296,-0.682
1911-03,,-0.735,-0.47233333333333355,-0.487,-0.195,-0.296
1911-04,,-0.744,-0.6553333333333335,-0.735,-0.487,-0.195
1911-05,,-0.435,-0.6380000000000002,-0.744,-0.735,-0.487
1911-06,,-0.814,-0.6643333333333336,-0.435,-0.744,-0.735
1911-07,,-0.774,-0.6743333333333336,-0.814,-0.435,-0.744
1911-08,,-0.586,-0.7246666666666669,-0.774,-0.814,-0.435
1911-09,,-0.544,-0.6346666666666669,-0.586,-0.774,-0.814
1911-10,,-0.669,-0.5996666666666669,-0.544,-0.586,-0.774
1911-11,,-0.229,-0.48066666666666696,-0.669,-0.544,-0.586
1911-12,,-0.153,-0.35033333333333355,-0.229,-0.669,-0.544
1912-01,,-0.252,-0.21133333333333357,-0.153,-0.229,-0.669
1912-02,,-0.302,-0.2356666666666669,-0.252,-0.153,-0.229
1912-03,,-0.052,-0.2020000000000002,-0.302,-0.252,-0.153
1912-04,,-0.257,-0.20366666666666688,-0.052,-0.302,-0.252
1912-05,,-0.061,-0.12333333333333356,-0.257,-0.052,-0.302
1912-06,,-0.002,-0.1066666666666669,-0.061,-0.257,-0.052
1912-07,,-0.672,-0.24500000000000025,-0.002,-0.061,-0.257
1912-08,,-0.767,-0.48033333333333356,-0.672,-0.002,-0.061
1912-09,,-0.725,-0.7213333333333335,-0.767,-0.672,-0.002
1912-10,,-0.609,-0.7003333333333335,-0.725,-0.767,-0.672
1912-11,,-0.734,-0.6893333333333335,-0.609,-0.725,-0.767
1912-12,,-0.503,-0.6153333333333335,-0.734,-0.609,-0.725
1913-01,,-0.236,-0.49100000000000016,-0.503,-0.734,-0.609
1913-02,,-0.136,-0.2916666666666669,-0.236,-0.503,-0.734
1913-03,,-0.135,-0.16900000000000023,-0.136,-0.236,-0.503
1913-04,,-0.266,-0.17900000000000024,-0.135,-0.136,-0.236
1913-05,,-0.187,-0.19600000000000026,-0.266,-0.135,-0.136
1913-06,,0.101,-0.11733333333333355,-0.187,-0.266,-0.135
1913-07,,-0.338,-0.14133333333333356,0.101,-0.187,-0.266
1913-08,,-0.482,-0.23966666666666692,-0.338,0.101,-0.187
1913-09,,-0.468,-0.42933333333333357,-0.482,-0.338,0.101
1913-10,,-0.135,-0.36166666666666697,-0.468,-0.482,-0.338
1913-11,,-0.24,-0.28100000000000025,-0.135,-0.468,-0.482
1913-12,,-0.248,-0.2076666666666669,-0.24,-0.135,-0.468
1914-01,,-0.288,-0.2586666666666669,-0.248,-0.24,-0.135
1914-02,,-0.172,-0.2360000000000002,-0.288,-0.248,-0.24
1914-03,,-0.353,-0.2710000000000002,-0.172,-0.288,-0.248
1914-04,,-0.238,-0.2543333333333335,-0.353,-0.172,-0.288
1914-05,,-0.106,-0.23233333333333359,-0.238,-0.353,-0.172
1914-06,,0.554,0.06999999999999977,-0.106,-0.238,-0.353
1914-07,,0.102,0.1833333333333331,0.554,-0.106,-0.238
1914-08,,-0.024,0.21066666666666642,0.102,0.554,-0.106
1914-09,,-0.066,0.0039999999999997355,-0.024,0.102,0.554
1914-10,,-0.057,-0.049000000000000266,-0.066,-0.024,0.102
1914-11,,-0.558,-0.22700000000000028,-0.057,-0.066,-0.024
1914-12,,-0.711,-0.44200000000000034,-0.558,-0.057,-0.066
1915-01,,-0.629,-0.6326666666666668,-0.711,-0.558,-0.057
1915-02,,-0.688,-0.6760000000000003,-0.629,-0.711,-0.558
1915-03,,-0.402,-0.5730000000000003,-0.688,-0.629,-0.711
1915-04,,-0.28,-0.45666666666666694,-0.402,-0.688,-0.629
1915-05,,-0.495,-0.39233333333333364,-0.28,-0.402,-0.688
1915-06,,-0.203,-0.3260000000000003,-0.495,-0.28,-0.402
1915-07,,-0.705,-0.4676666666666669,-0.203,-0.495,-0.28
1915-08,,-0.44,-0.4493333333333336,-0.705,-0.203,-0.495
1915-09,,-0.377,-0.5073333333333335,-0.44,-0.705,-0.203
1915-10,,-0.316,-0.377666666666667,-0.377,-0.44,-0.705
1915-11,,-0.227,-0.3066666666666669,-0.316,-0.377,-0.44
1915-12,,-0.026,-0.18966666666666696,-0.227,-0.316,-0.377
1916-01,,-0.13,-0.12766666666666693,-0.026,-0.227,-0.316
1916-02,,-0.031,-0.062333333333333595,-0.13,-0.026,-0.227
1916-03,,0.058,-0.0343333333333336,-0.031,-0.13,-0.026
1916-04,,0.139,0.055333333333333075,0.058,-0.031,-0.13
1916-05,,-0.156,0.01366666666666641,0.139,0.058,-0.031
1916-06,,-0.398,-0.1383333333333336,-0.156,0.139,0.058
1916-07,,-0.686,-0.4133333333333336,-0.398,-0.156,0.139
1916-08,,-0.852,-0.6453333333333336,-0.686,-0.398,-0.156
1916-09,,-1.268,-0.9353333333333337,-0.852,-0.686,-0.398
1916-10,,-0.97,-1.0300000000000002,-1.268,-0.852,-0.686
1916-11,,-0.706,-0.9813333333333336,-0.97,-1.268,-0.852
1916-12,,-0.28,-0.6520000000000002,-0.706,-0.97,-1.268
1917-01,,-0.03,-0.33866666666666695,-0.28,-0.706,-0.97
1917-02,,-0.047,-0.11900000000000031,-0.03,-0.28,-0.706
1917-03,,-0.092,-0.056333333333333624,-0.047,-0.03,-0.28
1917-04,,-0.236,-0.1250000000000003,-0.092,-0.047,-0.03
1917-05,,-0.408,-0.24533333333333363,-0.236,-0.092,-0.047
1917-06,,-0.341,-0.32833333333333364,-0.408,-0.236,-0.092
1917-07,,-0.591,-0.44666666666666693,-0.341,-0.408,-0.236
1917-08,,-0.435,-0.45566666666666694,-0.591,-0.341,-0.408
1917-09,,-0.872,-0.6326666666666669,-0.435,-0.591,-0.341
1917-10,,-1.065,-0.790666666666667,-0.872,-0.435,-0.591
1917-11,,-0.897,-0.9446666666666669,-1.065,-0.872,-0.435
1917-12,,-0.67,-0.8773333333333336,-0.897,-1.065,-0.872
1918-01,,0.013,-0.5180000000000003,-0.67,-0.897,-1.065
1918-02,,0.136,-0.17366666666666697,0.013,-0.67,-0.897
1918-03,,0.107,0.08533333333333304,0.136,0.013,-0.67
1918-04,,-0.294,-0.017000000000000293,0.107,0.136,0.013
1918-05,,-0.42,-0.20233333333333361,-0.294,0.107,0.136
1918-06,,-0.203,-0.305666666666667,-0.42,-0.294,0.107
1918-07,,-0.129,-0.250666666666667,-0.203,-0.42,-0.294
1918-08,,-0.078,-0.13666666666666696,-0.129,-0.203,-0.42
1918-09,,-0.0,-0.0690000000000003,-0.078,-0.129,-0.203
1918-10,,0.152,0.024666666666666375,-0.0,-0.078,-0.129
1918-11,,0.195,0.11566666666666638,0.152,-0.0,-0.078
1918-12,,0.057,0.13466666666666638,0.195,0.152,-0.0
1919-01,,-0.027,0.0749999999999997,0.057,0.195,0.152
1919-02,,-0.116,-0.028666666666666965,-0.027,0.057,0.195
1919-03,,-0.269,-0.13733333333333364,-0.116,-0.027,0.057
1919-04,,-0.407,-0.2640000000000003,-0.269,-0.116,-0.027
1919-05,,-0.4,-0.35866666666666697,-0.407,-0.269,-0.116
1919-06,,-0.356,-0.387666666666667,-0.4,-0.407,-0.269
1919-07,,-0.176,-0.3106666666666669,-0.356,-0.4,-0.407
1919-08,,-0.319,-0.28366666666666696,-0.176,-0.356,-0.4
1919-09,,-0.22,-0.23833333333333362,-0.319,-0.176,-0.356
1919-10,,-0.349,-0.29600000000000026,-0.22,-0.319,-0.176
1919-11,,-0.262,-0.2770000000000003,-0.349,-0.22,-0.319
1919-12,,-0.406,-0.33900000000000025,-0.262,-0.349,-0.22
1920-01,,0.018,-0.21666666666666698,-0.406,-0.262,-0.349
1920-02,,0.054,-0.11133333333333363,0.018,-0.406,-0.262
1920-03,,0.14,0.07066666666666638,0.054,0.018,-0.406
1920-04,,0.058,0.08399999999999973,0.14,0.054,0.018
1920-05,,0.27,0.15599999999999972,0.058,0.14,0.054
1920-06,,-0.057,0.09033333333333306,0.27,0.058,0.14
1920-07,,-0.589,-0.1253333333333336,-0.057,0.27,0.058
1920-08,,-0.601,-0.4156666666666669,-0.589,-0.057,0.27
1920-09,,-0.609,-0.5996666666666669,-0.601,-0.589,-0.057
1920-10,,-0.446,-0.5520000000000003,-0.609,-0.601,-0.589
1920-11,,-0.576,-0.5436666666666669,-0.446,-0.609,-0.601
1920-12,,-0.388,-0.4700000000000002,-0.576,-0.446,-0.609
1921-01,,-0.296,-0.4200000000000002,-0.388,-0.576,-0.446
1921-02,,-0.164,-0.28266666666666695,-0.296,-0.388,-0.576
1921-03,,-0.081,-0.18033333333333365,-0.164,-0.296,-0.388
1921-04,,-0.189,-0.14466666666666697,-0.081,-0.164,-0.296
1921-05,,-0.042,-0.1040000000000003,-0.189,-0.081,-0.164
1921-06,,-0.214,-0.14833333333333362,-0.042,-0.189,-0.081
1921-07,,-0.442,-0.23266666666666694,-0.214,-0.042,-0.189
1921-08,,-0.931,-0.5290000000000002,-0.442,-0.214,-0.042
1921-09,,-0.548,-0.6403333333333336,-0.931,-0.442,-0.214
1921-10,,-0.474,-0.6510000000000004,-0.548,-0.931,-0.442
1921-11,,-0.484,-0.5020000000000003,-0.474,-0.548,-0.931
1921-12,,-0.383,-0.4470000000000003,-0.484,-0.474,-0.548
1922-01,,-0.382,-0.41633333333333367,-0.383,-0.484,-0.474
1922-02,,-0.197,-0.32066666666666693,-0.382,-0.383,-0.484
1922-03,,0.079,-0.16666666666666696,-0.197,-0.382,-0.383
1922-04,,-0.39,-0.16933333333333364,0.079,-0.197,-0.382
1922-05,,-0.376,-0.22900000000000031,-0.39,0.079,-0.197
1922-06,,-0.068,-0.2780000000000003,-0.376,-0.39,0.079
1922-07,,-0.549,-0.33100000000000035,-0.068,-0.376,-0.39
1922-08,,-0.415,-0.3440000000000003,-0.549,-0.068,-0.376
1922-09,,-0.511,-0.4916666666666669,-0.415,-0.549,-0.068
1922-10,,-0.529,-0.4850000000000003,-0.511,-0.415,-0.549
1922-11,,-0.547,-0.5290000000000002,-0.529,-0.511,-0.415
1922-12,,-0.304,-0.46000000000000035,-0.547,-0.529,-0.511
1923-01,,-0.204,-0.35166666666666696,-0.304,-0.547,-0.529
1923-02,,-0.413,-0.3070000000000003,-0.204,-0.304,-0.547
1923-03,,-0.281,-0.2993333333333336,-0.413,-0.204,-0.304
1923-04,,-0.239,-0.3110000000000003,-0.281,-0.413,-0.204
1923-05,,-0.312,-0.27733333333333365,-0.239,-0.281,-0.413
1923-06,,-0.102,-0.21766666666666698,-0.312,-0.239,-0.281
1923-07,,-0.403,-0.2723333333333336,-0.102,-0.312,-0.239
1923-08,,-0.001,-0.16866666666666694,-0.403,-0.102,-0.312
1923-09,,0.241,-0.05433333333333364,-0.001,-0.403,-0.102
1923-10,,0.276,0.1719999999999997,0.241,-0.001,-0.403
1923-11,,0.447,0.321333333333333,0.276,0.241,-0.001
1923-12,,-0.202,0.17366666666666639,0.447,0.276,0.241
1924-01,,-0.434,-0.06300000000000029,-0.202,0.447,0.276
1924-02,,-0.596,-0.41066666666666696,-0.434,-0.202,0.447
1924-03,,-0.428,-0.48600000000000027,-0.596,-0.434,-0.202
1924-04,,-0.267,-0.4303333333333337,-0.428,-0.596,-0.434
1924-05,,-0.415,-0.3700000000000003,-0.267,-0.428,-0.596
1924-06,,-0.447,-0.37633333333333363,-0.415,-0.267,-0.428
1924-07,,-0.395,-0.41900000000000026,-0.447,-0.415,-0.267
1924-08,,-0.417,-0.4196666666666669,-0.395,-0.447,-0.415
1924-09,,-0.652,-0.48800000000000027,-0.417,-0.395,-0.447
1924-10,,-0.209,-0.4260000000000003,-0.652,-0.417,-0.395
1924-11,,-0.408,-0.4230000000000003,-0.209,-0.652,-0.417
1924-12,,-0.365,-0.32733333333333364,-0.408,-0.209,-0.652
1925-01,,-0.317,-0.3633333333333337,-0.365,-0.408,-0.209
1925-02,,-0.028,-0.23666666666666694,-0.317,-0.365,-0.408
1925-03,,-0.008,-0.11766666666666696,-0.028,-0.317,-0.365
1925-04,,0.482,0.14866666666666636,-0.008,-0.028,-0.317
1925-05,,-0.042,0.1439999999999997,0.482,-0.008,-0.028
1925-06,,0.081,0.17366666666666639,-0.042,0.482,-0.008
1925-07,,-0.167,-0.042666666666666964,0.081,-0.042,0.482
1925-08,,-0.04,-0.042000000000000294,-0.167,0.081,-0.042
1925-09,,0.388,0.06033333333333304,-0.04,-0.167,0.081
1925-10,,0.103,0.150333333333333,0.388,-0.04,-0.167
1925-11,,0.118,0.2029999999999997,0.103,0.388,-0.04
1925-12,,-0.153,0.022666666666666373,0.118,0.103,0.388
1926-01,,-0.003,-0.01266666666666696,-0.153,0.118,0.103
1926-02,,-0.358,-0.17133333333333364,-0.003,-0.153,0.118
1926-03,,-0.041,-0.13400000000000029,-0.358,-0.003,-0.153
1926-04,,-0.247,-0.21533333333333363,-0.041,-0.358,-0.003
1926-05,,-0.084,-0.12400000000000029,-0.247,-0.041,-0.358
1926-06,,0.147,-0.06133333333333365,-0.084,-0.247,-0.041
1926-07,,-0.231,-0.056000000000000306,0.147,-0.084,-0.247
1926-08,,-0.007,-0.030333333333333642,-0.231,0.147,-0.084
1926-09,,-0.405,-0.21433333333333363,-0.007,-0.231,0.147
1926-10,,-0.115,-0.17566666666666697,-0.405,-0.007,-0.231
1926-11,,-0.49,-0.33666666666666695,-0.115,-0.405,-0.007
1926-12,,-0.422,-0.3423333333333336,-0.49,-0.115,-0.405
1927-01,,-0.202,-0.37133333333333357,-0.422,-0.49,-0.115
1927-02,,0.042,-0.19400000000000028,-0.202,-0.422,-0.49
1927-03,,-0.202,-0.12066666666666696,0.042,-0.202,-0.422
1927-04,,-0.398,-0.1860000000000003,-0.202,0.042,-0.202
1927-05,,-0.256,-0.28533333333333366,-0.398,-0.202,0.042
1927-06,,-0.168,-0.2740000000000003,-0.256,-0.398,-0.202
1927-07,,-0.576,-0.33333333333333365,-0.168,-0.256,-0.398
1927-08,,-0.611,-0.45166666666666694,-0.576,-0.168,-0.256
1927-09,,-0.664,-0.6170000000000003,-0.611,-0.576,-0.168
1927-10,,-0.602,-0.6256666666666669,-0.664,-0.611,-0.576
1927-11,,-0.287,-0.5176666666666669,-0.602,-0.664,-0.611
1927-12,,-0.378,-0.4223333333333336,-0.287,-0.602,-0.664
1928-01,,-0.377,-0.34733333333333355,-0.378,-0.287,-0.602
1928-02,,-0.36,-0.371666666666667,-0.377,-0.378,-0.287
1928-03,,-0.277,-0.33800000000000024,-0.36,-0.377,-0.378
1928-04,,-0.313,-0.31666666666666693,-0.277,-0.36,-0.377
1928-05,,-0.268,-0.28600000000000025,-0.313,-0.277,-0.36
1928-06,,-0.465,-0.34866666666666696,-0.268,-0.313,-0.277
1928-07,,-0.64,-0.4576666666666669,-0.465,-0.268,-0.313
1928-08,,-0.891,-0.6653333333333337,-0.64,-0.465,-0.268
1928-09,,-0.87,-0.8003333333333336,-0.891,-0.64,-0.465
1928-10,,-0.732,-0.8310000000000003,-0.87,-0.891,-0.64
1928-11,,-0.207,-0.6030000000000003,-0.732,-0.87,-0.891
1928-12,,-0.372,-0.4370000000000003,-0.207,-0.732,-0.87
1929-01,,-0.284,-0.2876666666666669,-0.372,-0.207,-0.732
1929-02,,-0.362,-0.33933333333333354,-0.284,-0.372,-0.207
1929-03,,-0.238,-0.2946666666666669,-0.362,-0.284,-0.372
1929-04,,-0.222,-0.27400000000000024,-0.238,-0.362,-0.284
1929-05,,-0.361,-0.27366666666666695,-0.222,-0.238,-0.362
1929-06,,-0.247,-0.2766666666666669,-0.361,-0.222,-0.238
1929-07,,-0.389,-0.3323333333333336,-0.247,-0.361,-0.222
1929-08,,-0.487,-0.37433333333333363,-0.389,-0.247,-0.361
1929-09,,-0.305,-0.393666666666667,-0.487,-0.389,-0.247
1929-10,,-0.356,-0.38266666666666693,-0.305,-0.487,-0.389
1929-11,,-0.281,-0.3140000000000003,-0.356,-0.305,-0.487
1929-12,,-0.024,-0.22033333333333363,-0.281,-0.356,-0.305
1930-01,,-0.423,-0.24266666666666695,-0.024,-0.281,-0.356
1930-02,,-0.513,-0.3200000000000003,-0.423,-0.024,-0.281
1930-03,,-0.32,-0.41866666666666696,-0.513,-0.423,-0.024
1930-04,,-0.245,-0.35933333333333356,-0.32,-0.513,-0.423
1930-05,,-0.444,-0.3363333333333336,-0.245,-0.32,-0.513
1930-06,,-0.138,-0.27566666666666695,-0.444,-0.245,-0.32
1930-07,,-0.405,-0.32900000000000035,-0.138,-0.444,-0.245
1930-08,,-0.33,-0.2910000000000003,-0.405,-0.138,-0.444
1930-09,,-0.802,-0.5123333333333336,-0.33,-0.405,-0.138
1930-10,,-0.417,-0.5163333333333336,-0.802,-0.33,-0.405
1930-11,,0.112,-0.36900000000000027,-0.417,-0.802,-0.33
1930-12,,-0.114,-0.1396666666666669,0.112,-0.417,-0.802
1931-01,,-0.058,-0.02000000000000026,-0.114,0.112,-0.417
1931-02,,-0.334,-0.16866666666666694,-0.058,-0.114,0.112
1931-03,,-0.548,-0.31333333333333363,-0.334,-0.058,-0.114
1931-04,,-0.524,-0.46866666666666695,-0.548,-0.334,-0.058
1931-05,,-0.258,-0.4433333333333336,-0.524,-0.548,-0.334
1931-06,,-0.28,-0.35400000000000026,-0.258,-0.524,-0.548
1931-07,,-0.414,-0.3173333333333335,-0.28,-0.258,-0.524
1931-08,,-0.502,-0.3986666666666669,-0.414,-0.28,-0.258
1931-09,,-1.011,-0.6423333333333335,-0.502,-0.414,-0.28
1931-10,,-0.596,-0.7030000000000002,-1.011,-0.502,-0.414
1931-11,,-0.184,-0.5970000000000002,-0.596,-1.011,-0.502
1931-12,,-0.812,-0.530666666666667,-0.184,-0.596,-1.011
1932-01,,-0.426,-0.47400000000000025,-0.812,-0.184,-0.596
1932-02,,-0.58,-0.6060000000000002,-0.426,-0.812,-0.184
1932-03,,-0.438,-0.48133333333333356,-0.58,-0.426,-0.812
1932-04,,-0.126,-0.3813333333333336,-0.438,-0.58,-0.426
1932-05,,-0.378,-0.3140000000000002,-0.126,-0.438,-0.58
1932-06,,-0.396,-0.30000000000000027,-0.378,-0.126,-0.438
1932-07,,-0.246,-0.34000000000000025,-0.396,-0.378,-0.126
1932-08,,-0.489,-0.3770000000000002,-0.246,-0.396,-0.378
1932-09,,-0.403,-0.3793333333333335,-0.489,-0.246,-0.396
1932-10,,-0.729,-0.5403333333333336,-0.403,-0.489,-0.246
1932-11,,-0.314,-0.48200000000000026,-0.729,-0.403,-0.489
1932-12,,-0.033,-0.3586666666666669,-0.314,-0.729,-0.403
1933-01,,-0.189,-0.1786666666666669,-0.033,-0.314,-0.729
1933-02,,-0.092,-0.1046666666666669,-0.189,-0.033,-0.314
1933-03,,0.039,-0.0806666666666669,-0.092,-0.189,-0.033
1933-04,,0.177,0.04133333333333311,0.039,-0.092,-0.189
1933-05,,-0.344,-0.04266666666666688,0.177,0.039,-0.092
1933-06,,-0.307,-0.15800000000000022,-0.344,0.177,0.039
1933-07,,-0.469,-0.3733333333333335,-0.307,-0.344,0.177
1933-08,,-0.631,-0.46900000000000014,-0.469,-0.307,-0.344
1933-09,,-1.567,-0.8890000000000002,-0.631,-0.469,-0.307
1933-10,,-0.986,-1.0613333333333337,-1.567,-0.631,-0.469
1933-11,,-0.604,-1.0523333333333336,-0.986,-1.567,-0.631
1933-12,,-0.472,-0.6873333333333336,-0.604,-0.986,-1.567
1934-01,,-0.611,-0.5623333333333336,-0.472,-0.604,-0.986
1934-02,,-0.251,-0.44466666666666693,-0.611,-0.472,-0.604
1934-03,,-0.166,-0.34266666666666695,-0.251,-0.611,-0.472
1934-04,,-0.134,-0.18366666666666698,-0.166,-0.251,-0.611
1934-05,,-0.2,-0.16666666666666696,-0.134,-0.166,-0.251
1934-06,,-0.016,-0.11666666666666696,-0.2,-0.134,-0.166
1934-07,,-0.325,-0.18033333333333365,-0.016,-0.2,-0.134
1934-08,,-0.012,-0.11766666666666696,-0.325,-0.016,-0.2
1934-09,,-0.498,-0.2783333333333336,-0.012,-0.325,-0.016
1934-10,,-0.322,-0.27733333333333365,-0.498,-0.012,-0.325
1934-11,,-0.155,-0.3250000000000003,-0.322,-0.498,-0.012
1934-12,,-0.16,-0.21233333333333362,-0.155,-0.322,-0.498
1935-01,,0.008,-0.10233333333333361,-0.16,-0.155,-0.322
1935-02,,-0.054,-0.06866666666666695,0.008,-0.16,-0.155
1935-03,,0.119,0.024333333333333054,-0.054,0.008,-0.16
1935-04,,-0.216,-0.05033333333333361,0.119,-0.054,0.008
1935-05,,0.063,-0.011333333333333612,-0.216,0.119,-0.054
1935-06,,0.091,-0.020666666666666944,0.063,-0.216,0.119
1935-07,,0.052,0.06866666666666639,0.091,0.063,-0.216
1935-08,,-0.025,0.039333333333333054,0.052,0.091,0.063
1935-09,,-0.246,-0.07300000000000027,-0.025,0.052,0.091
1935-10,,-0.304,-0.19166666666666696,-0.246,-0.025,0.052
1935-11,,0.119,-0.14366666666666694,-0.304,-0.246,-0.025
1935-12,,0.022,-0.054333333333333615,0.119,-0.304,-0.246
1936-01,,0.086,0.07566666666666638,0.022,0.119,-0.304
1936-02,,-0.389,-0.09366666666666695,0.086,0.022,0.119
1936-03,,-0.211,-0.17133333333333364,-0.389,0.086,0.022
1936-04,,-0.069,-0.22300000000000028,-0.211,-0.389,0.086
1936-05,,-0.192,-0.15733333333333363,-0.069,-0.211,-0.389
1936-06,,0.064,-0.06566666666666696,-0.192,-0.069,-0.211
1936-07,,-0.073,-0.06700000000000028,0.064,-0.192,-0.069
1936-08,,-0.437,-0.14866666666666695,-0.073,0.064,-0.192
1936-09,,-0.446,-0.31866666666666693,-0.437,-0.073,0.064
1936-10,,-0.692,-0.5250000000000002,-0.446,-0.437,-0.073
1936-11,,-0.063,-0.4003333333333336,-0.692,-0.446,-0.437
1936-12,,-0.318,-0.35766666666666697,-0.063,-0.692,-0.446
1937-01,,-0.113,-0.16466666666666693,-0.318,-0.063,-0.692
1937-02,,-0.231,-0.22066666666666693,-0.113,-0.318,-0.063
1937-03,,-0.256,-0.20000000000000026,-0.231,-0.113,-0.318
1937-04,,-0.403,-0.2966666666666669,-0.256,-0.231,-0.113
1937-05,,0.042,-0.20566666666666691,-0.403,-0.256,-0.231
1937-06,,-0.297,-0.2193333333333336,0.042,-0.403,-0.256
1937-07,,-0.547,-0.2673333333333336,-0.297,0.042,-0.403
1937-08,,-0.252,-0.3653333333333337,-0.547,-0.297,0.042
1937-09,,-0.09,-0.2963333333333336,-0.252,-0.547,-0.297
1937-10,,-0.304,-0.2153333333333336,-0.09,-0.252,-0.547
1937-11,,-0.115,-0.16966666666666694,-0.304,-0.09,-0.252
1937-12,,-0.139,-0.18600000000000028,-0.115,-0.304,-0.09
1938-01,,-0.084,-0.11266666666666693,-0.139,-0.115,-0.304
1938-02,,-0.217,-0.14666666666666692,-0.084,-0.139,-0.115
1938-03,,0.009,-0.09733333333333359,-0.217,-0.084,-0.139
1938-04,,-0.345,-0.18433333333333357,0.009,-0.217,-0.084
1938-05,,0.016,-0.10666666666666691,-0.345,0.009,-0.217
1938-06,,-0.407,-0.24533333333333354,0.016,-0.345,0.009
1938-07,,-0.621,-0.33733333333333354,-0.407,0.016,-0.345
1938-08,,-0.149,-0.3923333333333336,-0.621,-0.407,0.016
1938-09,,-0.457,-0.40900000000000025,-0.149,-0.621,-0.407
1938-10,,-0.611,-0.40566666666666684,-0.457,-0.149,-0.621
1938-11,,-0.712,-0.5933333333333336,-0.611,-0.457,-0.149
1938-12,,-0.541,-0.6213333333333336,-0.712,-0.611,-0.457
1939-01,,-0.125,-0.45933333333333354,-0.541,-0.712,-0.611
1939-02,,0.209,-0.15233333333333357,-0.125,-0.541,-0.712
1939-03,,0.021,0.034999999999999774,0.209,-0.125,-0.541
1939-04,,-0.266,-0.012000000000000233,0.021,0.209,-0.125
1939-05,,-0.337,-0.19400000000000026,-0.266,0.021,0.209
1939-06,,-0.178,-0.2603333333333336,-0.337,-0.266,0.021
1939-07,,-0.405,-0.3066666666666669,-0.178,-0.337,-0.266
1939-08,,-0.46,-0.34766666666666685,-0.405,-0.178,-0.337
1939-09,,-0.285,-0.3833333333333336,-0.46,-0.405,-0.178
1939-10,,-0.19,-0.3116666666666669,-0.285,-0.46,-0.405
1939-11,,-0.319,-0.2646666666666669,-0.19,-0.285,-0.46
1939-12,,-0.106,-0.20500000000000027,-0.319,-0.19,-0.285
1940-01,,0.08,-0.11500000000000021,-0.106,-0.319,-0.19
1940-02,,-0.224,-0.08333333333333355,0.08,-0.106,-0.319
1940-03,,-0.476,-0.2066666666666669,-0.224,0.08,-0.106
1940-04,,-0.493,-0.39766666666666683,-0.476,-0.224,0.08
1940-05,,-0.46,-0.47633333333333355,-0.493,-0.476,-0.224
1940-06,,-0.028,-0.32700000000000023,-0.46,-0.493,-0.476
1940-07,,-0.363,-0.2836666666666669,-0.028,-0.46,-0.493
1940-08,,-0.253,-0.2146666666666669,-0.363,-0.028,-0.46
1940-09,,-0.39,-0.33533333333333354,-0.253,-0.363,-0.028
1940-10,,-0.472,-0.37166666666666687,-0.39,-0.253,-0.363
1940-11,,-0.341,-0.40100000000000025,-0.472,-0.39,-0.253
1940-12,,-0.316,-0.3763333333333336,-0.341,-0.472,-0.39
1941-01,,-0.362,-0.33966666666666684,-0.316,-0.341,-0.472
1941-02,,-0.619,-0.4323333333333335,-0.362,-0.316,-0.341
1941-03,,-0.26,-0.41366666666666685,-0.619,-0.362,-0.316
1941-04,,-0.278,-0.3856666666666669,-0.26,-0.619,-0.362
1941-05,,-0.269,-0.26900000000000024,-0.278,-0.26,-0.619
1941-06,,-0.376,-0.3076666666666669,-0.269,-0.278,-0.26
1941-07,,-0.429,-0.35800000000000026,-0.376,-0.269,-0.278
1941-08,,-0.419,-0.4080000000000002,-0.429,-0.376,-0.269
1941-09,,-0.332,-0.39333333333333353,-0.419,-0.429,-0.376
1941-10,,-0.19,-0.31366666666666687,-0.332,-0.419,-0.429
1941-11,,0.274,-0.08266666666666689,-0.19,-0.332,-0.419
1941-12,,-0.182,-0.03266666666666688,0.274,-0.19,-0.332
1942-01,,-0.193,-0.03366666666666688,-0.182,0.274,-0.19
1942-02,,-0.298,-0.22433333333333358,-0.193,-0.182,0.274
1942-03,,-0.251,-0.24733333333333354,-0.298,-0.193,-0.182
1942-04,,-0.41,-0.3196666666666668,-0.251,-0.298,-0.193
1942-05,,-0.599,-0.4200000000000002,-0.41,-0.251,-0.298
1942-06,,-0.944,-0.6510000000000002,-0.599,-0.41,-0.251
1942-07,,-0.697,-0.7466666666666667,-0.944,-0.599,-0.41
1942-08,,-1.1,-0.9136666666666668,-0.697,-0.944,-0.599
1942-09,,-0.946,-0.9143333333333334,-1.1,-0.697,-0.944
1942-10,,-0.588,-0.8780000000000001,-0.946,-1.1,-0.697
1942-11,,-0.598,-0.7106666666666669,-0.588,-0.946,-1.1
1942-12,,-0.559,-0.5816666666666669,-0.598,-0.588,-0.946
1943-01,,-0.49,-0.549,-0.559,-0.598,-0.588
1943-02,,-0.249,-0.4326666666666668,-0.49,-0.559,-0.598
1943-03,,-0.305,-0.34800000000000014,-0.249,-0.49,-0.559
1943-04,,-0.225,-0.2596666666666668,-0.305,-0.249,-0.49
1943-05,,-0.188,-0.23933333333333348,-0.225,-0.305,-0.249
1943-06,,0.151,-0.08733333333333348,-0.188,-0.225,-0.305
1943-07,,0.095,0.019333333333333185,0.151,-0.188,-0.225
1943-08,,0.036,0.09399999999999985,0.095,0.151,-0.188
1943-09,,-0.648,-0.17233333333333348,0.036,0.095,0.151
1943-10,,-0.535,-0.38233333333333347,-0.648,0.036,0.095
1943-11,,-0.388,-0.5236666666666668,-0.535,-0.648,0.036
1943-12,,-0.386,-0.4363333333333335,-0.388,-0.535,-0.648
1944-01,,-0.155,-0.3096666666666668,-0.386,-0.388,-0.535
1944-02,,0.247,-0.09800000000000016,-0.155,-0.386,-0.388
1944-03,,-0.177,-0.028333333333333478,0.247,-0.155,-0.386
1944-04,,-0.241,-0.05700000000000014,-0.177,0.247,-0.155
1944-05,,0.283,-0.04500000000000015,-0.241,-0.177,0.247
1944-06,,-0.115,-0.024333333333333488,0.283,-0.241,-0.177
1944-07,,0.053,0.0736666666666665,-0.115,0.283,-0.241
1944-08,,0.051,-0.003666666666666813,0.053,-0.115,0.283
1944-09,,0.001,0.03499999999999986,0.051,0.053,-0.115
1944-10,,-0.601,-0.18300000000000013,0.001,0.051,0.053
1944-11,,-0.249,-0.28300000000000014,-0.601,0.001,0.051
1944-12,,0.178,-0.22400000000000012,-0.249,-0.601,0.001
1945-01,,-0.141,-0.07066666666666681,0.178,-0.249,-0.601
1945-02,,0.089,0.04199999999999985,-0.141,0.178,-0.249
1945-03,,0.205,0.05099999999999985,0.089,-0.141,0.178
1945-04,,-0.33,-0.012000000000000158,0.205,0.089,-0.141
1945-05,,-0.572,-0.23233333333333347,-0.33,0.205,0.089
1945-06,,-0.563,-0.48833333333333345,-0.572,-0.33,0.205
1945-07,,-0.524,-0.553,-0.563,-0.572,-0.33
1945-08,,-0.656,-0.5810000000000001,-0.524,-0.563,-0.572
1945-09,,-0.594,-0.5913333333333335,-0.656,-0.524,-0.563
1945-10,,-0.513,-0.5876666666666668,-0.594,-0.656,-0.524
1945-11,,-0.323,-0.4766666666666668,-0.513,-0.594,-0.656
1945-12,,-0.327,-0.3876666666666668,-0.323,-0.513,-0.594
1946-01,,0.067,-0.19433333333333347,-0.327,-0.323,-0.513
1946-02,,-0.014,-0.09133333333333349,0.067,-0.327,-0.323
1946-03,,-0.226,-0.05766666666666682,-0.014,0.067,-0.327
1946-04,,-0.557,-0.26566666666666683,-0.226,-0.014,0.067
1946-05,,0.297,-0.16200000000000017,-0.557,-0.226,-0.014
1946-06,,-0.33,-0.19666666666666685,0.297,-0.557,-0.226
1946-07,,-0.159,-0.06400000000000014,-0.33,0.297,-0.557
1946-08,,0.165,-0.10800000000000014,-0.159,-0.33,0.297
1946-09,,-0.071,-0.021666666666666782,0.165,-0.159,-0.33
1946-10,,-0.178,-0.02800000000000011,-0.071,0.165,-0.159
1946-11,,-0.026,-0.09166666666666679,-0.178,-0.071,0.165
1946-12,,-0.25,-0.15133333333333346,-0.026,-0.178,-0.071
1947-01,,-0.288,-0.18800000000000008,-0.25,-0.026,-0.178
1947-02,,0.028,-0.17000000000000012,-0.288,-0.25,-0.026
1947-03,,-0.0,-0.08666666666666677,0.028,-0.288,-0.25
1947-04,,-0.186,-0.0526666666666668,-0.0,0.028,-0.288
1947-05,,0.104,-0.027333333333333463,-0.186,-0.0,0.028
1947-06,,-0.066,-0.04933333333333347,0.104,-0.186,-0.0
1947-07,,-0.632,-0.19800000000000015,-0.066,0.104,-0.186
1947-08,,-0.659,-0.4523333333333335,-0.632,-0.066,0.104
1947-09,,-0.97,-0.7536666666666667,-0.659,-0.632,-0.066
1947-10,,-0.824,-0.8176666666666668,-0.97,-0.659,-0.632
1947-11,,-0.32,-0.7046666666666668,-0.824,-0.97,-0.659
1947-12,,-0.266,-0.47000000000000014,-0.32,-0.824,-0.97
1948-01,,-0.298,-0.2946666666666668,-0.266,-0.32,-0.824
1948-02,,-0.155,-0.23966666666666683,-0.298,-0.266,-0.32
1948-03,,0.024,-0.14300000000000015,-0.155,-0.298,-0.266
1948-04,,-0.103,-0.07800000000000014,0.024,-0.155,-0.298
1948-05,,-0.085,-0.05466666666666681,-0.103,0.024,-0.155
1948-06,,0.059,-0.04300000000000015,-0.085,-0.103,0.024
1948-07,,-0.268,-0.09800000000000016,0.059,-0.085,-0.103
1948-08,,-0.462,-0.22366666666666682,-0.268,0.059,-0.085
1948-09,,-0.648,-0.45933333333333354,-0.462,-0.268,0.059
1948-10,,-0.293,-0.46766666666666684,-0.648,-0.462,-0.268
1948-11,,-0.379,-0.44000000000000017,-0.293,-0.648,-0.462
1948-12,,-0.506,-0.3926666666666668,-0.379,-0.293,-0.648
1949-01,,0.027,-0.2860000000000002,-0.506,-0.379,-0.293
1949-02,,0.177,-0.10066666666666683,0.027,-0.506,-0.379
1949-03,,-0.121,0.027666666666666496,0.177,0.027,-0.506
1949-04,,0.165,0.0736666666666665,-0.121,0.177,0.027
1949-05,,-0.091,-0.01566666666666683,0.165,-0.121,0.177
1949-06,,-0.009,0.021666666666666504,-0.091,0.165,-0.121
1949-07,,-0.009,-0.0363333333333335,-0.009,-0.091,0.165
1949-08,,0.011,-0.0023333333333334996,-0.009,-0.009,-0.091
1949-09,,-0.09,-0.0293333333333335,0.011,-0.009,-0.009
1949-10,,-0.124,-0.06766666666666683,-0.09,0.011,-0.009
1949-11,,-0.396,-0.2033333333333335,-0.124,-0.09,0.011
1949-12,,-0.331,-0.2836666666666669,-0.396,-0.124,-0.09
1950-01,-1.53,-0.044,-0.2570000000000002,-0.331,-0.396,-0.124
1950-02,-1.34,-0.553,-0.3093333333333335,-0.044,-0.331,-0.396
1950-03,-1.16,-0.692,-0.42966666666666686,-0.553,-0.044,-0.331
1950-04,-1.18,-0.474,-0.5730000000000002,-0.692,-0.553,-0.044
1950-05,-1.07,-0.309,-0.49166666666666675,-0.474,-0.692,-0.553
1950-06,-0.85,-0.493,-0.4253333333333335,-0.309,-0.474,-0.692
1950-07,-0.54,-0.348,-0.3833333333333335,-0.493,-0.309,-0.474
1950-08,-0.42,-0.22,-0.35366666666666685,-0.348,-0.493,-0.309
1950-09,-0.39,-0.631,-0.39966666666666684,-0.22,-0.348,-0.493
1950-10,-0.44,-0.59,-0.48033333333333356,-0.631,-0.22,-0.348
1950-11,-0.6,-0.227,-0.48266666666666685,-0.59,-0.631,-0.22
1950-12,-0.8,-0.027,-0.2813333333333335,-0.227,-0.59,-0.631
1951-01,-0.82,0.256,0.0006666666666664822,-0.027,-0.227,-0.59
1951-02,-0.54,0.211,0.14666666666666647,0.256,-0.027,-0.227
1951-03,-0.17,0.259,0.24199999999999985,0.211,0.256,-0.027
1951-04,0.18,-0.514,-0.014666666666666828,0.259,0.211,0.256
1951-05,0.36,-0.138,-0.13100000000000014,-0.514,0.259,0.211
1951-06,0.58,-0.19,-0.28066666666666684,-0.138,-0.514,0.259
1951-07,0.7,-0.22,-0.18266666666666684,-0.19,-0.138,-0.514
1951-08,0.89,0.124,-0.09533333333333349,-0.22,-0.19,-0.138
1951-09,0.99,-0.005,-0.03366666666666682,0.124,-0.22,-0.19
1951-10,1.15,-0.168,-0.016333333333333488,-0.005,0.124,-0.22
1951-11,1.04,0.122,-0.017000000000000154,-0.168,-0.005,0.124
1951-12,0.81,-0.072,-0.03933333333333349,0.122,-0.168,-0.005
1952-01,0.53,-0.069,-0.006333333333333482,-0.072,0.122,-0.168
1952-02,0.37,0.08,-0.020333333333333484,-0.069,-0.072,0.122
1952-03,0.34,0.126,0.04566666666666652,0.08,-0.069,-0.072
1952-04,0.29,0.074,0.0933333333333332,0.126,0.08,-0.069
1952-05,0.2,-0.148,0.017333333333333183,0.074,0.126,0.08
1952-06,0.0,0.019,-0.018333333333333483,-0.148,0.074,0.126
1952-07,-0.08,-0.43,-0.18633333333333346,0.019,-0.148,0.074
1952-08,0.0,-0.463,-0.2913333333333335,-0.43,0.019,-0.148
1952-09,0.15,-0.606,-0.49966666666666687,-0.463,-0.43,0.019
1952-10,0.1,-0.546,-0.5383333333333336,-0.606,-0.463,-0.43
1952-11,0.04,-0.171,-0.4410000000000001,-0.546,-0.606,-0.463
1952-12,0.15,-0.031,-0.2493333333333335,-0.171,-0.546,-0.606
1953-01,0.4,0.304,0.03399999999999984,-0.031,-0.171,-0.546
1953-02,0.6,0.285,0.18599999999999986,0.304,-0.031,-0.171
1953-03,0.63,0.188,0.25899999999999984,0.285,0.304,-0.031
1953-04,0.66,-0.054,0.13966666666666652,0.188,0.285,0.304
1953-05,0.75,0.316,0.14999999999999986,-0.054,0.188,0.285
1953-06,0.77,-0.113,0.049666666666666526,0.316,-0.054,0.188
1953-07,0.75,-0.178,0.008333333333333193,-0.113,0.316,-0.054
1953-08,0.73,-0.231,-0.17400000000000015,-0.178,-0.113,0.316
1953-09,0.78,-0.24,-0.2163333333333335,-0.231,-0.178,-0.113
1953-10,0.84,-0.312,-0.2610000000000001,-0.24,-0.231,-0.178
1953-11,0.84,-0.136,-0.22933333333333347,-0.312,-0.24,-0.231
1953-12,0.81,-0.119,-0.18900000000000014,-0.136,-0.312,-0.24
1954-01,0.76,-0.339,-0.19800000000000015,-0.119,-0.136,-0.312
1954-02,0.47,-0.272,-0.24333333333333348,-0.339,-0.119,-0.136
1954-03,-0.05,-0.163,-0.2580000000000002,-0.272,-0.339,-0.119
1954-04,-0.41,-0.009,-0.14800000000000013,-0.163,-0.272,-0.339
1954-05,-0.54,-0.55,-0.2406666666666668,-0.009,-0.163,-0.272
1954-06,-0.5,-0.505,-0.35466666666666685,-0.55,-0.009,-0.163
1954-07,-0.64,-0.855,-0.6366666666666668,-0.505,-0.55,-0.009
1954-08,-0.84,-0.631,-0.6636666666666667,-0.855,-0.505,-0.55
1954-09,-0.9,-0.719,-0.735,-0.631,-0.855,-0.505
1954-10,-0.77,-0.836,-0.7286666666666668,-0.719,-0.631,-0.855
1954-11,-0.73,-0.451,-0.6686666666666667,-0.836,-0.719,-0.631
1954-12,-0.66,-0.053,-0.4466666666666668,-0.451,-0.836,-0.719
1955-01,-0.68,-0.05,-0.18466666666666678,-0.053,-0.451,-0.836
1955-02,-0.62,-0.152,-0.08500000000000012,-0.05,-0.053,-0.451
1955-03,-0.69,0.019,-0.06100000000000012,-0.152,-0.05,-0.053
1955-04,-0.8,-0.044,-0.05900000000000011,0.019,-0.152,-0.05
1955-05,-0.79,-0.696,-0.24033333333333343,-0.044,0.019,-0.152
1955-06,-0.72,-0.387,-0.37566666666666676,-0.696,-0.044,0.019
1955-07,-0.68,-0.439,-0.5073333333333334,-0.387,-0.696,-0.044
1955-08,-0.75,-0.43,-0.41866666666666674,-0.439,-0.387,-0.696
1955-09,-1.09,-0.738,-0.5356666666666667,-0.43,-0.439,-0.387
1955-10,-1.42,-0.73,-0.6326666666666667,-0.738,-0.43,-0.439
1955-11,-1.67,-0.269,-0.5790000000000001,-0.73,-0.738,-0.43
1955-12,-1.47,-0.301,-0.4333333333333334,-0.269,-0.73,-0.738
1956-01,-1.11,-0.101,-0.2236666666666668,-0.301,-0.269,-0.73
1956-02,-0.76,-0.021,-0.1410000000000001,-0.101,-0.301,-0.269
1956-03,-0.63,-0.001,-0.04100000000000011,-0.021,-0.101,-0.301
1956-04,-0.54,-0.3,-0.10733333333333345,-0.001,-0.021,-0.101
1956-05,-0.52,-0.57,-0.2903333333333334,-0.3,-0.001,-0.021
1956-06,-0.51,-0.826,-0.5653333333333334,-0.57,-0.3,-0.001
1956-07,-0.57,-1.083,-0.8263333333333334,-0.826,-0.57,-0.3
1956-08,-0.55,-0.772,-0.8936666666666668,-1.083,-0.826,-0.57
1956-09,-0.46,-0.803,-0.8860000000000001,-0.772,-1.083,-0.826
1956-10,-0.42,-0.672,-0.7490000000000002,-0.803,-0.772,-1.083
1956-11,-0.43,-0.516,-0.663666666666667,-0.672,-0.803,-0.772
1956-12,-0.43,-0.15,-0.4460000000000002,-0.516,-0.672,-0.803
1957-01,-0.25,-0.437,-0.36766666666666686,-0.15,-0.516,-0.672
1957-02,0.06,-0.563,-0.3833333333333335,-0.437,-0.15,-0.516
1957-03,0.41,-0.197,-0.39900000000000024,-0.563,-0.437,-0.15
1957-04,0.72,-0.3,-0.3533333333333335,-0.197,-0.563,-0.437
1957-05,0.92,-0.327,-0.2746666666666669,-0.3,-0.197,-0.563
1957-06,1.11,-0.466,-0.36433333333333356,-0.327,-0.3,-0.197
1957-07,1.25,-0.489,-0.42733333333333356,-0.466,-0.327,-0.3
1957-08,1.32,-0.266,-0.40700000000000025,-0.489,-0.466,-0.327
1957-09,1.33,-0.383,-0.3793333333333336,-0.266,-0.489,-0.466
1957-10,1.39,-0.523,-0.3906666666666669,-0.383,-0.266,-0.489
1957-11,1.53,-0.483,-0.46300000000000024,-0.523,-0.383,-0.266
1957-12,1.74,-0.25,-0.4186666666666669,-0.483,-0.523,-0.383
1958-01,1.81,-0.396,-0.3763333333333336,-0.25,-0.483,-0.523
1958-02,1.66,-0.234,-0.29333333333333356,-0.396,-0.25,-0.483
1958-03,1.27,-0.374,-0.3346666666666669,-0.234,-0.396,-0.25
1958-04,0.93,-0.347,-0.3183333333333335,-0.374,-0.234,-0.396
1958-05,0.74,-0.496,-0.40566666666666684,-0.347,-0.374,-0.234
1958-06,0.64,-0.855,-0.5660000000000002,-0.496,-0.347,-0.374
1958-07,0.57,-1.063,-0.8046666666666669,-0.855,-0.496,-0.347
1958-08,0.43,-1.259,-1.0590000000000002,-1.063,-0.855,-0.496
1958-09,0.39,-1.303,-1.2083333333333335,-1.259,-1.063,-0.855
1958-10,0.44,-0.967,-1.1763333333333335,-1.303,-1.259,-1.063
1958-11,0.5,-0.675,-0.9816666666666668,-0.967,-1.303,-1.259
1958-12,0.61,-0.639,-0.7603333333333335,-0.675,-0.967,-1.303
1959-01,0.61,-0.027,-0.44700000000000023,-0.639,-0.675,-0.967
1959-02,0.62,-0.531,-0.39900000000000024,-0.027,-0.639,-0.675
1959-03,0.52,-0.524,-0.3606666666666669,-0.531,-0.027,-0.639
1959-04,0.33,-0.356,-0.47033333333333366,-0.524,-0.531,-0.027
1959-05,0.2,-0.742,-0.540666666666667,-0.356,-0.524,-0.531
1959-06,-0.07,-0.745,-0.6143333333333335,-0.742,-0.356,-0.524
1959-07,-0.18,-0.667,-0.7180000000000003,-0.745,-0.742,-0.356
1959-08,-0.28,-0.913,-0.7750000000000002,-0.667,-0.745,-0.742
1959-09,-0.09,-0.839,-0.8063333333333335,-0.913,-0.667,-0.745
1959-10,-0.03,-0.586,-0.7793333333333335,-0.839,-0.913,-0.667
1959-11,0.05,-0.575,-0.6666666666666669,-0.586,-0.839,-0.913
1959-12,-0.04,-0.357,-0.5060000000000002,-0.575,-0.586,-0.839
1960-01,-0.1,-0.237,-0.3896666666666668,-0.357,-0.575,-0.586
1960-02,-0.1,-0.044,-0.2126666666666669,-0.237,-0.357,-0.575
1960-03,-0.07,-0.433,-0.2380000000000002,-0.044,-0.237,-0.357
1960-04,0.03,-0.745,-0.40733333333333355,-0.433,-0.044,-0.237
1960-05,0.02,-0.739,-0.6390000000000002,-0.745,-0.433,-0.044
1960-06,0.03,-0.681,-0.721666666666667,-0.739,-0.745,-0.433
1960-07,0.13,-0.735,-0.7183333333333336,-0.681,-0.739,-0.745
1960-08,0.24,-0.584,-0.666666666666667,-0.735,-0.681,-0.739
1960-09,0.27,-0.582,-0.6336666666666669,-0.584,-0.735,-0.681
1960-10,0.2,-0.906,-0.6906666666666669,-0.582,-0.584,-0.735
1960-11,0.12,-0.811,-0.7663333333333334,-0.906,-0.582,-0.584
1960-12,0.05,-0.641,-0.7860000000000001,-0.811,-0.906,-0.582
1961-01,0.04,-0.144,-0.5320000000000001,-0.641,-0.811,-0.906
1961-02,0.03,-0.08,-0.28833333333333355,-0.144,-0.641,-0.811
1961-03,0.04,-0.122,-0.11533333333333355,-0.08,-0.144,-0.641
1961-04,0.09,-0.613,-0.2716666666666669,-0.122,-0.08,-0.144
1961-05,0.23,-0.438,-0.39100000000000024,-0.613,-0.122,-0.08
1961-06,0.27,-0.006,-0.35233333333333355,-0.438,-0.613,-0.122
1961-07,0.14,0.63,0.0619999999999998,-0.006,-0.438,-0.613
1961-08,-0.13,0.775,0.4663333333333332,0.63,-0.006,-0.438
1961-09,-0.3,0.554,0.6529999999999999,0.775,0.63,-0.006
1961-10,-0.26,0.457,0.5953333333333332,0.554,0.775,0.63
1961-11,-0.19,0.323,0.4446666666666664,0.457,0.554,0.775
1961-12,-0.16,0.311,0.3636666666666664,0.323,0.457,0.554
1962-01,-0.24,0.512,0.38199999999999973,0.311,0.323,0.457
1962-02,-0.22,0.544,0.45566666666666644,0.512,0.311,0.323
1962-03,-0.2,0.357,0.4709999999999998,0.544,0.512,0.311
1962-04,-0.26,-0.02,0.29366666666666646,0.357,0.544,0.512
1962-05,-0.28,-0.385,-0.016000000000000236,-0.02,0.357,0.544
1962-06,-0.2,-0.458,-0.2876666666666669,-0.385,-0.02,0.357
1962-07,-0.04,-0.468,-0.4370000000000003,-0.458,-0.385,-0.02
1962-08,-0.07,-0.304,-0.4100000000000002,-0.468,-0.458,-0.385
1962-09,-0.11,-0.186,-0.3193333333333336,-0.304,-0.468,-0.458
1962-10,-0.22,-0.328,-0.2726666666666669,-0.186,-0.304,-0.468
1962-11,-0.31,-0.213,-0.24233333333333354,-0.328,-0.186,-0.304
1962-12,-0.43,-0.071,-0.2040000000000002,-0.213,-0.328,-0.186
1963-01,-0.4,0.328,0.014666666666666458,-0.071,-0.213,-0.328
1963-02,-0.15,0.396,0.21766666666666645,0.328,-0.071,-0.213
1963-03,0.15,0.201,0.3083333333333331,0.396,0.328,-0.071
1963-04,0.27,-0.061,0.17866666666666645,0.201,0.396,0.328
1963-05,0.31,-0.324,-0.06133333333333355,-0.061,0.201,0.396
1963-06,0.52,-0.247,-0.2106666666666669,-0.324,-0.061,0.201
1963-07,0.86,0.212,-0.11966666666666688,-0.247,-0.324,-0.061
1963-08,1.14,0.473,0.14599999999999977,0.212,-0.247,-0.324
1963-09,1.22,0.082,0.25566666666666643,0.473,0.212,-0.247
1963-10,1.29,0.431,0.32866666666666644,0.082,0.473,0.212
1963-11,1.37,0.319,0.27733333333333315,0.431,0.082,0.473
1963-12,1.31,-0.059,0.23033333333333314,0.319,0.431,0.082
1964-01,1.07,-0.461,-0.06700000000000023,-0.059,0.319,0.431
1964-02,0.62,-0.692,-0.4040000000000002,-0.461,-0.059,0.319
1964-03,0.12,-0.312,-0.48833333333333356,-0.692,-0.461,-0.059
1964-04,-0.33,-0.224,-0.40933333333333355,-0.312,-0.692,-0.461
1964-05,-0.58,-0.52,-0.35200000000000026,-0.224,-0.312,-0.692
1964-06,-0.58,-0.344,-0.36266666666666686,-0.52,-0.224,-0.312
1964-07,-0.6,-0.829,-0.5643333333333335,-0.344,-0.52,-0.224
1964-08,-0.66,-0.683,-0.6186666666666669,-0.829,-0.344,-0.52
1964-09,-0.76,-0.98,-0.830666666666667,-0.683,-0.829,-0.344
1964-10,-0.8,-1.028,-0.8970000000000002,-0.98,-0.683,-0.829
1964-11,-0.82,-0.284,-0.7640000000000002,-1.028,-0.98,-0.683
1964-12,-0.78,-0.182,-0.4980000000000003,-0.284,-1.028,-0.98
1965-01,-0.59,-0.331,-0.26566666666666694,-0.182,-0.284,-1.028
1965-02,-0.28,-0.447,-0.3200000000000003,-0.331,-0.182,-0.284
1965-03,-0.07,-0.186,-0.32133333333333364,-0.447,-0.331,-0.182
1965-04,0.18,-0.285,-0.3060000000000003,-0.186,-0.447,-0.331
1965-05,0.46,-0.54,-0.33700000000000035,-0.285,-0.186,-0.447
1965-06,0.83,-0.488,-0.43766666666666704,-0.54,-0.285,-0.186
1965-07,1.22,-0.473,-0.5003333333333336,-0.488,-0.54,-0.285
1965-08,1.54,-0.247,-0.40266666666666695,-0.473,-0.488,-0.54
1965-09,1.85,-0.197,-0.305666666666667,-0.247,-0.473,-0.488
1965-10,1.98,0.017,-0.14233333333333362,-0.197,-0.247,-0.473
1965-11,1.97,-0.225,-0.13500000000000031,0.017,-0.197,-0.247
1965-12,1.72,-0.29,-0.1660000000000003,-0.225,0.017,-0.197
1966-01,1.37,-0.232,-0.2490000000000003,-0.29,-0.225,0.017
1966-02,1.17,-0.163,-0.22833333333333364,-0.232,-0.29,-0.225
1966-03,0.98,-0.341,-0.24533333333333363,-0.163,-0.232,-0.29
1966-04,0.66,-0.435,-0.31300000000000033,-0.341,-0.163,-0.232
1966-05,0.35,-0.423,-0.399666666666667,-0.435,-0.341,-0.163
1966-06,0.24,-0.119,-0.325666666666667,-0.423,-0.435,-0.341
1966-07,0.24,-0.005,-0.1823333333333336,-0.119,-0.423,-0.435
1966-08,0.12,0.129,0.001666666666666372,-0.005,-0.119,-0.423
1966-09,-0.05,0.102,0.07533333333333303,0.129,-0.005,-0.119
1966-10,-0.1,-0.304,-0.024333333333333634,0.102,0.129,-0.005
1966-11,-0.18,-0.361,-0.18766666666666695,-0.304,0.102,0.129
1966-12,-0.3,-0.236,-0.3003333333333336,-0.361,-0.304,0.102
1967-01,-0.41,-0.237,-0.27800000000000025,-0.236,-0.361,-0.304
1967-02,-0.48,-0.073,-0.18200000000000027,-0.237,-0.236,-0.361
1967-03,-0.53,0.249,-0.02033333333333363,-0.073,-0.237,-0.236
1967-04,-0.45,-0.263,-0.029000000000000303,0.249,-0.073,-0.237
1967-05,-0.24,-0.166,-0.06000000000000031,-0.263,0.249,-0.073
1967-06,-0.0,0.044,-0.12833333333333363,-0.166,-0.263,0.249
1967-07,0.05,0.139,0.005666666666666376,0.044,-0.166,-0.263
1967-08,-0.16,0.13,0.10433333333333306,0.139,0.044,-0.166
1967-09,-0.3,0.145,0.1379999999999997,0.13,0.139,0.044
1967-10,-0.38,0.158,0.14433333333333306,0.145,0.13,0.139
1967-11,-0.34,0.023,0.10866666666666637,0.158,0.145,0.13
1967-12,-0.44,0.054,0.07833333333333305,0.023,0.158,0.145
1968-01,-0.64,0.213,0.09666666666666639,0.054,0.023,0.158
1968-02,-0.74,0.334,0.20033333333333303,0.213,0.054,0.023
1968-03,-0.62,0.153,0.23333333333333306,0.334,0.213,0.054
1968-04,-0.44,0.073,0.1866666666666664,0.153,0.334,0.213
1968-05,-0.04,-0.123,0.034333333333333035,0.073,0.153,0.334
1968-06,0.28,0.09,0.013333333333333036,-0.123,0.073,0.153
1968-07,0.58,-0.522,-0.1850000000000003,0.09,-0.123,0.073
1968-08,0.53,-0.455,-0.29566666666666697,-0.522,0.09,-0.123
1968-09,0.45,-0.734,-0.5703333333333336,-0.455,-0.522,0.09
1968-10,0.55,-0.531,-0.5733333333333336,-0.734,-0.455,-0.522
1968-11,0.73,-0.454,-0.5730000000000003,-0.531,-0.734,-0.455
1968-12,0.98,-0.213,-0.3993333333333336,-0.454,-0.531,-0.734
1969-01,1.13,-0.162,-0.2763333333333336,-0.213,-0.454,-0.531
1969-02,1.09,-0.164,-0.17966666666666695,-0.162,-0.213,-0.454
1969-03,0.95,0.06,-0.08866666666666694,-0.164,-0.162,-0.213
1969-04,0.77,-0.05,-0.0513333333333336,0.06,-0.164,-0.162
1969-05,0.61,-0.166,-0.05200000000000026,-0.05,0.06,-0.164
1969-06,0.43,-0.626,-0.2806666666666669,-0.166,-0.05,0.06
1969-07,0.36,-0.406,-0.3993333333333336,-0.626,-0.166,-0.05
1969-08,0.51,-0.35,-0.46066666666666695,-0.406,-0.626,-0.166
1969-09,0.79,-0.248,-0.3346666666666669,-0.35,-0.406,-0.626
1969-10,0.86,-0.2,-0.26600000000000024,-0.248,-0.35,-0.406
1969-11,0.81,-0.004,-0.1506666666666669,-0.2,-0.248,-0.35
1969-12,0.63,-0.085,-0.09633333333333356,-0.004,-0.2,-0.248
1970-01,0.51,0.298,0.06966666666666643,-0.085,-0.004,-0.2
1970-02,0.34,0.326,0.17966666666666642,0.298,-0.085,-0.004
1970-03,0.29,0.068,0.23066666666666644,0.326,0.298,-0.085
1970-04,0.19,0.219,0.20433333333333312,0.068,0.326,0.298
1970-05,0.04,0.182,0.1563333333333331,0.219,0.068,0.326
1970-06,-0.3,-0.385,0.005333333333333097,0.182,0.219,0.068
1970-07,-0.63,-0.57,-0.2576666666666669,-0.385,0.182,0.219
1970-08,-0.76,-0.35,-0.4350000000000002,-0.57,-0.385,0.182
1970-09,-0.77,-0.599,-0.5063333333333335,-0.35,-0.57,-0.385
1970-10,-0.74,-0.638,-0.5290000000000002,-0.599,-0.35,-0.57
1970-11,-0.86,-0.307,-0.5146666666666668,-0.638,-0.599,-0.35
1970-12,-1.15,-0.235,-0.39333333333333353,-0.307,-0.638,-0.599
1971-01,-1.36,0.198,-0.11466666666666687,-0.235,-0.307,-0.638
1971-02,-1.38,0.013,-0.008000000000000215,0.198,-0.235,-0.307
1971-03,-1.12,0.208,0.13966666666666647,0.013,0.198,-0.235
1971-04,-0.85,0.24,0.15366666666666642,0.208,0.013,0.198
1971-05,-0.73,-0.074,0.12466666666666644,0.24,0.208,0.013
1971-06,-0.74,-0.236,-0.02333333333333355,-0.074,0.24,0.208
1971-07,-0.8,-0.354,-0.22133333333333352,-0.236,-0.074,0.24
1971-08,-0.77,-0.547,-0.3790000000000002,-0.354,-0.236,-0.074
1971-09,-0.82,-0.746,-0.5490000000000003,-0.547,-0.354,-0.236
1971-10,-0.85,-0.629,-0.6406666666666668,-0.746,-0.547,-0.354
1971-11,-0.96,0.018,-0.45233333333333353,-0.629,-0.746,-0.547
1971-12,-0.9,0.215,-0.13200000000000023,0.018,-0.629,-0.746
1972-01,-0.71,0.143,0.1253333333333331,0.215,0.018,-0.629
1972-02,-0.35,-0.216,0.047333333333333096,0.143,0.215,0.018
1972-03,0.06,0.03,-0.014333333333333559,-0.216,0.143,0.215
1972-04,0.41,0.131,-0.018333333333333552,0.03,-0.216,0.143
1972-05,0.67,0.157,0.10599999999999977,0.131,0.03,-0.216
1972-06,0.92,0.738,0.3419999999999998,0.157,0.131,0.03
1972-07,1.13,0.708,0.5343333333333331,0.738,0.157,0.131
1972-08,1.37,0.511,0.6523333333333331,0.708,0.738,0.157
1972-09,1.58,0.363,0.5273333333333331,0.511,0.708,0.738
1972-10,1.84,0.327,0.40033333333333315,0.363,0.511,0.708
1972-11,2.09,0.67,0.45333333333333314,0.327,0.363,0.511
1972-12,2.12,0.477,0.4913333333333331,0.67,0.327,0.363
1973-01,1.84,0.043,0.39666666666666645,0.477,0.67,0.327
1973-02,1.25,-0.077,0.1476666666666664,0.043,0.477,0.67
1973-03,0.54,-0.001,-0.011666666666666927,-0.077,0.043,0.477
1973-04,-0.1,-0.116,-0.06466666666666693,-0.001,-0.077,0.043
1973-05,-0.54,0.084,-0.01100000000000026,-0.116,-0.001,-0.077
1973-06,-0.87,-0.225,-0.08566666666666693,0.084,-0.116,-0.001
1973-07,-1.11,-0.495,-0.21200000000000027,-0.225,0.084,-0.116
1973-08,-1.28,-0.607,-0.44233333333333363,-0.495,-0.225,0.084
1973-09,-1.45,-0.773,-0.6250000000000002,-0.607,-0.495,-0.225
1973-10,-1.71,-0.449,-0.6096666666666669,-0.773,-0.607,-0.495
1973-11,-1.95,-0.157,-0.45966666666666695,-0.449,-0.773,-0.607
1973-12,-2.03,0.047,-0.1863333333333336,-0.157,-0.449,-0.773
1974-01,-1.84,0.279,0.05633333333333309,0.047,-0.157,-0.449
1974-02,-1.55,0.156,0.16066666666666643,0.279,0.047,-0.157
1974-03,-1.23,0.249,0.22799999999999976,0.156,0.279,0.047
1974-04,-1.03,-0.053,0.11733333333333307,0.249,0.156,0.279
1974-05,-0.91,-0.239,-0.014333333333333587,-0.053,0.249,0.156
1974-06,-0.77,-0.027,-0.1063333333333336,-0.239,-0.053,0.249
1974-07,-0.53,-0.249,-0.17166666666666694,-0.027,-0.239,-0.053
1974-08,-0.37,-0.498,-0.2580000000000003,-0.249,-0.027,-0.239
1974-09,-0.41,-0.661,-0.4693333333333336,-0.498,-0.249,-0.027
1974-10,-0.61,-0.845,-0.6680000000000003,-0.661,-0.498,-0.249
1974-11,-0.75,-0.551,-0.685666666666667,-0.845,-0.661,-0.498
1974-12,-0.64,-0.36,-0.5853333333333336,-0.551,-0.845,-0.661
1975-01,-0.54,-0.367,-0.4260000000000003,-0.36,-0.551,-0.845
1975-02,-0.57,-0.25,-0.32566666666666694,-0.367,-0.36,-0.551
1975-03,-0.65,-0.464,-0.3603333333333336,-0.25,-0.367,-0.36
1975-04,-0.73,0.087,-0.20900000000000027,-0.464,-0.25,-0.367
1975-05,-0.83,0.066,-0.10366666666666695,0.087,-0.464,-0.25
1975-06,-0.98,0.055,0.06933333333333307,0.066,0.087,-0.464
1975-07,-1.13,-0.039,0.027333333333333074,0.055,0.066,0.087
1975-08,-1.2,-0.344,-0.10933333333333357,-0.039,0.055,0.066
1975-09,-1.37,-0.857,-0.41333333333333355,-0.344,-0.039,0.055
1975-10,-1.43,-1.056,-0.7523333333333335,-0.857,-0.344,-0.039
1975-11,-1.55,-0.328,-0.7470000000000002,-1.056,-0.857,-0.344
1975-12,-1.65,-0.169,-0.5176666666666669,-0.328,-1.056,-0.857
1976-01,-1.56,0.005,-0.16400000000000023,-0.169,-0.328,-1.056
1976-02,-1.17,0.077,-0.029000000000000224,0.005,-0.169,-0.328
1976-03,-0.73,0.02,0.03399999999999978,0.077,0.005,-0.169
1976-04,-0.47,0.122,0.07299999999999977,0.02,0.077,0.005
1976-05,-0.28,-0.004,0.045999999999999784,0.122,0.02,0.077
1976-06,-0.05,0.369,0.1623333333333331,-0.004,0.122,0.02
1976-07,0.18,0.593,0.3193333333333331,0.369,-0.004,0.122
1976-08,0.35,0.107,0.3563333333333331,0.593,0.369,-0.004
1976-09,0.62,-0.208,0.16399999999999978,0.107,0.593,0.369
1976-10,0.81,-0.231,-0.11066666666666687,-0.208,0.107,0.593
1976-11,0.86,-0.181,-0.2066666666666669,-0.231,-0.208,0.107
1976-12,0.85,0.029,-0.1276666666666669,-0.181,-0.231,-0.208
1977-01,0.71,-0.003,-0.05166666666666689,0.029,-0.181,-0.231
1977-02,0.64,-0.261,-0.07833333333333356,-0.003,0.029,-0.181
1977-03,0.34,0.174,-0.03000000000000023,-0.261,-0.003,0.029
1977-04,0.23,-0.029,-0.0386666666666669,0.174,-0.261,-0.003
1977-05,0.21,-0.341,-0.06533333333333356,-0.029,0.174,-0.261
1977-06,0.34,-0.095,-0.15500000000000022,-0.341,-0.029,0.174
1977-07,0.35,-0.171,-0.20233333333333356,-0.095,-0.341,-0.029
1977-08,0.42,-0.261,-0.1756666666666669,-0.171,-0.095,-0.341
1977-09,0.57,-0.259,-0.23033333333333358,-0.261,-0.171,-0.095
1977-10,0.73,0.245,-0.0916666666666669,-0.259,-0.261,-0.171
1977-11,0.81,-0.127,-0.04700000000000023,0.245,-0.259,-0.261
1977-12,0.79,-0.02,0.03266666666666644,-0.127,0.245,-0.259
1978-01,0.69,-0.64,-0.2623333333333336,-0.02,-0.127,0.245
1978-02,0.42,-0.53,-0.39666666666666694,-0.64,-0.02,-0.127
1978-03,0.06,-0.583,-0.5843333333333335,-0.53,-0.64,-0.02
1978-04,-0.18,-0.214,-0.4423333333333335,-0.583,-0.53,-0.64
1978-05,-0.31,-0.533,-0.4433333333333335,-0.214,-0.583,-0.53
1978-06,-0.29,-0.175,-0.3073333333333335,-0.533,-0.214,-0.583
1978-07,-0.36,-0.107,-0.2716666666666669,-0.175,-0.533,-0.214
1978-08,-0.42,-0.224,-0.16866666666666688,-0.107,-0.175,-0.533
1978-09,-0.42,-0.26,-0.1970000000000002,-0.224,-0.107,-0.175
1978-10,-0.29,-0.502,-0.3286666666666669,-0.26,-0.224,-0.107
1978-11,-0.08,-0.458,-0.4066666666666669,-0.502,-0.26,-0.224
1978-12,0.0,-0.26,-0.4066666666666669,-0.458,-0.502,-0.26
1979-01,0.03,0.317,-0.1336666666666669,-0.26,-0.458,-0.502
1979-02,0.07,-0.159,-0.034000000000000224,0.317,-0.26,-0.458
1979-03,0.2,-0.034,0.04133333333333311,-0.159,0.317,-0.26
1979-04,0.28,-0.207,-0.13333333333333355,-0.034,-0.159,0.317
1979-05,0.23,-0.444,-0.22833333333333353,-0.207,-0.034,-0.159
1979-06,0.05,0.109,-0.18066666666666686,-0.444,-0.207,-0.034
1979-07,0.04,-0.315,-0.21666666666666687,0.109,-0.444,-0.207
1979-08,0.17,-0.226,-0.1440000000000002,-0.315,0.109,-0.444
1979-09,0.33,-0.279,-0.27333333333333354,-0.226,-0.315,0.109
1979-10,0.45,-0.314,-0.2730000000000002,-0.279,-0.226,-0.315
1979-11,0.52,-0.251,-0.2813333333333335,-0.314,-0.279,-0.226
1979-12,0.64,-0.101,-0.2220000000000002,-0.251,-0.314,-0.279
1980-01,0.59,-0.158,-0.17000000000000018,-0.101,-0.251,-0.314
1980-02,0.46,-0.2,-0.1530000000000002,-0.158,-0.101,-0.251
1980-03,0.34,-0.418,-0.2586666666666668,-0.2,-0.158,-0.101
1980-04,0.38,-0.096,-0.2380000000000002,-0.418,-0.2,-0.158
1980-05,0.48,-0.066,-0.1933333333333335,-0.096,-0.418,-0.2
1980-06,0.46,-0.382,-0.18133333333333349,-0.066,-0.096,-0.418
1980-07,0.25,-0.661,-0.3696666666666668,-0.382,-0.066,-0.096
1980-08,0.03,-0.822,-0.6216666666666668,-0.661,-0.382,-0.066
1980-09,-0.07,-0.745,-0.7426666666666669,-0.822,-0.661,-0.382
1980-10,0.02,-0.658,-0.7416666666666668,-0.745,-0.822,-0.661
1980-11,0.11,-0.417,-0.6066666666666668,-0.658,-0.745,-0.822
1980-12,-0.01,-0.483,-0.5193333333333335,-0.417,-0.658,-0.745
1981-01,-0.26,-0.201,-0.36700000000000016,-0.483,-0.417,-0.658
1981-02,-0.5,-0.024,-0.23600000000000013,-0.201,-0.483,-0.417
1981-03,-0.47,0.026,-0.06633333333333348,-0.024,-0.201,-0.483
1981-04,-0.37,0.093,0.03166666666666652,0.026,-0.024,-0.201
1981-05,-0.26,-0.018,0.03366666666666652,0.093,0.026,-0.024
1981-06,-0.29,-0.239,-0.05466666666666681,-0.018,0.093,0.026
1981-07,-0.3,-0.56,-0.2723333333333335,-0.239,-0.018,0.093
1981-08,-0.25,-0.628,-0.47566666666666685,-0.56,-0.239,-0.018
1981-09,-0.16,-0.757,-0.6483333333333335,-0.628,-0.56,-0.239
1981-10,-0.13,-0.606,-0.6636666666666668,-0.757,-0.628,-0.56
1981-11,-0.15,-0.327,-0.5633333333333335,-0.606,-0.757,-0.628
1981-12,-0.08,-0.019,-0.31733333333333347,-0.327,-0.606,-0.757
1982-01,-0.05,0.144,-0.06733333333333348,-0.019,-0.327,-0.606
1982-02,0.07,0.167,0.0973333333333332,0.144,-0.019,-0.327
1982-03,0.19,0.054,0.12166666666666653,0.167,0.144,-0.019
1982-04,0.47,0.119,0.11333333333333317,0.054,0.167,0.144
1982-05,0.66,0.223,0.13199999999999987,0.119,0.054,0.167
1982-06,0.72,0.255,0.19899999999999984,0.223,0.119,0.054
1982-07,0.79,0.265,0.24766666666666656,0.255,0.223,0.119
1982-08,1.07,0.256,0.25866666666666654,0.265,0.255,0.223
1982-09,1.58,0.442,0.3209999999999999,0.256,0.265,0.255
1982-10,1.97,0.624,0.44066666666666654,0.442,0.256,0.265
1982-11,2.18,0.284,0.4499999999999999,0.624,0.442,0.256
1982-12,2.23,-0.163,0.2483333333333332,0.284,0.624,0.442
1983-01,2.18,-0.482,-0.12033333333333347,-0.163,0.284,0.624
1983-02,1.92,-0.588,-0.4110000000000002,-0.482,-0.163,0.284
1983-03,1.54,-0.752,-0.6073333333333335,-0.588,-0.482,-0.163
1983-04,1.29,-0.556,-0.6320000000000001,-0.752,-0.588,-0.482
1983-05,1.06,-0.058,-0.4553333333333334,-0.556,-0.752,-0.588
1983-06,0.72,0.37,-0.0813333333333335,-0.058,-0.556,-0.752
1983-07,0.31,0.525,0.27899999999999986,0.37,-0.058,-0.556
1983-08,-0.08,0.345,0.4133333333333333,0.525,0.37,-0.058
1983-09,-0.46,-0.068,0.2673333333333332,0.345,0.525,0.37
1983-10,-0.81,-0.288,-0.003666666666666781,-0.068,0.345,0.525
1983-11,-1.0,-0.343,-0.2330000000000001,-0.288,-0.068,0.345
1983-12,-0.91,-0.101,-0.2440000000000001,-0.343,-0.288,-0.068
1984-01,-0.6,-0.223,-0.22233333333333347,-0.101,-0.343,-0.288
1984-02,-0.42,-0.149,-0.15766666666666676,-0.223,-0.101,-0.343
1984-03,-0.34,-0.122,-0.16466666666666677,-0.149,-0.223,-0.101
1984-04,-0.43,0.05,-0.07366666666666677,-0.122,-0.149,-0.223
1984-05,-0.51,-0.304,-0.12533333333333344,0.05,-0.122,-0.149
1984-06,-0.45,-0.356,-0.20333333333333345,-0.304,0.05,-0.122
1984-07,-0.3,-0.366,-0.3420000000000001,-0.356,-0.304,0.05
1984-08,-0.16,-0.497,-0.40633333333333344,-0.366,-0.356,-0.304
1984-09,-0.24,-0.608,-0.49033333333333334,-0.497,-0.366,-0.356
1984-10,-0.56,-0.654,-0.5863333333333334,-0.608,-0.497,-0.366
1984-11,-0.92,-0.418,-0.56,-0.654,-0.608,-0.497
1984-12,-1.14,-0.278,-0.45,-0.418,-0.654,-0.608
1985-01,-1.04,-0.467,-0.38766666666666677,-0.278,-0.418,-0.654
1985-02,-0.85,-0.627,-0.4573333333333334,-0.467,-0.278,-0.418
1985-03,-0.77,-0.541,-0.545,-0.627,-0.467,-0.278
1985-04,-0.78,-0.2,-0.4560000000000001,-0.541,-0.627,-0.467
1985-05,-0.78,-0.223,-0.3213333333333334,-0.2,-0.541,-0.627
1985-06,-0.63,-0.629,-0.35066666666666674,-0.223,-0.2,-0.541
1985-07,-0.49,-0.404,-0.41866666666666674,-0.629,-0.223,-0.2
1985-08,-0.46,-0.459,-0.4973333333333334,-0.404,-0.629,-0.223
1985-09,-0.4,-0.238,-0.36700000000000005,-0.459,-0.404,-0.629
1985-10,-0.35,-0.498,-0.39833333333333343,-0.238,-0.459,-0.404
1985-11,-0.27,0.074,-0.2206666666666667,-0.498,-0.238,-0.459
1985-12,-0.36,-0.417,-0.2803333333333334,0.074,-0.498,-0.238
1986-01,-0.49,-0.113,-0.15200000000000005,-0.417,0.074,-0.498
1986-02,-0.47,-0.135,-0.2216666666666667,-0.113,-0.417,0.074
1986-03,-0.31,-0.2,-0.1493333333333334,-0.135,-0.113,-0.417
1986-04,-0.2,-0.286,-0.20700000000000007,-0.2,-0.135,-0.113
1986-05,-0.12,-0.154,-0.2133333333333334,-0.286,-0.2,-0.135
1986-06,-0.04,-0.279,-0.23966666666666678,-0.154,-0.286,-0.2
1986-07,0.22,-0.546,-0.3263333333333334,-0.279,-0.154,-0.286
1986-08,0.44,-0.401,-0.4086666666666668,-0.546,-0.279,-0.154
1986-09,0.71,-0.142,-0.36300000000000004,-0.401,-0.546,-0.279
1986-10,0.94,-0.048,-0.19700000000000006,-0.142,-0.401,-0.546
1986-11,1.14,-0.243,-0.1443333333333334,-0.048,-0.142,-0.401
1986-12,1.22,-0.274,-0.18833333333333344,-0.243,-0.048,-0.142
1987-01,1.23,-0.081,-0.1993333333333334,-0.274,-0.243,-0.048
1987-02,1.19,0.041,-0.10466666666666674,-0.081,-0.274,-0.243
1987-03,1.06,-0.138,-0.05933333333333341,0.041,-0.081,-0.274
1987-04,0.95,-0.157,-0.08466666666666674,-0.138,0.041,-0.081
1987-05,0.97,0.165,-0.04333333333333341,-0.157,-0.138,0.041
1987-06,1.22,0.109,0.03899999999999992,0.165,-0.157,-0.138
1987-07,1.51,0.206,0.15999999999999992,0.109,0.165,-0.157
1987-08,1.7,0.297,0.20399999999999988,0.206,0.109,0.165
1987-09,1.65,0.392,0.2983333333333333,0.297,0.206,0.109
1987-10,1.48,0.254,0.3143333333333333,0.392,0.297,0.206
1987-11,1.25,-0.051,0.19833333333333325,0.254,0.392,0.297
1987-12,1.11,0.152,0.11833333333333325,-0.051,0.254,0.392
1988-01,0.81,0.353,0.15133333333333324,0.152,-0.051,0.254
1988-02,0.54,-0.154,0.11699999999999992,0.353,0.152,-0.051
1988-03,0.14,-0.313,-0.03800000000000008,-0.154,0.353,0.152
1988-04,-0.31,-0.128,-0.1983333333333334,-0.313,-0.154,0.353
1988-05,-0.88,-0.513,-0.31800000000000006,-0.128,-0.313,-0.154
1988-06,-1.3,-0.272,-0.3043333333333334,-0.513,-0.128,-0.313
1988-07,-1.3,-0.15,-0.31166666666666676,-0.272,-0.513,-0.128
1988-08,-1.11,-0.289,-0.23700000000000007,-0.15,-0.272,-0.513
1988-09,-1.19,-0.394,-0.27766666666666673,-0.289,-0.15,-0.272
1988-10,-1.48,-0.525,-0.40266666666666673,-0.394,-0.289,-0.15
1988-11,-1.8,-0.184,-0.36766666666666675,-0.525,-0.394,-0.289
1988-12,-1.85,0.156,-0.18433333333333343,-0.184,-0.525,-0.394
1989-01,-1.69,-0.281,-0.10300000000000009,0.156,-0.184,-0.525
1989-02,-1.43,-0.045,-0.056666666666666754,-0.281,0.156,-0.184
1989-03,-1.08,-0.319,-0.21500000000000008,-0.045,-0.281,0.156
1989-04,-0.83,-0.48,-0.28133333333333344,-0.319,-0.045,-0.281
1989-05,-0.58,-0.594,-0.46433333333333343,-0.48,-0.319,-0.045
1989-06,-0.4,-0.78,-0.618,-0.594,-0.48,-0.319
1989-07,-0.31,-0.447,-0.6070000000000001,-0.78,-0.594,-0.48
1989-08,-0.27,-0.321,-0.5160000000000001,-0.447,-0.78,-0.594
1989-09,-0.24,-0.224,-0.3306666666666667,-0.321,-0.447,-0.78
1989-10,-0.22,-0.412,-0.31900000000000006,-0.224,-0.321,-0.447
1989-11,-0.16,-0.338,-0.3246666666666667,-0.412,-0.224,-0.321
1989-12,-0.05,-0.167,-0.30566666666666675,-0.338,-0.412,-0.224
1990-01,0.14,-0.099,-0.20133333333333345,-0.167,-0.338,-0.412
1990-02,0.21,-0.289,-0.18500000000000005,-0.099,-0.167,-0.338
1990-03,0.28,-0.143,-0.17700000000000005,-0.289,-0.099,-0.167
1990-04,0.29,-0.385,-0.27233333333333337,-0.143,-0.289,-0.099
1990-05,0.29,-0.349,-0.2923333333333334,-0.385,-0.143,-0.289
1990-06,0.31,-0.568,-0.434,-0.349,-0.385,-0.143
1990-07,0.33,-0.246,-0.38766666666666677,-0.568,-0.349,-0.385
1990-08,0.38,-0.391,-0.40166666666666667,-0.246,-0.568,-0.349
1990-09,0.39,-0.183,-0.27333333333333343,-0.391,-0.246,-0.568
1990-10,0.35,-0.345,-0.3063333333333334,-0.183,-0.391,-0.246
1990-11,0.4,-0.095,-0.20766666666666675,-0.345,-0.183,-0.391
1990-12,0.41,0.003,-0.14566666666666675,-0.095,-0.345,-0.183
1991-01,0.41,0.065,-0.009000000000000072,0.003,-0.095,-0.345
1991-02,0.26,-0.097,-0.00966666666666674,0.065,0.003,-0.095
1991-03,0.22,-0.037,-0.023000000000000076,-0.097,0.065,0.003
1991-04,0.26,0.288,0.05133333333333325,-0.037,-0.097,0.065
1991-05,0.45,0.379,0.20999999999999994,0.288,-0.037,-0.097
1991-06,0.64,0.263,0.3099999999999999,0.379,0.288,-0.037
1991-07,0.73,0.269,0.3036666666666666,0.263,0.379,0.288
1991-08,0.64,0.058,0.19666666666666663,0.269,0.263,0.379
1991-09,0.62,0.099,0.14199999999999993,0.058,0.269,0.263
1991-10,0.79,-0.031,0.041999999999999926,0.099,0.058,0.269
1991-11,1.21,0.04,0.03599999999999993,-0.031,0.099,0.058
1991-12,1.53,0.084,0.030999999999999927,0.04,-0.031,0.099
1992-01,1.71,-0.321,-0.06566666666666675,0.084,0.04,-0.031
1992-02,1.63,-0.388,-0.2083333333333334,-0.321,0.084,0.04
1992-03,1.48,-0.671,-0.46000000000000013,-0.388,-0.321,0.084
1992-04,1.29,-0.553,-0.5373333333333334,-0.671,-0.388,-0.321
1992-05,1.06,-0.549,-0.5910000000000001,-0.553,-0.671,-0.388
1992-06,0.73,-0.861,-0.6543333333333335,-0.549,-0.553,-0.671
1992-07,0.37,-0.479,-0.6296666666666667,-0.861,-0.549,-0.553
1992-08,0.09,-0.768,-0.7026666666666669,-0.479,-0.861,-0.549
1992-09,-0.13,-0.833,-0.6933333333333334,-0.768,-0.479,-0.861
1992-10,-0.25,-0.627,-0.7426666666666667,-0.833,-0.768,-0.479
1992-11,-0.28,-0.4,-0.6200000000000001,-0.627,-0.833,-0.768
1992-12,-0.13,-0.316,-0.4476666666666667,-0.4,-0.627,-0.833
1993-01,0.09,-0.196,-0.3040000000000001,-0.316,-0.4,-0.627
1993-02,0.3,0.035,-0.15900000000000006,-0.196,-0.316,-0.4
1993-03,0.5,-0.295,-0.15200000000000008,0.035,-0.196,-0.316
1993-04,0.67,-0.181,-0.14700000000000008,-0.295,0.035,-0.196
1993-05,0.7,-0.027,-0.16766666666666674,-0.181,-0.295,0.035
1993-06,0.57,-0.108,-0.10533333333333343,-0.027,-0.181,-0.295
1993-07,0.32,-0.152,-0.09566666666666675,-0.108,-0.027,-0.181
1993-08,0.25,-0.306,-0.18866666666666676,-0.152,-0.108,-0.027
1993-09,0.15,-0.17,-0.2093333333333334,-0.306,-0.152,-0.108
1993-10,0.1,-0.156,-0.21066666666666678,-0.17,-0.306,-0.152
1993-11,0.04,-0.149,-0.15833333333333344,-0.156,-0.17,-0.306
1993-12,0.06,-0.206,-0.17033333333333342,-0.149,-0.156,-0.17
1994-01,0.06,0.025,-0.11000000000000008,-0.206,-0.149,-0.156
1994-02,0.07,-0.146,-0.1090000000000001,0.025,-0.206,-0.149
1994-03,0.17,0.202,0.026999999999999913,-0.146,0.025,-0.206
1994-04,0.31,0.351,0.13566666666666657,0.202,-0.146,0.025
1994-05,0.42,0.544,0.3656666666666666,0.351,0.202,-0.146
1994-06,0.41,0.433,0.44266666666666654,0.544,0.351,0.202
1994-07,0.44,0.557,0.5113333333333333,0.433,0.544,0.351
1994-08,0.43,0.811,0.6003333333333333,0.557,0.433,0.544
1994-09,0.55,0.529,0.6323333333333333,0.811,0.557,0.433
1994-10,0.74,0.707,0.6823333333333332,0.529,0.811,0.557
1994-11,1.01,0.287,0.5076666666666666,0.707,0.529,0.811
1994-12,1.09,0.263,0.4189999999999999,0.287,0.707,0.529
1995-01,0.96,0.139,0.2296666666666666,0.263,0.287,0.707
1995-02,0.72,0.164,0.18866666666666662,0.139,0.263,0.287
1995-03,0.53,-0.05,0.08433333333333326,0.164,0.139,0.263
1995-04,0.3,-0.221,-0.035666666666666735,-0.05,0.164,0.139
1995-05,0.14,-0.251,-0.17400000000000007,-0.221,-0.05,0.164
1995-06,-0.03,-0.078,-0.18333333333333338,-0.251,-0.221,-0.05
1995-07,-0.24,-0.169,-0.16600000000000006,-0.078,-0.251,-0.221
1995-08,-0.54,-0.144,-0.1303333333333334,-0.169,-0.078,-0.251
1995-09,-0.81,-0.18,-0.16433333333333341,-0.144,-0.169,-0.078
1995-10,-0.97,-0.367,-0.23033333333333342,-0.18,-0.144,-0.169
1995-11,-1.0,-0.295,-0.28066666666666673,-0.367,-0.18,-0.144
1995-12,-0.98,0.09,-0.19066666666666676,-0.295,-0.367,-0.18
1996-01,-0.9,-0.021,-0.07533333333333342,0.09,-0.295,-0.367
1996-02,-0.75,-0.033,0.011999999999999905,-0.021,0.09,-0.295
1996-03,-0.59,-0.085,-0.04633333333333343,-0.033,-0.021,0.09
1996-04,-0.39,-0.369,-0.1623333333333334,-0.085,-0.033,-0.021
1996-05,-0.31,-0.266,-0.2400000000000001,-0.369,-0.085,-0.033
1996-06,-0.3,-0.395,-0.34333333333333343,-0.266,-0.369,-0.085
1996-07,-0.27,-0.644,-0.43500000000000005,-0.395,-0.266,-0.369
1996-08,-0.32,-0.681,-0.5733333333333334,-0.644,-0.395,-0.266
1996-09,-0.35,-0.712,-0.6790000000000002,-0.681,-0.644,-0.395
1996-10,-0.4,-1.109,-0.8340000000000002,-0.712,-0.681,-0.644
1996-11,-0.45,-0.797,-0.8726666666666668,-1.109,-0.712,-0.681
1996-12,-0.49,-0.413,-0.7730000000000001,-0.797,-1.109,-0.712
1997-01,-0.5,-0.11,-0.44000000000000017,-0.413,-0.797,-1.109
1997-02,-0.36,0.079,-0.14800000000000013,-0.11,-0.413,-0.797
1997-03,-0.1,0.043,0.003999999999999851,0.079,-0.11,-0.413
1997-04,0.28,0.054,0.05866666666666651,0.043,0.079,-0.11
1997-05,0.75,0.026,0.04099999999999985,0.054,0.043,0.079
1997-06,1.22,0.081,0.05366666666666652,0.026,0.054,0.043
1997-07,1.6,0.447,0.18466666666666653,0.081,0.026,0.054
1997-08,1.9,0.633,0.38699999999999984,0.447,0.081,0.026
1997-09,2.14,0.771,0.6169999999999999,0.633,0.447,0.081
1997-10,2.33,0.874,0.7593333333333332,0.771,0.633,0.447
1997-11,2.4,1.279,0.9746666666666665,0.874,0.771,0.633
1997-12,2.39,0.863,1.0053333333333332,1.279,0.874,0.771
1998-01,2.24,0.525,0.8889999999999998,0.863,1.279,0.874
1998-02,1.93,0.422,0.6033333333333332,0.525,0.863,1.279
1998-03,1.44,-0.055,0.29733333333333317,0.422,0.525,0.863
1998-04,0.99,0.047,0.13799999999999985,-0.055,0.422,0.525
1998-05,0.45,0.14,0.04399999999999985,0.047,-0.055,0.422
1998-06,-0.13,0.147,0.11133333333333317,0.14,0.047,-0.055
1998-07,-0.78,-0.385,-0.03266666666666682,0.147,0.14,0.047
1998-08,-1.12,-0.58,-0.27266666666666683,-0.385,0.147,0.14
1998-09,-1.31,-0.496,-0.4870000000000001,-0.58,-0.385,0.147
1998-10,-1.35,-0.743,-0.6063333333333335,-0.496,-0.58,-0.385
1998-11,-1.48,-0.653,-0.6306666666666668,-0.743,-0.496,-0.58
1998-12,-1.57,-0.336,-0.5773333333333335,-0.653,-0.743,-0.496
1999-01,-1.55,-0.13,-0.37300000000000016,-0.336,-0.653,-0.743
1999-02,-1.3,-0.038,-0.16800000000000015,-0.13,-0.336,-0.653
1999-03,-1.07,0.102,-0.022000000000000148,-0.038,-0.13,-0.336
1999-04,-0.98,-0.001,0.020999999999999852,0.102,-0.038,-0.13
1999-05,-1.02,-0.186,-0.028333333333333478,-0.001,0.102,-0.038
1999-06,-1.04,-0.146,-0.11100000000000014,-0.186,-0.001,0.102
1999-07,-1.1,0.111,-0.07366666666666681,-0.146,-0.186,-0.001
1999-08,-1.11,0.023,-0.004000000000000145,0.111,-0.146,-0.186
1999-09,-1.16,-0.049,0.028333333333333186,0.023,0.111,-0.146
1999-10,-1.26,-0.189,-0.07166666666666681,-0.049,0.023,0.111
1999-11,-1.46,-0.116,-0.11800000000000015,-0.189,-0.049,0.023
1999-12,-1.65,-0.148,-0.15100000000000016,-0.116,-0.189,-0.049
2000-01,-1.66,-0.125,-0.12966666666666682,-0.148,-0.116,-0.189
2000-02,-1.41,-0.009,-0.09400000000000015,-0.125,-0.148,-0.116
2000-03,-1.07,0.141,0.0023333333333331783,-0.009,-0.125,-0.148
2000-04,-0.81,0.141,0.09099999999999984,0.141,-0.009,-0.125
2000-05,-0.71,0.113,0.13166666666666652,0.141,0.141,-0.009
2000-06,-0.64,-0.022,0.07733333333333318,0.113,0.141,0.141
2000-07,-0.55,0.077,0.055999999999999855,-0.022,0.113,0.141
2000-08,-0.51,0.131,0.061999999999999854,0.077,-0.022,0.113
2000-09,-0.55,-0.096,0.037333333333333184,0.131,0.077,-0.022
2000-10,-0.63,-0.142,-0.03566666666666681,-0.096,0.131,0.077
2000-11,-0.75,-0.306,-0.18133333333333349,-0.142,-0.096,0.131
2000-12,-0.74,-0.248,-0.23200000000000012,-0.306,-0.142,-0.096
2001-01,-0.68,-0.431,-0.3283333333333335,-0.248,-0.306,-0.142
2001-02,-0.52,-0.016,-0.23166666666666683,-0.431,-0.248,-0.306
2001-03,-0.44,-0.01,-0.1523333333333335,-0.016,-0.431,-0.248
2001-04,-0.34,0.136,0.03666666666666652,-0.01,-0.016,-0.431
2001-05,-0.25,0.137,0.08766666666666652,0.136,-0.01,-0.016
2001-06,-0.12,0.127,0.1333333333333332,0.137,0.136,-0.01
2001-07,-0.08,-0.14,0.04133333333333319,0.127,0.137,0.136
2001-08,-0.13,-0.301,-0.10466666666666681,-0.14,0.127,0.137
2001-09,-0.19,-0.223,-0.2213333333333335,-0.301,-0.14,0.127
2001-10,-0.29,-0.451,-0.3250000000000001,-0.223,-0.301,-0.14
2001-11,-0.35,-0.245,-0.30633333333333346,-0.451,-0.223,-0.301
2001-12,-0.31,-0.051,-0.24900000000000014,-0.245,-0.451,-0.223
2002-01,-0.15,-0.142,-0.14600000000000013,-0.051,-0.245,-0.451
2002-02,0.03,-0.098,-0.09700000000000014,-0.142,-0.051,-0.245
2002-03,0.09,0.008,-0.07733333333333348,-0.098,-0.142,-0.051
2002-04,0.2,-0.352,-0.14733333333333345,0.008,-0.098,-0.142
2002-05,0.43,-0.329,-0.2243333333333335,-0.352,0.008,-0.098
2002-06,0.65,-0.189,-0.29000000000000015,-0.329,-0.352,0.008
2002-07,0.79,-0.261,-0.2596666666666668,-0.189,-0.329,-0.352
2002-08,0.86,-0.208,-0.21933333333333346,-0.261,-0.189,-0.329
2002-09,1.01,0.286,-0.061000000000000144,-0.208,-0.261,-0.189
2002-10,1.21,0.405,0.16099999999999987,0.286,-0.208,-0.261
2002-11,1.31,0.096,0.2623333333333332,0.405,0.286,-0.208
2002-12,1.14,-0.158,0.11433333333333319,0.096,0.405,0.286
2003-01,0.92,-0.239,-0.10033333333333348,-0.158,0.096,0.405
2003-02,0.63,0.017,-0.12666666666666682,-0.239,-0.158,0.096
2003-03,0.38,-0.039,-0.08700000000000015,0.017,-0.239,-0.158
2003-04,-0.04,-0.099,-0.04033333333333348,-0.039,0.017,-0.239
2003-05,-0.26,-0.164,-0.10066666666666683,-0.099,-0.039,0.017
2003-06,-0.16,0.139,-0.04133333333333347,-0.164,-0.099,-0.039
2003-07,0.08,0.131,0.03533333333333319,0.139,-0.164,-0.099
2003-08,0.21,0.108,0.12599999999999986,0.131,0.139,-0.164
2003-09,0.26,-0.06,0.059666666666666514,0.108,0.131,0.139
2003-10,0.29,-0.243,-0.06500000000000015,-0.06,0.108,0.131
2003-11,0.35,-0.159,-0.15400000000000014,-0.243,-0.06,0.108
2003-12,0.35,0.189,-0.07100000000000015,-0.159,-0.243,-0.06
2004-01,0.37,0.044,0.024666666666666517,0.189,-0.159,-0.243
2004-02,0.31,0.114,0.11566666666666651,0.044,0.189,-0.159
2004-03,0.23,0.077,0.07833333333333319,0.114,0.044,0.189
2004-04,0.17,-0.079,0.037333333333333184,0.077,0.114,0.044
2004-05,0.17,-0.565,-0.18900000000000014,-0.079,0.077,0.114
2004-06,0.28,-0.384,-0.34266666666666684,-0.565,-0.079,0.077
2004-07,0.47,-0.301,-0.4166666666666668,-0.384,-0.565,-0.079
2004-08,0.64,-0.133,-0.27266666666666683,-0.301,-0.384,-0.565
2004-09,0.7,-0.106,-0.18000000000000016,-0.133,-0.301,-0.384
2004-10,0.67,-0.004,-0.08100000000000014,-0.106,-0.133,-0.301
2004-11,0.66,-0.153,-0.08766666666666682,-0.004,-0.106,-0.133
2004-12,0.69,-0.132,-0.09633333333333349,-0.153,-0.004,-0.106
2005-01,0.64,-0.124,-0.1363333333333335,-0.132,-0.153,-0.004
2005-02,0.58,-0.56,-0.2720000000000002,-0.124,-0.132,-0.153
2005-03,0.45,-0.433,-0.37233333333333346,-0.56,-0.124,-0.132
2005-04,0.43,0.084,-0.30300000000000016,-0.433,-0.56,-0.124
2005-05,0.29,-0.033,-0.1273333333333335,0.084,-0.433,-0.56
2005-06,0.11,-0.176,-0.04166666666666682,-0.033,0.084,-0.433
2005-07,-0.06,-0.384,-0.1976666666666668,-0.176,-0.033,0.084
2005-08,-0.14,-0.345,-0.3016666666666668,-0.384,-0.176,-0.033
2005-09,-0.11,-0.534,-0.4210000000000002,-0.345,-0.384,-0.176
2005-10,-0.29,-0.436,-0.43833333333333346,-0.534,-0.345,-0.384
2005-11,-0.57,-0.272,-0.41400000000000015,-0.436,-0.534,-0.345
2005-12,-0.84,-0.3,-0.33600000000000013,-0.272,-0.436,-0.534
2006-01,-0.85,-0.135,-0.23566666666666683,-0.3,-0.272,-0.436
2006-02,-0.77,-0.306,-0.24700000000000014,-0.135,-0.3,-0.272
2006-03,-0.57,-0.226,-0.2223333333333335,-0.306,-0.135,-0.3
2006-04,-0.37,-0.015,-0.18233333333333349,-0.226,-0.306,-0.135
2006-05,-0.14,-0.208,-0.1496666666666668,-0.015,-0.226,-0.306
2006-06,-0.03,-0.059,-0.09400000000000015,-0.208,-0.015,-0.226
2006-07,0.1,0.04,-0.07566666666666681,-0.059,-0.208,-0.015
2006-08,0.3,0.229,0.06999999999999985,0.04,-0.059,-0.208
2006-09,0.54,0.428,0.2323333333333332,0.229,0.04,-0.059
2006-10,0.77,0.577,0.41133333333333316,0.428,0.229,0.04
2006-11,0.94,0.501,0.5019999999999998,0.577,0.428,0.229
2006-12,0.94,0.172,0.4166666666666665,0.501,0.577,0.428
2007-01,0.66,0.225,0.2993333333333332,0.172,0.501,0.577
2007-02,0.22,0.15,0.18233333333333315,0.225,0.172,0.501
2007-03,-0.12,0.115,0.1633333333333332,0.15,0.225,0.172
2007-04,-0.32,0.1,0.12166666666666653,0.115,0.15,0.225
2007-05,-0.38,0.27,0.16166666666666654,0.1,0.115,0.15
2007-06,-0.47,0.031,0.13366666666666652,0.27,0.1,0.115
2007-07,-0.56,0.045,0.11533333333333319,0.031,0.27,0.1
2007-08,-0.81,0.237,0.10433333333333318,0.045,0.031,0.27
2007-09,-1.07,0.235,0.1723333333333332,0.237,0.045,0.031
2007-10,-1.34,0.068,0.17999999999999985,0.235,0.237,0.045
2007-11,-1.5,-0.023,0.09333333333333317,0.068,0.235,0.237
2007-12,-1.6,-0.227,-0.06066666666666681,-0.023,0.068,0.235
2008-01,-1.64,0.115,-0.04500000000000015,-0.227,-0.023,0.068
2008-02,-1.52,-0.072,-0.06133333333333348,0.115,-0.227,-0.023
2008-03,-1.29,0.097,0.04666666666666652,-0.072,0.115,-0.227
2008-04,-1.01,-0.153,-0.04266666666666682,0.097,-0.072,0.115
2008-05,-0.84,0.179,0.040999999999999856,-0.153,0.097,-0.072
2008-06,-0.61,0.215,0.08033333333333319,0.179,-0.153,0.097
2008-07,-0.37,0.246,0.21333333333333318,0.215,0.179,-0.153
2008-08,-0.23,0.124,0.19499999999999984,0.246,0.215,0.179
2008-09,-0.24,0.086,0.15199999999999986,0.124,0.246,0.215
2008-10,-0.35,0.029,0.07966666666666652,0.086,0.124,0.246
2008-11,-0.55,-0.128,-0.004333333333333476,0.029,0.086,0.124
2008-12,-0.73,-0.053,-0.050666666666666804,-0.128,0.029,0.086
2009-01,-0.85,0.031,-0.050000000000000135,-0.053,-0.128,0.029
2009-02,-0.79,0.163,0.04699999999999987,0.031,-0.053,-0.128
2009-03,-0.61,0.1,0.09799999999999986,0.163,0.031,-0.053
2009-04,-0.33,0.126,0.12966666666666654,0.1,0.163,0.031
2009-05,0.01,0.257,0.16099999999999987,0.126,0.1,0.163
2009-06,0.28,0.1,0.16099999999999984,0.257,0.126,0.1
2009-07,0.45,-0.192,0.054999999999999855,0.1,0.257,0.126
2009-08,0.58,-0.104,-0.06533333333333348,-0.192,0.1,0.257
2009-09,0.71,-0.103,-0.13300000000000015,-0.104,-0.192,0.1
2009-10,1.01,-0.013,-0.07333333333333349,-0.103,-0.104,-0.192
2009-11,1.36,-0.067,-0.061000000000000144,-0.013,-0.103,-0.104
2009-12,1.56,0.16,0.02666666666666652,-0.067,-0.013,-0.103
2010-01,1.5,0.294,0.12899999999999986,0.16,-0.067,-0.013
2010-02,1.22,0.023,0.15899999999999984,0.294,0.16,-0.067
2010-03,0.84,0.458,0.25833333333333314,0.023,0.294,0.16
2010-04,0.35,0.37,0.2836666666666665,0.458,0.023,0.294
2010-05,-0.17,-0.029,0.2663333333333332,0.37,0.458,0.023
2010-06,-0.66,-0.14,0.06699999999999985,-0.029,0.37,0.458
2010-07,-1.05,-0.001,-0.056666666666666816,-0.14,-0.029,0.37
2010-08,-1.35,-0.061,-0.06733333333333348,-0.001,-0.14,-0.029
2010-09,-1.56,-0.267,-0.10966666666666681,-0.061,-0.001,-0.14
2010-10,-1.64,-0.437,-0.25500000000000017,-0.267,-0.061,-0.001
2010-11,-1.64,-0.495,-0.3996666666666668,-0.437,-0.267,-0.061
2010-12,-1.54,-0.212,-0.3813333333333335,-0.495,-0.437,-0.267
2011-01,-1.31,0.191,-0.17200000000000015,-0.212,-0.495,-0.437
2011-02,-1.04,0.241,0.07333333333333318,0.191,-0.212,-0.495
2011-03,-0.8,0.367,0.26633333333333314,0.241,0.191,-0.212
2011-04,-0.62,0.154,0.25399999999999984,0.367,0.241,0.191
2011-05,-0.46,-0.089,0.14399999999999982,0.154,0.367,0.241
2011-06,-0.37,0.055,0.03999999999999985,-0.089,0.154,0.367
2011-07,-0.43,0.223,0.06299999999999985,0.055,-0.089,0.154
2011-08,-0.58,0.344,0.20733333333333318,0.223,0.055,-0.089
2011-09,-0.79,0.202,0.25633333333333314,0.344,0.223,0.055
2011-10,-0.96,0.356,0.30066666666666647,0.202,0.344,0.223
2011-11,-1.02,0.336,0.2979999999999999,0.356,0.202,0.344
2011-12,-0.92,-0.128,0.18799999999999983,0.336,0.356,0.202
2012-01,-0.72,0.046,0.08466666666666652,-0.128,0.336,0.356
2012-02,-0.57,-0.078,-0.05333333333333348,0.046,-0.128,0.336
2012-03,-0.46,0.026,-0.002000000000000149,-0.078,0.046,-0.128
2012-04,-0.36,-0.271,-0.10766666666666681,0.026,-0.078,0.046
2012-05,-0.17,-0.37,-0.20500000000000015,-0.271,0.026,-0.078
2012-06,0.06,0.0,-0.2136666666666668,-0.37,-0.271,0.026
2012-07,0.3,0.546,0.058666666666666534,0.0,-0.37,-0.271
2012-08,0.41,0.652,0.39933333333333315,0.546,0.0,-0.37
2012-09,0.41,0.453,0.5503333333333332,0.652,0.546,0.0
2012-10,0.31,0.11,0.40499999999999986,0.453,0.652,0.546
2012-11,0.13,-0.099,0.15466666666666654,0.11,0.453,0.652
2012-12,-0.1,0.267,0.09266666666666652,-0.099,0.11,0.453
2013-01,-0.29,-0.065,0.034333333333333195,0.267,-0.099,0.11
2013-02,-0.29,0.189,0.1303333333333332,-0.065,0.267,-0.099
2013-03,-0.21,0.083,0.06899999999999985,0.189,-0.065,0.267
2013-04,-0.19,-0.297,-0.00833333333333347,0.083,0.189,-0.065
2013-05,-0.27,-0.506,-0.24000000000000013,-0.297,0.083,0.189
2013-06,-0.34,-0.497,-0.4333333333333334,-0.506,-0.297,0.083
2013-07,-0.35,-0.181,-0.3946666666666668,-0.497,-0.506,-0.297
2013-08,-0.28,-0.194,-0.2906666666666668,-0.181,-0.497,-0.506
2013-09,-0.21,-0.31,-0.2283333333333335,-0.194,-0.181,-0.497
2013-10,-0.13,-0.168,-0.22400000000000012,-0.31,-0.194,-0.181
2013-11,-0.1,0.199,-0.09300000000000015,-0.168,-0.31,-0.194
2013-12,-0.15,0.141,0.05733333333333318,0.199,-0.168,-0.31
2014-01,-0.28,-0.101,0.07966666666666651,0.141,0.199,-0.168
2014-02,-0.32,-0.089,-0.016333333333333488,-0.101,0.141,0.199
2014-03,-0.14,-0.151,-0.1136666666666668,-0.089,-0.101,0.141
2014-04,0.15,-0.058,-0.09933333333333348,-0.151,-0.089,-0.101
2014-05,0.31,-0.092,-0.10033333333333348,-0.058,-0.151,-0.089
2014-06,0.23,-0.028,-0.05933333333333348,-0.092,-0.058,-0.151
2014-07,0.1,-0.363,-0.16100000000000014,-0.028,-0.092,-0.058
2014-08,0.11,-0.372,-0.25433333333333347,-0.363,-0.028,-0.092
2014-09,0.28,-0.145,-0.2933333333333335,-0.372,-0.363,-0.028
2014-10,0.54,0.141,-0.1253333333333335,-0.145,-0.372,-0.363
2014-11,0.71,0.009,0.0016666666666665172,0.141,-0.145,-0.372
2014-12,0.77,0.046,0.06533333333333319,0.009,0.141,-0.145
2015-01,0.69,-0.1,-0.015000000000000147,0.046,0.009,0.141
2015-02,0.61,-0.345,-0.13300000000000015,-0.1,0.046,0.009
2015-03,0.65,-0.241,-0.2286666666666668,-0.345,-0.1,0.046
2015-04,0.81,-0.008,-0.19800000000000015,-0.241,-0.345,-0.1
2015-05,1.02,0.24,-0.0030000000000001505,-0.008,-0.241,-0.345
2015-06,1.25,0.296,0.17599999999999985,0.24,-0.008,-0.241
2015-07,1.57,0.225,0.25366666666666654,0.296,0.24,-0.008
2015-08,1.91,0.568,0.3629999999999998,0.225,0.296,0.24
2015-09,2.21,0.294,0.3623333333333332,0.568,0.225,0.296
2015-10,2.47,0.482,0.4479999999999998,0.294,0.568,0.225
2015-11,2.64,0.347,0.3743333333333332,0.482,0.294,0.568
2015-12,2.75,0.272,0.3669999999999998,0.347,0.482,0.294
2016-01,2.63,0.265,0.29466666666666647,0.272,0.347,0.482
2016-02,2.28,-0.11,0.14233333333333317,0.265,0.272,0.347
2016-03,1.71,-0.008,0.048999999999999856,-0.11,0.265,0.272
2016-04,1.05,0.146,0.009333333333333185,-0.008,-0.11,0.265
2016-05,0.49,-0.113,0.008333333333333188,0.146,-0.008,-0.11
2016-06,0.0,-0.443,-0.13666666666666683,-0.113,0.146,-0.008
2016-07,-0.31,-0.757,-0.43766666666666687,-0.443,-0.113,0.146
2016-08,-0.5,-0.443,-0.5476666666666669,-0.757,-0.443,-0.113
2016-09,-0.58,-0.437,-0.5456666666666669,-0.443,-0.757,-0.443
2016-10,-0.64,-0.371,-0.4170000000000001,-0.437,-0.443,-0.757
2016-11,-0.6,-0.382,-0.3966666666666668,-0.371,-0.437,-0.443
2016-12,-0.45,-0.31,-0.35433333333333344,-0.382,-0.371,-0.437
2017-01,-0.19,-0.086,-0.25933333333333347,-0.31,-0.382,-0.371
2017-02,-0.02,0.101,-0.09833333333333348,-0.086,-0.31,-0.382
2017-03,0.18,0.357,0.12399999999999985,0.101,-0.086,-0.31
2017-04,0.31,0.498,0.3186666666666665,0.357,0.101,-0.086
2017-05,0.4,0.536,0.4636666666666665,0.498,0.357,0.101
2017-06,0.39,0.424,0.4859999999999998,0.536,0.498,0.357
2017-07,0.19,0.52,0.4933333333333332,0.424,0.536,0.498
2017-08,-0.07,0.349,0.4309999999999998,0.52,0.424,0.536
2017-09,-0.34,0.035,0.3013333333333332,0.349,0.52,0.424
2017-10,-0.6,0.015,0.13299999999999984,0.035,0.349,0.52
2017-11,-0.77,0.289,0.11299999999999984,0.015,0.035,0.349
2017-12,-0.86,0.11,0.13799999999999982,0.289,0.015,0.035
2018-01,-0.77,-0.2,0.06633333333333317,0.11,0.289,0.015
2018-02,-0.71,0.216,0.04199999999999984,-0.2,0.11,0.289
2018-03,-0.57,-0.12,-0.034666666666666825,0.216,-0.2,0.11
2018-04,-0.39,-0.083,0.00433333333333318,-0.12,0.216,-0.2
2018-05,-0.13,0.122,-0.027000000000000152,-0.083,-0.12,0.216
2018-06,0.06,0.155,0.06466666666666651,0.122,-0.083,-0.12
2018-07,0.14,0.053,0.10999999999999983,0.155,0.122,-0.083
2018-08,0.27,0.121,0.10966666666666651,0.053,0.155,0.122
2018-09,0.53,0.604,0.2593333333333332,0.121,0.053,0.155
2018-10,0.81,0.684,0.46966666666666645,0.604,0.121,0.053
2018-11,0.97,0.5,0.5959999999999998,0.684,0.604,0.121
2018-12,0.92,0.309,0.49766666666666654,0.5,0.684,0.604
2019-01,0.89,0.387,0.3986666666666665,0.309,0.5,0.684
2019-02,0.86,0.416,0.37066666666666653,0.387,0.309,0.5
2019-03,0.84,0.225,0.3426666666666665,0.416,0.387,0.309
2019-04,0.77,0.258,0.2996666666666665,0.225,0.416,0.387
2019-05,0.64,0.54,0.3409999999999999,0.258,0.225,0.416
2019-06,0.52,0.605,0.4676666666666665,0.54,0.258,0.225
2019-07,0.33,0.597,0.5806666666666666,0.605,0.54,0.258
2019-08,0.19,0.436,0.5459999999999998,0.597,0.605,0.54
2019-09,0.23,0.892,0.6416666666666665,0.436,0.597,0.605
2019-10,0.39,0.964,0.7639999999999999,0.892,0.436,0.597
2019-11,0.58,0.835,0.8969999999999999,0.964,0.892,0.436
2019-12,0.66,0.243,0.6806666666666664,0.835,0.964,0.892
2020-01,0.64,0.173,0.4169999999999998,0.243,0.835,0.964
2020-02,0.63,0.054,0.1566666666666665,0.173,0.243,0.835
2020-03,0.53,0.019,0.08199999999999985,0.054,0.173,0.243
2020-04,0.3,-0.011,0.020666666666666517,0.019,0.054,0.173
2020-05,0.01,0.298,0.10199999999999985,-0.011,0.019,0.054
2020-06,-0.23,0.455,0.24733333333333318,0.298,-0.011,0.019
2020-07,-0.36,0.319,0.3573333333333332,0.455,0.298,-0.011
2020-08,-0.53,-0.183,0.19699999999999984,0.319,0.455,0.298
2020-09,-0.85,-0.189,-0.017666666666666813,-0.183,0.319,0.455
2020-10,-1.12,0.074,-0.09933333333333348,-0.189,-0.183,0.319
2020-11,-1.2,0.02,-0.031666666666666815,0.074,-0.189,-0.183
2020-12,-1.08,0.031,0.04166666666666652,0.02,0.074,-0.189
2021-01,-0.91,0.051,0.03399999999999985,0.031,0.02,0.074
2021-02,-0.79,0.243,0.10833333333333317,0.051,0.031,0.02
2021-03,-0.71,0.267,0.18699999999999983,0.243,0.051,0.031
2021-04,-0.55,0.25,0.2533333333333332,0.267,0.243,0.051
2021-05,-0.39,0.009,0.17533333333333315,0.25,0.267,0.243
2021-06,-0.3,-0.002,0.0856666666666665,0.009,0.25,0.267
2021-07,-0.35,-0.229,-0.07400000000000016,-0.002,0.009,0.25
2021-08,-0.45,-0.099,-0.11000000000000017,-0.229,-0.002,0.009
2021-09,-0.63,-0.058,-0.12866666666666685,-0.099,-0.229,-0.002
2021-10,-0.76,-0.091,-0.08266666666666683,-0.058,-0.099,-0.229
2021-11,-0.91,0.069,-0.026666666666666828,-0.091,-0.058,-0.099
2021-12,-0.87,-0.12,-0.0473333333333335,0.069,-0.091,-0.058
2022-01,-0.82,-0.056,-0.035666666666666826,-0.12,0.069,-0.091
2022-02,-0.79,-0.082,-0.08600000000000017,-0.056,-0.12,0.069
2022-03,-0.86,-0.093,-0.07700000000000017,-0.082,-0.056,-0.12
2022-04,-0.95,-0.068,-0.08100000000000017,-0.093,-0.082,-0.056
2022-05,-0.9,-0.122,-0.09433333333333349,-0.068,-0.093,-0.082
2022-06,-0.78,-0.335,-0.17500000000000018,-0.122,-0.068,-0.093
2022-07,-0.76,-0.195,-0.21733333333333352,-0.335,-0.122,-0.068
2022-08,-0.87,-0.246,-0.2586666666666669,-0.195,-0.335,-0.122
2022-09,-0.97,-0.322,-0.2543333333333335,-0.246,-0.195,-0.335
2022-10,-0.94,-0.691,-0.4196666666666668,-0.322,-0.246,-0.195
2022-11,-0.85,-0.269,-0.4273333333333335,-0.691,-0.322,-0.246
2022-12,-0.71,-0.091,-0.35033333333333355,-0.269,-0.691,-0.322
2023-01,-0.54,0.11,-0.08333333333333352,-0.091,-0.269,-0.691
2023-02,-0.29,0.157,0.05866666666666648,0.11,-0.091,-0.269
2023-03,-0.02,0.414,0.22699999999999979,0.157,0.11,-0.091
2023-04,0.27,0.56,0.3769999999999998,0.414,0.157,0.11
2023-05,0.57,0.443,0.4723333333333331,0.56,0.414,0.157
2023-06,0.84,0.665,0.5559999999999998,0.443,0.56,0.414
2023-07,1.12,0.498,0.5353333333333331,0.665,0.443,0.56
2023-08,1.37,0.826,0.6629999999999998,0.498,0.665,0.443
2023-09,1.6,0.946,0.7566666666666664,0.826,0.498,0.665
2023-10,1.83,0.804,0.8586666666666664,0.946,0.826,0.498
2023-11,1.99,0.92,0.8899999999999997,0.804,0.946,0.826
2023-12,2.06,0.852,0.8586666666666666,0.92,0.804,0.946
2024-01,1.92,0.765,0.8456666666666663,0.852,0.92,0.804
2024-02,1.62,0.327,0.6479999999999998,0.765,0.852,0.92
2024-03,1.26,0.421,0.5043333333333331,0.327,0.765,0.852
2024-04,0.82,0.44,0.39599999999999974,0.421,0.327,0.765
2024-05,0.49,0.298,0.38633333333333314,0.44,0.421,0.327
2024-06,0.22,0.197,0.3116666666666665,0.298,0.44,0.421
2024-07,0.08,0.033,0.1759999999999998,0.197,0.298,0.44
2024-08,-0.07,0.267,0.16566666666666646,0.033,0.197,0.298
2024-09,-0.17,0.115,0.13833333333333311,0.267,0.033,0.197
2024-10,-0.21,-0.196,0.06199999999999978,0.115,0.267,0.033
2024-11,-0.3,-0.382,-0.15433333333333357,-0.196,0.115,0.267
2024-12,-0.42,-0.331,-0.3030000000000002,-0.382,-0.196,0.115
2025-01,-0.45,-0.196,-0.3030000000000002,-0.331,-0.382,-0.196
2025-02,-0.24,0.017,-0.17000000000000023,-0.196,-0.331,-0.382
2025-03,-0.06,0.058,-0.040333333333333554,0.017,-0.196,-0.331
2025-04,0.02,0.149,0.07466666666666645,0.058,0.017,-0.196
2025-05,-0.02,0.107,0.10466666666666645,0.149,0.058,0.017
2025-06,-0.04,-0.014,0.08066666666666646,0.107,0.149,0.058
2025-07,-0.11,-0.072,0.00699999999999978,-0.014,0.107,0.149
2025-08,-0.26,-0.42,-0.16866666666666688,-0.072,-0.014,0.107
2025-09,-0.43,-0.467,-0.3196666666666669,-0.42,-0.072,-0.014
2025-10,-0.57,-0.448,-0.44500000000000023,-0.467,-0.42,-0.072
2025-11,-0.61,-0.256,-0.3903333333333336,-0.448,-0.467,-0.42
2025-12,-0.6,-0.017,-0.2403333333333335,-0.256,-0.448,-0.467
2026-01,-0.39,0.123,-0.05000000000000021,-0.017,-0.256,-0.448
2026-02,-0.21,0.529,0.21166666666666645,0.123,-0.017,-0.256
2026-03,0.11,0.285,0.31233333333333313,0.529,0.123,-0.017
2026-04,0.46,0.279,0.3643333333333332,0.285,0.529,0.123
2026-05,0.95,0.146,0.23666666666666647,0.279,0.285,0.529
2026-06,1.39,,,0.146,0.279,0.285
2026-07,1.8,,,,0.146,0.279
2026-08,,,,,,0.146
2026-09,,,,,,
2026-10,,,,,,
2026-11,,,,,,
2026-12,,,,,,
