serial,localbody_type_code,localbody_type_name_en,localbody_code,localbody_version,localbody_name_en,localbody_name_local,parent_localbody_code
1.0,1,Zilla Parishad,179,1,Araria,अररिया,
2.0,1,Zilla Parishad,561,1,Arwal,अरवल,
3.0,1,Zilla Parishad,180,1,Aurangabad,औरंगाबाद,
4.0,1,Zilla Parishad,181,1,Banka,बाँका,
5.0,1,Zilla Parishad,182,1,Begusarai,बेगूसराय,
6.0,1,Zilla Parishad,183,1,Bhagalpur,भागलपुर,
7.0,1,Zilla Parishad,184,1,Bhojpur,भोजपुर,
8.0,1,Zilla Parishad,185,1,Buxar,बक्सर,
9.0,1,Zilla Parishad,186,1,Darbhanga,दरभंगा,
10.0,1,Zilla Parishad,187,1,Gaya,गया,
11.0,1,Zilla Parishad,188,1,Gopalganj,गोपालगंज,
12.0,1,Zilla Parishad,189,1,Jamui,जमुई,
13.0,1,Zilla Parishad,190,1,Jehanabad,जहानाबाद,
14.0,1,Zilla Parishad,191,1,Kaimur (Bhabua),कैमूर (भभुआ),
15.0,1,Zilla Parishad,192,1,Katihar,कटिहार,
16.0,1,Zilla Parishad,193,1,Khagaria,खगड़िया,
17.0,1,Zilla Parishad,194,1,Kishanganj,किशनगंज,
18.0,1,Zilla Parishad,195,1,Lakhisarai,लखीसराय,
19.0,1,Zilla Parishad,196,1,Madhepura,मधेपुरा,
20.0,1,Zilla Parishad,197,1,Madhubani,मधुबनी,
21.0,1,Zilla Parishad,198,1,Munger,मुंगेर,
22.0,1,Zilla Parishad,199,1,Muzaffarpur,मुजफ्फरपुर,
23.0,1,Zilla Parishad,200,1,Nalanda,नालंदा,
24.0,1,Zilla Parishad,201,1,Nawada,नवादा,
25.0,1,Zilla Parishad,202,1,Pashchim Champaran,पश्चिम चंपारण,
26.0,1,Zilla Parishad,203,1,Patna,पटना,
27.0,1,Zilla Parishad,204,1,Purbi Champaran,पूर्वी चंपारण,
28.0,1,Zilla Parishad,205,1,Purnia,पुर्णिया,
29.0,1,Zilla Parishad,206,1,Rohtas,रोहतास,
30.0,1,Zilla Parishad,207,1,Saharsa,सहरसा,
31.0,1,Zilla Parishad,208,1,Samastipur,समस्तीपुर,
32.0,1,Zilla Parishad,209,1,Saran,सारण,
33.0,1,Zilla Parishad,210,1,Sheikhpura,शेखपुरा,
34.0,1,Zilla Parishad,211,1,Sheohar,शिवहर,
35.0,1,Zilla Parishad,212,1,Sitamarhi,सीतामढ़ी,
36.0,1,Zilla Parishad,213,1,Siwan,सीवान,
37.0,1,Zilla Parishad,214,1,Supaul,सुपौल,
38.0,1,Zilla Parishad,215,1,Vaishali,वैशाली,
39.0,2,Panchayat Samiti,2551,1,Adapur,अदापुर,204
40.0,2,Panchayat Samiti,2369,1,Adhaura,अधौरा,191
41.0,2,Panchayat Samiti,2271,1,Agiaon,अगीआँव,184
42.0,2,Panchayat Samiti,2496,1,Akbarpur,अकबरपुर,201
43.0,2,Panchayat Samiti,2592,1,Akhorigola,अखोड़िगोला,206
44.0,2,Panchayat Samiti,2417,1,Alamnagar,आलमनगर,196
45.0,2,Panchayat Samiti,2396,1,Alauli,अल्लौली,193
46.0,2,Panchayat Samiti,2296,1,Alinagar,अलीनगर,186
47.0,2,Panchayat Samiti,2226,1,Amarpur,अमरपुर,181
48.0,2,Panchayat Samiti,2314,2,Amas,आमस,187
49.0,2,Panchayat Samiti,2380,1,Amdabad,अमदाबाद,192
50.0,2,Panchayat Samiti,2641,1,Amnour,अमनौर,209
51.0,2,Panchayat Samiti,2578,1,Amour,अमौर,205
52.0,2,Panchayat Samiti,2689,1,Andar,आन्दर,213
53.0,2,Panchayat Samiti,2430,1,Andhratharhi,अंधराठाढी,197
54.0,2,Panchayat Samiti,2272,1,Ara,आरा,184
55.0,2,Panchayat Samiti,2206,1,Araria,अररिया,179
56.0,2,Panchayat Samiti,2552,1,Areraj,अरेराज,204
57.0,2,Panchayat Samiti,2661,1,Ariari,अरियरी,210
58.0,2,Panchayat Samiti,6804,1,Arwal,अरवल,561
59.0,2,Panchayat Samiti,2451,1,Asarganj,असरगंज,198
60.0,2,Panchayat Samiti,2476,1,Asthawan,अस्थावन,200
61.0,2,Panchayat Samiti,2528,1,Athamalgola,अथमलगोला,203
62.0,2,Panchayat Samiti,2315,1,Atri,अतरी,187
63.0,2,Panchayat Samiti,2460,1,Aurai,औराई,199
64.0,2,Panchayat Samiti,2215,1,Aurangabad,औरंगाबाद,180
65.0,2,Panchayat Samiti,2381,1,Azamnagar,आज़मनगर,192
66.0,2,Panchayat Samiti,2431,1,Babu Barhi,बाबूबरही,197
67.0,2,Panchayat Samiti,2237,1,Bachhwara,बछवाड़ा,182
68.0,2,Panchayat Samiti,2510,1,Bagaha-I,बाघा -1,202
69.0,2,Panchayat Samiti,2511,1,Bagaha-Ii,बाघा -2,202
70.0,2,Panchayat Samiti,2403,1,Bahadurganj,बहादुर गंज,194
71.0,2,Panchayat Samiti,2297,1,Bahadurpur,बहादुरपुर,186
72.0,2,Panchayat Samiti,2298,1,Baheri,बहेरी,186
73.0,2,Panchayat Samiti,2338,1,Baikunthpur,बैकुंठपुर,188
74.0,2,Panchayat Samiti,2672,1,Bairgania,बैरगनिया,212
75.0,2,Panchayat Samiti,2512,1,Bairia,बैरिया,202
76.0,2,Panchayat Samiti,2579,1,Baisa,बईसा,205
77.0,2,Panchayat Samiti,2580,1,Baisi,बईसी,205
78.0,2,Panchayat Samiti,2673,1,Bajpatti,बाजपट्टी,212
79.0,2,Panchayat Samiti,2238,1,Bakhri,बखरी,182
80.0,2,Panchayat Samiti,2529,1,Bakhtiarpur,बख्तियारपुर,203
81.0,2,Panchayat Samiti,2239,1,Ballia,बलिया,182
82.0,2,Panchayat Samiti,2382,1,Balrampur,बलरामपुर,192
83.0,2,Panchayat Samiti,2461,1,Bandra,बन्दरा,199
84.0,2,Panchayat Samiti,2642,1,Baniapur,बनियापुर,209
85.0,2,Panchayat Samiti,2553,1,Banjariya,बंजरिया,204
86.0,2,Panchayat Samiti,2227,1,Banka,बाँका,181
87.0,2,Panchayat Samiti,2554,1,Bankatwa,बंकटवा,204
88.0,2,Panchayat Samiti,2316,1,Bankey Bazar,बाँके बाज़ार,187
89.0,2,Panchayat Samiti,2611,1,Banma Itahari,बनमा इटहरी,207
90.0,2,Panchayat Samiti,2581,1,Banmankhi,बनमंखी,205
91.0,2,Panchayat Samiti,2317,1,Barachatti,बड़ाचट्टी,187
92.0,2,Panchayat Samiti,2228,1,Barahat,बाराहाट,181
93.0,2,Panchayat Samiti,2410,1,Barahiya,बड़हिया,195
94.0,2,Panchayat Samiti,2383,1,Barari,बरारी,192
95.0,2,Panchayat Samiti,2339,1,Barauli,बरौली,188
96.0,2,Panchayat Samiti,2240,1,Barauni,बरौनी,182
97.0,2,Panchayat Samiti,2662,1,Barbigha,बरबीघा,210
98.0,2,Panchayat Samiti,2530,1,Barh,बाढ़,203
99.0,2,Panchayat Samiti,2273,1,Barhara,बड़हरा,184
100.0,2,Panchayat Samiti,2582,1,Barhara,बरहरा,205
101.0,2,Panchayat Samiti,2690,1,Barharia,बड़हरिया,213
102.0,2,Panchayat Samiti,2352,1,Barhat,बरहट,189
103.0,2,Panchayat Samiti,2452,1,Bariyarpur,बरियारपुर,198
104.0,2,Panchayat Samiti,2384,1,Barsoi,बरसोई,192
105.0,2,Panchayat Samiti,2216,1,Barun,बारुण,180
106.0,2,Panchayat Samiti,2691,1,Basantpur,बसंतपुर,213
107.0,2,Panchayat Samiti,2708,1,Basantpur,बसंतपुर,214
108.0,2,Panchayat Samiti,2432,1,Basopatti,बासोपट्टी,197
109.0,2,Panchayat Samiti,2674,1,Bathanaha,बथनाहा,212
110.0,2,Panchayat Samiti,2229,1,Bausi,बौंसी,181
111.0,2,Panchayat Samiti,2241,1,Begusarai,बेगूसराय,182
112.0,2,Panchayat Samiti,2274,1,Behea,बिहिया,184
113.0,2,Panchayat Samiti,2318,1,Belaganj,बेलागंज,187
114.0,2,Panchayat Samiti,2531,2,Belchhi,बेलछी,203
115.0,2,Panchayat Samiti,2397,1,Beldaur,बेल्दौर,193
116.0,2,Panchayat Samiti,2230,1,Belhar,बेलहर,181
117.0,2,Panchayat Samiti,2675,1,Belsand,बेलसंड,212
118.0,2,Panchayat Samiti,2477,1,Ben,बेन,200
119.0,2,Panchayat Samiti,2433,1,Benipatti,बेनीपट्टी,197
120.0,2,Panchayat Samiti,2299,1,Benipur,बेनीपुर,186
121.0,2,Panchayat Samiti,2513,1,Bettiah,बेत्तिया,202
122.0,2,Panchayat Samiti,2370,1,Bhabua,भभूआ,191
123.0,2,Panchayat Samiti,2242,1,Bhagwanpur,भगवानपुर,182
124.0,2,Panchayat Samiti,2371,1,Bhagwanpur,भगवानपुर,191
125.0,2,Panchayat Samiti,2719,1,Bhagwanpur,भगवानपुर,215
126.0,2,Panchayat Samiti,2692,1,Bhagwanpur Hat,भगवानपुर हाट,213
127.0,2,Panchayat Samiti,2207,1,Bhargama,भरगामा,179
128.0,2,Panchayat Samiti,2583,1,Bhawanipur,भवानीपुर,205
129.0,2,Panchayat Samiti,2514,1,Bhitaha,भिटाहाँ,202
130.0,2,Panchayat Samiti,2340,1,Bhorey,भोरेय,188
131.0,2,Panchayat Samiti,2621,1,Bibhutpur,विभुतिपूर,208
132.0,2,Panchayat Samiti,2720,1,Bidupur,वीदुपुर,215
133.0,2,Panchayat Samiti,2418,1,Bihariganj,बिहारीगंज,196
134.0,2,Panchayat Samiti,2478,1,Biharsharif,बिहारशरीफ़,200
135.0,2,Panchayat Samiti,2255,1,Bihpur,बिहपुर,183
136.0,2,Panchayat Samiti,2532,1,Bihta,बिहटा,203
137.0,2,Panchayat Samiti,2341,1,Bijaipur,विजयपुर,188
138.0,2,Panchayat Samiti,2533,1,Bikram,विक्रम,203
139.0,2,Panchayat Samiti,2593,1,Bikramganj,विक्रम गंज,206
140.0,2,Panchayat Samiti,2479,1,Bind,बिंद,200
141.0,2,Panchayat Samiti,2300,1,Biraul,बिरौल,186
142.0,2,Panchayat Samiti,2243,1,Birpur,वीरपुर,182
143.0,2,Panchayat Samiti,2434,1,Bisfi,बिसफ़ी,197
144.0,2,Panchayat Samiti,2622,1,Bithan,बिठान,208
145.0,2,Panchayat Samiti,2462,1,Bochahan,बोचहां,199
146.0,2,Panchayat Samiti,2319,1,Bodhgaya,बोधगया,187
147.0,2,Panchayat Samiti,2676,1,Bokhra,बोखरा,212
148.0,2,Panchayat Samiti,2285,1,Brahmpur,ब्रह्मपुर,185
149.0,2,Panchayat Samiti,2286,1,Buxar,बक्सर,185
150.0,2,Panchayat Samiti,2372,1,Chainpur,चैनपुर,191
151.0,2,Panchayat Samiti,2353,1,Chakai,चकई,189
152.0,2,Panchayat Samiti,2555,1,Chakia (Pipra),चकिया(पिपरा,204
153.0,2,Panchayat Samiti,2287,1,Chakki,चक्की,185
154.0,2,Panchayat Samiti,2373,1,Chand,चाँद,191
155.0,2,Panchayat Samiti,2231,1,Chandan,चन्दन,181
156.0,2,Panchayat Samiti,2480,1,Chandi,चंडी,200
157.0,2,Panchayat Samiti,2411,1,Channan,चानन,195
158.0,2,Panchayat Samiti,2515,1,Chanpatia,चनपटिया,202
159.0,2,Panchayat Samiti,2275,1,Charpokhari,चरपोखरी,184
160.0,2,Panchayat Samiti,2288,1,Chausa,चौसा,185
161.0,2,Panchayat Samiti,2419,1,Chausa,चौसा,196
162.0,2,Panchayat Samiti,2398,1,Chautham,चौथम,193
163.0,2,Panchayat Samiti,2556,1,Chawradano,चवरदानो,204
164.0,2,Panchayat Samiti,2721,1,Chehrakala,चेहराकला,215
165.0,2,Panchayat Samiti,2594,1,Chenari,चेनारी,206
166.0,2,Panchayat Samiti,2244,1,Cheria Bariarpur,चेरिया बरियारपुर,182
167.0,2,Panchayat Samiti,2663,1,Chewara,चेवाड़ा,210
168.0,2,Panchayat Samiti,2643,1,Chhapra,छपरा,209
169.0,2,Panchayat Samiti,2709,1,Chhatapur,छातापुर,214
170.0,2,Panchayat Samiti,2245,1,Chhaurahi,छौड़ाही,182
171.0,2,Panchayat Samiti,2557,1,Chiraiya,चिरैया,204
172.0,2,Panchayat Samiti,2677,1,Choraut,चोरौत,212
173.0,2,Panchayat Samiti,2289,1,Chougain,चौगाईं,185
174.0,2,Panchayat Samiti,2584,1,Dagraua,डगरुआ,205
175.0,2,Panchayat Samiti,2623,1,Dalsinghsarai,दलसिंह सराय,208
176.0,2,Panchayat Samiti,2246,1,Dandari,डंडारी,182
177.0,2,Panchayat Samiti,2385,1,Dandkhora,दंदखोरा,192
178.0,2,Panchayat Samiti,2534,1,Daniyawan,दनियावाँ,203
179.0,2,Panchayat Samiti,2693,1,Darauli,दरौली,213
180.0,2,Panchayat Samiti,2694,1,Daraundha,दरौन्दा,213
181.0,2,Panchayat Samiti,2301,1,Darbhanga,दरभंगा,186
182.0,2,Panchayat Samiti,2644,1,Dariapur,दरियापुर,209
183.0,2,Panchayat Samiti,2217,1,Daudnagar,दाऊद नगर,180
184.0,2,Panchayat Samiti,2595,1,Dawath,दावथ,206
185.0,2,Panchayat Samiti,2596,1,Dehri,डेहरी,206
186.0,2,Panchayat Samiti,2218,1,Deo,देव,180
187.0,2,Panchayat Samiti,2722,1,Desri,देसरी,215
188.0,2,Panchayat Samiti,2558,1,Dhaka,ढाका,204
189.0,2,Panchayat Samiti,2585,1,Dhamdaha,धमदाहा,205
190.0,2,Panchayat Samiti,2535,1,Dhanarua,दनरुआ,203
191.0,2,Panchayat Samiti,2453,1,Dharhara,धरहरा,198
192.0,2,Panchayat Samiti,2232,1,Dhuraiya,धोरैया,181
193.0,2,Panchayat Samiti,2404,1,Dighalbank,दीघल बैंक,194
194.0,2,Panchayat Samiti,2645,1,Dighwara,दिघवारा,209
195.0,2,Panchayat Samiti,2536,1,Dinapur,दीनापुर,203
196.0,2,Panchayat Samiti,2597,1,Dinara,दिनारा,206
197.0,2,Panchayat Samiti,2320,1,Dobhi,डॊभी,187
198.0,2,Panchayat Samiti,2537,1,Dulhin Bazar,दुल्हिन बाज़ार,203
199.0,2,Panchayat Samiti,2321,1,Dumaria,डुमरिया,187
200.0,2,Panchayat Samiti,2667,1,Dumari Katsari,डुमरी कटसराय,211
201.0,2,Panchayat Samiti,2678,1,Dumra,डुमरा,212
202.0,2,Panchayat Samiti,2290,1,Dumraon,डुमरांव,185
203.0,2,Panchayat Samiti,2374,1,Durgawati,दुर्गावती,191
204.0,2,Panchayat Samiti,2481,1,Ekangarsarai,एकंगरसराय,200
205.0,2,Panchayat Samiti,2646,1,Ekma,इकमा,209
206.0,2,Panchayat Samiti,2386,1,Falka,फलका,192
207.0,2,Panchayat Samiti,2322,1,Fatehpur,फ़तेहपुर,187
208.0,2,Panchayat Samiti,2538,1,Fatuha,फतुहा,203
209.0,2,Panchayat Samiti,2208,1,Forbesganj,फोरबिसगंज,179
210.0,2,Panchayat Samiti,2233,1,Fullidumar,फुल्लीडुमर,181
211.0,2,Panchayat Samiti,2247,1,Gadhpura,गढ़पुरा,182
212.0,2,Panchayat Samiti,2463,1,Gaighat,गायघाट,199
213.0,2,Panchayat Samiti,2420,1,Gamhariya,गम्हरिया,196
214.0,2,Panchayat Samiti,2723,1,Garaul,गोरौल,215
215.0,2,Panchayat Samiti,2276,1,Garhani,गड़हनी,184
216.0,2,Panchayat Samiti,2647,1,Garkha,गरखा,209
217.0,2,Panchayat Samiti,2516,1,Gaunaha,गौनाहा,202
218.0,2,Panchayat Samiti,2302,1,Gaurabauram,गौरबौरम,186
219.0,2,Panchayat Samiti,2323,1,Gaya Town,गया सदर,187
220.0,2,Panchayat Samiti,2303,1,Ghanshyampur,घनश्यामपुर,186
221.0,2,Panchayat Samiti,2664,1,Ghat Kusumbha,घाटकुसुम्भा,210
222.0,2,Panchayat Samiti,2421,1,Ghelarh,घेलाढ़,196
223.0,2,Panchayat Samiti,2435,1,Ghoghardiha,घोघरडीहा,197
224.0,2,Panchayat Samiti,2559,1,Ghorasahan,घोड़ासहन,204
225.0,2,Panchayat Samiti,2362,1,Ghoshi,घोषी,190
226.0,2,Panchayat Samiti,2539,1,Ghoswari,घोसवरी,203
227.0,2,Panchayat Samiti,2354,1,Gidhor,गिद्धौर,189
228.0,2,Panchayat Samiti,2482,1,Giriak,गिरियक,200
229.0,2,Panchayat Samiti,2497,1,Gobindpur,गोविंदपुर,201
230.0,2,Panchayat Samiti,2399,1,Gogri,गोगरी,193
231.0,2,Panchayat Samiti,2219,1,Goh,गोह,180
232.0,2,Panchayat Samiti,2342,1,Gopalganj,गोपालगंज,188
233.0,2,Panchayat Samiti,2257,1,Gopalpur,गोपालपुर,183
234.0,2,Panchayat Samiti,2258,1,Goradih,गौराडीह,183
235.0,2,Panchayat Samiti,2695,2,Goreakothi,गोरेयाकोठी,213
236.0,2,Panchayat Samiti,2324,1,Guraru,गुरारू,187
237.0,2,Panchayat Samiti,2325,1,Gurua,गुरुआ,187
238.0,2,Panchayat Samiti,2696,1,Guthani,गुठनी,213
239.0,2,Panchayat Samiti,2422,1,Gwalpara,ग्वालपाड़ा,196
240.0,2,Panchayat Samiti,2724,1,Hajipur,हाजीपुर,215
241.0,2,Panchayat Samiti,2412,1,Halsi,हलसी,195
242.0,2,Panchayat Samiti,2304,1,Hanuman Nagar,हनुमाननगर,186
243.0,2,Panchayat Samiti,2436,1,Harlakhi,हरलखी,197
244.0,2,Panchayat Samiti,2483,1,Harnaut,हरनौत,200
245.0,2,Panchayat Samiti,2560,1,Harsidhi,हरसिद्धि,204
246.0,2,Panchayat Samiti,2387,1,Hasanganj,हसनगंज,192
247.0,2,Panchayat Samiti,2624,1,Hasanpur,हसनपुर,208
248.0,2,Panchayat Samiti,2697,1,Hasan Pura,हसनपुरा,213
249.0,2,Panchayat Samiti,2220,1,Haspura,हसपुरा,180
250.0,2,Panchayat Samiti,2343,1,Hathua,हथुआ,188
251.0,2,Panchayat Samiti,2305,1,Hayaghat,हायाघाट,186
252.0,2,Panchayat Samiti,2484,1,Hilsa,हिलसा,200
253.0,2,Panchayat Samiti,2498,1,Hisua,हिसुआ,201
254.0,2,Panchayat Samiti,2363,1,Hulasganj,हुलासगंज,190
255.0,2,Panchayat Samiti,2698,1,Hussainganj,हुसैनगंज,213
256.0,2,Panchayat Samiti,2326,1,Imamganj,इमामगंज,187
257.0,2,Panchayat Samiti,2355,1,Islamnagar Aliganj,इस्लाम नगर अलीगंज,189
258.0,2,Panchayat Samiti,2485,1,Islampur,इस्लामपुर,200
259.0,2,Panchayat Samiti,2259,1,Ismailpur,ईस्माइलपुर,183
260.0,2,Panchayat Samiti,2648,1,Isuapur,इसुआपुर,209
261.0,2,Panchayat Samiti,2291,1,Itarhi,इटरही,185
262.0,2,Panchayat Samiti,2260,1,Jagdishpur,जगदीशपुर,183
263.0,2,Panchayat Samiti,2277,1,Jagdishpur,जगदीशपुर,184
264.0,2,Panchayat Samiti,2437,1,Jainagar,जयनगर,197
265.0,2,Panchayat Samiti,2586,1,Jalalgarh,जलालगढ़,205
266.0,2,Panchayat Samiti,2649,1,Jalalpur,जलालपुर,209
267.0,2,Panchayat Samiti,2306,1,Jale,जाले,186
268.0,2,Panchayat Samiti,2454,1,Jamalpur,जमालपुर,198
269.0,2,Panchayat Samiti,2356,1,Jamui,जमुई,189
270.0,2,Panchayat Samiti,2725,1,Jandaha,जनदाहा,215
271.0,2,Panchayat Samiti,2364,1,Jehanabad,जहानाबाद,190
272.0,2,Panchayat Samiti,2357,1,Jhajha,झाझा,189
273.0,2,Panchayat Samiti,2438,1,Jhanjharpur,झंझारपुर,197
274.0,2,Panchayat Samiti,2517,1,Jogapatti,योगापट्टी,202
275.0,2,Panchayat Samiti,2209,1,Jokihat,जोकिहट,179
276.0,2,Panchayat Samiti,2388,1,Kadwa,कदवा,192
277.0,2,Panchayat Samiti,2612,2,Kahra,कहरा,207
278.0,2,Panchayat Samiti,2365,1,Kako,काको,190
279.0,2,Panchayat Samiti,6805,1,Kaler,कलेर,561
280.0,2,Panchayat Samiti,2439,1,Kaluahi,कलुआही,197
281.0,2,Panchayat Samiti,2561,1,Kalyanpur,कल्याणपुर,204
282.0,2,Panchayat Samiti,2625,1,Kalyanpur,कल्याणपुर,208
283.0,2,Panchayat Samiti,2464,1,Kanti,कांटी,199
284.0,2,Panchayat Samiti,2486,1,Karai Parsurai,कराय परसुराई,200
285.0,2,Panchayat Samiti,2598,1,Karakat,काराकट,206
286.0,2,Panchayat Samiti,2599,1,Kargahar,करगहर,206
287.0,2,Panchayat Samiti,6806,2,Karpi,करपी,561
288.0,2,Panchayat Samiti,2587,1,Kasba,कस्बा,205
289.0,2,Panchayat Samiti,2499,1,Kashichak,काशीचक,201
290.0,2,Panchayat Samiti,2344,2,Kateya,कटेया,188
291.0,2,Panchayat Samiti,2389,1,Katihar,कटिहार,192
292.0,2,Panchayat Samiti,2234,1,Katoria,कटोरिया,181
293.0,2,Panchayat Samiti,2465,1,Katra,कटरा,199
294.0,2,Panchayat Samiti,2487,1,Katrisarai,कतरीसराय,200
295.0,2,Panchayat Samiti,2500,1,Kawakole,कौवाकोल,201
296.0,2,Panchayat Samiti,2307,1,Keotirunway,केवटी,186
297.0,2,Panchayat Samiti,2562,1,Kesaria,केसरिया,204
298.0,2,Panchayat Samiti,2292,1,Kesath,केसठ,185
299.0,2,Panchayat Samiti,2400,1,Khagaria,खगड़िया,193
300.0,2,Panchayat Samiti,2358,1,Khaira,खैरा,189
301.0,2,Panchayat Samiti,2440,1,Khajauli,खजौली,197
302.0,2,Panchayat Samiti,2256,2,Khalgaon,कहलगांव,183
303.0,2,Panchayat Samiti,2626,1,Khanpur,खानपुर,208
304.0,2,Panchayat Samiti,2455,1,Kharagpur,KHARAGPUR,198
305.0,2,Panchayat Samiti,2261,1,Kharik,खरीक,183
306.0,2,Panchayat Samiti,2327,1,Khizarsarai,खिज़रसराय,187
307.0,2,Panchayat Samiti,2248,1,Khodawandpur,खोदावन्दपुर,182
308.0,2,Panchayat Samiti,2540,1,Khusrupur,खुसरुपूर,203
309.0,2,Panchayat Samiti,2308,1,Kiratpur,किरतपुर,186
310.0,2,Panchayat Samiti,2405,1,Kishanganj,किशनगंज,194
311.0,2,Panchayat Samiti,2710,1,Kishanpur,किशनपुर,214
312.0,2,Panchayat Samiti,2406,1,Kochadhaman,कोचाधमन,194
313.0,2,Panchayat Samiti,2600,1,Kochas,कोचस,206
314.0,2,Panchayat Samiti,2278,1,Koilwar,कोइलवर,184
315.0,2,Panchayat Samiti,2328,1,Konch,कोंच,187
316.0,2,Panchayat Samiti,2390,1,Korha,कोढ़ा,192
317.0,2,Panchayat Samiti,2563,1,Kotwa,कोतवा,204
318.0,2,Panchayat Samiti,2588,1,Krityanand Nagar,कृत्यानंद नगर,205
319.0,2,Panchayat Samiti,2345,1,Kuchaikote,कुचाई कोटे,188
320.0,2,Panchayat Samiti,2375,1,Kudra,कुदरा,191
321.0,2,Panchayat Samiti,2423,1,Kumarkhand,कुमारखण्ड,196
322.0,2,Panchayat Samiti,2466,1,Kurhani,कुढ़नी,199
323.0,2,Panchayat Samiti,2210,1,Kursakanta,कुर्साकांटा,179
324.0,2,Panchayat Samiti,2391,1,Kursela,कुरसेला,192
325.0,2,Panchayat Samiti,6808,1,Kurtha,कुर्था,561
326.0,2,Panchayat Samiti,2309,1,Kusheshwar Asthan,कुशेश्वर स्थान,186
327.0,2,Panchayat Samiti,2310,1,Kusheswar Asthan East,कुशेश्वर स्थान पूर्वी,186
328.0,2,Panchayat Samiti,2221,1,Kutumba,कुटुंबा,180
329.0,2,Panchayat Samiti,2441,1,Ladania,लदनिया,197
330.0,2,Panchayat Samiti,2650,1,Lahladpur,लहलाद्पुर,209
331.0,2,Panchayat Samiti,2413,1,Lakhisarai,लखीसराय,195
332.0,2,Panchayat Samiti,2442,1,Lakhnaur,लखनौर,197
333.0,2,Panchayat Samiti,2699,1,Lakri Nabiganj,लकड़ी नबीगंज,213
334.0,2,Panchayat Samiti,2726,1,Lalganj,लालगंज,215
335.0,2,Panchayat Samiti,2443,1,Laukaha (Khutauna),लौकाहा खूटौना,197
336.0,2,Panchayat Samiti,2444,1,Laukahi,लौकाही,197
337.0,2,Panchayat Samiti,2518,1,Lauriya,लौरिया,202
338.0,2,Panchayat Samiti,2359,1,Laxmipur,लक्ष्मीपुर,189
339.0,2,Panchayat Samiti,2222,1,Madanpur,मदनपुर,180
340.0,2,Panchayat Samiti,2445,1,Madhepur,मधेपुर,197
341.0,2,Panchayat Samiti,2424,1,Madhepura,मधेपुरा,196
342.0,2,Panchayat Samiti,2564,1,Madhuban,मधुबन,204
343.0,2,Panchayat Samiti,2446,1,Madhubani,मधुबनी,197
344.0,2,Panchayat Samiti,2519,1,Madhubani,मधुबनी,202
345.0,2,Panchayat Samiti,2447,1,Madhwapur,मधवापुर,197
346.0,2,Panchayat Samiti,2700,1,Maharajganj,महाराजगंज,213
347.0,2,Panchayat Samiti,2613,1,Mahishi,महिषी,207
348.0,2,Panchayat Samiti,2727,1,Mahnar,महनार,215
349.0,2,Panchayat Samiti,2728,1,Mahua,महुआ,215
350.0,2,Panchayat Samiti,2520,1,Mainatand,मैनाटांड़,202
351.0,2,Panchayat Samiti,2701,1,Mairwa,मैरवा,213
352.0,2,Panchayat Samiti,2521,1,Majhaulia,मझौलिया,202
353.0,2,Panchayat Samiti,2679,1,Majorganj,मजोरगंज,212
354.0,2,Panchayat Samiti,2651,1,Maker,मकेर,209
355.0,2,Panchayat Samiti,2366,1,Makhdumpur,मखदुमपुर,190
356.0,2,Panchayat Samiti,2541,1,Maner,मनेर,203
357.0,2,Panchayat Samiti,2311,1,Manigachhi,मनीगाछी,186
358.0,2,Panchayat Samiti,2392,1,Manihari,मनीहारी,192
359.0,2,Panchayat Samiti,2346,1,Manjha,माँझा,188
360.0,2,Panchayat Samiti,2652,1,Manjhi,मांझी,209
361.0,2,Panchayat Samiti,2329,1,Manpur,मानपुर,187
362.0,2,Panchayat Samiti,2393,1,Mansahi,मनसाही,192
363.0,2,Panchayat Samiti,2401,1,Mansi,मानसी,193
364.0,2,Panchayat Samiti,2249,1,Mansurchak,मनसूरचक,182
365.0,2,Panchayat Samiti,2711,1,Marauna,मरौना,214
366.0,2,Panchayat Samiti,2653,1,Marhaurah,मढ़ौरा,209
367.0,2,Panchayat Samiti,2467,1,Marwan,मड्वन,199
368.0,2,Panchayat Samiti,2542,1,Masaurhi,मसौढ़ी,203
369.0,2,Panchayat Samiti,2654,1,Mashrakh,मशरख,209
370.0,2,Panchayat Samiti,2250,1,Matihani,मटिहानी,182
371.0,2,Panchayat Samiti,2565,1,Mehsi,मेहसी,204
372.0,2,Panchayat Samiti,2501,1,Mescaur,मेसकौर,201
373.0,2,Panchayat Samiti,2468,1,Minapur,मीनापुर,199
374.0,2,Panchayat Samiti,2367,1,Modanganj,मोदनगंज,190
375.0,2,Panchayat Samiti,2376,1,Mohania,मोहनिया,191
376.0,2,Panchayat Samiti,2330,1,Mohanpur,मोहनपुर,187
377.0,2,Panchayat Samiti,2627,1,Mohanpur,मोहनपुर,208
378.0,2,Panchayat Samiti,2628,1,Mohiuddinagar,मोहिउद्दीन नगर,208
379.0,2,Panchayat Samiti,2331,1,Mohra,मोहरा,187
380.0,2,Panchayat Samiti,2543,1,Mokama,मोकामा,203
381.0,2,Panchayat Samiti,2629,1,Morwa,मोरवा,208
382.0,2,Panchayat Samiti,2566,1,Motihari,मोतीहारी,204
383.0,2,Panchayat Samiti,2469,1,Motipur,मोतीपुर,199
384.0,2,Panchayat Samiti,2456,1,Munger Sadar,मुंगेर सदर,198
385.0,2,Panchayat Samiti,2470,1,Muraul,मुरौल,199
386.0,2,Panchayat Samiti,2425,1,Murliganj,मुरलीगंज,196
387.0,2,Panchayat Samiti,2471,1,Mushahari,मूशहरी,199
388.0,2,Panchayat Samiti,2223,1,Nabinagar,नवीनगर,180
389.0,2,Panchayat Samiti,2488,1,Nagar Nausa,नगरनौसा,200
390.0,2,Panchayat Samiti,2655,1,Nagra,नगरा,209
391.0,2,Panchayat Samiti,2680,1,Nanpur,नानपुर,212
392.0,2,Panchayat Samiti,2262,1,Narayanpur,नारायणपुर,183
393.0,2,Panchayat Samiti,2502,1,Nardiganj,नारदीगंज,201
394.0,2,Panchayat Samiti,2503,1,Narhat,नरहट,201
395.0,2,Panchayat Samiti,2522,1,Narkatiaganj,नरकटिया गंज,202
396.0,2,Panchayat Samiti,2211,1,Narpatganj,नरपतगंज,179
397.0,2,Panchayat Samiti,2601,1,Nasriganj,नासरीगंज,206
398.0,2,Panchayat Samiti,2263,1,Nathnagar,नाथनगर,183
399.0,2,Panchayat Samiti,2544,1,Naubatpur,नौबतपुर,203
400.0,2,Panchayat Samiti,2264,1,Naugachhia,नवगछिया,183
401.0,2,Panchayat Samiti,2614,1,Nauhatta,नौहट्टा,207
402.0,2,Panchayat Samiti,2523,1,Nautan,नौतन,202
403.0,2,Panchayat Samiti,2702,1,Nautan,नौतन,213
404.0,2,Panchayat Samiti,2504,1,Nawada,नवादा,201
405.0,2,Panchayat Samiti,2293,1,Nawanagar,नवानगर,185
406.0,2,Panchayat Samiti,2602,1,Nawhatta,नौहट्टा,206
407.0,2,Panchayat Samiti,2251,1,Nawkothi,नावकोठी,182
408.0,2,Panchayat Samiti,2332,1,Neemchak Bathani,नीमचक बथानी,187
409.0,2,Panchayat Samiti,2712,1,Nirmali,निर्मली,214
410.0,2,Panchayat Samiti,2603,1,Nokha,नोखा,206
411.0,2,Panchayat Samiti,2489,1,Noorsarai,नूरसराय,200
412.0,2,Panchayat Samiti,2377,1,Nuaon,नुआँव,191
413.0,2,Panchayat Samiti,2224,1,Obra,ओबरा,180
414.0,2,Panchayat Samiti,2703,1,Pachrukhi,पचरुखी,213
415.0,2,Panchayat Samiti,2567,1,Paharpur,पहाड़पुर,204
416.0,2,Panchayat Samiti,2505,1,Pakri Barawan,पकड़ी वराम,201
417.0,2,Panchayat Samiti,2568,1,Pakridayal,पकड़ीदयाल,204
418.0,2,Panchayat Samiti,2212,1,Palasi,पलासी,179
419.0,2,Panchayat Samiti,2545,1,Paliganj,पालीगंज,203
420.0,2,Panchayat Samiti,2656,1,Panapur,पानापुर,209
421.0,2,Panchayat Samiti,2347,1,Panchdeori,पंचदेवरी,188
422.0,2,Panchayat Samiti,2546,1,Pandarak,पंडारक,203
423.0,2,Panchayat Samiti,2448,1,Pandaul,पंडौल,197
424.0,2,Panchayat Samiti,2333,1,Paraiya,परैया,187
425.0,2,Panchayat Samiti,2490,1,Parbalpur,परवलपुर,200
426.0,2,Panchayat Samiti,2402,1,Parbatta,परबत्ता,193
427.0,2,Panchayat Samiti,2681,1,Parihar,परिहार,212
428.0,2,Panchayat Samiti,2472,1,Paroo,पारू,199
429.0,2,Panchayat Samiti,2657,1,Parsa,परसा,209
430.0,2,Panchayat Samiti,2682,1,Parsauni,परसौनी,212
431.0,2,Panchayat Samiti,2569,1,Patahi,पताही,204
432.0,2,Panchayat Samiti,2615,1,Patarghat,पतरघाट,207
433.0,2,Panchayat Samiti,2729,1,Patedhi Belsar,पतेढ़ी बेलसर,215
434.0,2,Panchayat Samiti,2730,1,Patepur,पतेपुर,215
435.0,2,Panchayat Samiti,2547,1,Patna Sadar,पटना सदर,203
436.0,2,Panchayat Samiti,2630,1,Patori,पटोरी,208
437.0,2,Panchayat Samiti,2570,1,Phenhara,फेनहारा,204
438.0,2,Panchayat Samiti,2449,1,Phulparas,फूलपरास,197
439.0,2,Panchayat Samiti,2548,1,Phulwari,फुलवारीशरीफ़,203
440.0,2,Panchayat Samiti,2348,1,Phulwariya,फुलवरिया,188
441.0,2,Panchayat Samiti,2414,1,Pipariya,पिपरिया,195
442.0,2,Panchayat Samiti,2713,1,Pipra,पिपरा,214
443.0,2,Panchayat Samiti,2668,1,Piprahi,पिपराही,211
444.0,2,Panchayat Samiti,2571,1,Pipra Kothi,पिपराकोठी,204
445.0,2,Panchayat Samiti,2524,1,Piprasi,पिपरासी,202
446.0,2,Panchayat Samiti,2279,1,Piro,पिरो,184
447.0,2,Panchayat Samiti,2265,1,Pirpainti,पीरपैंती,183
448.0,2,Panchayat Samiti,2407,1,Pothia,पोठिया,194
449.0,2,Panchayat Samiti,2394,1,Pranpur,प्राणपुर,192
450.0,2,Panchayat Samiti,2714,1,Pratapganj,प्रतापगंज,214
451.0,2,Panchayat Samiti,2549,1,Punpun,पुनपुन,203
452.0,2,Panchayat Samiti,2683,1,Pupri,पूपरी,212
453.0,2,Panchayat Samiti,2426,1,Purani,पुरानी,196
454.0,2,Panchayat Samiti,2669,1,Purnahiya,पुरनहिया,211
455.0,2,Panchayat Samiti,2589,1,Purnia East,पुर्णिया पूर्वी,205
456.0,2,Panchayat Samiti,2631,1,Pusa,पूसा,208
457.0,2,Panchayat Samiti,2225,1,Rafiganj,रफीगंज,180
458.0,2,Panchayat Samiti,2715,1,Raghopur,राघोपुर,214
459.0,2,Panchayat Samiti,2731,1,Raghopur,राघोपुर,215
460.0,2,Panchayat Samiti,2704,1,Raghunathpur,रघुनाथपुर,213
461.0,2,Panchayat Samiti,2491,1,Rahui,रहुई,200
462.0,2,Panchayat Samiti,2732,1,Rajapakar,राजापाकड़,215
463.0,2,Panchayat Samiti,2506,1,Rajauli,रजौली,201
464.0,2,Panchayat Samiti,2235,1,Rajaun,रजौन,181
465.0,2,Panchayat Samiti,2492,1,Rajgir,राजगीर,200
466.0,2,Panchayat Samiti,2450,1,Rajnagar,राजनगर,197
467.0,2,Panchayat Samiti,2294,1,Rajpur,राजपुर,185
468.0,2,Panchayat Samiti,2604,1,Rajpur,राजपुर,206
469.0,2,Panchayat Samiti,2378,1,Ramgarh,रामगढ़,191
470.0,2,Panchayat Samiti,2415,1,Ramgarh Chowk,रामगढ़ चौक,195
471.0,2,Panchayat Samiti,2572,1,Ramgarhwa,रामगढ़वा,204
472.0,2,Panchayat Samiti,2525,1,Ramnagar,राम नगर,202
473.0,2,Panchayat Samiti,2379,1,Rampur,रामपुर,191
474.0,2,Panchayat Samiti,2266,1,Rangrachowk,रंगरा चौक,183
475.0,2,Panchayat Samiti,2213,1,Raniganj,रानीगंज,179
476.0,2,Panchayat Samiti,2368,1,Ratni Faridpur,रतनीफरीदपुर,190
477.0,2,Panchayat Samiti,2573,1,Raxaul,रक्सौल,204
478.0,2,Panchayat Samiti,2658,1,Revelganj,रेविलगंज,209
479.0,2,Panchayat Samiti,2684,1,Riga,रीगा,212
480.0,2,Panchayat Samiti,2507,1,Roh,रोह,201
481.0,2,Panchayat Samiti,2605,1,Rohtas,रोहतास,206
482.0,2,Panchayat Samiti,2632,1,Rosera,रोसड़ा,208
483.0,2,Panchayat Samiti,2685,1,Runnisaidpur,रून्नी सैदपुर,212
484.0,2,Panchayat Samiti,2590,1,Rupouli,रुपौली,205
485.0,2,Panchayat Samiti,2267,1,Sabour,सबौर,183
486.0,2,Panchayat Samiti,2280,1,Sahar,सहार,184
487.0,2,Panchayat Samiti,2733,1,Sahdei Buzurg,सहदेई बुजुर,215
488.0,2,Panchayat Samiti,2473,1,Sahebganj,साहेबगंज,199
489.0,2,Panchayat Samiti,2252,1,Sahebpur Kamal,साहेबपुर कमाल,182
490.0,2,Panchayat Samiti,2474,1,Sakra,सकरा,199
491.0,2,Panchayat Samiti,2616,1,Salkhua,सलखुआ,207
492.0,2,Panchayat Samiti,2633,1,Samastipur,समस्तीपुर,208
493.0,2,Panchayat Samiti,2395,1,Sameli,समेली,192
494.0,2,Panchayat Samiti,2253,1,Samho Akha Kurha,शाम्हो अकहा कुरहा,182
495.0,2,Panchayat Samiti,2550,1,Sampatchak,संपतचक,203
496.0,2,Panchayat Samiti,2281,1,Sandesh,संदेश,184
497.0,2,Panchayat Samiti,2457,1,Sangrampur,संग्रामपुर,198
498.0,2,Panchayat Samiti,2574,1,Sangrampur,संग्रामपुर,204
499.0,2,Panchayat Samiti,2606,1,Sanjhouli,संझौली,206
500.0,2,Panchayat Samiti,2716,1,Saraigarh Bhaptiyahi,सरायगढ़ भाप्त,214
501.0,2,Panchayat Samiti,2634,1,Sarairanjan,सरायरंजन,208
502.0,2,Panchayat Samiti,2475,1,Saraiya,सरैया,199
503.0,2,Panchayat Samiti,2493,1,Sarmera,सरमेरा,200
504.0,2,Panchayat Samiti,2607,1,Sasaram,सासाराम,206
505.0,2,Panchayat Samiti,2617,1,Sattar Kattaiya,सत्तर कटैया,207
506.0,2,Panchayat Samiti,2268,1,Shahkund,शाहकुंड,183
507.0,2,Panchayat Samiti,2282,1,Shahpur,शाहपुर,184
508.0,2,Panchayat Samiti,2236,1,Shambhuganj,शंभूगंज,181
509.0,2,Panchayat Samiti,2427,1,Shankarpur,शंकरपुर,196
510.0,2,Panchayat Samiti,2665,1,Sheikhopur Sarai,शेखोपुर सराय,210
511.0,2,Panchayat Samiti,2666,1,Sheikhpura,शेखपुरा,210
512.0,2,Panchayat Samiti,2670,1,Sheohar,शिवहर,211
513.0,2,Panchayat Samiti,2608,1,Sheosagar,शिवसागर,206
514.0,2,Panchayat Samiti,2334,1,Sherghatty,शेरघाटी,187
515.0,2,Panchayat Samiti,2635,1,Shivaji Nagar,शिवाजीनगर,208
516.0,2,Panchayat Samiti,2349,1,Sidhwaliya,सिधवलिया,188
517.0,2,Panchayat Samiti,2360,1,Sikandra,सिकन्दरा,189
518.0,2,Panchayat Samiti,2526,1,Sikta,सिकटा,202
519.0,2,Panchayat Samiti,2214,1,Sikty,सीकटी,179
520.0,2,Panchayat Samiti,2494,1,Silao,सिलाव,200
521.0,2,Panchayat Samiti,2295,1,Simri,सिमरी,185
522.0,2,Panchayat Samiti,2618,1,Simri Bakhtiarpur,सिमरी बख्तियारपुर,207
523.0,2,Panchayat Samiti,2428,1,Singheshwar,सिंघेश्वर,196
524.0,2,Panchayat Samiti,2636,1,Singhia,सिंघिया,208
525.0,2,Panchayat Samiti,2312,1,Singhwara,सिंघवारा,186
526.0,2,Panchayat Samiti,2508,1,Sirdala,सिरदला,201
527.0,2,Panchayat Samiti,2705,1,Siswan,सिसवन,213
528.0,2,Panchayat Samiti,2706,1,Siwan,सिवान,213
529.0,2,Panchayat Samiti,2619,1,Sonbarsa,सोनवर्षा,207
530.0,2,Panchayat Samiti,2686,1,Sonbarsa,सोनवर्षा,212
531.0,2,Panchayat Samiti,6807,1,Sonbhadra-Bansi-Surajpur,सोनभद्र वंशी सूर्यपुर,561
532.0,2,Panchayat Samiti,2659,1,Sonepur,सोनपुर,209
533.0,2,Panchayat Samiti,2269,1,Sonhaula,सन्हौला,183
534.0,2,Panchayat Samiti,2361,1,Sono,सोनो,189
535.0,2,Panchayat Samiti,2620,1,Sour Bazar,सौर बाज़ार,207
536.0,2,Panchayat Samiti,2591,1,Srinagar,श्रीनगर,205
537.0,2,Panchayat Samiti,2575,1,Sugauli,सुगौली,204
538.0,2,Panchayat Samiti,2270,1,Sultanganj,सुल्तानगंज,183
539.0,2,Panchayat Samiti,2717,1,Supaul,सुपौल,214
540.0,2,Panchayat Samiti,2687,1,Suppi,सुप्पी,212
541.0,2,Panchayat Samiti,2416,1,Surajgarha,सूर्यगढ़ा,195
542.0,2,Panchayat Samiti,2609,1,Surajpura,सुरजपुरा,206
543.0,2,Panchayat Samiti,2688,1,Sursand,सुरसंड,212
544.0,2,Panchayat Samiti,2637,1,Tajpur,ताजपुर,208
545.0,2,Panchayat Samiti,2335,1,Tankuppa,टनकुप्पा,187
546.0,2,Panchayat Samiti,2660,1,Taraiya,तरैया,209
547.0,2,Panchayat Samiti,2458,1,Tarapur,तारापुर,198
548.0,2,Panchayat Samiti,2283,1,Tarari,तरारी,184
549.0,2,Panchayat Samiti,2313,1,Tardih,तारडीह,186
550.0,2,Panchayat Samiti,2671,1,Tariyani,तड़ियानी,211
551.0,2,Panchayat Samiti,2254,1,Teghra,तेघड़ा,182
552.0,2,Panchayat Samiti,2336,1,Tekari,टेकारी,187
553.0,2,Panchayat Samiti,2408,1,Terhagachh,तेरागाछ,194
554.0,2,Panchayat Samiti,2576,1,Tetariya,तेतरिया,204
555.0,2,Panchayat Samiti,2459,1,Tetiabambar,टेटियाबम्बर,198
556.0,2,Panchayat Samiti,2527,1,Thakrahan,ठकराहां,202
557.0,2,Panchayat Samiti,2409,1,Thakurganj,ठाकुरगंज,194
558.0,2,Panchayat Samiti,2495,1,Tharthari,थरथरी,200
559.0,2,Panchayat Samiti,2350,1,Thawe,थावे,188
560.0,2,Panchayat Samiti,2610,1,Tilouthu,तिलौठू,206
561.0,2,Panchayat Samiti,2718,1,Tribeniganj,त्रिवेनीगंज,214
562.0,2,Panchayat Samiti,2577,1,Turkaulia,तुरकौलिया,204
563.0,2,Panchayat Samiti,2351,1,Uchkagaon,उचक्का गाँव,188
564.0,2,Panchayat Samiti,2429,2,Udakishunganj,उदाकिशुनगंज,196
565.0,2,Panchayat Samiti,2284,1,Udwantnagar,उदवंत नगर,184
566.0,2,Panchayat Samiti,2638,1,Ujiarpur,उजियारपुर,208
567.0,2,Panchayat Samiti,2734,1,Vaishali,वैशाली,215
568.0,2,Panchayat Samiti,2639,1,Vidyapati Nagar,विद्यापतिनगर,208
569.0,2,Panchayat Samiti,2509,1,Warisaliganj,वारिसलीगंज,201
570.0,2,Panchayat Samiti,2640,1,Warisnagar,वारिसनगर,208
571.0,2,Panchayat Samiti,2337,1,Wazirganj,वजीरगंज,187
572.0,2,Panchayat Samiti,2707,1,Ziradei,जीरादेई,213
573.0,3,Gram Panchayat,95244,2,Aadharpur,आधारपुर,2302
574.0,3,Gram Panchayat,100596,2,Aamdadhi,आमडाढी,2646
575.0,3,Gram Panchayat,99467,1,Aam Gachchi,आम गच्ची,2578
576.0,3,Gram Panchayat,98052,1,Aant,आंत,2477
577.0,3,Gram Panchayat,98373,1,Aanti,आंती,2504
578.0,3,Gram Panchayat,99986,1,Aara Patti,आरा पट्टी,2613
579.0,3,Gram Panchayat,95243,2,Aasi,आसी,2302
580.0,3,Gram Panchayat,98162,1,Aatama,आतमा,2485
581.0,3,Gram Panchayat,100641,2,Aatanagar,आतानगर,2648
582.0,3,Gram Panchayat,96254,3,Aathan,आथन,2369
583.0,3,Gram Panchayat,96480,1,Abadpur,आबाद्पुर,2384
584.0,3,Gram Panchayat,101710,1,Abavakarpur,अबवकरपूर,2721
585.0,3,Gram Panchayat,98437,1,Abdul,अब्दुल,2508
586.0,3,Gram Panchayat,97892,1,Abdul Nagar Urf Madhopur,अब्दुल नगर उर्फ माधोपुर,2471
587.0,3,Gram Panchayat,238501,2,Abgila Panchayat,अबगिला पंचायत,6804
588.0,3,Gram Panchayat,96047,1,Abgilla Chaurasa,अबगिला चौरासा,2355
589.0,3,Gram Panchayat,94540,3,Abhia Pachagachia,अभिया पचगछिया,2257
590.0,3,Gram Panchayat,100900,1,Abhirajpur Bairiya,अभिराजपुर बैरिया,2669
591.0,3,Gram Panchayat,94722,3,Abjuganj,अबजुगंज,2270
592.0,3,Gram Panchayat,101939,1,Abulhasanpur,अबुलहसनपुर,2734
593.0,3,Gram Panchayat,93760,2,Achara,अचरा,2211
594.0,3,Gram Panchayat,98911,3,Achhua Rakasiya,अछुआ रकसिया,2537
595.0,3,Gram Panchayat,95638,1,Adai,अदई,2328
596.0,3,Gram Panchayat,95220,1,Adalpur,अदलपुर,2301
597.0,3,Gram Panchayat,101772,1,Adalpur,अदलपुर,2725
598.0,3,Gram Panchayat,99468,1,Adhang,अधंग,2578
599.0,3,Gram Panchayat,94474,4,Adharpur,आधारपुर,2254
600.0,3,Gram Panchayat,100420,1,Adharpur,आधारपुर,2637
601.0,3,Gram Panchayat,96253,2,Adhaura,अधौरा,2369
602.0,3,Gram Panchayat,99407,1,Adh Kaparia,अध कपारिया,2572
603.0,3,Gram Panchayat,99585,1,Adhkeli,अधकैली,2584
604.0,3,Gram Panchayat,95111,1,Adhloam,अधलोआम,2296
605.0,3,Gram Panchayat,97684,1,Adigopalpur,आदिगोपालपुर,2462
606.0,3,Gram Panchayat,99006,1,Adla,अदला,2544
607.0,3,Gram Panchayat,95928,1,Adma Pur,अदमा पुर,2346
608.0,3,Gram Panchayat,100901,1,Adouri,अदौरी,2669
609.0,3,Gram Panchayat,101746,1,Afajalpur Dhobghatti,अफजलपुर धोबघट्टी,2724
610.0,3,Gram Panchayat,97627,2,Afjalnagar,अफजलनगर,2458
611.0,3,Gram Panchayat,100709,1,Agahara,अगहरा,2653
612.0,3,Gram Panchayat,95482,1,Agandha,अगंधा,2318
613.0,3,Gram Panchayat,94549,1,Agarpur,अगरपुर,2258
614.0,3,Gram Panchayat,94550,2,Agarpur Machhipur,अगरपुर माछीपुर,2258
615.0,3,Gram Panchayat,94756,1,Agarsanda,अगर्सांडा,2272
616.0,3,Gram Panchayat,99837,3,Agarsi Dihra,अगर्सी दिहरा,2600
617.0,3,Gram Panchayat,100640,2,Agauthar Sundar,अगौथर सुन्दर,2648
618.0,3,Gram Panchayat,101310,1,Ageyan,अगेयां,2695
619.0,3,Gram Panchayat,96060,1,Aghara Barwatta,अगहरा-बरुअट्टा,2356
620.0,3,Gram Panchayat,94741,1,Agiaon,अगिआँव,2271
621.0,3,Gram Panchayat,94868,1,Agiaon,अगिआँव,2279
622.0,3,Gram Panchayat,97586,2,Agrahan,अग्रहण,2455
623.0,3,Gram Panchayat,101863,3,Agrail Khurd,अग्रैल खुर्द,2730
624.0,3,Gram Panchayat,99948,1,Agrer Kala,अग्रेर कला,2609
625.0,3,Gram Panchayat,98807,1,Agwanpur,अगवानपुर,2530
626.0,3,Gram Panchayat,238535,1,Ahamadpur Harna Panchayat,अहमदपुर हरना पंचायत,6808
627.0,3,Gram Panchayat,100175,1,Ahilwar,अहिलवार,2624
628.0,3,Gram Panchayat,94987,1,Ahirauli,अहिरौली,2286
629.0,3,Gram Panchayat,99310,2,Ahiraulia,अहिरौलिया,2563
630.0,3,Gram Panchayat,99408,1,Ahiraulia,अहिरौलिया,2572
631.0,3,Gram Panchayat,95897,1,Ahirauli Dubauli,अहिरौली दुबौली,2345
632.0,3,Gram Panchayat,94160,1,Ahiro,अहिरो,2232
633.0,3,Gram Panchayat,96382,1,Ahiwas,अहिवास,2378
634.0,3,Gram Panchayat,93938,1,Ahiyapur,अहियापुर,2220
635.0,3,Gram Panchayat,95835,1,Ahiyapur,अहियापुर,2341
636.0,3,Gram Panchayat,95898,2,Ahiyapur,अहियापुर,2345
637.0,3,Gram Panchayat,97952,1,Ahiyapur,अहियापुर,2473
638.0,3,Gram Panchayat,95296,2,Ahiyari South,अहियारी दक्षिणी,2306
639.0,3,Gram Panchayat,94903,1,Ahpura,अहपुरा,2281
640.0,3,Gram Panchayat,98659,1,Ahwar Kudia,अहवर शेख,2521
641.0,3,Gram Panchayat,100827,3,Aifni,ऐफनी,2661
642.0,3,Gram Panchayat,95622,1,Aima,आईमा,2327
643.0,3,Gram Panchayat,99987,1,Aina,आना,2613
644.0,3,Gram Panchayat,98910,2,Ainkhan Bhimnichak,ऐनखां भिमनीचक,2537
645.0,3,Gram Panchayat,238506,1,Aiyara Panchayat,अईयारा पंचायत,6806
646.0,3,Gram Panchayat,94388,2,Ajani,ऐजनी,2245
647.0,3,Gram Panchayat,98203,1,Ajaypur,अजयपुर,2489
648.0,3,Gram Panchayat,99028,3,Ajda Sikariya,अजदा सिकरिया,2545
649.0,3,Gram Panchayat,100100,1,Ajgaiba,अजगईबअ,2620
650.0,3,Gram Panchayat,99052,1,Ajgara Bakawan,अजगरा बकावाँ,2546
651.0,3,Gram Panchayat,99144,1,Ajgari,अजगरी,2553
652.0,3,Gram Panchayat,99371,1,Ajgarwa Sisahani,अजगरवा सिसहानी,2568
653.0,3,Gram Panchayat,94316,1,Ajhour,अझौर,2241
654.0,3,Gram Panchayat,95703,1,Ajmat Ganj,अजमत गंज,2333
655.0,3,Gram Panchayat,100195,1,Ajna,अजना,2625
656.0,3,Gram Panchayat,100159,1,Ajnaul,अजनौल,2623
657.0,3,Gram Panchayat,96896,1,Ajni Ghat,अजनी घाट,2410
658.0,3,Gram Panchayat,99007,1,Ajwan,अजवाॅ,2544
659.0,3,Gram Panchayat,98147,1,Akabarpur,अकबरपुर,2484
660.0,3,Gram Panchayat,100561,1,Akabarpur,अकबरपुर,2644
661.0,3,Gram Panchayat,94869,2,Akaruan,अकरुआं,2279
662.0,3,Gram Panchayat,99913,1,Akasi,अकासी,2607
663.0,3,Gram Panchayat,94775,1,Akauna,अकौना,2273
664.0,3,Gram Panchayat,98053,1,Akauna,अकौना,2477
665.0,3,Gram Panchayat,98438,1,Akauna,अकौना,2508
666.0,3,Gram Panchayat,99098,2,Akauna,अकौना,2549
667.0,3,Gram Panchayat,97199,1,Akaur,अकॉऊर,2433
668.0,3,Gram Panchayat,101665,1,Akbar Malahi,अकबर मालही,2719
669.0,3,Gram Panchayat,95072,1,Akbarpur,अकबरपुर,2294
670.0,3,Gram Panchayat,94471,1,Akbar Pur Barari,अकबरपुर,2253
671.0,3,Gram Panchayat,95195,1,Akbarpur Benk,अकबरपुर बैंक,2300
672.0,3,Gram Panchayat,99027,1,Akbarpur Ranipur,अकबरपुर रानीपुर,2545
673.0,3,Gram Panchayat,96264,2,Akhalaspur,अखलासपुर,2370
674.0,3,Gram Panchayat,94904,1,Akhgaon,अखगॉव,2281
675.0,3,Gram Panchayat,96372,1,Akhini,अखिनी,2377
676.0,3,Gram Panchayat,100934,2,Akhta Pashchimi (Chakwa),अख्ता पश्चिमी (चकवा),2672
677.0,3,Gram Panchayat,101178,2,Akhta Poorav,अख्ता पूरब,2687
678.0,3,Gram Panchayat,101179,2,Akhta Uttar,अख्ता उत्तर,2687
679.0,3,Gram Panchayat,100363,1,Akhtiyarpur Balbhadra,अख्तियारपुर बलभद्रपुर,2634
680.0,3,Gram Panchayat,97770,1,Akhtiyarpur Paraiya,अख्तियारपुर  परैया,2466
681.0,3,Gram Panchayat,101711,2,Akhtiyarpur Sehan,अख्तियारपुर सेहन,2721
682.0,3,Gram Panchayat,98853,2,Akhtyarpur Manjhauli,अख्तियारपुर मंझौली,2533
683.0,3,Gram Panchayat,94584,2,Akidatpur,अकीदतपुर,2261
684.0,3,Gram Panchayat,100586,4,Akilpur,अकीलपुर,2645
685.0,3,Gram Panchayat,99775,1,Akodha,अकॉढ़ा,2597
686.0,3,Gram Panchayat,99817,1,Akodhi,अकोढ़ी,2599
687.0,3,Gram Panchayat,96373,1,Akolhi,अकोल्ही,2377
688.0,3,Gram Panchayat,101469,1,Akolhi,अकोल्ही,2707
689.0,3,Gram Panchayat,93887,1,Akorha,अकोढ़ा,2217
690.0,3,Gram Panchayat,96352,1,Akorhi,अकोढ़ी,2376
691.0,3,Gram Panchayat,96383,3,Akorhi,अकोढ़ी,2378
692.0,3,Gram Panchayat,99718,1,Akorhi,अकोढी,2592
693.0,3,Gram Panchayat,96353,2,Akorhi Mela,अकोढ़ी मेला,2376
694.0,3,Gram Panchayat,95443,2,Akouna,अकौना,2314
695.0,3,Gram Panchayat,95483,1,Akthu Kachanpur,अक्थु कंचनपुर,2318
696.0,3,Gram Panchayat,96418,1,Alampur,आलमपुर,2381
697.0,3,Gram Panchayat,99932,1,Alampur,आलमपुर,2608
698.0,3,Gram Panchayat,100117,1,Alampur Kodaria,आलमपुर कोदरिया,2621
699.0,3,Gram Panchayat,97646,1,Alampur Simri,आलमपुर सिमरी,2460
700.0,3,Gram Panchayat,100030,1,Alani,अलानी,2616
701.0,3,Gram Panchayat,98947,2,Alawalpur,अलावलपुर,2540
702.0,3,Gram Panchayat,98924,1,Alawal Pur,अलावलपुर,2538
703.0,3,Gram Panchayat,98220,1,Alawan,अलवान,2490
704.0,3,Gram Panchayat,96048,1,Aliganj,अलीगंज,2355
705.0,3,Gram Panchayat,95112,1,Alinagar,अलीनगर,2296
706.0,3,Gram Panchayat,96948,1,Ali Nagar,अली नगर,2416
707.0,3,Gram Panchayat,101864,2,Alinagar Lewdhan,अलीनगर लेवढण,2730
708.0,3,Gram Panchayat,97823,1,Ali Neora,अली नेउरा,2468
709.0,3,Gram Panchayat,98791,1,Alipur Bihta,अलीपुर बिहटा,2529
710.0,3,Gram Panchayat,101816,1,Alipur Hatta,अलीपुर हट्टा,2727
711.0,3,Gram Panchayat,96770,1,Altabari,अल्टबरी,2403
712.0,3,Gram Panchayat,101557,1,Amaha,अमहा,2713
713.0,3,Gram Panchayat,93688,1,Amahara,अम्हारा,2208
714.0,3,Gram Panchayat,97260,1,Amahi,अमाही,2435
715.0,3,Gram Panchayat,94870,1,Amai,अमई,2279
716.0,3,Gram Panchayat,96179,1,Amain,अमैन,2364
717.0,3,Gram Panchayat,98003,1,Amaitha,अमैठा,2475
718.0,3,Gram Panchayat,99907,1,Amaithi,अमेती,2606
719.0,3,Gram Panchayat,97545,2,Amaiya,अमैया,2451
720.0,3,Gram Panchayat,101189,1,Amana,अमना,2688
721.0,3,Gram Panchayat,98103,1,Amanar Khas,अमनार खास,2481
722.0,3,Gram Panchayat,96741,1,Amani,अमानी,2401
723.0,3,Gram Panchayat,98033,1,Amanwan,अमंवान,2476
724.0,3,Gram Panchayat,96295,2,Amaon,अमाँव,2372
725.0,3,Gram Panchayat,96395,2,Amaon,अमाँव,2379
726.0,3,Gram Panchayat,97771,1,Amarakh,अमरख,2466
727.0,3,Gram Panchayat,238500,1,Amara Panchayat,अमरा पंचायत,6804
728.0,3,Gram Panchayat,93918,2,Amari,अमरी,2219
729.0,3,Gram Panchayat,94389,1,Amari,अमारी,2245
730.0,3,Gram Panchayat,96092,1,Amari,अमारी,2358
731.0,3,Gram Panchayat,97563,1,Amari,अमारी,2453
732.0,3,Gram Panchayat,94292,2,Amarpur,अमरपुर,2240
733.0,3,Gram Panchayat,96949,1,Amarpur,अमरपुर,2416
734.0,3,Gram Panchayat,99971,1,Amarpur,अमरपुर,2612
735.0,3,Gram Panchayat,101277,1,Amarpur,अमरपुर,2693
736.0,3,Gram Panchayat,95969,2,Amarpura,अमरपुरा,2349
737.0,3,Gram Panchayat,96419,1,Amarsinghpur,अमरसिंहपुर,2381
738.0,3,Gram Panchayat,99797,1,Amartha,अमरथा,2598
739.0,3,Gram Panchayat,95441,1,Amas,आमस,2314
740.0,3,Gram Panchayat,98660,1,Amawa Majhar,अमवा मझार,2521
741.0,3,Gram Panchayat,98407,1,Amawan East,अमावां पूर्वी,2506
742.0,3,Gram Panchayat,98408,1,Amawan West,अमावां पश्चिमी,2506
743.0,3,Gram Panchayat,93952,1,Amba,अम्बा,2221
744.0,3,Gram Panchayat,94685,2,Amba,अम्बा,2268
745.0,3,Gram Panchayat,98226,1,Amba,अम्बा,2491
746.0,3,Gram Panchayat,96642,1,Amba Icharua,अम्बा इचारुआ,2396
747.0,3,Gram Panchayat,100889,3,Amba North,अम्बा उत्तरी,2668
748.0,3,Gram Panchayat,98004,1,Ambaratej Singh,अम्बारा तेजसिंह,2475
749.0,3,Gram Panchayat,100859,2,Ambari,अम्बारी,2665
750.0,3,Gram Panchayat,100890,3,Amba South,अम्बा दक्षिणी,2668
751.0,3,Gram Panchayat,95668,1,Ambatari,अम्बतरी,2330
752.0,3,Gram Panchayat,94704,1,Amdanda,अमडंडा,2269
753.0,3,Gram Panchayat,94705,1,Amdiha,अमडीहा,2269
754.0,3,Gram Panchayat,94871,3,Amehta,अमेहता,2279
755.0,3,Gram Panchayat,101686,1,Amer,एमर,2720
756.0,3,Gram Panchayat,98274,1,Amera,अमेरा,2495
757.0,3,Gram Panchayat,96354,1,Ameth,अमेठ,2376
758.0,3,Gram Panchayat,95754,1,Amethi,अमेठी,2337
759.0,3,Gram Panchayat,95886,2,Ameya,अमेया,2344
760.0,3,Gram Panchayat,93842,1,Amgachhi,आमगाछी,2214
761.0,3,Gram Panchayat,101612,1,Amha,अमहा,2717
762.0,3,Gram Panchayat,96925,1,Amhara,अम्हारा,2413
763.0,3,Gram Panchayat,94891,2,Amharuhan,अम्हरुहॉ,2280
764.0,3,Gram Panchayat,99852,1,Amiawar,अमियवर,2601
765.0,3,Gram Panchayat,94016,1,Amilona,आमीलोना,2224
766.0,3,Gram Panchayat,93939,1,Amjhar,आमझर,2220
767.0,3,Gram Panchayat,95669,1,Amkola,अंकोला,2330
768.0,3,Gram Panchayat,95731,2,Ammakuan,अमाकुऑ,2336
769.0,3,Gram Panchayat,97647,1,Amnaur,अमनौर,2460
770.0,3,Gram Panchayat,100497,1,Amnour Harnarayan,अमनौर हरनारायण,2641
771.0,3,Gram Panchayat,100498,1,Amnour Kalyan,अमनौर कल्याण,2641
772.0,3,Gram Panchayat,99409,1,Amodei,अमोदेई,2572
773.0,3,Gram Panchayat,99798,1,Amona,अमोना,2598
774.0,3,Gram Panchayat,95561,1,Amraha,अमराहा,2323
775.0,3,Gram Panchayat,96061,1,Amrath,अमरथ,2356
776.0,3,Gram Panchayat,94317,1,Amraur Kiratpur,अमरौर किरतपुर,2241
777.0,3,Gram Panchayat,101940,1,Amritpur,अमृतपुर,2734
778.0,3,Gram Panchayat,98091,3,Amroura,अमरौरा,2480
779.0,3,Gram Panchayat,96193,1,Amthua,अमथुआ,2365
780.0,3,Gram Panchayat,101109,2,Anahari,अनाहारी,2684
781.0,3,Gram Panchayat,98828,1,Anandpur,आनदंपुर,2532
782.0,3,Gram Panchayat,97918,1,Anandpur Kharauni,आनन्दपुर खरौनी,2472
783.0,3,Gram Panchayat,96643,1,Anandpur Maran,आनन्दपुर मरण,2396
784.0,3,Gram Panchayat,95282,1,Anand Pur Sahora,आनंदपुर सहोरा,2305
785.0,3,Gram Panchayat,96114,1,Anantpur,आनन्दपुर,2359
786.0,3,Gram Panchayat,101795,1,Anawarpur,अनवरपुर,2726
787.0,3,Gram Panchayat,93888,1,Anchha,अन्छा,2217
788.0,3,Gram Panchayat,101521,2,Andauli,अन्दौली,2710
789.0,3,Gram Panchayat,99114,1,Andhara,अँधरा,2551
790.0,3,Gram Panchayat,97146,1,Andhara Gaur,अँधरा गौर,2430
791.0,3,Gram Panchayat,98409,1,Andharbari,अन्धरवारी,2506
792.0,3,Gram Panchayat,94892,1,Andhari,अंधारी,2280
793.0,3,Gram Panchayat,101747,1,Andharwara,अंधरवाड़ा,2724
794.0,3,Gram Panchayat,98204,1,Andhna,अन्धना,2489
795.0,3,Gram Panchayat,97147,1,Andhratharhi (N),आंध्रतारही उत्तर,2430
796.0,3,Gram Panchayat,97148,1,Andhratharhi (S),आंध्रतारही दक्षिण,2430
797.0,3,Gram Panchayat,98034,1,Andi,आंडी,2476
798.0,3,Gram Panchayat,100436,1,Angar Ghat,अंगारघाट,2638
799.0,3,Gram Panchayat,94109,2,Angaru Jabra,अंगारू जबड़ा,2229
800.0,3,Gram Panchayat,101395,1,Angouta,अंगौता,2702
801.0,3,Gram Panchayat,95518,1,Angra,अंगरा,2320
802.0,3,Gram Panchayat,100768,2,Anjani,अंजनी,2657
803.0,3,Gram Panchayat,93991,1,Ankorha,अंकोरहा,2223
804.0,3,Gram Panchayat,98342,1,Ankri Pandeybigha,अंकरी पाण्डे बिगहा,2501
805.0,3,Gram Panchayat,95639,1,Anti,आँती,2328
806.0,3,Gram Panchayat,94512,1,Antichak,अन्तीचक,2256
807.0,3,Gram Panchayat,238536,1,Anua Panchayat,अनुऑ पंचायत,6807
808.0,3,Gram Panchayat,100653,2,Anwal,अनवल,2649
809.0,3,Gram Panchayat,100769,2,Anyay,अन्याय,2657
810.0,3,Gram Panchayat,100499,2,Aphar,अपहर,2641
811.0,3,Gram Panchayat,100747,1,Aphaur,अफ़ौर,2655
812.0,3,Gram Panchayat,98452,1,Apsand,अपसढ,2509
813.0,3,Gram Panchayat,97023,1,Araha Mahuwa Dighara,अर्राहा महुआ दिघरा,2421
814.0,3,Gram Panchayat,93889,1,Arai,अरई,2217
815.0,3,Gram Panchayat,95686,1,Arai,आरै,2331
816.0,3,Gram Panchayat,95402,1,Arai Birdipur,अरई बिरदीपुर,2312
817.0,3,Gram Panchayat,95268,1,Araila,अरैला,2304
818.0,3,Gram Panchayat,97002,2,Arajpur East,अरजपुर पूर्वी,2419
819.0,3,Gram Panchayat,97003,2,Arajpur West,अरजपुर पश्चिमी,2419
820.0,3,Gram Panchayat,95003,1,Arak,आरक,2287
821.0,3,Gram Panchayat,100730,3,Arana,अरना,2654
822.0,3,Gram Panchayat,99776,1,Arang,अरंग,2597
823.0,3,Gram Panchayat,98854,1,Arap,अराप,2533
824.0,3,Gram Panchayat,94706,1,Arar,अरार,2269
825.0,3,Gram Panchayat,101748,1,Ararah,अरड़ा,2724
826.0,3,Gram Panchayat,93638,1,Araria Basti,अररिया बस्ती,2206
827.0,3,Gram Panchayat,99818,1,Araruwa,अररुआँ,2599
828.0,3,Gram Panchayat,98088,1,Araut,अरौत,2480
829.0,3,Gram Panchayat,98054,1,Arawan,अरावाण,2477
830.0,3,Gram Panchayat,99552,1,Arbanna Chakala,आर्बना चकला,2582
831.0,3,Gram Panchayat,97200,2,Arer (N),आरएर पूर्वी,2433
832.0,3,Gram Panchayat,97201,1,Arer (S),आरएर दक्षिण,2433
833.0,3,Gram Panchayat,95196,1,Arga Usari,अरगा उसरी,2300
834.0,3,Gram Panchayat,97184,1,Arghawa,अरघावा,2432
835.0,3,Gram Panchayat,96049,1,Arha,आढा,2355
836.0,3,Gram Panchayat,95022,1,Ariaon,अरियाओं,2290
837.0,3,Gram Panchayat,96420,2,Arihana,अरिहाना,2381
838.0,3,Gram Panchayat,98194,1,Ariyawan,अरियावान,2488
839.0,3,Gram Panchayat,101208,2,Arkpur,अर्कपुर,2689
840.0,3,Gram Panchayat,96950,1,Arma,अरमा,2416
841.0,3,Gram Panchayat,95721,1,Aropur,आरोपुर,2335
842.0,3,Gram Panchayat,94953,1,Aroura,एडौरा,2284
843.0,3,Gram Panchayat,98148,1,Arpa,आर्पा,2484
844.0,3,Gram Panchayat,93690,1,Arraha,अड़राहा,2208
845.0,3,Gram Panchayat,96062,1,Arsar,अड़सार,2356
846.0,3,Gram Panchayat,94036,1,Arthua,अरथुआ,2225
847.0,3,Gram Panchayat,96093,1,Arunwa Bank,अरुण्माबांक,2358
848.0,3,Gram Panchayat,98399,2,Aruri,एरूरी,2505
849.0,3,Gram Panchayat,94244,1,Arwa,अरबा,2237
850.0,3,Gram Panchayat,100597,1,Asahani,असहनी,2646
851.0,3,Gram Panchayat,101209,2,Asaon,असॉव,2689
852.0,3,Gram Panchayat,98149,1,Asari,असरी,2484
853.0,3,Gram Panchayat,94954,1,Ashani,असनी,2284
854.0,3,Gram Panchayat,94110,2,Ashnaha,असनाहा,2229
855.0,3,Gram Panchayat,100654,2,Ashok Nagar,अशोक नगर,2649
856.0,3,Gram Panchayat,100306,3,Ashrafpur Supaul,अशरफपुर सुपौल,2630
857.0,3,Gram Panchayat,94724,2,Asiyachak,असियाचक,2270
858.0,3,Gram Panchayat,99492,2,Asiyani,असियानी,2579
859.0,3,Gram Panchayat,99508,2,Asja Mobaiya,आसजा मोबैया,2580
860.0,3,Gram Panchayat,95640,2,Aslempur,असलेमपुर,2328
861.0,3,Gram Panchayat,101666,2,Asoee Lachhiram,असोई लच्छिराम,2719
862.0,3,Gram Panchayat,95322,1,Asraha,असराहा,2307
863.0,3,Gram Panchayat,98275,1,Asta,असता,2495
864.0,3,Gram Panchayat,95403,1,Asthua,अस्थुआ,2312
865.0,3,Gram Panchayat,94143,1,Asuraha,असुडा,2231
866.0,3,Gram Panchayat,95145,1,Atahar North,अटहर उत्तरी,2298
867.0,3,Gram Panchayat,95146,1,Atahar South,अटहर दक्षिणी,2298
868.0,3,Gram Panchayat,100079,1,Atalkha,अतलखा,2619
869.0,3,Gram Panchayat,95023,1,Ataon,अताओं,2290
870.0,3,Gram Panchayat,97401,1,Atari,अटारी,2444
871.0,3,Gram Panchayat,100598,2,Atarsan,अतरसन,2646
872.0,3,Gram Panchayat,95056,1,Athar,आथर,2293
873.0,3,Gram Panchayat,101125,1,Athari,अतरी,2685
874.0,3,Gram Panchayat,96790,2,Athgachhiya,आठगछिया,2404
875.0,3,Gram Panchayat,100918,1,Athkoni,अठकोनी,2671
876.0,3,Gram Panchayat,95221,1,Atihar,अतिहर,2301
877.0,3,Gram Panchayat,95057,1,Atimi,अतिमी,2293
878.0,3,Gram Panchayat,99853,1,Atimi,अतीमी,2601
879.0,3,Gram Panchayat,95501,1,Atiya,अतिया,2319
880.0,3,Gram Panchayat,97648,1,Atrar,अतरार,2460
881.0,3,Gram Panchayat,95038,1,Atrauna,अतरौना,2291
882.0,3,Gram Panchayat,101796,1,Atwarpur Sisaula,अतवारपुर सिसौला,2726
883.0,3,Gram Panchayat,100866,3,Audhey,औधे,2666
884.0,3,Gram Panchayat,98820,1,Aundouli Darweshpura,अनदौली दर्वेशपुरा,2531
885.0,3,Gram Panchayat,98104,1,Aungari,औंगरी,2481
886.0,3,Gram Panchayat,97232,1,Aunsi Babhangama North,औंसी बभनगावॉ  उत्त्तरी,2434
887.0,3,Gram Panchayat,97233,1,Aunsi Babhangama South,औंसी बभनगावॉ  दक्षिणी,2434
888.0,3,Gram Panchayat,98991,1,Aunta,औंटा,2543
889.0,3,Gram Panchayat,100176,1,Aura,औरा,2624
890.0,3,Gram Panchayat,95356,1,Aurahi,औराही,2309
891.0,3,Gram Panchayat,99553,1,Aurahi,औराही,2582
892.0,3,Gram Panchayat,93691,1,Aurahi East,औराही पूर्वी,2208
893.0,3,Gram Panchayat,97015,3,Aurahi - Ekparha,औराही - एकपरहा,2420
894.0,3,Gram Panchayat,93692,1,Aurahi West,औराही पश्चिमी,2208
895.0,3,Gram Panchayat,97099,1,Aurai,औराई,2426
896.0,3,Gram Panchayat,97649,1,Aurai,औराई,2460
897.0,3,Gram Panchayat,101238,2,Aurai,औराई,2690
898.0,3,Gram Panchayat,98550,1,Auraiya,अवरैया,2515
899.0,3,Gram Panchayat,99115,1,Auraiya,औरैया,2551
900.0,3,Gram Panchayat,95562,1,Aurawan,औरवाण,2323
901.0,3,Gram Panchayat,96940,1,Aure,औरे,2415
902.0,3,Gram Panchayat,94094,2,Auria,औरिया,2228
903.0,3,Gram Panchayat,99554,1,Aurlaha,और्लाहा,2582
904.0,3,Gram Panchayat,96951,2,Avgil Rampur,अवगिल रामपुर,2416
905.0,3,Gram Panchayat,101096,1,Awapur Dakshini,अवपुर दक्षिणी,2683
906.0,3,Gram Panchayat,101097,2,Awapur Uttari,अवपुर उत्तरी,2683
907.0,3,Gram Panchayat,96324,2,Awarhiya,अवर्हियाँ,2374
908.0,3,Gram Panchayat,100710,1,Awari,अवारी,2653
909.0,3,Gram Panchayat,94872,1,Ayar,एयार,2279
910.0,3,Gram Panchayat,101009,1,Azamgarh,आज़मगर्ह,2678
911.0,3,Gram Panchayat,96421,2,Azamnagar,आजमनगर,2381
912.0,3,Gram Panchayat,101722,1,Azampur,आज़मपुर,2722
913.0,3,Gram Panchayat,95773,1,Azbi Nagar,आजबीनगर,2338
914.0,3,Gram Panchayat,97564,2,Azimganj,अजीमगंज,2453
915.0,3,Gram Panchayat,101866,1,Azizpur Chande,अजीजपुर चांदे,2730
916.0,3,Gram Panchayat,94017,1,Babandiha,बबंदिहा,2224
917.0,3,Gram Panchayat,94293,1,Babhagama,बभनगामा,2240
918.0,3,Gram Panchayat,101389,1,Babhanauli,बभनौली,2701
919.0,3,Gram Panchayat,94111,2,Babhangama,बभनगामा,2229
920.0,3,Gram Panchayat,94499,2,Babhangama,बभनगामा,2255
921.0,3,Gram Panchayat,96990,1,Babhangama,बभनगामा,2418
922.0,3,Gram Panchayat,97650,1,Babhangama,बभनगामा,2460
923.0,3,Gram Panchayat,101180,1,Babhangama,बाभंगामा,2687
924.0,3,Gram Panchayat,94776,1,Babhangawa,बाभंगवा,2273
925.0,3,Gram Panchayat,99586,1,Babhani,बभनी,2584
926.0,3,Gram Panchayat,99819,1,Babhani,बभनी,2599
927.0,3,Gram Panchayat,96255,4,Babhani Kala,बभनी कला,2369
928.0,3,Gram Panchayat,99753,1,Babhnaul,बाभ्नौल,2595
929.0,3,Gram Panchayat,99131,1,Babhnauli,बाभ्नौली,2552
930.0,3,Gram Panchayat,98363,1,Babhnaur,बभनौर,2503
931.0,3,Gram Panchayat,97016,1,Babhni,बभनी,2420
932.0,3,Gram Panchayat,94831,1,Babhniyawn,बभनीयावन्,2277
933.0,3,Gram Panchayat,93761,2,Babuan,बबुआन,2211
934.0,3,Gram Panchayat,94811,2,Babubandh,बाबूबाँध,2275
935.0,3,Gram Panchayat,97164,2,Babu Barhi,बाबू बरहि,2431
936.0,3,Gram Panchayat,96141,1,Babudih,बाबुडीह,2361
937.0,3,Gram Panchayat,95058,1,Babu Ganj English,बाबुगंज इंग्लिस,2293
938.0,3,Gram Panchayat,94632,2,Babupur,बाबूपुर,2265
939.0,3,Gram Panchayat,94777,1,Babura East,बाबुरा पूर्वी,2273
940.0,3,Gram Panchayat,94778,2,Babura West,बाबुरा पश्चिम,2273
941.0,3,Gram Panchayat,101062,1,Baburban,बाबुरबान,2681
942.0,3,Gram Panchayat,94541,2,Babu Tola Kamlakund,बाबू टोला कमलाकुण्ड,2257
943.0,3,Gram Panchayat,94873,4,Bachari,बचरी,2279
944.0,3,Gram Panchayat,101098,1,Bachharpur,बच्छारपूर,2683
945.0,3,Gram Panchayat,100226,1,Bachhauli,बछौली,2626
946.0,3,Gram Panchayat,94245,2,Bachhawara,बछवाड़ा,2237
947.0,3,Gram Panchayat,96715,1,Bachhouta,बच्चौता,2400
948.0,3,Gram Panchayat,100942,1,Bachopatti Narha,बचोपट्टी नरहा,2673
949.0,3,Gram Panchayat,93762,1,Badahara,बड़हरा,2211
950.0,3,Gram Panchayat,100540,1,Badalu Tola,बदलू टोला,2643
951.0,3,Gram Panchayat,100464,1,Badauna,बढ़ौना,2639
952.0,3,Gram Panchayat,94742,1,Badgaon,बड़गाँव,2271
953.0,3,Gram Panchayat,97673,2,Badgaon,बरगांव,2461
954.0,3,Gram Panchayat,95904,2,Badhara,बडहरा,2345
955.0,3,Gram Panchayat,96296,1,Badhauna,बढ़ौना,2372
956.0,3,Gram Panchayat,101470,3,Badhenya,बढ़ेया,2707
957.0,3,Gram Panchayat,93763,1,Badhepara,बढ़ेपारा,2211
958.0,3,Gram Panchayat,93870,1,Badhi Khurd,बढ़ी खुर्द,2216
959.0,3,Gram Panchayat,99008,2,Badi Tengraila,बड़ी टेंगरैला,2544
960.0,3,Gram Panchayat,94934,1,Badka Gaon,बड़का गाओं,2283
961.0,3,Gram Panchayat,95442,2,Badki Chilmi,बड़की चिलमी,2314
962.0,3,Gram Panchayat,98344,2,Badosar,बड़ोसर,2501
963.0,3,Gram Panchayat,98105,1,Badrabad,बदराबाद,2481
964.0,3,Gram Panchayat,101347,1,Badram,बड़रम,2698
965.0,3,Gram Panchayat,101422,1,Badua,बदुआ,2704
966.0,3,Gram Panchayat,101667,1,Bafapur Banthu,बफपुर बन्तु,2719
967.0,3,Gram Panchayat,94905,1,Baga,बागा,2281
968.0,3,Gram Panchayat,93720,1,Bagadehra,बगडहरा,2209
969.0,3,Gram Panchayat,101158,1,Bagaha,बगहा,2686
970.0,3,Gram Panchayat,95818,1,Bagahawa Mishra,बगहवा मिश्रा,2340
971.0,3,Gram Panchayat,95704,1,Bagahi,बगही,2333
972.0,3,Gram Panchayat,98742,1,Bagahi,बगही,2525
973.0,3,Gram Panchayat,98517,1,Bagahi Baghamberpur,बगही बघम्बरपुर,2512
974.0,3,Gram Panchayat,98612,1,Bagahi-Baswaria,बगही बसवरिया,2518
975.0,3,Gram Panchayat,98592,1,Bagahi Puraina,बगही पुरैना,2517
976.0,3,Gram Panchayat,98518,1,Bagahi Ratanpur,बगही रतनपुर,2512
977.0,3,Gram Panchayat,96816,1,Bagalbari,बगलबारी,2406
978.0,3,Gram Panchayat,94935,1,Bagar,बगर,2283
979.0,3,Gram Panchayat,101293,2,Bagaura,बगौरा,2694
980.0,3,Gram Panchayat,94822,3,Bagawan,बगवाँ,2276
981.0,3,Gram Panchayat,94262,1,Bagban,बागवान,2238
982.0,3,Gram Panchayat,95795,2,Bagegi,बधेजी,2339
983.0,3,Gram Panchayat,94969,1,Bagen,बगें,2285
984.0,3,Gram Panchayat,101190,1,Baghadi,बघड़ी,2688
985.0,3,Gram Panchayat,99237,1,Baghahi Bhelwa,बाघहि भेलवा,2559
986.0,3,Gram Panchayat,97704,1,Baghakhal,बघखाल,2463
987.0,3,Gram Panchayat,99719,1,Bagha Khoh,बाघाखोह,2592
988.0,3,Gram Panchayat,100676,1,Bagha Kol,बाघा कोल,2651
989.0,3,Gram Panchayat,97383,2,Bagha Kusumar,बाघा कुसमार,2443
990.0,3,Gram Panchayat,95380,1,Baghant,बघांत,2311
991.0,3,Gram Panchayat,96601,3,Baghar,बघार,2392
992.0,3,Gram Panchayat,101126,1,Baghari,बघारी,2685
993.0,3,Gram Panchayat,101438,1,Baghauna,बघौना,2705
994.0,3,Gram Panchayat,101346,1,Baghauni,बघौनी,2698
995.0,3,Gram Panchayat,96422,1,Baghaura,बघौरा,2381
996.0,3,Gram Panchayat,101639,2,Baghely,बघेल्य,2718
997.0,3,Gram Panchayat,99438,1,Baghi,बाघी,2575
998.0,3,Gram Panchayat,100421,2,Baghi,बाघी,2637
999.0,3,Gram Panchayat,98453,1,Baghi Bardiha,बाघी बरडीहा,2509
1000.0,3,Gram Panchayat,96355,1,Baghini,बघिनी,2376
1001.0,3,Gram Panchayat,94757,1,Baghipakar,बाघिपाकर,2272
1002.0,3,Gram Panchayat,96602,2,Baghmara,बाघमारा,2392
1003.0,3,Gram Panchayat,94037,1,Baghora,बघौरा,2225
1004.0,3,Gram Panchayat,95147,1,Baghouni,बघौनी,2298
1005.0,3,Gram Panchayat,100245,1,Baghra,बघड़ा,2627
1006.0,3,Gram Panchayat,101450,1,Baghra,बघड़ा,2706
1007.0,3,Gram Panchayat,99988,1,Baghwa,बघवा,2613
1008.0,3,Gram Panchayat,100055,1,Baghwa,बघवा,2618
1009.0,3,Gram Panchayat,93721,1,Bagnagar,बागनगर,2209
1010.0,3,Gram Panchayat,98310,1,Bagodar,बगोदर,2498
1011.0,3,Gram Panchayat,95245,2,Bagrasi,बगरासी,2302
1012.0,3,Gram Panchayat,95670,1,Bagula,बगुला,2330
1013.0,3,Gram Panchayat,93810,1,Bagulaha,बगुलाहा,2213
1014.0,3,Gram Panchayat,97565,1,Bahachoki,बाहाचौकी,2453
1015.0,3,Gram Panchayat,96644,1,Bahadurpur,बहादुरपुर,2396
1016.0,3,Gram Panchayat,98410,1,Bahadurpur,बहादुरपुर,2506
1017.0,3,Gram Panchayat,98783,1,Bahadurpur,बहादुरपुर,2528
1018.0,3,Gram Panchayat,99132,1,Bahadurpur,बहादुरपुर,2552
1019.0,3,Gram Panchayat,101218,1,Bahadurpur,बहादुरपुर,2690
1020.0,3,Gram Panchayat,95122,1,Bahadurpur Dekuli,बहादुरपुर देकुली,2297
1021.0,3,Gram Panchayat,100291,4,Bahadurpur Patori,बहादुरपुर पटोरी,2630
1022.0,3,Gram Panchayat,96571,1,Baharkhal,बहरखाल,2390
1023.0,3,Gram Panchayat,100770,2,Bahar Marar,बहर-माड़र,2657
1024.0,3,Gram Panchayat,94318,1,Bahdarpur,बहदरपुर,2241
1025.0,3,Gram Panchayat,97919,1,Bahdinpur,बहदिनपुर,2472
1026.0,3,Gram Panchayat,94078,1,Bahera,बहेरा,2227
1027.0,3,Gram Panchayat,96337,1,Bahera,बहेरा,2375
1028.0,3,Gram Panchayat,101037,1,Bahera,बहेरा,2679
1029.0,3,Gram Panchayat,101045,1,Bahera Zahidpur,बहेरा ज़ाहिदपुर,2680
1030.0,3,Gram Panchayat,98007,1,Bahilwararupnath North,बहिलवारा रूपनाथ उत्तर,2475
1031.0,3,Gram Panchayat,98006,1,Bahilwara Rupnath South,बहिलवारा रूपनाथ दक्षिण,2475
1032.0,3,Gram Panchayat,101127,2,Bahilwara Urf Garha,बहिलवारा उर्फ गरहा,2685
1033.0,3,Gram Panchayat,98005,1,Bahilwar Gobind,बहिलवार गोबिन्द,2475
1034.0,3,Gram Panchayat,97587,1,Bahira,बहिरा,2455
1035.0,3,Gram Panchayat,99525,1,Bahora,बहोरा,2581
1036.0,3,Gram Panchayat,94914,1,Bahoranpur,बहोरनपुर,2282
1037.0,3,Gram Panchayat,94125,1,Bahorna,बहोरना,2230
1038.0,3,Gram Panchayat,94423,1,Bahrampur,बहरामपुर,2249
1039.0,3,Gram Panchayat,98877,1,Bahrampur,बहरामपुर,2535
1040.0,3,Gram Panchayat,101895,1,Bahrampur,बहरामपुर,2731
1041.0,3,Gram Panchayat,100731,2,Bahrauli,बहरौली,2654
1042.0,3,Gram Panchayat,95722,1,Bahsapipra,बहसपीपरा,2335
1043.0,3,Gram Panchayat,101774,1,Bahsi Saidpur,बहसी सैदपुर,2725
1044.0,3,Gram Panchayat,97727,1,Bahuaara,बहुआरा,2464
1045.0,3,Gram Panchayat,96265,2,Bahuan,बहुअन,2370
1046.0,3,Gram Panchayat,94263,1,Bahuara,बहुआरा,2238
1047.0,3,Gram Panchayat,101749,1,Bahuara,बहुआरा,2724
1048.0,3,Gram Panchayat,101867,1,Bahuara,बहुआरा,2730
1049.0,3,Gram Panchayat,99454,1,Bahuara Gopi Singh,बहुआरा गोपी सिंग,2576
1050.0,3,Gram Panchayat,101219,1,Bahuara Kadir,बहुआरा कादिर,2690
1051.0,3,Gram Panchayat,98593,1,Bahuarwa,बहुअरवा,2517
1052.0,3,Gram Panchayat,98613,1,Bahuarwa,बहुअरवा,2518
1053.0,3,Gram Panchayat,98661,1,Bahuarwa,बहुअरवा,2521
1054.0,3,Gram Panchayat,100711,2,Bahuwara Patti,बहुआरापट्टी,2653
1055.0,3,Gram Panchayat,96404,1,Baida,बैदा,2380
1056.0,3,Gram Panchayat,94225,2,Baidpur,बैदपुर,2236
1057.0,3,Gram Panchayat,96862,1,Baigna,बैज्ना,2408
1058.0,3,Gram Panchayat,97117,3,Baihari,बैहरी,2428
1059.0,3,Gram Panchayat,94671,1,Baijalpur,बैजलपुर,2267
1060.0,3,Gram Panchayat,97588,1,Baijalpur,बैजलपुर,2455
1061.0,3,Gram Panchayat,97920,1,Baijalpur,बैजलपुर,2472
1062.0,3,Gram Panchayat,94569,2,Baijani,बैजानी,2260
1063.0,3,Gram Panchayat,96072,1,Baijla,बैजला,2357
1064.0,3,Gram Panchayat,98519,1,Baijua,बैजुआ,2512
1065.0,3,Gram Panchayat,101248,2,Baijubrhoga,बैजूबरहोगा,2691
1066.0,3,Gram Panchayat,94059,2,Baijudih,बैजुडीह,2226
1067.0,3,Gram Panchayat,95427,1,Baika,बैका,2313
1068.0,3,Gram Panchayat,97893,1,Baikatpur,बैकटपुर,2471
1069.0,3,Gram Panchayat,98948,1,Baikatpur,बैकटपुर,2540
1070.0,3,Gram Panchayat,94597,2,Baikatpur Dudhaila,बैकटपुर दुधैइला,2262
1071.0,3,Gram Panchayat,95887,2,Baikunthpur,बैकुण्ठपुर,2344
1072.0,3,Gram Panchayat,101915,1,Baikunth Pur,बैकुण्ठ पुर,2732
1073.0,3,Gram Panchayat,98715,1,Baikunthwa,बैकुंठवा,2523
1074.0,3,Gram Panchayat,98492,1,Bairagi Sonbarsa,बैरागी सोनबरसा,2511
1075.0,3,Gram Panchayat,95957,1,Bairagi Tola,बैरागी टोला,2348
1076.0,3,Gram Panchayat,100961,1,Bairaha Barahi Jiwa,बैरहा बारही जीवा,2674
1077.0,3,Gram Panchayat,95197,1,Bairampur,बैरमपुर,2300
1078.0,3,Gram Panchayat,98493,2,Bairati Bariyarwa,बैराठी बरिअरवा,2511
1079.0,3,Gram Panchayat,93953,2,Bairaw,बैराव,2221
1080.0,3,Gram Panchayat,94970,3,Bairia,बैरिया,2285
1081.0,3,Gram Panchayat,96423,1,Bairia,बैरिया,2381
1082.0,3,Gram Panchayat,99300,1,Bairia,बैरिया,2562
1083.0,3,Gram Panchayat,95993,1,Bairia Durg,बैरिया दुर्ग,2351
1084.0,3,Gram Panchayat,93992,1,Bairiya,बैरिया,2223
1085.0,3,Gram Panchayat,95888,1,Bairiya,बैरिया,2344
1086.0,3,Gram Panchayat,96405,2,Bairiya,बैरिया,2380
1087.0,3,Gram Panchayat,98520,1,Bairiya,बैरिया,2512
1088.0,3,Gram Panchayat,101613,1,Bairiya,बैरिया,2717
1089.0,3,Gram Panchayat,101614,1,Bairo,बैरो,2717
1090.0,3,Gram Panchayat,96748,1,Baisa,बैसा,2402
1091.0,3,Gram Panchayat,96459,2,Baisa Govindpur,बैसा गोविन्दपुर,2383
1092.0,3,Gram Panchayat,99165,1,Baisaha,बैसहा,2555
1093.0,3,Gram Panchayat,99509,3,Baisi,बायसी,2580
1094.0,3,Gram Panchayat,94661,1,Baisi Jahangirpur,बैसी जहाँगीरपुर,2266
1095.0,3,Gram Panchayat,95458,1,Baital,बैताल,2316
1096.0,3,Gram Panchayat,98662,1,Baithania Bhanachak,बैठनिया भानाचक,2521
1097.0,3,Gram Panchayat,100080,1,Baith Mushahri,बैठ मुशहरी,2619
1098.0,3,Gram Panchayat,100562,2,Bajahiyan,बजहियॉ,2644
1099.0,3,Gram Panchayat,95469,1,Bajarkar,बजरकर,2317
1100.0,3,Gram Panchayat,95519,1,Bajaura,बाजौरा,2320
1101.0,3,Gram Panchayat,97975,1,Baji Bujurg,बाजी बुजुर्ग,2474
1102.0,3,Gram Panchayat,95123,2,Bajid Pur,बाजिदपुर,2297
1103.0,3,Gram Panchayat,99324,2,Bajit Par,बाजित पुर,2564
1104.0,3,Gram Panchayat,95484,2,Bajitpur,बाजीतपुर,2318
1105.0,3,Gram Panchayat,97921,1,Bajitpur,बाजीतपुर,2472
1106.0,3,Gram Panchayat,100943,1,Bajitpur,बाजीतपुर,2673
1107.0,3,Gram Panchayat,100617,1,Bajit Pur,बाजित पुर,2647
1108.0,3,Gram Panchayat,101099,1,Bajitpur Baura,बाजीतपुर बौरा,2683
1109.0,3,Gram Panchayat,100991,1,Bajitpur Bhaur,बाजीतपुर भौर,2676
1110.0,3,Gram Panchayat,101928,2,Bajitpur Chak Kasturi,बाजीतपुर चक कस्तूरी,2733
1111.0,3,Gram Panchayat,100364,1,Bajitpur Meyari,बाजीतपुर मेयारी,2634
1112.0,3,Gram Panchayat,101687,1,Bajitpur Saidat,बाजीतपुर सडत,2720
1113.0,3,Gram Panchayat,100944,1,Bajpatti,बजपट्ती,2673
1114.0,3,Gram Panchayat,98574,1,Bajra,बजड़ा,2516
1115.0,3,Gram Panchayat,101868,2,Bakadh,बकाढ,2730
1116.0,3,Gram Panchayat,99381,1,Bakane Kala,बकने कला,2569
1117.0,3,Gram Panchayat,99470,1,Bakania Baraili,बकनिया बरैली,2578
1118.0,3,Gram Panchayat,101916,1,Bakarpur,बाकरपूर,2732
1119.0,3,Gram Panchayat,97728,1,Bakatpur,बकटपुर,2464
1120.0,3,Gram Panchayat,101615,1,Bakaur,बकौर,2717
1121.0,3,Gram Panchayat,95970,1,Bakharaur,बखरौर,2349
1122.0,3,Gram Panchayat,100902,1,Bakhar Chandiha,बखार चंडीहा,2669
1123.0,3,Gram Panchayat,95774,2,Bakhari,बखरी,2338
1124.0,3,Gram Panchayat,95899,1,Bakhari,बखरी,2345
1125.0,3,Gram Panchayat,97705,1,Bakhari,बखारी,2463
1126.0,3,Gram Panchayat,99116,1,Bakhari,बखारी,2551
1127.0,3,Gram Panchayat,99271,1,Bakhari,बखारी,2561
1128.0,3,Gram Panchayat,99337,1,Bakhari,बखारी,2565
1129.0,3,Gram Panchayat,100962,1,Bakhari,बखारी,2674
1130.0,3,Gram Panchayat,101439,1,Bakhari,बखरी,2705
1131.0,3,Gram Panchayat,98663,1,Bakharia,बखारिया,2521
1132.0,3,Gram Panchayat,94633,1,Bakharpur East,बखारपुर पूर्वी,2265
1133.0,3,Gram Panchayat,94634,2,Bakharpur West,बखारपुर पश्चिम,2265
1134.0,3,Gram Panchayat,94779,2,Bakhora Pur,बखोरा पुर,2273
1135.0,3,Gram Panchayat,98008,1,Bakhra,बखरा,2475
1136.0,3,Gram Panchayat,99382,1,Bakhri,बखरी,2569
1137.0,3,Gram Panchayat,101917,2,Bakhri Barai,बखरी बरै,2732
1138.0,3,Gram Panchayat,96460,1,Bakia Sukhay,बकिया सुखाई,2383
1139.0,3,Gram Panchayat,99898,1,Baknaura,बकनौरा,2605
1140.0,3,Gram Panchayat,94955,1,Bakri,बकरी,2284
1141.0,3,Gram Panchayat,101730,2,Baksama,बक्समा,2723
1142.0,3,Gram Panchayat,98281,1,Baksanda,बकसंडा,2496
1143.0,3,Gram Panchayat,93919,1,Baksar,बक्सर,2219
1144.0,3,Gram Panchayat,99820,1,Baksara,बकसडा,2599
1145.0,3,Gram Panchayat,98301,2,Baksauti,बकसौती,2497
1146.0,3,Gram Panchayat,97419,1,Bakua,बकुआ,2445
1147.0,3,Gram Panchayat,98551,1,Bakulahar,बकुलहर,2515
1148.0,3,Gram Panchayat,98494,2,Bakuli Pachgawa,बकुली पंचगवा,2511
1149.0,3,Gram Panchayat,100005,1,Bakunia,बकुनियॅा,2614
1150.0,3,Gram Panchayat,100757,1,Bakwa,बकवा,2656
1151.0,3,Gram Panchayat,101257,1,Balahan Arazi,बलहाँ एराजी,2692
1152.0,3,Gram Panchayat,94430,1,Balahpur -I,बलह्पुर-१,2250
1153.0,3,Gram Panchayat,94431,1,Balahpur II,बलह्पुर-२,2250
1154.0,3,Gram Panchayat,101278,1,Balahun,बलहूँ,2693
1155.0,3,Gram Panchayat,96662,1,Balaitha,बलैठा,2397
1156.0,3,Gram Panchayat,97065,1,Balam Gadhiya,बालम गढ़िया,2424
1157.0,3,Gram Panchayat,101220,1,Balapur,बालापुर,2690
1158.0,3,Gram Panchayat,94038,1,Balar,बलार,2225
1159.0,3,Gram Panchayat,99838,1,Balathari,बलथारी,2600
1160.0,3,Gram Panchayat,101371,1,Balau,बलऊ,2700
1161.0,3,Gram Panchayat,95381,1,Balaur,बलौर,2311
1162.0,3,Gram Panchayat,97772,1,Balaurdih,बलौर डीह,2466
1163.0,3,Gram Panchayat,97706,1,Balaur Nidhi,बलौर निधि,2463
1164.0,3,Gram Panchayat,97467,1,Balba,बालबा,2447
1165.0,3,Gram Panchayat,101294,1,Bal Bangara,बाल बंगरा,2694
1166.0,3,Gram Panchayat,101484,2,Balbhadrapur,बलभद्रपुर,2708
1167.0,3,Gram Panchayat,101360,2,Baldiha,बलडीहाँ,2699
1168.0,3,Gram Panchayat,99720,1,Balegawan,बलिगांव,2592
1169.0,3,Gram Panchayat,100684,1,Baleshara,बलेसरा,2652
1170.0,3,Gram Panchayat,95994,1,Balesra,बलेसरा,2351
1171.0,3,Gram Panchayat,101451,1,Baletha,बलेथा,2706
1172.0,3,Gram Panchayat,96926,1,Balgudar,बलगुदर,2413
1173.0,3,Gram Panchayat,95222,1,Balha,बलहा,2301
1174.0,3,Gram Panchayat,96742,1,Balha,बालहा,2401
1175.0,3,Gram Panchayat,97234,1,Balha,बलहा,2434
1176.0,3,Gram Panchayat,101616,1,Balha,बालहा,2717
1177.0,3,Gram Panchayat,101100,1,Balha Maksudan,बालहा मक़सूदान,2683
1178.0,3,Gram Panchayat,99972,2,Balhapatti,बलहापट्टी,2612
1179.0,3,Gram Panchayat,98925,1,Bali,बाली,2538
1180.0,3,Gram Panchayat,97366,1,Balia,बलिया,2442
1181.0,3,Gram Panchayat,97445,1,Balia,बलिया,2446
1182.0,3,Gram Panchayat,97617,1,Balia,बलिया,2457
1183.0,3,Gram Panchayat,99777,1,Balia,बलिया,2597
1184.0,3,Gram Panchayat,101210,2,Balia,बलिया,2689
1185.0,3,Gram Panchayat,101372,1,Balia,बलिया,2700
1186.0,3,Gram Panchayat,94823,2,Baligaon,बलिगाँव,2276
1187.0,3,Gram Panchayat,95150,1,Baligaon,बलिगाँव,2298
1188.0,3,Gram Panchayat,101869,1,Baligaon,बलिगांव,2730
1189.0,3,Gram Panchayat,94039,2,Baligawn,बलिगाँव,2225
1190.0,3,Gram Panchayat,100771,2,Baligawn,बलिगाँव,2657
1191.0,3,Gram Panchayat,95091,1,Balihar,बलिहार,2295
1192.0,3,Gram Panchayat,99949,1,Balihar,बलिहार,2609
1193.0,3,Gram Panchayat,95900,1,Baliwan Sagar,बलिवन सागर,2345
1194.0,3,Gram Panchayat,93954,2,Baliya,बलिया,2221
1195.0,3,Gram Panchayat,96817,1,Baliya,बलिया,2406
1196.0,3,Gram Panchayat,100599,2,Baliya,बलिया,2646
1197.0,3,Gram Panchayat,98282,1,Baliya Buzurg,बलिया बुजूर्ग,2496
1198.0,3,Gram Panchayat,96073,1,Baliyadih,बलियाडीह,2357
1199.0,3,Gram Panchayat,100465,1,Balkrishnapur Morwa,बालकृष्णपुर मड़वा,2639
1200.0,3,Gram Panchayat,94060,1,Ballikitta,बल्लीकित्ता,2226
1201.0,3,Gram Panchayat,100386,1,Ballipur,बल्लीपुर,2635
1202.0,3,Gram Panchayat,96915,1,Ballopur,बल्लोपुर,2412
1203.0,3,Gram Panchayat,98495,1,Balmiki Nagar,बाल्मीकि नगर,2511
1204.0,3,Gram Panchayat,97309,1,Balni Mehat,बलनी मेहथ,2438
1205.0,3,Gram Panchayat,96446,1,Balram Pur,बलरामपुर,2382
1206.0,3,Gram Panchayat,96481,2,Baltar,बलतर,2384
1207.0,3,Gram Panchayat,96691,1,Baltara,बलतारा,2399
1208.0,3,Gram Panchayat,96142,1,Balthar,बलथर,2361
1209.0,3,Gram Panchayat,98760,1,Balthar,बलथर,2526
1210.0,3,Gram Panchayat,97685,1,Balthi Rasulpur,बल्थी रसूलपुर,2462
1211.0,3,Gram Panchayat,94780,1,Balua,बलुआ,2273
1212.0,3,Gram Panchayat,96528,1,Balua,बलुआ,2387
1213.0,3,Gram Panchayat,98735,1,Balua,बलुआ ठोरी,2524
1214.0,3,Gram Panchayat,101128,1,Balua,बलुआ,2685
1215.0,3,Gram Panchayat,101332,1,Balua,बलुआ,2696
1216.0,3,Gram Panchayat,101498,1,Balua,बलुआ,2709
1217.0,3,Gram Panchayat,244455,1,Balua,बलुआ,2567
1218.0,3,Gram Panchayat,98496,1,Balua Chhatraul,बलुआ छत्रौल,2511
1219.0,3,Gram Panchayat,99224,1,Balua Gowabari,बलुआ गोवाबारी,2558
1220.0,3,Gram Panchayat,93789,1,Balua Kaliyaganj,बलुआ कलियागंज,2212
1221.0,3,Gram Panchayat,99383,1,Balua Zulfakarabad,बलुआ ज़ुल्फकरबाद,2569
1222.0,3,Gram Panchayat,98954,1,Baluwa,बलुआ,2541
1223.0,3,Gram Panchayat,98594,1,Baluwa Bhawanipur,बलुआ भवानीपुर,2517
1224.0,3,Gram Panchayat,94570,1,Baluwa Chak Puraini,बलुवा चक पुरैनी,2260
1225.0,3,Gram Panchayat,99493,2,Baluwa Gostara,बलुआ गोस्तरा,2579
1226.0,3,Gram Panchayat,101617,1,Balwa,बलवा,2717
1227.0,3,Gram Panchayat,100160,1,Bambaiya Harlal,बम्बैया हरलाल,2623
1228.0,3,Gram Panchayat,238523,1,Bambhi Panchayat,बम्भई  पंचायत,6806
1229.0,3,Gram Panchayat,96016,1,Bamdah,बामदह,2353
1230.0,3,Gram Panchayat,96356,2,Bamhaur Khas,बम्हौर खास,2376
1231.0,3,Gram Panchayat,94956,1,Bampali,बामपली,2284
1232.0,3,Gram Panchayat,99639,1,Banaili,बनैली,2587
1233.0,3,Gram Panchayat,101485,2,Banaili Patti,बनैलीपट्टी,2708
1234.0,3,Gram Panchayat,101600,2,Banainiya,बनैनियाँ,2716
1235.0,3,Gram Panchayat,95007,1,Banarpur,बनारपुर,2288
1236.0,3,Gram Panchayat,100992,1,Banaul,बनऑल,2676
1237.0,3,Gram Panchayat,95404,1,Banauli,बनौली,2312
1238.0,3,Gram Panchayat,101191,1,Banauli,बनौली,2688
1239.0,3,Gram Panchayat,100772,1,Banauta,बनौता,2657
1240.0,3,Gram Panchayat,98688,1,Banbariya,बनवरिया,2522
1241.0,3,Gram Panchayat,100273,1,Banbeera,बनबीरा,2629
1242.0,3,Gram Panchayat,96874,1,Bandarjhula,बंदरझूला,2409
1243.0,3,Gram Panchayat,96749,1,Bandehra,बंदेहरा,2402
1244.0,3,Gram Panchayat,100387,1,Bandhar,बंधार,2635
1245.0,3,Gram Panchayat,95775,1,Bandhauli Banaura,बंधौली बनौरा,2338
1246.0,3,Gram Panchayat,95836,2,Bandhaura Ghat,बन्धौरा घाट,2341
1247.0,3,Gram Panchayat,96645,1,Bandh Chatar,बांध चटर,2396
1248.0,3,Gram Panchayat,98439,1,Bandhi,बाँधी,2508
1249.0,3,Gram Panchayat,95298,1,Bandhouli,बंधौली,2306
1250.0,3,Gram Panchayat,97748,1,Bandhpura,बंधपुरा,2465
1251.0,3,Gram Panchayat,96231,1,Bandhu Ganj,बंधुगंज,2367
1252.0,3,Gram Panchayat,94635,3,Bandhu Jayram,बन्धु जयराम,2265
1253.0,3,Gram Panchayat,97672,1,Bandra,बांद्रा,2461
1254.0,3,Gram Panchayat,94319,1,Banduar,बन्दवार,2241
1255.0,3,Gram Panchayat,95901,1,Bangal Khand,बंगाल खांड,2345
1256.0,3,Gram Panchayat,97566,1,Bangalwa,बंगलवा,2453
1257.0,3,Gram Panchayat,93639,1,Bangama,बनगामा,2206
1258.0,3,Gram Panchayat,96771,1,Bangama,बनगामा,2403
1259.0,3,Gram Panchayat,97639,1,Bangama,बानगामा,2459
1260.0,3,Gram Panchayat,99510,1,Bangama,बनगामा,2580
1261.0,3,Gram Panchayat,97402,1,Bangama North,बानगामा उत्तर,2444
1262.0,3,Gram Panchayat,97403,1,Bangama South,बानगामा दक्षिण,2444
1263.0,3,Gram Panchayat,100945,1,Bangaon Dakshini,बंगाओं दक्षिणी,2673
1264.0,3,Gram Panchayat,100946,1,Bangaon Uttari,बंगाओं उत्तरी,2673
1265.0,3,Gram Panchayat,100685,1,Bangara,बंगरा,2652
1266.0,3,Gram Panchayat,100403,1,Bangarhatta,बंगरहट्टा,2636
1267.0,3,Gram Panchayat,95776,1,Bangra,बंगरा,2338
1268.0,3,Gram Panchayat,95929,1,Bangra,बंगरा,2346
1269.0,3,Gram Panchayat,100732,1,Bangra,बंगरा,2654
1270.0,3,Gram Panchayat,97773,1,Bangra Bansidhar,बंगरा बंशीधर,2466
1271.0,3,Gram Panchayat,100466,1,Bangraha,बंगराहा,2639
1272.0,3,Gram Panchayat,99471,1,Bangra Mehandipur,बंगरा मेहंदीपुर,2578
1273.0,3,Gram Panchayat,97954,1,Bangra Nizamat,बंगरा निज़ामत,2473
1274.0,3,Gram Panchayat,97640,1,Banhara,बनहरा,2459
1275.0,3,Gram Panchayat,94662,1,Bania Baisi,बनिया बैसी,2266
1276.0,3,Gram Panchayat,93972,1,Baniya,बनिया,2222
1277.0,3,Gram Panchayat,98302,1,Baniya Bigha,बनिया बिगहा,2497
1278.0,3,Gram Panchayat,100515,2,Baniyapur,बनियापुर,2642
1279.0,3,Gram Panchayat,99899,1,Banjari,बंजारी,2605
1280.0,3,Gram Panchayat,94398,1,Bank,बांक,2246
1281.0,3,Gram Panchayat,97576,2,Bank,बांक,2454
1282.0,3,Gram Panchayat,98955,2,Bank,बाँक,2541
1283.0,3,Gram Panchayat,99721,1,Bank,बांक,2592
1284.0,3,Gram Panchayat,95902,1,Bankata,बनकटा,2345
1285.0,3,Gram Panchayat,97202,2,Bankata,बनकटा,2433
1286.0,3,Gram Panchayat,95819,1,Bankata Jagidari,बंकता जागीदारी,2340
1287.0,3,Gram Panchayat,95948,1,Bankatiya,बनकटिया,2347
1288.0,3,Gram Panchayat,98552,1,Bankat Puraina,बनकट पुरैना,2515
1289.0,3,Gram Panchayat,99155,1,Bankatwa,बनकटवा,2554
1290.0,3,Gram Panchayat,98743,1,Bankatwa Karmahiya,बनकटवा करमहिया,2525
1291.0,3,Gram Panchayat,97420,1,Banki,बांकी,2445
1292.0,3,Gram Panchayat,98871,2,Bankipur Machhariyawan,बाँकीपुर मछरियावाँ,2534
1293.0,3,Gram Panchayat,95073,1,Banni,बन्नी,2294
1294.0,3,Gram Panchayat,96692,1,Banni,बन्नी,2399
1295.0,3,Gram Panchayat,96094,1,Banpur,बानपुर,2358
1296.0,3,Gram Panchayat,100600,2,Banpura,बनपुरा,2646
1297.0,3,Gram Panchayat,100668,1,Banpura,बनपुरा,2650
1298.0,3,Gram Panchayat,95323,1,Bansara,बनसारा,2307
1299.0,3,Gram Panchayat,93640,1,Bansbari,बांसबारी,2206
1300.0,3,Gram Panchayat,96482,1,Bansgaon,बांसगाँव,2384
1301.0,3,Gram Panchayat,98468,1,Bansgawn Manjhariya,बांसगावं मंझरिया,2510
1302.0,3,Gram Panchayat,97851,1,Bansghat,बांसघाट,2469
1303.0,3,Gram Panchayat,99287,1,Bans Ghat,बंश घाट,2561
1304.0,3,Gram Panchayat,95777,2,Bansghat Masuria,बाशघाट मसुरिया,2338
1305.0,3,Gram Panchayat,97749,1,Bansghatta,बंसघट्टा,2465
1306.0,3,Gram Panchayat,97100,1,Banshgopal,बंशगोपाल,2426
1307.0,3,Gram Panchayat,96952,1,Bansipur,बांसीपुर,2416
1308.0,3,Gram Panchayat,94513,2,Bansi Pur,बंसी पुर,2256
1309.0,3,Gram Panchayat,101258,1,Bansohi,बन्सोही,2692
1310.0,3,Gram Panchayat,95903,1,Bantail,बनतैल,2345
1311.0,3,Gram Panchayat,93920,1,Bantara,बांटरा,2219
1312.0,3,Gram Panchayat,93902,1,Banua,बनुआ,2218
1313.0,3,Gram Panchayat,94351,1,Banwaripur,बनवारीपुर,2242
1314.0,3,Gram Panchayat,95712,1,Bar,बार,2334
1315.0,3,Gram Panchayat,94415,1,Bara,बारा,2248
1316.0,3,Gram Panchayat,94636,2,Bara,बारा,2265
1317.0,3,Gram Panchayat,95470,1,Bara,बारा,2317
1318.0,3,Gram Panchayat,95503,1,Bara,बारा,2319
1319.0,3,Gram Panchayat,95542,1,Bara,बारा,2322
1320.0,3,Gram Panchayat,95563,2,Bara,बारा,2323
1321.0,3,Gram Panchayat,96194,4,Bara,बारा,2365
1322.0,3,Gram Panchayat,98055,1,Bara,बारा,2477
1323.0,3,Gram Panchayat,98150,1,Bara,बारा,2484
1324.0,3,Gram Panchayat,98973,1,Bara,बारा,2542
1325.0,3,Gram Panchayat,99009,1,Bara,बारा,2544
1326.0,3,Gram Panchayat,100041,1,Bara,बारा,2617
1327.0,3,Gram Panchayat,97824,1,Bara Bharti,बड़ा भारती,2468
1328.0,3,Gram Panchayat,93790,1,Baradbatta,बरदबट्टा,2212
1329.0,3,Gram Panchayat,99799,1,Baradih,बरडीह,2598
1330.0,3,Gram Panchayat,95656,1,Bara Gandhar,बारा गंधार,2329
1331.0,3,Gram Panchayat,98821,1,Barah,बराह,2531
1332.0,3,Gram Panchayat,99093,1,Barah,बारह,2549
1333.0,3,Gram Panchayat,99555,1,Barahara,बारहरा,2582
1334.0,3,Gram Panchayat,95324,1,Barahi,बराही,2307
1335.0,3,Gram Panchayat,97066,1,Barahi,बराही,2424
1336.0,3,Gram Panchayat,101063,1,Barahi,बारही,2681
1337.0,3,Gram Panchayat,97130,2,Barahi Anandpur A,बराही आनंदपुरा,2429
1338.0,3,Gram Panchayat,100903,2,Barahi Jagdish,बराही जगदीश,2669
1339.0,3,Gram Panchayat,93791,1,Barahkumba,बरहकुंबा,2212
1340.0,3,Gram Panchayat,98992,2,Barahpur,बरहपुर,2543
1341.0,3,Gram Panchayat,99821,1,Barahri,बडहरी,2599
1342.0,3,Gram Panchayat,100042,1,Barahsher,बारहशेर,2617
1343.0,3,Gram Panchayat,96716,1,Barai,बरै,2400
1344.0,3,Gram Panchayat,99472,1,Bara Idgah,बारा ईदगाह,2578
1345.0,3,Gram Panchayat,98283,1,Barail,बडैल,2496
1346.0,3,Gram Panchayat,95848,1,Baraipatti,बरईपट्टी,2342
1347.0,3,Gram Panchayat,93722,1,Bara Istambarar,बड़ा इस्तामबरार,2209
1348.0,3,Gram Panchayat,100081,1,Baraith,बरैठ,2619
1349.0,3,Gram Panchayat,97894,1,Bara Jagarnath,बारा जगरनाथ,2471
1350.0,3,Gram Panchayat,99198,1,Bara Jairam,बारा जैराम,2557
1351.0,3,Gram Panchayat,96074,1,Barajor,बाराजोर,2357
1352.0,3,Gram Panchayat,98260,1,Barakar,बरकर,2494
1353.0,3,Gram Panchayat,98205,1,Barakhurd,बरखुर्द,2489
1354.0,3,Gram Panchayat,96075,1,Barakola,बाराकोला,2357
1355.0,3,Gram Panchayat,95299,1,Barampur (E),ब्रह्मपुर पूर्वी,2306
1356.0,3,Gram Panchayat,93903,1,Baranda Rampur,बरांडा रामपुर,2218
1357.0,3,Gram Panchayat,98227,1,Barandi,बरांडी,2491
1358.0,3,Gram Panchayat,99094,1,Baranwa,बरावाँ,2549
1359.0,3,Gram Panchayat,94874,2,Baraon,बराँव,2279
1360.0,3,Gram Panchayat,94824,1,Barap,बराप,2276
1361.0,3,Gram Panchayat,238529,1,Bara Panchayat,बाड़ा पंचायत,6808
1362.0,3,Gram Panchayat,99396,1,Bara Parsoni,बारा पर्सोनि,2570
1363.0,3,Gram Panchayat,98206,1,Barara,बारारा,2489
1364.0,3,Gram Panchayat,94971,1,Bararhi,बररही,2285
1365.0,3,Gram Panchayat,99722,1,Bararhi,बराढ़ी,2592
1366.0,3,Gram Panchayat,94672,1,Barari,बरारी,2267
1367.0,3,Gram Panchayat,97750,1,Barari,बर्री,2465
1368.0,3,Gram Panchayat,95982,1,Barari Jagdish,बरारी जगदीश,2350
1369.0,3,Gram Panchayat,99384,1,Bara Shankar,बारा शंकर,2569
1370.0,3,Gram Panchayat,98343,1,Barat,बारत,2501
1371.0,3,Gram Panchayat,97589,2,Barauhna,बढ़ौना,2455
1372.0,3,Gram Panchayat,99053,1,Baraune Bathoi,बरुआने बथोई,2546
1373.0,3,Gram Panchayat,94477,1,Barauni-I,बरौनी-१,2254
1374.0,3,Gram Panchayat,94478,1,Barauni-Ii,बरौनी-२ मधुरापुर,2254
1375.0,3,Gram Panchayat,94479,1,Barauni-Iii,बरौनी-३,2254
1376.0,3,Gram Panchayat,94825,1,Baraura,बडौरा,2276
1377.0,3,Gram Panchayat,96384,1,Baraura,बडौरा,2378
1378.0,3,Gram Panchayat,96195,1,Barawan,बरावाँ,2365
1379.0,3,Gram Panchayat,99762,1,Barawan,बरावँ,2596
1380.0,3,Gram Panchayat,99889,1,Barawn,बराँव,2604
1381.0,3,Gram Panchayat,99473,1,Barbatta,बरबत्ता,2578
1382.0,3,Gram Panchayat,100366,1,Barbatta,बरबट्टा,2634
1383.0,3,Gram Panchayat,96875,1,Barchoundi,बरछौंड़ी,2409
1384.0,3,Gram Panchayat,93843,1,Bardaha,बरदाहा,2214
1385.0,3,Gram Panchayat,97024,1,Bardaha,बरदाहा,2421
1386.0,3,Gram Panchayat,98163,1,Bardaha,बरदाहा,2485
1387.0,3,Gram Panchayat,98716,1,Bardaha,बरदाहाँ,2523
1388.0,3,Gram Panchayat,99353,1,Bardaha,बरदाहा,2566
1389.0,3,Gram Panchayat,100712,1,Bardahia,बरदहियॉ,2653
1390.0,3,Gram Panchayat,97165,1,Bardahi-Barhara,बरदाहि-बरहरा,2431
1391.0,3,Gram Panchayat,99603,1,Bardela,बार्देला,2585
1392.0,3,Gram Panchayat,101870,1,Bardiha Turki,बरडीहा तुर्की,2730
1393.0,3,Gram Panchayat,100686,1,Bareja,बरेजा,2652
1394.0,3,Gram Panchayat,96462,1,Bareta,बरेटा,2383
1395.0,3,Gram Panchayat,98284,1,Barew,बरेव,2496
1396.0,3,Gram Panchayat,100082,1,Bargaon,बरगाओं,2619
1397.0,3,Gram Panchayat,101387,1,Bargaon,बड़गाँव,2701
1398.0,3,Gram Panchayat,100177,1,Bargawan,बरगांव,2624
1399.0,3,Gram Panchayat,95357,1,Bargawn,बरगाँव,2309
1400.0,3,Gram Panchayat,96979,1,Bargawn,बड़गाँव,2417
1401.0,3,Gram Panchayat,98440,1,Bargawn,बड़गाँव,2508
1402.0,3,Gram Panchayat,98469,1,Bargawn,बड़गांव,2510
1403.0,3,Gram Panchayat,101181,1,Barhaharwa,बारहहरवा,2687
1404.0,3,Gram Panchayat,101640,1,Barhakurba,बरहकुर्बा,2718
1405.0,3,Gram Panchayat,97203,1,Barhampura,बरहामपुरा,2433
1406.0,3,Gram Panchayat,101452,1,Barhan,बरहन,2706
1407.0,3,Gram Panchayat,94781,1,Barhara,बरहरा,2273
1408.0,3,Gram Panchayat,101537,2,Barhara,बड़हारा,2711
1409.0,3,Gram Panchayat,100541,1,Barhara Mahaji,बरहरा महाजी,2643
1410.0,3,Gram Panchayat,99571,2,Barhari,बड़हरी,2583
1411.0,3,Gram Panchayat,99226,1,Barharwa Fateh Mohammed,बरहर्वा फतेह मोहम्मद,2558
1412.0,3,Gram Panchayat,99311,1,Barharwa Kala East,बार्हॅर्वा कला पूर्वी,2563
1413.0,3,Gram Panchayat,244401,2,Barharwa Kala West,बरहर्वा कला पश्चिम,2563
1414.0,3,Gram Panchayat,99231,1,Barharwa Lakhansen,बरहर्वा लखनसेन,2558
1415.0,3,Gram Panchayat,99281,1,Barharwa Mahanand,बरहर्वा माहानंद,2561
1416.0,3,Gram Panchayat,99230,1,Barharwa Siwan,बरहर्वा सीवान,2558
1417.0,3,Gram Panchayat,96007,1,Barhat,बरहट,2352
1418.0,3,Gram Panchayat,96196,1,Barhauna,बढ़ौना,2365
1419.0,3,Gram Panchayat,98089,1,Barhauna,बढ़ौना,2480
1420.0,3,Gram Panchayat,95459,1,Barheta,बरहेता,2316
1421.0,3,Gram Panchayat,100196,2,Barheta,बरहेता,2625
1422.0,3,Gram Panchayat,101129,1,Barheta,बरहेता,2685
1423.0,3,Gram Panchayat,97294,1,Barhi,बरहि,2437
1424.0,3,Gram Panchayat,101311,1,Barhoga Pursotim,बारहोगा पुरसोतीं,2695
1425.0,3,Gram Panchayat,97618,2,Barhonia,बढ़ौनियाँ,2457
1426.0,3,Gram Panchayat,96357,2,Barhupar,बढुपर,2376
1427.0,3,Gram Panchayat,95520,1,Bari,बारी,2320
1428.0,3,Gram Panchayat,244463,1,Bariaria North,बरियरिया उत्तर,2574
1429.0,3,Gram Panchayat,244464,2,Bariaria South,बरियरिया दक्षिण,2574
1430.0,3,Gram Panchayat,244470,1,Bariaria Tola Rajpur,बरियरिया टोला राजपुर,2574
1431.0,3,Gram Panchayat,94416,1,Bariarpur-East,बरियारपुर-पूर्वी,2248
1432.0,3,Gram Panchayat,94417,1,Bariarpur-West,बरियारपुर-पश्चिम,2248
1433.0,3,Gram Panchayat,95325,1,Bariaul,बरिऔल,2307
1434.0,3,Gram Panchayat,94279,3,Baribalia North,बड़ी बलिया उत्तरी,2239
1435.0,3,Gram Panchayat,98878,1,Baribigha,बारीबिगहा,2535
1436.0,3,Gram Panchayat,95864,1,Bari Ishar,बरी ईशर,2343
1437.0,3,Gram Panchayat,94707,1,Bari Naki,बड़ी नाकी,2269
1438.0,3,Gram Panchayat,95865,1,Bari Rai Bhan,बरीरायभान,2343
1439.0,3,Gram Panchayat,94915,1,Bariswan,बरिसवं,2282
1440.0,3,Gram Panchayat,99251,1,Bariyadih,बरियादीह,2560
1441.0,3,Gram Panchayat,99976,1,Bariyahi,बरियाही,2612
1442.0,3,Gram Panchayat,94280,1,Bariyarpur,बरियारपुर,2239
1443.0,3,Gram Panchayat,94374,1,Bariyarpur,चेरिया बरियारपुर,2244
1444.0,3,Gram Panchayat,96008,1,Bariyarpur,बरियारपुर,2352
1445.0,3,Gram Panchayat,96953,1,Bariyarpur,बरियारपुर,2416
1446.0,3,Gram Panchayat,97976,1,Bariyarpur,बरियारपुर,2474
1447.0,3,Gram Panchayat,97855,1,Bariyarpur[East],बरियारपुर पूर्वी,2469
1448.0,3,Gram Panchayat,97552,1,Bariyarpur (North),बरियारपुर (उत्तर),2452
1449.0,3,Gram Panchayat,97852,1,Bariyarpur [North],बरियारपुर उत्तरी,2469
1450.0,3,Gram Panchayat,97853,1,Bariyarpur [South],बरियारपुर दक्षिणी,2469
1451.0,3,Gram Panchayat,97553,1,Bariyarpur(South),बरियारपुर(दक्षिण),2452
1452.0,3,Gram Panchayat,97854,1,Bariyarpur [West],बरियारपुर पश्चिमी,2469
1453.0,3,Gram Panchayat,93993,2,Bariyavan,बरियावा,2223
1454.0,3,Gram Panchayat,96818,1,Barizan Pothimari Zagir,बरिज़न पोथिमरी ज़ागीर,2406
1455.0,3,Gram Panchayat,96621,2,Barjhalla,बरझल्ला,2394
1456.0,3,Gram Panchayat,97856,1,Barji,बरजी,2469
1457.0,3,Gram Panchayat,96396,2,Barkagaon,बड़कागाँव,2379
1458.0,3,Gram Panchayat,95039,1,Barka Gaon,बरका गाओं,2291
1459.0,3,Gram Panchayat,99372,1,Barka Gaon,बरका गाओं,2568
1460.0,3,Gram Panchayat,101259,1,Barka Gaon,बड़कागांव,2692
1461.0,3,Gram Panchayat,97809,1,Barkagaon North,बड़कागांव उत्तरी,2467
1462.0,3,Gram Panchayat,97810,1,Barkagaon South,बड़कागांव दक्षिणी,2467
1463.0,3,Gram Panchayat,101388,1,Barka Manjha,बड़का मांझा,2701
1464.0,3,Gram Panchayat,95589,1,Barma,बर्मा,2325
1465.0,3,Gram Panchayat,99166,1,Barmadiya,बरमादिया,2555
1466.0,3,Gram Panchayat,93921,2,Barma Khurd,बर्मा खुर्द,2219
1467.0,3,Gram Panchayat,96017,1,Barmoria,बरमोरिया,2353
1468.0,3,Gram Panchayat,95358,1,Barna,बरना,2309
1469.0,3,Gram Panchayat,99890,1,Barna,बरना,2604
1470.0,3,Gram Panchayat,94832,1,Barnaon,बरणाओं,2277
1471.0,3,Gram Panchayat,98242,1,Barnousa,बर्नौसा,2492
1472.0,3,Gram Panchayat,95577,1,Barorah,बरोरह,2324
1473.0,3,Gram Panchayat,101333,1,Barpalia,बारपलिया,2696
1474.0,3,Gram Panchayat,97204,1,Barri,बर्री,2433
1475.0,3,Gram Panchayat,101002,1,Barri Behta,बर्री बेह्ता,2677
1476.0,3,Gram Panchayat,100947,1,Barri Fulwariya,बर्री फुलवारिया,2673
1477.0,3,Gram Panchayat,94226,2,Barsabad,वारसावाद,2236
1478.0,3,Gram Panchayat,97421,1,Barsam,बरसाम्,2445
1479.0,3,Gram Panchayat,100083,1,Barsam,बरसम,2619
1480.0,3,Gram Panchayat,95723,1,Barsauna,बरसौना,2335
1481.0,3,Gram Panchayat,100587,1,Barua,बरुआ,2645
1482.0,3,Gram Panchayat,95124,1,Baruara,बरुआरा,2297
1483.0,3,Gram Panchayat,97707,1,Baruari,बरूआरी,2463
1484.0,3,Gram Panchayat,101618,1,Baruari,बरूआरी,2717
1485.0,3,Gram Panchayat,94893,2,Baruhin,बरुहीं,2280
1486.0,3,Gram Panchayat,97590,1,Barui,बरुई,2455
1487.0,3,Gram Panchayat,94743,1,Baruna,बरुना,2271
1488.0,3,Gram Panchayat,94988,1,Baruna,बरुना,2286
1489.0,3,Gram Panchayat,99723,2,Baruna,बरुना,2592
1490.0,3,Gram Panchayat,95074,1,Barupur,बारुपुर,2294
1491.0,3,Gram Panchayat,97404,1,Baruwar,बरुवर,2444
1492.0,3,Gram Panchayat,98633,1,Barwa,बरवा,2519
1493.0,3,Gram Panchayat,98643,1,Barwa,बहुअरवा,2520
1494.0,3,Gram Panchayat,99117,1,Barwa,बरवा,2551
1495.0,3,Gram Panchayat,99352,1,Barwa,बरवा,2566
1496.0,3,Gram Panchayat,99436,1,Barwa,बरवा,2574
1497.0,3,Gram Panchayat,98689,1,Barwa Barauli,बरवा बरौली,2522
1498.0,3,Gram Panchayat,99239,1,Barwa Kala,बरवा कला,2559
1499.0,3,Gram Panchayat,96256,4,Barwan Kala,बड़वान कला,2369
1500.0,3,Gram Panchayat,98595,1,Barwaojha,बरवा ओझा,2517
1501.0,3,Gram Panchayat,98664,1,Barwa Semraghat,बरवा सेमरा घाट,2521
1502.0,3,Gram Panchayat,94191,2,Barwasni,बड़वासनी,2234
1503.0,3,Gram Panchayat,100563,4,Barwe,बारवे,2644
1504.0,3,Gram Panchayat,101038,1,Basabitta,बसबिट्टा,2679
1505.0,3,Gram Panchayat,97166,1,Basaha,बसहा,2431
1506.0,3,Gram Panchayat,101558,1,Basaha,बसहा,2713
1507.0,3,Gram Panchayat,94375,1,Basahi,बसही,2244
1508.0,3,Gram Panchayat,100669,1,Basahi,बसही,2650
1509.0,3,Gram Panchayat,100758,1,Basahiya,बसहिया,2656
1510.0,3,Gram Panchayat,100891,2,Basahiya Shaikh,बसहिया शेख,2668
1511.0,3,Gram Panchayat,97205,1,Basaitha,बसाठा,2433
1512.0,3,Gram Panchayat,98009,1,Basaitha,बसैठा,2475
1513.0,3,Gram Panchayat,96483,2,Basalgaon,बसलगाँव,2384
1514.0,3,Gram Panchayat,96980,1,Basanbara,बसनवाड़ा,2417
1515.0,3,Gram Panchayat,101797,1,Basanta Jahanabad,बसन्ता जहानाबाद,2726
1516.0,3,Gram Panchayat,100904,1,Basant Jagjiwan,बसंत जगजीवन,2669
1517.0,3,Gram Panchayat,100905,1,Basantpatti,बसंत पट्टी,2669
1518.0,3,Gram Panchayat,93641,1,Basantpur,बसंतपुर,2206
1519.0,3,Gram Panchayat,94758,1,Basantpur,बसंतपुर,2272
1520.0,3,Gram Panchayat,101486,2,Basantpur,बसंतपुर,2708
1521.0,3,Gram Panchayat,101775,1,Basantpur,बसंतपुर,2725
1522.0,3,Gram Panchayat,98614,1,Basant Pur,बसंतपुर,2518
1523.0,3,Gram Panchayat,99689,2,Basant Pur,बसंत पुर,2590
1524.0,3,Gram Panchayat,99572,2,Basantpur Chintamani,बसंतपुर चिन्तामणि,2583
1525.0,3,Gram Panchayat,100478,1,Basantpur Ramani,बसंतपुर रमणी,2640
1526.0,3,Gram Panchayat,95040,1,Basao Kala,बसाओ कला,2291
1527.0,3,Gram Panchayat,101250,1,Basaon,बसॉव,2691
1528.0,3,Gram Panchayat,95504,2,Basarhi,बासरही,2319
1529.0,3,Gram Panchayat,100161,1,Basaria,बसढीया,2623
1530.0,3,Gram Panchayat,93812,1,Basathi,बसैटी,2213
1531.0,3,Gram Panchayat,100500,3,Basatpur,बसतपुर,2641
1532.0,3,Gram Panchayat,95125,1,Basat Pur,बसतपुर,2297
1533.0,3,Gram Panchayat,97955,1,Basatpur Chanpur,बसन्तपुर चैनपुर,2473
1534.0,3,Gram Panchayat,97446,2,Basauli,बसौली,2446
1535.0,3,Gram Panchayat,101361,1,Basauli,बसौली,2699
1536.0,3,Gram Panchayat,94833,1,Basauna,बसौना,2277
1537.0,3,Gram Panchayat,101619,1,Basbitti,बसबिट्टी,2717
1538.0,3,Gram Panchayat,93904,1,Basdiha,बसदिहा,2218
1539.0,3,Gram Panchayat,93994,2,Basdiha,बसदिहा,2223
1540.0,3,Gram Panchayat,99822,1,Basdiha,बसडिहाँ,2599
1541.0,3,Gram Panchayat,95849,2,Basdila Khas,बसडीला खास,2342
1542.0,3,Gram Panchayat,96572,2,Basgarha,बांसगाढ़ा,2390
1543.0,3,Gram Panchayat,97044,1,Basiadh,बैसाढ,2423
1544.0,3,Gram Panchayat,238494,1,Basilpur Panchayat,वासिलपुर पंचायत,6804
1545.0,3,Gram Panchayat,97422,1,Basipatti,बासीपट्टी,2445
1546.0,3,Gram Panchayat,99355,1,Basman Pur,बसमन पुर,2566
1547.0,3,Gram Panchayat,94126,1,Basmata,बसमाता,2230
1548.0,3,Gram Panchayat,93764,1,Basmatiya,बसमतिया,2211
1549.0,3,Gram Panchayat,94192,2,Basmatta,बसमत्ता,2234
1550.0,3,Gram Panchayat,98131,2,Basniyawan,बासनियवान,2483
1551.0,3,Gram Panchayat,94936,1,Basoori,बसूरी,2283
1552.0,3,Gram Panchayat,98596,1,Basopatti,बासोपट्टी,2517
1553.0,3,Gram Panchayat,97185,1,Baso Patti ( East),बसो पट्टी ( पूर्वी),2432
1554.0,3,Gram Panchayat,97186,1,Baso Patti (West),बसो पट्टी (पश्चिम),2432
1555.0,3,Gram Panchayat,97774,1,Basouli,बसौली,2466
1556.0,3,Gram Panchayat,96622,1,Bastaul,बसतौल,2394
1557.0,3,Gram Panchayat,98644,1,Bastha,बस्ठा,2520
1558.0,3,Gram Panchayat,100588,1,Basti Jalal,बस्ती जलाल,2645
1559.0,3,Gram Panchayat,101712,1,Basti Sarsikan,बस्ती सरसिकन,2721
1560.0,3,Gram Panchayat,97261,1,Basuari,बसुअरी,2435
1561.0,3,Gram Panchayat,94686,3,Basudeopur,बासुदेवपुर,2268
1562.0,3,Gram Panchayat,96693,1,Basudeopur,बासुदेवपुर,2399
1563.0,3,Gram Panchayat,99556,2,Basudeopur,बसूदेओपुर,2582
1564.0,3,Gram Panchayat,100197,1,Basudeo Pur,बासुदेवपुर,2625
1565.0,3,Gram Panchayat,97956,1,Basudeopur Sarai,बासुदेवपुर सराय,2473
1566.0,3,Gram Panchayat,95223,2,Basudevpur,बासुदेवपुर,2301
1567.0,3,Gram Panchayat,97384,2,Basudevpur,बासुदेवपुर,2443
1568.0,3,Gram Panchayat,101817,1,Basudevpur Chandel,बसुदेवपुर चंदेल,2727
1569.0,3,Gram Panchayat,95041,1,Basudhar,बसुधार,2291
1570.0,3,Gram Panchayat,97468,1,Basuki Bihari North,बासुकी बिहारी उत्तर,2447
1571.0,3,Gram Panchayat,97469,1,Basuki Bihari South,बासुकी बिहारी दक्षिण,2447
1572.0,3,Gram Panchayat,98615,1,Baswaria Paraou Tola,बसवरिया पराउटोला,2518
1573.0,3,Gram Panchayat,98470,2,Baswariya,बसवरिया,2510
1574.0,3,Gram Panchayat,95797,2,Batardeh,बतरदेह,2339
1575.0,3,Gram Panchayat,97423,1,Bath,बाथ,2445
1576.0,3,Gram Panchayat,100963,1,Bathanaha Pashchimi,बथनाहा पश्चिमी,2674
1577.0,3,Gram Panchayat,95695,1,Bathani,बथानी,2332
1578.0,3,Gram Panchayat,101046,1,Bath Asli,बात असली,2680
1579.0,3,Gram Panchayat,98521,1,Bathna,बथना,2512
1580.0,3,Gram Panchayat,99309,1,Bathna,बतना,2562
1581.0,3,Gram Panchayat,99312,1,Bathna,बतना,2563
1582.0,3,Gram Panchayat,93694,2,Bathnaha,बथनाहा,2208
1583.0,3,Gram Panchayat,97506,1,Bathnaha,बथनाहा,2449
1584.0,3,Gram Panchayat,100964,1,Bathnaha Purvi,बथनाहा पूर्वी,2674
1585.0,3,Gram Panchayat,97480,1,Bathne,बथने,2448
1586.0,3,Gram Panchayat,95174,1,Batho Radhiyam,बाथो रढ़ियाम,2299
1587.0,3,Gram Panchayat,94294,2,Bathouli,बथौली,2240
1588.0,3,Gram Panchayat,95958,1,Bathua Bazar,बाथुआ बाजार,2348
1589.0,3,Gram Panchayat,95930,1,Bathuan,बथुआ,2346
1590.0,3,Gram Panchayat,101064,1,Bathuara,बतुआरा,2681
1591.0,3,Gram Panchayat,94161,2,Batsar,बटसार,2232
1592.0,3,Gram Panchayat,93642,1,Baturbari,बटूरबारी,2206
1593.0,3,Gram Panchayat,96603,1,Baulia,बौलिया,2392
1594.0,3,Gram Panchayat,94040,1,Baur,बौर,2225
1595.0,3,Gram Panchayat,101582,1,Bauraha,बौराहा,2715
1596.0,3,Gram Panchayat,95246,2,Bauram,बौराम,2302
1597.0,3,Gram Panchayat,96170,1,Bauri,बौरी,2363
1598.0,3,Gram Panchayat,96573,2,Bawanganj,बावनगंज,2390
1599.0,3,Gram Panchayat,101065,1,Baya,बया,2681
1600.0,3,Gram Panchayat,101583,1,Bayasi,बयासी,2715
1601.0,3,Gram Panchayat,93922,2,Bazar Barma,बाज़ार बर्मा,2219
1602.0,3,Gram Panchayat,100337,1,Bazidpur,बाजिदपुर,2633
1603.0,3,Gram Panchayat,100467,1,Bazidpur,बाजिदपुर,2639
1604.0,3,Gram Panchayat,95382,1,Bazid Pur,बाजिदपुर,2311
1605.0,3,Gram Panchayat,100516,1,Bedauli,बेदौली,2642
1606.0,3,Gram Panchayat,93668,1,Beer Nagar East,बिरनगर पूर्वी,2207
1607.0,3,Gram Panchayat,93669,1,Beer Nagar West,बिरनगर पश्चिमी,2207
1608.0,3,Gram Panchayat,98761,1,Behara,बेहरा,2526
1609.0,3,Gram Panchayat,99095,1,Behranwa,बेहरावाँ,2549
1610.0,3,Gram Panchayat,97108,2,Behrari,बेहररी,2427
1611.0,3,Gram Panchayat,100338,1,Bejha Dih,बेझा डीह,2633
1612.0,3,Gram Panchayat,94018,1,Bel,बेल,2224
1613.0,3,Gram Panchayat,93765,1,Bela,बेला,2211
1614.0,3,Gram Panchayat,93856,2,Bela,बेला,2215
1615.0,3,Gram Panchayat,95713,1,Bela,बेला,2334
1616.0,3,Gram Panchayat,96095,1,Bela,बेला,2358
1617.0,3,Gram Panchayat,97167,1,Bela,बेला,2431
1618.0,3,Gram Panchayat,98829,1,Bela,बेला,2532
1619.0,3,Gram Panchayat,99410,1,Bela,बेला,2572
1620.0,3,Gram Panchayat,100564,1,Bela,बेला,2644
1621.0,3,Gram Panchayat,96209,1,Bela Birra,बेला बिर्रा,2366
1622.0,3,Gram Panchayat,101871,1,Bela Dargah,बेला दरगाह,2730
1623.0,3,Gram Panchayat,97628,1,Beladih,बेलाडीह,2458
1624.0,3,Gram Panchayat,95485,1,Belaganj,बेलागंज,2318
1625.0,3,Gram Panchayat,98497,2,Belahawa Madanpur,बेलहवा मदनपुर,2511
1626.0,3,Gram Panchayat,97351,1,Belahi,बेलाही,2441
1627.0,3,Gram Panchayat,97481,1,Belahi,बेलाही,2448
1628.0,3,Gram Panchayat,101538,2,Belahi,बेलही,2711
1629.0,3,Gram Panchayat,97405,1,Belahi Bhawanipur,बेलाही भवानीपुर,2444
1630.0,3,Gram Panchayat,95889,2,Belahi Khas,बेलही खास,2344
1631.0,3,Gram Panchayat,97825,1,Belahi Lachhi,बेलाही लच्छी,2468
1632.0,3,Gram Panchayat,101130,1,Belahi Nilkanth,बेलाही नीलकंठ,2685
1633.0,3,Gram Panchayat,99385,1,Belahi Ram,बेलाही राम,2569
1634.0,3,Gram Panchayat,100948,1,Belahiya,बेलाहिया,2673
1635.0,3,Gram Panchayat,100919,2,Belahiyan,बेलहिया,2671
1636.0,3,Gram Panchayat,93995,1,Belaien,बेलईएं,2223
1637.0,3,Gram Panchayat,101066,1,Bela Machhpakauni,बेला मचछपकौनी,2681
1638.0,3,Gram Panchayat,96143,1,Belamba,बेलम्बा,2361
1639.0,3,Gram Panchayat,100437,1,Bela Megh,बेलामेघ,2638
1640.0,3,Gram Panchayat,96663,2,Bela Nauwad,बेला नौवाद,2397
1641.0,3,Gram Panchayat,95060,1,Belaon,बेलॉव,2293
1642.0,3,Gram Panchayat,96397,2,Belaon,बेलाँव,2379
1643.0,3,Gram Panchayat,98320,1,Belar,बेलर,2499
1644.0,3,Gram Panchayat,97045,1,Belari,बेलारी,2423
1645.0,3,Gram Panchayat,100438,1,Belari,बेलाड़ी,2638
1646.0,3,Gram Panchayat,99652,2,Bela Rikabganj,बेलारिकाबगंज,2588
1647.0,3,Gram Panchayat,96717,1,Belasimri,बेलसिमरी,2400
1648.0,3,Gram Panchayat,101550,1,Bela Singar Moti,बेला सिंगार मोटी,2712
1649.0,3,Gram Panchayat,97369,1,Belauncha,बेलौंचा,2442
1650.0,3,Gram Panchayat,94957,1,Belaur,बेलाउर,2284
1651.0,3,Gram Panchayat,101334,1,Belaur,बेलौर,2696
1652.0,3,Gram Panchayat,238540,1,Belaura Panchayat,बलौरा पंचायत,6807
1653.0,3,Gram Panchayat,96358,2,Belauri,बेलौड़ी,2376
1654.0,3,Gram Panchayat,95590,1,Belauti,बेलौटी,2325
1655.0,3,Gram Panchayat,100860,2,Belaw,बेलाव,2665
1656.0,3,Gram Panchayat,101279,2,Belaw,बेलाव,2693
1657.0,3,Gram Panchayat,238492,2,Belawon Panchayat,वेलाव पंचायत,6805
1658.0,3,Gram Panchayat,98090,1,Belchhi,बेलछी,2480
1659.0,3,Gram Panchayat,98822,1,Belchhi,बेलछी,2531
1660.0,3,Gram Panchayat,98165,1,Bele,बेले,2485
1661.0,3,Gram Panchayat,99587,2,Belgacchi,बेलगच्छी,2584
1662.0,3,Gram Panchayat,100935,1,Belganj,बेलगंज,2672
1663.0,3,Gram Panchayat,95486,2,Belhadi,बेल्हाड़ी,2318
1664.0,3,Gram Panchayat,94127,1,Belhar,बेलहर,2230
1665.0,3,Gram Panchayat,95061,1,Belhari,बेलहरी,2293
1666.0,3,Gram Panchayat,97296,1,Belhi East,बेलही पूर्वी,2437
1667.0,3,Gram Panchayat,97297,1,Belhi South,बेलही दक्षिण,2437
1668.0,3,Gram Panchayat,97295,1,Belhi West,बेलही पश्चिम,2437
1669.0,3,Gram Panchayat,238520,1,Belkhara Panchayat,बेलखरा पंचायत,6806
1670.0,3,Gram Panchayat,94608,3,Belkhoria,बेलखोरिया,2263
1671.0,3,Gram Panchayat,98391,2,Belkhunda,बेलखुण्डा,2505
1672.0,3,Gram Panchayat,97082,1,Belo,बेलो,2425
1673.0,3,Gram Panchayat,96533,1,Belon,बेलोन,2388
1674.0,3,Gram Panchayat,245374,2,Belor,बेलौर,2656
1675.0,3,Gram Panchayat,97751,1,Bel Pakauna,बेलपकौना,2465
1676.0,3,Gram Panchayat,95796,2,Belsand,बेलसंड,2339
1677.0,3,Gram Panchayat,98575,1,Belsandi,बेलसंडी,2516
1678.0,3,Gram Panchayat,100146,2,Belsandi,बेलसंडी,2622
1679.0,3,Gram Panchayat,100198,2,Belsandih,बेलसंडी,2625
1680.0,3,Gram Panchayat,100118,1,Belsandi Tara,बेलसंडी तारा,2621
1681.0,3,Gram Panchayat,101854,1,Belsar,बेलसर,2729
1682.0,3,Gram Panchayat,93813,1,Belsara,बेलसारा,2213
1683.0,3,Gram Panchayat,238487,2,Belsar Panchayat,बेलसार पंचायत,6805
1684.0,3,Gram Panchayat,94687,1,Belthu,बेलथू,2268
1685.0,3,Gram Panchayat,93643,1,Belwa,बेलवा,2206
1686.0,3,Gram Panchayat,95837,1,Belwa,बेलवा,2341
1687.0,3,Gram Panchayat,96484,1,Belwa,बेलवा,2384
1688.0,3,Gram Panchayat,96806,2,Belwa,बेलवा,2405
1689.0,3,Gram Panchayat,98576,1,Belwa,बेलवा,2516
1690.0,3,Gram Panchayat,99118,1,Belwa,बेलवा,2551
1691.0,3,Gram Panchayat,100892,2,Belwa,बेलवा,2668
1692.0,3,Gram Panchayat,96485,2,Belwa Dangi,बेलवाडांगी,2384
1693.0,3,Gram Panchayat,98616,1,Belwa Lakhanpur,बेलवा लखनपुर,2518
1694.0,3,Gram Panchayat,93890,1,Belwan,बेलवाॉ,2217
1695.0,3,Gram Panchayat,244493,1,Belwa Narirawa,बेलवा नारिरवा,2577
1696.0,3,Gram Panchayat,100058,1,Belwara,बेलवारा,2618
1697.0,3,Gram Panchayat,98056,1,Ben,बेन,2477
1698.0,3,Gram Panchayat,93844,1,Benga,बेंगा,2214
1699.0,3,Gram Panchayat,101131,2,Bengahi Ramnagar,बेंगही रामनगर,2685
1700.0,3,Gram Panchayat,98856,1,Beni Bigha,बेनी बिगहा,2533
1701.0,3,Gram Panchayat,96534,2,Beni Jalalpur,बेनी जलालपुर,2388
1702.0,3,Gram Panchayat,99800,1,Bensagar,बेनसागर,2598
1703.0,3,Gram Panchayat,97337,1,Benta Kakarghati,बेंटा काकरघटी,2440
1704.0,3,Gram Panchayat,97298,1,Bera,बेरा,2437
1705.0,3,Gram Panchayat,101918,1,Berai,बेरई,2732
1706.0,3,Gram Panchayat,97752,1,Berai North,बेरई  उत्तरी,2465
1707.0,3,Gram Panchayat,97753,1,Berai South,बेरई दक्षिणी,2465
1708.0,3,Gram Panchayat,93923,1,Beraka,बेरका,2219
1709.0,3,Gram Panchayat,94144,3,Berfera Tetariya,बडफेरा तेतरिया,2231
1710.0,3,Gram Panchayat,98808,1,Berhana East,बरहना पूर्वी,2530
1711.0,3,Gram Panchayat,98809,1,Berhana West,बरहना पश्चिमी,2530
1712.0,3,Gram Panchayat,93905,1,Berhani,बेरहनी,2218
1713.0,3,Gram Panchayat,93906,1,Berhna,बेरहना,2218
1714.0,3,Gram Panchayat,93973,1,Beri,बेरी,2222
1715.0,3,Gram Panchayat,95359,2,Beri,बेरी,2309
1716.0,3,Gram Panchayat,99763,1,Berkap,बेरकप,2596
1717.0,3,Gram Panchayat,97370,1,Berma,बेरमा,2442
1718.0,3,Gram Panchayat,98974,1,Berra,बर्रा,2542
1719.0,3,Gram Panchayat,98182,1,Berthu,बेरथु,2486
1720.0,3,Gram Panchayat,97708,1,Berua,बेरूआ,2463
1721.0,3,Gram Panchayat,98010,1,Berua,बेरूआ,2475
1722.0,3,Gram Panchayat,97977,1,Beruadih,बेरुआडीह,2474
1723.0,3,Gram Panchayat,101011,2,Berwas,बेर्वस,2678
1724.0,3,Gram Panchayat,96876,1,Besarbati,बेसरबाती,2409
1725.0,3,Gram Panchayat,98166,1,Beshwak,बेशवक,2485
1726.0,3,Gram Panchayat,101067,1,Betaha,बेताहा,2681
1727.0,3,Gram Panchayat,97277,1,Beta Parsa,बेटा परसा,2436
1728.0,3,Gram Panchayat,96266,1,Betari,बेतरी,2370
1729.0,3,Gram Panchayat,97208,3,Betauna,बेटौना,2433
1730.0,3,Gram Panchayat,99386,1,Betauna,बेटौना,2569
1731.0,3,Gram Panchayat,98553,1,Bettiah Dih,बेतिया डीह,2515
1732.0,3,Gram Panchayat,96941,1,Bhabaria,भवारिया,2415
1733.0,3,Gram Panchayat,94095,1,Bhabhangama,बभनगामा,2228
1734.0,3,Gram Panchayat,98690,1,Bhabhata,भभटा,2522
1735.0,3,Gram Panchayat,95151,1,Bhachhi,भच्छी,2298
1736.0,3,Gram Panchayat,99252,1,Bhada,भाड़ा,2560
1737.0,3,Gram Panchayat,95360,1,Bhadahar,भदहर,2309
1738.0,3,Gram Panchayat,97651,1,Bhadai,भदई,2460
1739.0,3,Gram Panchayat,100256,1,Bhadaia,भदैया,2628
1740.0,3,Gram Panchayat,101362,1,Bhada Khurd,भादा खुर्द,2699
1741.0,3,Gram Panchayat,95062,1,Bhadar,भदार,2293
1742.0,3,Gram Panchayat,99864,1,Bhadara,भदारा,2602
1743.0,3,Gram Panchayat,94061,1,Bhadariya,भदरिया,2226
1744.0,3,Gram Panchayat,96719,1,Bhadas Dakshin,भड़ास दक्षिण,2400
1745.0,3,Gram Panchayat,238496,1,Bhadasi Panchayat,भदासी पंचायत,6804
1746.0,3,Gram Panchayat,96718,1,Bhadas Uttar,भड़ास उत्तर,2400
1747.0,3,Gram Panchayat,96338,2,Bhadaula,भदौला,2375
1748.0,3,Gram Panchayat,97067,2,Bhadaul Budhma,भदौल बुधमा,2424
1749.0,3,Gram Panchayat,100854,2,Bhadausi,भदौसी,2664
1750.0,3,Gram Panchayat,95657,1,Bhadeja,भदेजा,2329
1751.0,3,Gram Panchayat,101047,1,Bhadiyan,भड़ियाँ,2680
1752.0,3,Gram Panchayat,98375,1,Bhadokhara,भदोखरा,2504
1753.0,3,Gram Panchayat,99953,1,Bhadokhra,भदोखरा,2610
1754.0,3,Gram Panchayat,94041,1,Bhaduki Kalan,भदुकीकला,2225
1755.0,3,Gram Panchayat,94042,1,Bhadwa,भदवा,2225
1756.0,3,Gram Panchayat,94851,1,Bhadwar,भदवर,2278
1757.0,3,Gram Panchayat,94972,1,Bhadwar,भाड़वार,2285
1758.0,3,Gram Panchayat,101830,1,Bhadwas,भादवास,2728
1759.0,3,Gram Panchayat,96819,1,Bhagal,भागल,2406
1760.0,3,Gram Panchayat,101440,1,Bhagar,भागर,2705
1761.0,3,Gram Panchayat,94281,2,Bhagatpur,भगतपुर,2239
1762.0,3,Gram Panchayat,93693,1,Bhag Kohalia,भागकोहलिया,2208
1763.0,3,Gram Panchayat,98976,1,Bhagwanganj,भगवानगंज,2542
1764.0,3,Gram Panchayat,95949,1,Bhagwanpur,भगवानपुर,2347
1765.0,3,Gram Panchayat,96286,1,Bhagwanpur,भगवानपुर,2371
1766.0,3,Gram Panchayat,97895,1,Bhagwanpur,भगवानपुर,2471
1767.0,3,Gram Panchayat,98717,1,Bhagwanpur,भगवानपुर,2523
1768.0,3,Gram Panchayat,99222,1,Bhagwanpur,भगवानपुर,2558
1769.0,3,Gram Panchayat,101110,1,Bhagwanpur,भगवानपुर,2684
1770.0,3,Gram Panchayat,101487,1,Bhagwanpur,भगवानपुर,2708
1771.0,3,Gram Panchayat,93723,1,Bhagwan Pur,भगवानपुर,2209
1772.0,3,Gram Panchayat,98376,1,Bhagwan Pur,भगवानपुर,2504
1773.0,3,Gram Panchayat,100439,1,Bhagwanpur Desua,भगवानपुर देसुआ,2638
1774.0,3,Gram Panchayat,100440,1,Bhagwanpur Kamla,भगवानपुर कमला,2638
1775.0,3,Gram Panchayat,101941,1,Bhagwanpur Ratti,भगवानपुर रत्ती,2734
1776.0,3,Gram Panchayat,97922,1,Bhagwanpur Simra,भगवानपुर सिमरा,2472
1777.0,3,Gram Panchayat,97482,1,Bhagwatipur,भगवतीपुर,2448
1778.0,3,Gram Panchayat,100368,1,Bhagwatpur,भागवतपुर,2634
1779.0,3,Gram Panchayat,100814,2,Bhagwatpur,भागवतपुर,2660
1780.0,3,Gram Panchayat,101942,1,Bhagwatpur,भगवतपुर,2734
1781.0,3,Gram Panchayat,96210,1,Bhaikh,भैख,2366
1782.0,3,Gram Panchayat,99764,1,Bhainsaha,भैंसहा,2596
1783.0,3,Gram Panchayat,97235,1,Bhairba,भैड़वा,2434
1784.0,3,Gram Panchayat,98471,1,Bhairoganj,भैरोगंज,2510
1785.0,3,Gram Panchayat,101872,1,Bhairokhara,भैरोखरा,2730
1786.0,3,Gram Panchayat,100542,1,Bhairopur Nizamat,भैरोपुर निज़ामत,2643
1787.0,3,Gram Panchayat,94320,1,Bhairwar,भैरवार,2241
1788.0,3,Gram Panchayat,95931,1,Bhaisahin,भैसही,2346
1789.0,3,Gram Panchayat,98472,2,Bhaisahi Padar Khap,भैसही पाड़रखाप,2510
1790.0,3,Gram Panchayat,98554,1,Bhaisahi Pokharia,भैसही पोखरिया,2515
1791.0,3,Gram Panchayat,98977,1,Bhaiswan,भैसवां,2542
1792.0,3,Gram Panchayat,100687,2,Bhajauna Nachap,भजौना नचाप,2652
1793.0,3,Gram Panchayat,97424,1,Bhakharain,भाखराईन,2445
1794.0,3,Gram Panchayat,97338,1,Bhakua,भकुआ,2440
1795.0,3,Gram Panchayat,94937,1,Bhakura,भाकुरा,2283
1796.0,3,Gram Panchayat,95224,2,Bhalpatti,भालपट्टी,2301
1797.0,3,Gram Panchayat,95471,1,Bhalua,भलुआ,2317
1798.0,3,Gram Panchayat,100688,1,Bhalua Bujurg,भलुऑ बुजुर्ग,2652
1799.0,3,Gram Panchayat,101159,1,Bhaluaha,भलुआहा,2686
1800.0,3,Gram Panchayat,95487,1,Bhalua-I,भलुआ-I,2318
1801.0,3,Gram Panchayat,95488,1,Bhalua-Ii,भलुआ-II,2318
1802.0,3,Gram Panchayat,101222,1,Bhaluara,भलुआरा,2690
1803.0,3,Gram Panchayat,99765,1,Bhaluari,भलुआड़ी,2596
1804.0,3,Gram Panchayat,96905,1,Bhalui,भलुई,2411
1805.0,3,Gram Panchayat,101919,1,Bhalui,भलुई,2732
1806.0,3,Gram Panchayat,97652,1,Bhalura,भलूरा,2460
1807.0,3,Gram Panchayat,99325,1,Bhalwa,भलवा,2564
1808.0,3,Gram Panchayat,101223,1,Bhamopali,भामोपाली,2690
1809.0,3,Gram Panchayat,96509,1,Bhamraili,भमरैली,2385
1810.0,3,Gram Panchayat,98285,1,Bhanail Lodipur,भनैल लोदिपुर,2496
1811.0,3,Gram Panchayat,99235,1,Bhandar,भंडार,2558
1812.0,3,Gram Panchayat,100982,1,Bhandari,भंडारी,2675
1813.0,3,Gram Panchayat,95383,1,Bhandarison,भंडारिसोन,2311
1814.0,3,Gram Panchayat,96515,1,Bhangaha,भंगहा,2386
1815.0,3,Gram Panchayat,98645,1,Bhangaha,भंगहा,2520
1816.0,3,Gram Panchayat,93766,1,Bhangahi,भंगही,2211
1817.0,3,Gram Panchayat,95531,1,Bhangia,भंगिया,2321
1818.0,3,Gram Panchayat,99778,2,Bhanpur,भानपुर,2597
1819.0,3,Gram Panchayat,96916,1,Bhanpura,भानपुरा,2412
1820.0,3,Gram Panchayat,101731,2,Bhanpur Barewa,भानपुर बारेवा,2723
1821.0,3,Gram Panchayat,93724,1,Bhansia,भंसिया,2209
1822.0,3,Gram Panchayat,97025,1,Bhantakthi,भान टेकठी,2421
1823.0,3,Gram Panchayat,101453,1,Bhanta Pokhar,भंटापोखर,2706
1824.0,3,Gram Panchayat,101003,1,Bhantawari,भांतावरी,2677
1825.0,3,Gram Panchayat,96877,1,Bhaog Dabar,भओग डाबर,2409
1826.0,3,Gram Panchayat,101601,2,Bhaptiyahi,भपटियाही,2716
1827.0,3,Gram Panchayat,96312,1,Bharari Kala,भरारीकला,2373
1828.0,3,Gram Panchayat,99779,1,Bhara Sara,भड़सरा,2597
1829.0,3,Gram Panchayat,95405,1,Bharathi,भराठी,2312
1830.0,3,Gram Panchayat,97653,1,Bharathua,भरथुआ,2460
1831.0,3,Gram Panchayat,98912,1,Bharatpura,भरतपूरा,2537
1832.0,3,Gram Panchayat,101404,1,Bharatpura,भरतपुरा,2703
1833.0,3,Gram Panchayat,94227,2,Bharatshila,भरतशिला,2236
1834.0,3,Gram Panchayat,94916,2,Bharauli,भारौली,2282
1835.0,3,Gram Panchayat,101481,1,Bharauli,भरौली,2707
1836.0,3,Gram Panchayat,93955,1,Bharaundha,भरौंधा,2221
1837.0,3,Gram Panchayat,98498,2,Bharchhi,भरछी,2511
1838.0,3,Gram Panchayat,95543,1,Bhare,भरे,2322
1839.0,3,Gram Panchayat,93670,1,Bhargama,भरगामा,2207
1840.0,3,Gram Panchayat,97425,1,Bhargama,भरगामा,2445
1841.0,3,Gram Panchayat,99439,1,Bhargawan,भार्गवान,2575
1842.0,3,Gram Panchayat,95406,1,Bharhulli,भरहुल्ली,2312
1843.0,3,Gram Panchayat,97520,1,Bharia Bisanpur,भरिया बिसनपुर,2450
1844.0,3,Gram Panchayat,96359,1,Bharkhar,भरखर,2376
1845.0,3,Gram Panchayat,94062,3,Bharko,भरको,2226
1846.0,3,Gram Panchayat,100791,1,Bharpura,भरपुरा,2659
1847.0,3,Gram Panchayat,100119,1,Bharpura Patpara,भरपुरा  पटपारा,2621
1848.0,3,Gram Panchayat,95838,1,Bharpurwa,भरपुरवा,2341
1849.0,3,Gram Panchayat,96535,2,Bharri,भर्री,2388
1850.0,3,Gram Panchayat,94875,2,Bharsar,भड़सर,2279
1851.0,3,Gram Panchayat,96516,1,Bharsia,भरसिया,2386
1852.0,3,Gram Panchayat,96750,1,Bharso,भरसो,2402
1853.0,3,Gram Panchayat,97978,1,Bharthipur,भरथीपुर,2474
1854.0,3,Gram Panchayat,96161,1,Bharthu,भारथु,2362
1855.0,3,Gram Panchayat,94019,1,Bharub,भारुब,2224
1856.0,3,Gram Panchayat,100321,1,Bharwari,भड़वारी,2632
1857.0,3,Gram Panchayat,101012,1,Bhasar Machhaha Dakshini,भसर मच्छहा दक्षिणी,2678
1858.0,3,Gram Panchayat,101013,1,Bhasar Machhaha Uttari,भसर मच्छहा उत्तरी,2678
1859.0,3,Gram Panchayat,98691,2,Bhasurari,भसुरारी,2522
1860.0,3,Gram Panchayat,96772,1,Bhatabari,भाटाबारी,2403
1861.0,3,Gram Panchayat,99440,1,Bhataha,भटाहा,2575
1862.0,3,Gram Panchayat,99183,1,Bhatanahiya,भटनहिया,2556
1863.0,3,Gram Panchayat,95063,1,Bhatauli,भटौली,2293
1864.0,3,Gram Panchayat,97811,1,Bhatauna,भटौना,2467
1865.0,3,Gram Panchayat,100059,1,Bhatauni,भतौनी,2618
1866.0,3,Gram Panchayat,100388,1,Bhataura,भटौरा,2635
1867.0,3,Gram Panchayat,97168,1,Bhatchaura,भथचौरा,2431
1868.0,3,Gram Panchayat,100815,1,Bhatgai,भटगाई,2660
1869.0,3,Gram Panchayat,96878,1,Bhat Gaon,भाट गाओं,2409
1870.0,3,Gram Panchayat,98810,1,Bhatgawn,भटगावन,2530
1871.0,3,Gram Panchayat,100677,1,Bhatha,भाथा,2651
1872.0,3,Gram Panchayat,100655,2,Bhatkesari,भटकेसरी,2649
1873.0,3,Gram Panchayat,97083,1,Bhatkhora,भतखोड़ा,2425
1874.0,3,Gram Panchayat,94609,1,Bhatoria,भतोड़िया,2263
1875.0,3,Gram Panchayat,97026,1,Bhatrandha Parmanpur,भतरंधा-परमानपुर,2421
1876.0,3,Gram Panchayat,99557,1,Bhat Sara,भाट सारा,2582
1877.0,3,Gram Panchayat,97521,1,Bhatsimar East,भटसिमर पूर्वी,2450
1878.0,3,Gram Panchayat,97522,1,Bhatsimar West,भटसिमर पश्चिम,2450
1879.0,3,Gram Panchayat,98423,1,Bhatta,भट्टा,2507
1880.0,3,Gram Panchayat,101405,1,Bhatwaliya,भटवलिया,2703
1881.0,3,Gram Panchayat,244469,1,Bhatwaliya,भतवालिया,2574
1882.0,3,Gram Panchayat,100178,1,Bhatwan,भटवन,2624
1883.0,3,Gram Panchayat,96574,2,Bhatwara,भटवारा,2390
1884.0,3,Gram Panchayat,96536,2,Bhaunagar,भौनगर,2388
1885.0,3,Gram Panchayat,97483,1,Bhaur,भौर,2448
1886.0,3,Gram Panchayat,96773,1,Bhauradah,भौरडह,2403
1887.0,3,Gram Panchayat,101798,1,Bhautauli Bhagwan,भौतौली भगवान,2726
1888.0,3,Gram Panchayat,99690,1,Bhauwa Parbal,भौवा परबल,2590
1889.0,3,Gram Panchayat,98744,2,Bhawal,भावल,2525
1890.0,3,Gram Panchayat,100713,1,Bhawalpur,भावलपुर,2653
1891.0,3,Gram Panchayat,94282,1,Bhawanand Pur,भवानन्दपुर,2239
1892.0,3,Gram Panchayat,94366,1,Bhawanand Pur,भवानन्दपुर,2243
1893.0,3,Gram Panchayat,93907,1,Bhawanipur,भवानीपुर,2218
1894.0,3,Gram Panchayat,94598,1,Bhawanipur,भवानीपुर,2262
1895.0,3,Gram Panchayat,94663,1,Bhawanipur,भवानीपुर,2266
1896.0,3,Gram Panchayat,95198,1,Bhawanipur,भवानीपुर,2300
1897.0,3,Gram Panchayat,95408,1,Bhawanipur,भवानीपुर,2312
1898.0,3,Gram Panchayat,96486,1,Bhawanipur,भवानीपुर,2384
1899.0,3,Gram Panchayat,97118,1,Bhawanipur,भवानीपुर,2428
1900.0,3,Gram Panchayat,97484,1,Bhawanipur,भवानीपुर,2448
1901.0,3,Gram Panchayat,98597,1,Bhawanipur,भवानीपुर,2517
1902.0,3,Gram Panchayat,99119,1,Bhawanipur,भवानीपुर,2551
1903.0,3,Gram Panchayat,99474,1,Bhawanipur,भवानीपुर,2578
1904.0,3,Gram Panchayat,94571,2,Bhawanipur Desari,भवानीपुर देसरी,2260
1905.0,3,Gram Panchayat,94207,1,Bhawanipur-Kathoun,भवानीपुर-कठौन,2235
1906.0,3,Gram Panchayat,96406,2,Bhawanipur Khatti,भवानीपुर खट्टी,2380
1907.0,3,Gram Panchayat,101574,1,Bhawanipur North,भवानी पुर दक्षिण,2714
1908.0,3,Gram Panchayat,244471,1,Bhawanipur North,भवानीपुर उत्तर,2574
1909.0,3,Gram Panchayat,244472,1,Bhawanipur South,भवानीपुर दक्षिण,2574
1910.0,3,Gram Panchayat,101573,1,Bhawani Pur South,भवानी पुर उत्तर,2714
1911.0,3,Gram Panchayat,98303,1,Bhawan Pur,भवनपुर,2497
1912.0,3,Gram Panchayat,94585,1,Bhawanpura,भवनपुरा,2261
1913.0,3,Gram Panchayat,96563,1,Bhawara,भवरा,2389
1914.0,3,Gram Panchayat,99641,1,Bhawara Lagan,भावरा लगन,2587
1915.0,3,Gram Panchayat,101217,1,Bhawrajpur,भवराजपुर,2689
1916.0,3,Gram Panchayat,97426,1,Bheja,भेजा,2445
1917.0,3,Gram Panchayat,99423,1,Bhelahi,भेलही,2573
1918.0,3,Gram Panchayat,99989,1,Bhelahi,भेलही,2613
1919.0,3,Gram Panchayat,94162,1,Bhelai,भेलाई,2232
1920.0,3,Gram Panchayat,100773,1,Bheldi,भेल्दी,2657
1921.0,3,Gram Panchayat,97017,1,Bhelwa,भेलवा,2420
1922.0,3,Gram Panchayat,97068,1,Bhelwa,भेलवा,2424
1923.0,3,Gram Panchayat,99184,1,Bhelwa,भेलवा,2556
1924.0,3,Gram Panchayat,99029,3,Bherhariya Siyarampur,भेडहरिया सियारामपुर,2545
1925.0,3,Gram Panchayat,99120,1,Bherihari,भेरिहरी,2551
1926.0,3,Gram Panchayat,98692,1,Bheriharwa,भेड़िहरवा,2522
1927.0,3,Gram Panchayat,95890,2,Bheriya,भेड़िया,2344
1928.0,3,Gram Panchayat,99168,1,Bherkhia,भेरख़िया,2555
1929.0,3,Gram Panchayat,96614,1,Bhermara,भेरमारा,2393
1930.0,3,Gram Panchayat,101068,1,Bherrahiya,भेर्रहिया,2681
1931.0,3,Gram Panchayat,94043,1,Bhetaniyan,भेटनियाँ,2225
1932.0,3,Gram Panchayat,95724,2,Bhetaura,भेटौरा,2335
1933.0,3,Gram Panchayat,93792,1,Bhikha,भीखा,2212
1934.0,3,Gram Panchayat,94246,1,Bhikhamchak,भिखम चक,2237
1935.0,3,Gram Panchayat,101261,1,Bhikhampur,भिखमपुर,2692
1936.0,3,Gram Panchayat,99691,1,Bhikhana,भीखना,2590
1937.0,3,Gram Panchayat,94063,1,Bhikhanpur,भीखनपुर,2226
1938.0,3,Gram Panchayat,98424,1,Bhikhanpur,भिखमपुर,2507
1939.0,3,Gram Panchayat,97896,1,Bhikhanpura,भीखनपुरा,2471
1940.0,3,Gram Panchayat,101723,2,Bhikhanpura,भीखनपुरा,2722
1941.0,3,Gram Panchayat,96646,1,Bhikharighat,भिखारीघाट,2396
1942.0,3,Gram Panchayat,101441,1,Bhikhpur,भीखपुर,2705
1943.0,3,Gram Panchayat,96096,1,Bhimain,भीमाईन,2358
1944.0,3,Gram Panchayat,99338,1,Bhimal Pur,भीमल पुर,2565
1945.0,3,Gram Panchayat,96447,1,Bhimiyal,भिमियाल,2382
1946.0,3,Gram Panchayat,101488,1,Bhimnagar,भीमनगर,2708
1947.0,3,Gram Panchayat,101499,1,Bhimpur,भीमपुर,2709
1948.0,3,Gram Panchayat,95370,2,Bhindua,भिंदुआ,2310
1949.0,3,Gram Panchayat,100322,2,Bhiraha East,भिरहा पूर्वी,2632
1950.0,3,Gram Panchayat,93845,1,Bhirbhiri,भिरभिरि,2214
1951.0,3,Gram Panchayat,100323,1,Bhirha South,भिरहा दक्षिण,2632
1952.0,3,Gram Panchayat,100324,1,Bhirha West,भिरहा पश्चिम,2632
1953.0,3,Gram Panchayat,94725,2,Bhirkhurd,भिरखुर्द,2270
1954.0,3,Gram Panchayat,98522,1,Bhitaha,भिताहाँ,2512
1955.0,3,Gram Panchayat,96398,2,Bhitaribandh,भीतरी बान्ध,2379
1956.0,3,Gram Panchayat,97427,1,Bhit Bhagwanpur,भीठ भगवानपुर,2445
1957.0,3,Gram Panchayat,95850,1,Bhitbherwa,भितभेरवा,2342
1958.0,3,Gram Panchayat,101101,1,Bhitha Dharampur,भीता धरमपुर,2683
1959.0,3,Gram Panchayat,100517,2,Bhithi Sahabuddin,भिठी सहाबुद्दीन,2642
1960.0,3,Gram Panchayat,94352,1,Bhithsari,भीठसारी,2242
1961.0,3,Gram Panchayat,98577,1,Bhitiharwa,भितिहरवा,2516
1962.0,3,Gram Panchayat,94180,1,Bhitiya,भितिया,2233
1963.0,3,Gram Panchayat,101312,2,Bhitthi,भिट्रठी,2695
1964.0,3,Gram Panchayat,96360,1,Bhitti,भिट्टी,2376
1965.0,3,Gram Panchayat,94759,1,Bhkura,भ्कुरा,2272
1966.0,3,Gram Panchayat,99672,1,Bhoga Kariyat,भोगा करियात,2589
1967.0,3,Gram Panchayat,96537,1,Bhogaon,भो गाँव,2388
1968.0,3,Gram Panchayat,97236,1,Bhoj Pandaul,भोज पंडौल,2434
1969.0,3,Gram Panchayat,95532,1,Bhokaha,भोकहा,2321
1970.0,3,Gram Panchayat,96361,1,Bhokhari,भोखरी,2376
1971.0,3,Gram Panchayat,99823,1,Bhokhari,भोखरी,2599
1972.0,3,Gram Panchayat,96879,1,Bholmara,भोलमारा,2409
1973.0,3,Gram Panchayat,94514,1,Bholsar,भोलसर,2256
1974.0,3,Gram Panchayat,101014,1,Bhoop Bhairo,भूप भैरो,2678
1975.0,3,Gram Panchayat,95905,2,Bhopatapur,भोपतापुर,2345
1976.0,3,Gram Panchayat,93872,1,Bhopatpur,भोपातपुर,2216
1977.0,3,Gram Panchayat,101224,1,Bhopatpur,भोपतपुर,2690
1978.0,3,Gram Panchayat,101363,2,Bhopatpur,भोपतपुर,2699
1979.0,3,Gram Panchayat,99322,3,Bhopatpur North,भोपातपुर उत्तर,2563
1980.0,3,Gram Panchayat,99313,2,Bhopatpur South,भोपातपुर दक्षिण,2563
1981.0,3,Gram Panchayat,100760,1,Bhoraha,भोरहा,2656
1982.0,3,Gram Panchayat,95658,1,Bhore,भोरे,2329
1983.0,3,Gram Panchayat,100227,2,Bhorejayram,भोरेजयराम,2626
1984.0,3,Gram Panchayat,95820,1,Bhorey,भोरे,2340
1985.0,3,Gram Panchayat,93814,1,Bhorha,भोरहा,2213
1986.0,3,Gram Panchayat,96863,1,Bhorha,भोरहा,2408
1987.0,3,Gram Panchayat,95733,1,Bhori,भोरी,2336
1988.0,3,Gram Panchayat,94193,2,Bhorsar Bhelwa,भोरसार भेलवा,2234
1989.0,3,Gram Panchayat,96840,2,Bhotathana,भोटाथाना,2407
1990.0,3,Gram Panchayat,100714,1,Bhualpur,भुआलपुर,2653
1991.0,3,Gram Panchayat,101732,1,Bhualpur Urf Bahadurpur,भुअलपुर उर्फ बहादुरपुर,2723
1992.0,3,Gram Panchayat,98243,1,Bhui,भुई,2492
1993.0,3,Gram Panchayat,99780,1,Bhui,भुई,2597
1994.0,3,Gram Panchayat,98541,1,Bhuidharwa,भुईधरवा,2514
1995.0,3,Gram Panchayat,96127,1,Bhullo,भुल्लो,2360
1996.0,3,Gram Panchayat,94688,2,Bhulni,भूलनी,2268
1997.0,3,Gram Panchayat,97641,1,Bhuna,भूना,2459
1998.0,3,Gram Panchayat,93725,1,Bhuna Majgama,भुना मजगामा,2209
1999.0,3,Gram Panchayat,97169,1,Bhupati,भूपती,2431
2000.0,3,Gram Panchayat,94708,2,Bhuriya Mahiyama,भूड़िया महियामा,2269
2001.0,3,Gram Panchayat,93924,1,Bhurkunda,भुरकुण्डा,2219
2002.0,3,Gram Panchayat,99339,1,Bhurkurwa,भुरकुरवा,2565
2003.0,3,Gram Panchayat,94096,1,Bhurna,भुरना,2228
2004.0,3,Gram Panchayat,99079,1,Bhusaula Danapur,भुशौला दानापुर,2548
2005.0,3,Gram Panchayat,100518,1,Bhushaw,भुसांव,2642
2006.0,3,Gram Panchayat,100120,1,Bhuswar,भूसवर,2621
2007.0,3,Gram Panchayat,101160,1,Bhutahi,भुतही,2686
2008.0,3,Gram Panchayat,97686,1,Bhutane,भूताने,2462
2009.0,3,Gram Panchayat,98195,1,Bhuthakhar,भुतखार,2488
2010.0,3,Gram Panchayat,94610,3,Bhuwalpur,भुवालपुर,2263
2011.0,3,Gram Panchayat,99277,1,Bhuwan Chhapra,भुवन च्छापरा,2561
2012.0,3,Gram Panchayat,100122,1,Bibhutipur East,विभूतिपुर  पूरव,2621
2013.0,3,Gram Panchayat,100121,1,Bibhutipur North,विभूतिपुर  उत्तर,2621
2014.0,3,Gram Panchayat,98473,1,Bibi Bankatwa,बीबी बनकटवा,2510
2015.0,3,Gram Panchayat,95472,1,Bibi Pesra,बीबी पेसरा,2317
2016.0,3,Gram Panchayat,95755,1,Bichchha,बिच्च्छा,2337
2017.0,3,Gram Panchayat,96128,1,Bichhwe,बिछवे,2360
2018.0,3,Gram Panchayat,94834,2,Bichla Jangalmahal,बिचला जंगलमहल,2277
2019.0,3,Gram Panchayat,95983,1,Bidesi Tola,बिदेसी टोला,2350
2020.0,3,Gram Panchayat,98792,1,Bidhipur Narauli,बिधिपुर नरौली,2529
2021.0,3,Gram Panchayat,101688,1,Bidupur,बिदूपुर,2720
2022.0,3,Gram Panchayat,97883,1,Bidya Jhap,बिद्या झाप,2470
2023.0,3,Gram Panchayat,96487,3,Bighourhat,बिघौरहाट,2384
2024.0,3,Gram Panchayat,95460,1,Bihargain,बिहारगैइं,2316
2025.0,3,Gram Panchayat,99054,1,Bihari Bigha,बिहारी बिगहा,2546
2026.0,3,Gram Panchayat,97629,2,Bihma,बिहमा,2458
2027.0,3,Gram Panchayat,94501,1,Bihpur East,बिहपुर पूरव,2255
2028.0,3,Gram Panchayat,94502,1,Bihpur Jamalpur,बिहपुर जमालपुर,2255
2029.0,3,Gram Panchayat,94500,1,Bihpur Middle,बिहपुर मध्य,2255
2030.0,3,Gram Panchayat,94503,2,Bihpur South,बिहपुर दक्षिण,2255
2031.0,3,Gram Panchayat,100044,2,Bihra,बिहरा,2617
2032.0,3,Gram Panchayat,94938,1,Bihta,बिहटा,2283
2033.0,3,Gram Panchayat,95623,1,Bihta,बिहटा,2327
2034.0,3,Gram Panchayat,100045,1,Bijalpur,बिजलपुर,2617
2035.0,3,Gram Panchayat,96448,1,Bijaul,बिजौल,2382
2036.0,3,Gram Panchayat,99692,1,Bijay Lal Ganj,बिजय लाल गंज,2590
2037.0,3,Gram Panchayat,98880,2,Bijaypura,विजयपुरा,2535
2038.0,3,Gram Panchayat,99156,1,Bijbani East,बीजबानी पूर्वी,2554
2039.0,3,Gram Panchayat,99157,1,Bijbani North,बीजबानी उत्तर,2554
2040.0,3,Gram Panchayat,99158,1,Bijbani South,बीजबानी दक्षिण,2554
2041.0,3,Gram Panchayat,96538,1,Bijhara,बिझाड़ा,2388
2042.0,3,Gram Panchayat,95042,1,Bijhaura,बिझौरा,2291
2043.0,3,Gram Panchayat,100123,1,Bijidpur Bambaiya,वाजिदपुर  बम्बैया,2621
2044.0,3,Gram Panchayat,98345,1,Biju Bigha,बिजू बिगहा,2501
2045.0,3,Gram Panchayat,95225,1,Bijuli,बिजुली,2301
2046.0,3,Gram Panchayat,244494,1,Bijulpur,बिजुलपुर,2577
2047.0,3,Gram Panchayat,95606,1,Bikopur,बीकोपुर,2326
2048.0,3,Gram Panchayat,95043,2,Bikram English,बिक्रम इंग्लीश,2291
2049.0,3,Gram Panchayat,94376,1,Bikrampur,बिक्रमपुर,2244
2050.0,3,Gram Panchayat,95906,2,Bikrampur,विक्रमपुर,2345
2051.0,3,Gram Panchayat,99673,1,Bikram Pur,बिक्रम पुर,2589
2052.0,3,Gram Panchayat,100339,1,Bikrampur Bande,विक्रमपुर बान्दे,2633
2053.0,3,Gram Panchayat,100441,1,Bikunth Pur Brandala,बैकुंठपुर ब्रहण्डा,2638
2054.0,3,Gram Panchayat,101132,1,Bilandpur,बिलण्दपुर,2685
2055.0,3,Gram Panchayat,98189,1,Bilari,बिलारी,2487
2056.0,3,Gram Panchayat,101260,1,Bilaspur,बिलासपुर,2692
2057.0,3,Gram Panchayat,96927,1,Bilauri,बिलौरी,2413
2058.0,3,Gram Panchayat,94917,1,Bilauti,बिलौटी,2282
2059.0,3,Gram Panchayat,96942,1,Billo,बिल्लो,2415
2060.0,3,Gram Panchayat,100829,1,Biman,विमान,2661
2061.0,3,Gram Panchayat,94835,1,Bimawan,बीमवान,2277
2062.0,3,Gram Panchayat,101620,1,Bina,बिना,2717
2063.0,3,Gram Panchayat,98693,1,Binbaliya,बिनवलिया,2522
2064.0,3,Gram Panchayat,98081,1,Bind,बींद,2479
2065.0,3,Gram Panchayat,95473,1,Binda,बिन्दा,2317
2066.0,3,Gram Panchayat,97555,1,Binda Diyara(Harinmar),बिंदा दियारा (हरिणमार),2452
2067.0,3,Gram Panchayat,97554,1,Binda Diyara (Jhoua Bahiyar),बिंदा दियारा (झौवा बहियार ),2452
2068.0,3,Gram Panchayat,97556,1,Binda Diyara(Kalyan Tola),बिंदा दियारा (कल्याण टोला),2452
2069.0,3,Gram Panchayat,100602,2,Binda Lal Ke Rampur,बिन्दा लाल के रामपुर,2646
2070.0,3,Gram Panchayat,98831,1,Bindaul,बिंदौल,2532
2071.0,3,Gram Panchayat,101313,2,Bindwal,बिन्दवल,2695
2072.0,3,Gram Panchayat,96575,1,Binodpur,विनोदपुर,2390
2073.0,3,Gram Panchayat,94321,3,Binod Pur,विनोदपुर,2241
2074.0,3,Gram Panchayat,98499,2,Binwaliya Bodsar,बिन्वलिया बोधसर,2511
2075.0,3,Gram Panchayat,95607,1,Biraj,विराज,2326
2076.0,3,Gram Panchayat,94852,1,Birampur,बिरामपुर,2278
2077.0,3,Gram Panchayat,101048,1,Birar,बिरार,2680
2078.0,3,Gram Panchayat,100084,1,Biratpur,विराटपुर,2619
2079.0,3,Gram Panchayat,95199,1,Biraul,बिरौल,2300
2080.0,3,Gram Panchayat,97485,1,Biraul,बिरौल,2448
2081.0,3,Gram Panchayat,94515,1,Birbanna,बीरबन्ना,2256
2082.0,3,Gram Panchayat,98858,2,Birdhaur Berar Katari,बिरघौर बेरर कटारी,2533
2083.0,3,Gram Panchayat,97032,1,Birgawn Chatara,बीरगांव चतरा,2422
2084.0,3,Gram Panchayat,97131,1,Biriranpal,बीड़ी रणपाल,2429
2085.0,3,Gram Panchayat,100442,1,Birnama Tula,बिरणामा तुला,2638
2086.0,3,Gram Panchayat,98321,1,Birnanwan,बिरनावा,2499
2087.0,3,Gram Panchayat,98454,1,Birnanwan,बरनामा,2509
2088.0,3,Gram Panchayat,94228,2,Birnaudha,बिरनौधा,2236
2089.0,3,Gram Panchayat,94145,1,Birniya,बिरनिया,2231
2090.0,3,Gram Panchayat,97187,1,Birpur,बीरपुर,2432
2091.0,3,Gram Panchayat,97385,2,Birpur,बीरपुर,2443
2092.0,3,Gram Panchayat,97729,1,Birpur,वीरपुर,2464
2093.0,3,Gram Panchayat,99674,1,Birpur,बीरपुर,2589
2094.0,3,Gram Panchayat,94367,1,Birpur East,वीरपुर पूर्वी,2243
2095.0,3,Gram Panchayat,94368,1,Birpur West,वीरपुर पश्चिमी,2243
2096.0,3,Gram Panchayat,101192,1,Birrakh,बिर्रख,2688
2097.0,3,Gram Panchayat,100200,2,Birsingpur,बीरसिंहपुर,2625
2098.0,3,Gram Panchayat,95361,1,Bisaharia Mohim Bujurg,बिषहरिया मोहीम बुजुर्ग,2309
2099.0,3,Gram Panchayat,95428,1,Bisahath Bathia,बिसहथ बथिया,2313
2100.0,3,Gram Panchayat,94064,1,Bisanpur,बिशनपुर,2226
2101.0,3,Gram Panchayat,94247,3,Bisanpur,बिशनपुर,2237
2102.0,3,Gram Panchayat,96097,1,Bisanpur,विशनपुर,2358
2103.0,3,Gram Panchayat,97470,1,Bisanpur,बिसनपुर,2447
2104.0,3,Gram Panchayat,100308,1,Bisanpur Bathua,विष्णुपुर बथुआ,2631
2105.0,3,Gram Panchayat,101584,1,Bisanpur Daulat,बिसनपुर दौलत,2715
2106.0,3,Gram Panchayat,97278,1,Bisaul,बिसौल,2436
2107.0,3,Gram Panchayat,99724,2,Biseni Kala,बिसेनीकला,2592
2108.0,3,Gram Panchayat,97237,1,Bisfi,बिस्फी,2434
2109.0,3,Gram Panchayat,96576,2,Bishahariya,बिषहरिया,2390
2110.0,3,Gram Panchayat,98665,1,Bishambharpur,विशम्भरपुर,2521
2111.0,3,Gram Panchayat,93815,1,Bishanpur,विशनपुर,2213
2112.0,3,Gram Panchayat,96577,1,Bishanpur,बिशनपुर,2390
2113.0,3,Gram Panchayat,96820,2,Bishanpur,बिशनपुर,2406
2114.0,3,Gram Panchayat,97209,1,Bishanpur,बिशनपुर,2433
2115.0,3,Gram Panchayat,97262,1,Bishanpur,बिशनपुर,2435
2116.0,3,Gram Panchayat,99604,1,Bishanpur,बिशनपुर,2585
2117.0,3,Gram Panchayat,100019,1,Bishanpur,बिशनपुर,2615
2118.0,3,Gram Panchayat,100046,1,Bishanpur,बिशनपुर,2617
2119.0,3,Gram Panchayat,101015,2,Bishanpur,बिशनपुर,2678
2120.0,3,Gram Panchayat,101069,1,Bishanpur,बिशनपुर,2681
2121.0,3,Gram Panchayat,100228,1,Bishanpur Abhi,बिशनपुर आभी,2626
2122.0,3,Gram Panchayat,94455,1,Bishanpur Ahok,बिष्णुपुर आहोक,2252
2123.0,3,Gram Panchayat,97979,1,Bishanpur Baghnagari,बिशनपुर बघनगरी,2474
2124.0,3,Gram Panchayat,97047,1,Bishanpur Bajar,बिशनपुर बाज़ार,2423
2125.0,3,Gram Panchayat,100246,2,Bishanpur Ber,बिशनपुर बेरी,2627
2126.0,3,Gram Panchayat,94551,3,Bishanpur Jichho,विशनपुर जिच्छो,2258
2127.0,3,Gram Panchayat,97957,2,Bishanpur Patti,बिशनपुर पट्टी,2473
2128.0,3,Gram Panchayat,97923,1,Bishanpur Saraiya,बिशनपुर सरैया,2472
2129.0,3,Gram Panchayat,97046,1,Bishan Pur Sundar,बिशनपुर सुन्दर,2423
2130.0,3,Gram Panchayat,94611,2,Bishanrampur,बिशनरामपुर,2263
2131.0,3,Gram Panchayat,94446,2,Bishnupur,विष्णुपुर,2251
2132.0,3,Gram Panchayat,99240,1,Bishunpur,बिशुनपुर,2559
2133.0,3,Gram Panchayat,99475,1,Bishunpur,बिशुनपुर,2578
2134.0,3,Gram Panchayat,94782,2,Bishun Pur,बिशुन पुर,2273
2135.0,3,Gram Panchayat,95756,1,Bishun Pur,बिशुन पुर,2337
2136.0,3,Gram Panchayat,98304,1,Bishun Pur,विशुनपुर,2497
2137.0,3,Gram Panchayat,95798,1,Bishunpura,बिशुनपुरा,2339
2138.0,3,Gram Panchayat,98832,1,Bishunpura,बिशुनपुरा,2532
2139.0,3,Gram Panchayat,100543,1,Bishunpura,बिशुनपुरा,2643
2140.0,3,Gram Panchayat,100656,3,Bishunpura,बिशुनपुरा,2649
2141.0,3,Gram Panchayat,101161,1,Bishunpur Adhar,बिशुनपुर आधार,2686
2142.0,3,Gram Panchayat,97884,1,Bishunpur Bakhri,बिशुनपुर बखरी,2470
2143.0,3,Gram Panchayat,101750,2,Bishunpur Baladhari,बिशुनपुर बालाधारी,2724
2144.0,3,Gram Panchayat,101751,1,Bishunpur Basant,बिशुनपुर बसंत,2724
2145.0,3,Gram Panchayat,100404,1,Bishunpur Diha,बिष्णुपुर डिहा,2636
2146.0,3,Gram Panchayat,95851,3,Bishunpur East,विशुनपुर पुर्वी,2342
2147.0,3,Gram Panchayat,97654,1,Bishunpur Gokhul,बिशुनपुर गोखुल,2460
2148.0,3,Gram Panchayat,101162,1,Bishunpur Gonahi,बिशुनपुर गोनाही,2686
2149.0,3,Gram Panchayat,97958,1,Bishunpur Kalyan,बिशुनपुर कल्याण,2473
2150.0,3,Gram Panchayat,97048,2,Bishunpur Korlahi,बिशनपुर कोरलाही,2423
2151.0,3,Gram Panchayat,97885,1,Bishunpur Sriram,बिशुनपुर श्रीराम,2470
2152.0,3,Gram Panchayat,97655,1,Bishunpur Umapath Basant,विशुनपुर उमापत बसन्त,2460
2153.0,3,Gram Panchayat,95852,1,Bishunpur West,बिशुनपुर पश्चिम,2342
2154.0,3,Gram Panchayat,99781,1,Bisikala,बिसिकला,2597
2155.0,3,Gram Panchayat,98346,2,Bisiyait,बिसिआईत,2501
2156.0,3,Gram Panchayat,96981,1,Bispatti,बिसपट्टी,2417
2157.0,3,Gram Panchayat,93816,1,Bistoria,विस्टोरिया,2213
2158.0,3,Gram Panchayat,100340,1,Bisunpur,बिशनपुर,2633
2159.0,3,Gram Panchayat,101335,1,Biswar,बिसवार,2696
2160.0,3,Gram Panchayat,97033,1,Biswari,बिसवारी,2422
2161.0,3,Gram Panchayat,100147,1,Bithan,बिथान,2622
2162.0,3,Gram Panchayat,99653,2,Bithnauli East,बीठनौली  पूरब,2588
2163.0,3,Gram Panchayat,99654,2,Bithnauli West,बीठनौली  पश्चिम,2588
2164.0,3,Gram Panchayat,95152,1,Bithouli,बिठौली,2298
2165.0,3,Gram Panchayat,101262,1,Bithuna,बिठुना,2692
2166.0,3,Gram Panchayat,95126,1,Biuni Andama,बिउनी अंदामा,2297
2167.0,3,Gram Panchayat,96313,1,Biuri,बिउरी,2373
2168.0,3,Gram Panchayat,96297,1,Biur Manpur,बिउर मानपुर,2372
2169.0,3,Gram Panchayat,98956,1,Biyapur,व्यापुर,2541
2170.0,3,Gram Panchayat,99675,2,Biyarpur,बीयारपुर,2589
2171.0,3,Gram Panchayat,98061,2,Biyawani,बियावणी,2478
2172.0,3,Gram Panchayat,97709,1,Boaridih,बोआरी डीह,2463
2173.0,3,Gram Panchayat,96665,1,Bobil,बोबिल,2397
2174.0,3,Gram Panchayat,100257,1,Bochaha,बोचहा,2628
2175.0,3,Gram Panchayat,99642,1,Bochganw,बोचगाँव,2587
2176.0,3,Gram Panchayat,93644,1,Bochi,बोची,2206
2177.0,3,Gram Panchayat,94709,3,Boda Pathakdih,बोड़ा पाठकडीह,2269
2178.0,3,Gram Panchayat,94146,1,Boda Suiya,बोडा सुईया,2231
2179.0,3,Gram Panchayat,93846,1,Bokantri,बोकन्तरी,2214
2180.0,3,Gram Panchayat,100993,1,Bokhra,बोखरा,2676
2181.0,3,Gram Panchayat,93695,1,Bokra,बोकरा,2208
2182.0,3,Gram Panchayat,94989,1,Boksa,बॉक्सा,2286
2183.0,3,Gram Panchayat,96018,1,Bongi,बोंगी,2353
2184.0,3,Gram Panchayat,101776,1,Borhan Urf Rasulpur Gaus,बोरहन उर्फ रसूलपुर गौस,2725
2185.0,3,Gram Panchayat,97279,1,Borhar,बोरहार,2436
2186.0,3,Gram Panchayat,95256,1,Borhiab Inyatpur,बोरहियाब इंयटपुर,2303
2187.0,3,Gram Panchayat,100124,1,Boriya,वोरिया,2621
2188.0,3,Gram Panchayat,96694,1,Borna,बोरना,2399
2189.0,3,Gram Panchayat,96076,1,Borwa,बोरवा,2357
2190.0,3,Gram Panchayat,98500,2,Borwal Narwal,बरवल नरवल,2511
2191.0,3,Gram Panchayat,98167,1,Bouradih,बौराडिह,2485
2192.0,3,Gram Panchayat,101522,1,Bouraha,बौराहा,2710
2193.0,3,Gram Panchayat,93817,1,Bousi,बौंसी,2213
2194.0,3,Gram Panchayat,98133,2,Brah,ब्रह,2483
2195.0,3,Gram Panchayat,98855,2,Brah,बराह,2533
2196.0,3,Gram Panchayat,95300,1,Brahmapur West,ब्रह्मपुर पश्चिमी,2306
2197.0,3,Gram Panchayat,101263,1,Brahmasthan,ब्रह्मस्थान,2692
2198.0,3,Gram Panchayat,97265,1,Brahmpur Bathnaha,ब्रह्मपुर बथनाहा,2435
2199.0,3,Gram Panchayat,97859,1,Brahmpur Karman,ब्रह्मपुर कर्मण,2469
2200.0,3,Gram Panchayat,95257,1,Brahmpur Maswasi,ब्रह्मपुर मसवासी,2303
2201.0,3,Gram Panchayat,97263,1,Brahmpur (N),ब्रह्मपुर उत्तर,2435
2202.0,3,Gram Panchayat,97264,1,Brahmpur (S),ब्रह्मपुर दक्षिण,2435
2203.0,3,Gram Panchayat,95384,2,Bramhpur,ब्रह्मपुर,2311
2204.0,3,Gram Panchayat,95385,1,Bramhpura Bhatpura,ब्रह्मपुरा भटपुरा,2311
2205.0,3,Gram Panchayat,95984,1,Brindaban,बृन्दावन,2350
2206.0,3,Gram Panchayat,99275,1,Brindavan,बृन्दावन,2561
2207.0,3,Gram Panchayat,96821,1,Bualdah,बूआलडह,2406
2208.0,3,Gram Panchayat,96678,1,Buchcha,बुच्चा,2398
2209.0,3,Gram Panchayat,95971,1,Buchiya,बुचिया,2349
2210.0,3,Gram Panchayat,95972,2,Budhasi,बुधसी,2349
2211.0,3,Gram Panchayat,98392,1,Budhauli,बुधौली,2505
2212.0,3,Gram Panchayat,96954,1,Budhauli Bankar,बुधौली बनकर,2416
2213.0,3,Gram Panchayat,97132,1,Budhma,बुधमा,2429
2214.0,3,Gram Panchayat,100994,2,Budhnagara,बुधनगरा,2676
2215.0,3,Gram Panchayat,96842,2,Budhnai,बुढ़नई,2407
2216.0,3,Gram Panchayat,96841,1,Budhra,बुधरा,2407
2217.0,3,Gram Panchayat,98286,1,Budhuwa,बुधुआ,2496
2218.0,3,Gram Panchayat,98305,1,Budhwara,बुधवारा,2497
2219.0,3,Gram Panchayat,101112,1,Bulakipur,बुलाकीपुर,2684
2220.0,3,Gram Panchayat,100162,1,Bulaki Pur,बुलाकीपुर,2623
2221.0,3,Gram Panchayat,95474,1,Bumer,बुमेर,2317
2222.0,3,Gram Panchayat,95671,1,Bumuar,बुंुआर,2330
2223.0,3,Gram Panchayat,99801,1,Burhawal,बुढवल,2598
2224.0,3,Gram Panchayat,99588,1,Buwari,बुआरी,2584
2225.0,3,Gram Panchayat,95641,1,Chabura,चबुरा,2328
2226.0,3,Gram Panchayat,97775,1,Chadhua,चढुआ,2466
2227.0,3,Gram Panchayat,93793,1,Chahatpur,चहटपुर,2212
2228.0,3,Gram Panchayat,97238,1,Chahuta,चहुटा,2434
2229.0,3,Gram Panchayat,96077,1,Chai,चाय,2357
2230.0,3,Gram Panchayat,99146,1,Chailanha,चैलनहा,2553
2231.0,3,Gram Panchayat,95867,2,Chainpur,चैनपुर,2343
2232.0,3,Gram Panchayat,96298,1,Chainpur,चैनपुर,2372
2233.0,3,Gram Panchayat,99977,1,Chainpur,चैनपुर,2612
2234.0,3,Gram Panchayat,100816,1,Chainpur,चैनपुर,2660
2235.0,3,Gram Panchayat,96257,3,Chainpura,चैनपुरा,2369
2236.0,3,Gram Panchayat,93726,1,Chainpur Masuria,चैनपुर मसुरिया,2209
2237.0,3,Gram Panchayat,101442,1,Chainpur Mubarakpur,चैनपुर मुबारकपुर,2705
2238.0,3,Gram Panchayat,97776,1,Chainpur Wazid,चैनपुर वाज़िद,2466
2239.0,3,Gram Panchayat,101621,1,Chain Singh Patti,चैन सिंग पट्टी,2717
2240.0,3,Gram Panchayat,95734,1,Chaita,चैता,2336
2241.0,3,Gram Panchayat,99373,1,Chaita,चैता,2568
2242.0,3,Gram Panchayat,244378,2,Chaita Chintamanpur,छतिया चिंतामानपुर,2552
2243.0,3,Gram Panchayat,100443,1,Chaita North,चैता उत्तर,2638
2244.0,3,Gram Panchayat,100444,1,Chaita South,चैता दक्षिण,2638
2245.0,3,Gram Panchayat,99629,1,Chak,चक,2586
2246.0,3,Gram Panchayat,100642,1,Chakahan,चकहन,2648
2247.0,3,Gram Panchayat,93727,1,Chakai,चकई,2209
2248.0,3,Gram Panchayat,96019,1,Chakai,चकाई,2353
2249.0,3,Gram Panchayat,101943,1,Chak Alahdad,चक अलहदद,2734
2250.0,3,Gram Panchayat,96633,1,Chakala Maulanagar,चकला मौला नगर,2395
2251.0,3,Gram Panchayat,95564,2,Chakand,चकांड,2323
2252.0,3,Gram Panchayat,100847,2,Chakandra,चकन्द्रा,2663
2253.0,3,Gram Panchayat,101280,1,Chakari,चकरी,2693
2254.0,3,Gram Panchayat,101423,1,Chakari,चकारी,2704
2255.0,3,Gram Panchayat,95821,1,Chakarwa Khas,चकरवा खास,2340
2256.0,3,Gram Panchayat,101689,2,Chakath Kursi Kushiyari,चकात कुर्सी कुशियारी,2720
2257.0,3,Gram Panchayat,100995,1,Chakauti,चकौती,2676
2258.0,3,Gram Panchayat,100163,1,Chak Bahauddin,चकबहाउद्दीन,2623
2259.0,3,Gram Panchayat,99170,1,Chak Bara,चक बारा,2555
2260.0,3,Gram Panchayat,100060,1,Chakbharo,चकभरो,2618
2261.0,3,Gram Panchayat,94264,2,Chak Chanarpath,चक चनरपथ,2238
2262.0,3,Gram Panchayat,99010,1,Chak-Chechoul,चक चेचोल,2544
2263.0,3,Gram Panchayat,101930,1,Chakfaiz,चकफ़ाईज़,2733
2264.0,3,Gram Panchayat,101855,1,Chak Gulamuddin,चक गुलामुद्दीन,2729
2265.0,3,Gram Panchayat,100125,1,Chak Habib,चकहबीब,2621
2266.0,3,Gram Panchayat,94266,3,Chakhamid,चकहमीद,2238
2267.0,3,Gram Panchayat,98474,1,Chakhni Rajwatiya,चखनी रजवटीया,2510
2268.0,3,Gram Panchayat,98011,3,Chakibrahim,चक इब्राहिम,2475
2269.0,3,Gram Panchayat,97924,1,Chaki Sohagpur,चक्की सुहागपुर,2472
2270.0,3,Gram Panchayat,94939,1,Chakiya,चकिया,2283
2271.0,3,Gram Panchayat,97777,1,Chakiya,चकिया,2466
2272.0,3,Gram Panchayat,100761,1,Chakiya,चकिया,2656
2273.0,3,Gram Panchayat,101873,1,Chakjado,चकजादो,2730
2274.0,3,Gram Panchayat,99055,1,Chakjalal,चक जलाल,2546
2275.0,3,Gram Panchayat,101929,1,Chak Jamal,चक जमाल,2733
2276.0,3,Gram Panchayat,95004,1,Chakki,चक्की,2287
2277.0,3,Gram Panchayat,96807,1,Chakla,चकला,2405
2278.0,3,Gram Panchayat,100309,1,Chaklewaini,चकले वैनी,2631
2279.0,3,Gram Panchayat,100201,1,Chakmaheshi,चकमेहसी,2625
2280.0,3,Gram Panchayat,98012,1,Chakna,चकना,2475
2281.0,3,Gram Panchayat,99766,1,Chaknaha,चकन्हा,2596
2282.0,3,Gram Panchayat,100274,1,Chakpahar,चकपहार,2629
2283.0,3,Gram Panchayat,95450,2,Chakra,चकरा,2315
2284.0,3,Gram Panchayat,100292,1,Chaksaho,चकसाहो,2630
2285.0,3,Gram Panchayat,101690,1,Chaksikandar (Kalyanpur),चाकसीकंदर (कल्याणपुर),2720
2286.0,3,Gram Panchayat,100275,1,Chaksikander,चकसिकंदर,2629
2287.0,3,Gram Panchayat,101896,1,Chaksingar,चकसिंगार,2731
2288.0,3,Gram Panchayat,100325,3,Chakthat East,चकथाट पूरब,2632
2289.0,3,Gram Panchayat,100326,3,Chakthat West,चकथाट पश्चिम,2632
2290.0,3,Gram Panchayat,101752,1,Chakunda Urf Milki,चकुंदा उर्फ मिल्की,2724
2291.0,3,Gram Panchayat,94836,2,Chakwa,चकवा,2277
2292.0,3,Gram Panchayat,95153,1,Chakwa Bharwari,चकवा भरवारी,2298
2293.0,3,Gram Panchayat,98455,1,Chakwai,चकवाय,2509
2294.0,3,Gram Panchayat,94797,2,Chakwath,चकवथ,2274
2295.0,3,Gram Panchayat,94163,1,Chalna,चलना,2232
2296.0,3,Gram Panchayat,238542,1,Chamandih Panchayat,चमण्‍डी पंचायत,6807
2297.0,3,Gram Panchayat,100908,1,Chamanpur,चमनपुर,2670
2298.0,3,Gram Panchayat,95778,1,Chamanpura,चमनपुरा,2338
2299.0,3,Gram Panchayat,101818,1,Chamarhara,चमरहारा,2727
2300.0,3,Gram Panchayat,95959,1,Chamari Patti,चमारी पट्टी,2348
2301.0,3,Gram Panchayat,94248,1,Chamatha-I,चमथा-१,2237
2302.0,3,Gram Panchayat,94249,1,Chamatha-Ii,चमथा-२,2237
2303.0,3,Gram Panchayat,94250,1,Chamatha-Iii,चमथा-३,2237
2304.0,3,Gram Panchayat,99605,1,Champabati,चमपाबाती,2585
2305.0,3,Gram Panchayat,101585,2,Champa Nagar,चंपा नगर,2715
2306.0,3,Gram Panchayat,99411,1,Champapur,चम्पपुर,2572
2307.0,3,Gram Panchayat,98793,1,Champa Pur,चम्पापुर,2529
2308.0,3,Gram Panchayat,98501,2,Champapur Gonauli,चम्पापुर गनौली,2511
2309.0,3,Gram Panchayat,98694,1,Chamua,चमुआ,2522
2310.0,3,Gram Panchayat,98502,2,Chamwaliya,चमवलिया,2511
2311.0,3,Gram Panchayat,98666,1,Chanain Bandh,चनायण बांध,2521
2312.0,3,Gram Panchayat,100031,1,Chanan,चानन,2616
2313.0,3,Gram Panchayat,95386,1,Chanaur,चनौर,2311
2314.0,3,Gram Panchayat,101454,1,Chanaur,चनौर,2706
2315.0,3,Gram Panchayat,97310,1,Chanaura Ganj,चनौरा गंज,2438
2316.0,3,Gram Panchayat,100817,1,Chanchaliya,चंचलिया,2660
2317.0,3,Gram Panchayat,100603,1,Chanchaura,चंचौरा,2646
2318.0,3,Gram Panchayat,96314,1,Chand,चाँद,2373
2319.0,3,Gram Panchayat,94020,1,Chanda,चंदा,2224
2320.0,3,Gram Panchayat,94853,1,Chanda,चंदा,2278
2321.0,3,Gram Panchayat,95005,1,Chanda,चंदा,2287
2322.0,3,Gram Panchayat,94164,1,Chandadih,चंदाडीह,2232
2323.0,3,Gram Panchayat,94147,1,Chandan,चान्दन,2231
2324.0,3,Gram Panchayat,99227,1,Chandanbara,चंदंबरा,2558
2325.0,3,Gram Panchayat,97980,1,Chandanpatti,चंदनपट्टी,2474
2326.0,3,Gram Panchayat,95283,1,Chandan Patti,चंदनपट्टी,2305
2327.0,3,Gram Panchayat,99954,1,Chandanpura,चंदनपुरा,2610
2328.0,3,Gram Panchayat,96955,1,Chandan Pura,चंदन पूरा,2416
2329.0,3,Gram Panchayat,98207,1,Chandasi,चांदसी,2489
2330.0,3,Gram Panchayat,100310,1,Chandauli,चंदौली,2631
2331.0,3,Gram Panchayat,100983,1,Chandauli,चंदौली,2675
2332.0,3,Gram Panchayat,101471,1,Chandauli Gangauli,चन्दौली गंगौली,2707
2333.0,3,Gram Panchayat,100102,1,Chandaur East,चंदौर पूर्वी,2620
2334.0,3,Gram Panchayat,100103,1,Chandaur West,चंदौर पश्चिम,2620
2335.0,3,Gram Panchayat,94148,2,Chandawari,चांदवारी,2231
2336.0,3,Gram Panchayat,100446,1,Chandchaur East,चाँदचौर पूर्वी,2638
2337.0,3,Gram Panchayat,100445,1,Chandchaur Middle,चाँदचौर मध्य,2638
2338.0,3,Gram Panchayat,100447,1,Chandchaur West,चाँदचौर पश्चिम,2638
2339.0,3,Gram Panchayat,100448,1,Chandchour Karihara,चाँदचौर करिहरा,2638
2340.0,3,Gram Panchayat,99494,1,Chandel,चंदेल,2579
2341.0,3,Gram Panchayat,96374,1,Chandesh,चण्डेश,2377
2342.0,3,Gram Panchayat,96539,1,Chand Har,चन्दहर,2388
2343.0,3,Gram Panchayat,98168,1,Chandhari,चनधारी,2485
2344.0,3,Gram Panchayat,94673,2,Chandheri,चंधेरी,2267
2345.0,3,Gram Panchayat,99030,2,Chandhos,चंढोस,2545
2346.0,3,Gram Panchayat,99676,1,Chandi,चाँदी,2589
2347.0,3,Gram Panchayat,99725,1,Chandi,चाँदी,2592
2348.0,3,Gram Panchayat,99908,1,Chandi English,चांडी इंग्लीश,2606
2349.0,3,Gram Panchayat,98322,1,Chandi Nawan,चंडीनोवाँ,2499
2350.0,3,Gram Panchayat,97925,1,Chand Kewari,चाँदकेवारी,2472
2351.0,3,Gram Panchayat,100733,1,Chand Kudariya,चॉद कुदरिया,2654
2352.0,3,Gram Panchayat,94353,3,Chandour,चंदौर,2242
2353.0,3,Gram Panchayat,239378,1,Chandpali,चाँदपली,2707
2354.0,3,Gram Panchayat,96488,1,Chandpara,चाँदपाड़ा,2384
2355.0,3,Gram Panchayat,97826,2,Chand Parna,चाँदपरना,2468
2356.0,3,Gram Panchayat,101602,2,Chandpipar,चाँदपीपर,2716
2357.0,3,Gram Panchayat,94572,2,Chandpur,चांदपुर,2260
2358.0,3,Gram Panchayat,94323,2,Chandpura,चांदपुरा,2241
2359.0,3,Gram Panchayat,100774,1,Chandpura,चाँदपुरा,2657
2360.0,3,Gram Panchayat,101897,1,Chandpura,चॉदपुरा,2731
2361.0,3,Gram Panchayat,96647,1,Chandpura Khurd,चंदपुरा खुर्द,2396
2362.0,3,Gram Panchayat,99527,1,Chandpur Bangaha,चाँदपुर भंगहा,2581
2363.0,3,Gram Panchayat,96634,1,Chandpur East,चांदपुर पूर्वी,2395
2364.0,3,Gram Panchayat,101874,1,Chandpur Fatah,चाँदपुर फतह,2730
2365.0,3,Gram Panchayat,96635,1,Chandpur West,चांदपुर पश्चिमी,2395
2366.0,3,Gram Panchayat,93645,1,Chandradei,चंदरदेई,2206
2367.0,3,Gram Panchayat,97339,1,Chandra Dih,चन्द्रा दीह,2440
2368.0,3,Gram Panchayat,99511,1,Chandragama,चन्द्रगामा,2580
2369.0,3,Gram Panchayat,93996,2,Chandragardh,चंद्रगर्ध,2223
2370.0,3,Gram Panchayat,98476,2,Chandraha Rupbaliya,चन्द्राहा रूपवलिया,2510
2371.0,3,Gram Panchayat,97778,1,Chandra Hati,चन्द्रहट्टी,2466
2372.0,3,Gram Panchayat,100006,1,Chandrain,चन्द्रायण,2614
2373.0,3,Gram Panchayat,98475,2,Chandra Pur Ratwal,चंदरपुर रतवल,2510
2374.0,3,Gram Panchayat,96020,1,Chandrmandih,चन्द्रमंडीह,2353
2375.0,3,Gram Panchayat,101777,1,Chand Sarai,चंद सरै,2725
2376.0,3,Gram Panchayat,96578,1,Chandwa,चंदवा,2390
2377.0,3,Gram Panchayat,96774,1,Chandwar,चन्दवार,2403
2378.0,3,Gram Panchayat,99495,1,Chandwar,चन्दवार,2579
2379.0,3,Gram Panchayat,97754,1,Changel,चँगेल,2465
2380.0,3,Gram Panchayat,99709,2,Chanka,चनका,2591
2381.0,3,Gram Panchayat,99875,1,Chanki,चनकी,2603
2382.0,3,Gram Panchayat,101348,1,Chanp,चाँप,2698
2383.0,3,Gram Panchayat,95714,1,Chanpi,चांपी,2334
2384.0,3,Gram Panchayat,99589,2,Chanpi,चांपी,2584
2385.0,3,Gram Panchayat,96489,1,Chapakhor,चापाखोर,2384
2386.0,3,Gram Panchayat,98978,1,Chapaur,चपौर,2542
2387.0,3,Gram Panchayat,93925,1,Chapuk,छापुक,2219
2388.0,3,Gram Panchayat,99512,1,Charaiya,चरैया,2580
2389.0,3,Gram Panchayat,98555,1,Chargaha,चरगाहाँ,2515
2390.0,3,Gram Panchayat,99460,1,Charganha,चारगनहा,2577
2391.0,3,Gram Panchayat,94044,1,Charkanwan,चरकावां,2225
2392.0,3,Gram Panchayat,98979,1,Charma,चरमा,2542
2393.0,3,Gram Panchayat,101500,1,Charna,चरना,2709
2394.0,3,Gram Panchayat,95544,1,Charokhari,चारोखरी,2322
2395.0,3,Gram Panchayat,99253,1,Charrahiya,छररहिया,2560
2396.0,3,Gram Panchayat,98208,1,Charuipar,छारुइपर,2489
2397.0,3,Gram Panchayat,94744,1,Chasi,चासी,2271
2398.0,3,Gram Panchayat,101501,1,Chatapur,चातापुर,2709
2399.0,3,Gram Panchayat,93646,1,Chatar,चातर,2206
2400.0,3,Gram Panchayat,99133,1,Chatia Barharwa,छतिया बरहर्वा,2552
2401.0,3,Gram Panchayat,93818,1,Chatiauna,छतियौना,2213
2402.0,3,Gram Panchayat,97340,2,Chatra Goth North,छात्रा गॉत उत्तर,2440
2403.0,3,Gram Panchayat,97341,1,Chatra Goth South,छात्रा गॉत दक्षिण,2440
2404.0,3,Gram Panchayat,97399,2,Chaturbhuj Piprahi,चतुर्भुज पिपराहि,2443
2405.0,3,Gram Panchayat,100792,1,Chatur Pur,चतुर पुर,2659
2406.0,3,Gram Panchayat,97827,1,Chatursi,चतुर्सी,2468
2407.0,3,Gram Panchayat,95725,2,Chaubar,चौबार,2335
2408.0,3,Gram Panchayat,98441,1,Chaubey,चौबे,2508
2409.0,3,Gram Panchayat,96063,1,Chaudiha,चौडिहा,2356
2410.0,3,Gram Panchayat,95017,1,Chaugain,चौगाईं,2289
2411.0,3,Gram Panchayat,238519,1,Chauhar Panchayat,चौहर पंचायत,6806
2412.0,3,Gram Panchayat,93728,1,Chaukata,चौकता,2209
2413.0,3,Gram Panchayat,101225,1,Chauki Hasan,चौकी हसन,2690
2414.0,3,Gram Panchayat,98442,1,Chaukiya,चौकिया,2508
2415.0,3,Gram Panchayat,96424,1,Chaulhar,चोलहर,2381
2416.0,3,Gram Panchayat,95839,1,Chaumukha,चौमुखा,2341
2417.0,3,Gram Panchayat,96490,1,Chaundi,चौन्दी,2384
2418.0,3,Gram Panchayat,96540,1,Chauni,चौनी,2388
2419.0,3,Gram Panchayat,98949,2,Chaura,चौड़ा,2540
2420.0,3,Gram Panchayat,93794,1,Chauri,चौरी,2212
2421.0,3,Gram Panchayat,93891,1,Chauri,चौरी,2217
2422.0,3,Gram Panchayat,96315,1,Chauri,चौरी,2373
2423.0,3,Gram Panchayat,98221,1,Chausanda,चौसांडा,2490
2424.0,3,Gram Panchayat,98477,1,Chautarwa Lagunaha,लगुनाह चौतरवा,2510
2425.0,3,Gram Panchayat,96679,1,Chautham,चौथम,2398
2426.0,3,Gram Panchayat,94456,1,Chawki,चौकी,2252
2427.0,3,Gram Panchayat,95853,2,Chawrawn,चौरावं,2342
2428.0,3,Gram Panchayat,101691,1,Chechar,चेचर,2720
2429.0,3,Gram Panchayat,100689,1,Cheful,चेफुल,2652
2430.0,3,Gram Panchayat,96325,1,Chehariya,चेहरियाँ,2374
2431.0,3,Gram Panchayat,101713,2,Chehra Kalan,चेहरा कलान,2721
2432.0,3,Gram Panchayat,93974,1,Chein Nawada,चें नवादा,2222
2433.0,3,Gram Panchayat,96648,1,Cherakhera,चेरखेरा,2396
2434.0,3,Gram Panchayat,95715,1,Cherki,छेरकी,2334
2435.0,3,Gram Panchayat,98135,1,Chero,चेरो,2483
2436.0,3,Gram Panchayat,98251,1,Chero,चेरो,2493
2437.0,3,Gram Panchayat,99011,1,Chesi,चेसी,2544
2438.0,3,Gram Panchayat,95716,2,Chetab Kalan,चेताब कलान,2334
2439.0,3,Gram Panchayat,96880,1,Chettal,चेट्तल,2409
2440.0,3,Gram Panchayat,94045,1,Chew,चेव,2225
2441.0,3,Gram Panchayat,98327,1,Chhabail,छ्बैल,2500
2442.0,3,Gram Panchayat,98062,1,Chhabila Pur,च्छबीला पुर,2478
2443.0,3,Gram Panchayat,95326,1,Chhachha Pachadhi,छाछा पचाढ़ी,2307
2444.0,3,Gram Panchayat,97779,1,Chhajan Harishankar West,छाजन हरिशंकर पश्चिमी,2466
2445.0,3,Gram Panchayat,97780,1,Chhajan Harishanker East,छाजन हरिशंकर पूर्वी,2466
2446.0,3,Gram Panchayat,97266,1,Chhajna,च्चज्ना,2435
2447.0,3,Gram Panchayat,95533,1,Chhakarbandha,छकरबंधा,2321
2448.0,3,Gram Panchayat,95608,1,Chhakar Bandha,छकरबंधा,2326
2449.0,3,Gram Panchayat,98425,1,Chhanaun,छनौंन,2507
2450.0,3,Gram Panchayat,95868,1,Chhap,छाप,2343
2451.0,3,Gram Panchayat,96078,1,Chhapa,छापा,2357
2452.0,3,Gram Panchayat,99447,1,Chhapara Basas North,च्छापरा बासस उत्तर,2575
2453.0,3,Gram Panchayat,99446,2,Chhapara Basas South,च्छापरा बासस दक्षिण,2575
2454.0,3,Gram Panchayat,100643,2,Chhapiya,छपियॉ,2648
2455.0,3,Gram Panchayat,101349,2,Chhapiya Bujurg,छपिया बुजुर्ग,2698
2456.0,3,Gram Panchayat,97897,1,Chhapra Megh,छपरा मेघ,2471
2457.0,3,Gram Panchayat,96211,2,Chhariyari,छरियारी,2366
2458.0,3,Gram Panchayat,98276,1,Chhariyari,छरियीरी,2495
2459.0,3,Gram Panchayat,101350,1,Chhata,छाता,2698
2460.0,3,Gram Panchayat,95026,1,Chhatanwar,च्छाटनवर,2290
2461.0,3,Gram Panchayat,99876,2,Chhatauna,छतौना,2603
2462.0,3,Gram Panchayat,100342,1,Chhatauna,छतौना,2633
2463.0,3,Gram Panchayat,97188,1,Chhatauni,छतौनी,2432
2464.0,3,Gram Panchayat,100921,1,Chhatauni,छतौनी,2671
2465.0,3,Gram Panchayat,95735,2,Chhathawan,छठवॉ,2336
2466.0,3,Gram Panchayat,95822,1,Chhathianw,छाथियानव,2340
2467.0,3,Gram Panchayat,100849,1,Chhathiyara,छठियारा,2663
2468.0,3,Gram Panchayat,98881,1,Chhati,छाती,2535
2469.0,3,Gram Panchayat,98311,1,Chhatihar,छतिहर,2498
2470.0,3,Gram Panchayat,100479,1,Chhatneswar,छत्नेश्वर,2640
2471.0,3,Gram Panchayat,94229,2,Chhatrahar,छत्रहार,2236
2472.0,3,Gram Panchayat,94079,1,Chhatrapal,छत्रपाल,2227
2473.0,3,Gram Panchayat,96843,2,Chhattergachh.,छत्तरगाछ,2407
2474.0,3,Gram Panchayat,95327,1,Chhatwan,छटवां,2307
2475.0,3,Gram Panchayat,97170,1,Chhaurahi,च्चौरही,2431
2476.0,3,Gram Panchayat,101714,1,Chhaurahi,च्चौरही,2721
2477.0,3,Gram Panchayat,94876,1,Chhaurahi Jangal Mahal,छवरही जंगल महाल,2279
2478.0,3,Gram Panchayat,96326,1,Chhaw,छाँव,2374
2479.0,3,Gram Panchayat,95932,1,Chhawahi Takki,छवाही तक्की,2346
2480.0,3,Gram Panchayat,96649,1,Chhilkouri,छ्चिलकौरी,2396
2481.0,3,Gram Panchayat,101603,2,Chhithi Hanuman Nagar,छिटही हनुमान नगर,2716
2482.0,3,Gram Panchayat,97781,1,Chhitrauli,छितरौली,2466
2483.0,3,Gram Panchayat,96636,1,Chhohar,छोहार,2395
2484.0,3,Gram Panchayat,95226,1,Chhotaipatti,छोटीपट्टी,2301
2485.0,3,Gram Panchayat,101472,2,Chhotka Manjha,छोटका मांझा,2707
2486.0,3,Gram Panchayat,94990,1,Chhotka Nuaon,च्चोत्का नुआओं,2286
2487.0,3,Gram Panchayat,95995,1,Chhotka Sankhe,छोटका संखे,2351
2488.0,3,Gram Panchayat,96144,1,Chhuchunariya,छुछनरिया,2361
2489.0,3,Gram Panchayat,97523,1,Chichri Kanungo,चिचरी कानून गो0,2450
2490.0,3,Gram Panchayat,95362,1,Chigri Simraha,चिगरी सिमराहा,2309
2491.0,3,Gram Panchayat,96775,1,Chikabari,चीकबारी,2403
2492.0,3,Gram Panchayat,93647,1,Chikani,चिकनी,2206
2493.0,3,Gram Panchayat,99606,1,Chikani Dumariya,चिकनी डुमरिया,2585
2494.0,3,Gram Panchayat,97267,1,Chikna,चिकना,2435
2495.0,3,Gram Panchayat,97018,2,Chikni,चिकनी,2420
2496.0,3,Gram Panchayat,98151,1,Chiksaura,चिकसौरा,2484
2497.0,3,Gram Panchayat,99031,2,Chiksi,चिकसी,2545
2498.0,3,Gram Panchayat,99802,1,Chiksil,चीक्सील,2598
2499.0,3,Gram Panchayat,96864,1,Chilahnia,चिलहनिया,2408
2500.0,3,Gram Panchayat,101575,1,Chilauni South,छिलौनी दक्षिण,2714
2501.0,3,Gram Panchayat,101576,1,Chilauni Uttar,छिलौनी उत्तर,2714
2502.0,3,Gram Panchayat,96339,3,Chilbili,चिलबिली,2375
2503.0,3,Gram Panchayat,99080,1,Chilbilli,चिलबिल्ली,2548
2504.0,3,Gram Panchayat,94481,1,Chilhai,चिल्हाई,2254
2505.0,3,Gram Panchayat,93729,1,Chilhania,चिल्हनियाँ,2209
2506.0,3,Gram Panchayat,95044,1,Chilhar,चिल्हर,2291
2507.0,3,Gram Panchayat,95027,1,Chilhari,चिल्हरी,2290
2508.0,3,Gram Panchayat,99782,1,Chilhar;Uwa,चिल्हरुआँ,2597
2509.0,3,Gram Panchayat,94906,1,Chilhaus,चिल्हौस,2281
2510.0,3,Gram Panchayat,94113,1,Chilkara,चिलकारा,2229
2511.0,3,Gram Panchayat,94208,1,Chilkawar Asouta,चिलकावर असौता,2235
2512.0,3,Gram Panchayat,94324,1,Chilmil,चिलमिल,2241
2513.0,3,Gram Panchayat,95591,3,Chilor,चिलोर,2325
2514.0,3,Gram Panchayat,98542,1,Chilwania,चिलवनिया,2514
2515.0,3,Gram Panchayat,96115,1,Chinawaria,चिनवेरिया,2359
2516.0,3,Gram Panchayat,101944,1,Chintamanipur,चिंतामणिपुर,2734
2517.0,3,Gram Panchayat,97926,1,Chintamanpur,चिंतामनपुर,2472
2518.0,3,Gram Panchayat,99172,1,Chintamanpur,चिंतामानपुर,2555
2519.0,3,Gram Panchayat,99109,1,Chipura,चिपुरा,2550
2520.0,3,Gram Panchayat,93730,1,Chirah,चिरह,2209
2521.0,3,Gram Panchayat,95489,1,Chiraila,चिरैला,2318
2522.0,3,Gram Panchayat,95624,2,Chiraili,चिरैली,2327
2523.0,3,Gram Panchayat,98794,1,Chiraiya Rupas,चिरैया रुपस,2529
2524.0,3,Gram Panchayat,100544,1,Chirand,चिरांद,2643
2525.0,3,Gram Panchayat,94251,1,Chiranjipur,चिरंजिविपुर,2237
2526.0,3,Gram Panchayat,99012,2,Chiraura,चिरौरा,2544
2527.0,3,Gram Panchayat,96171,1,Chiri,चिरी,2363
2528.0,3,Gram Panchayat,97004,2,Chirouri,चिरौरी,2419
2529.0,3,Gram Panchayat,101336,1,Chitakhal,चिताखाल,2696
2530.0,3,Gram Panchayat,98312,1,Chitarghatti,चितरघट्टी,2498
2531.0,3,Gram Panchayat,98411,1,Chitarkoli,चितरकोली,2506
2532.0,3,Gram Panchayat,99955,1,Chitauli,चितौली,2610
2533.0,3,Gram Panchayat,96615,1,Chitauria,चितोरिया,2393
2534.0,3,Gram Panchayat,99839,1,Chitawn,चिताँव,2600
2535.0,3,Gram Panchayat,99840,3,Chittaini,चितैनी,2600
2536.0,3,Gram Panchayat,97027,1,Chitti,चित्ती,2421
2537.0,3,Gram Panchayat,98634,1,Chiurahi,चिउरही,2519
2538.0,3,Gram Panchayat,95779,1,Chiutoha,चींउटाहा,2338
2539.0,3,Gram Panchayat,94046,1,Chobara,चौबड़ा,2225
2540.0,3,Gram Panchayat,97927,1,Chochahi Chapra,चोचाहीं छपरा,2472
2541.0,3,Gram Panchayat,100831,3,Chodhdargah,चोढदरगाह,2661
2542.0,3,Gram Panchayat,96666,1,Chodhli,चोढ़ली,2397
2543.0,3,Gram Panchayat,99513,1,Chopara,चौपड़ा,2580
2544.0,3,Gram Panchayat,96021,1,Chophla,चौफला,2353
2545.0,3,Gram Panchayat,96956,1,Chora-Rajpur,चोरा-राजपुर,2416
2546.0,3,Gram Panchayat,100126,1,Chora Tabhaka,चोरा टभका,2621
2547.0,3,Gram Panchayat,101004,1,Choraut Pashchim,चोरौत पश्चिम,2677
2548.0,3,Gram Panchayat,101005,1,Choraut Purvi,चोरौत पूर्वी,2677
2549.0,3,Gram Panchayat,101006,1,Choraut Uttar,चोरौत उत्तर,2677
2550.0,3,Gram Panchayat,97547,1,Chorgaon,चोरगाओं,2451
2551.0,3,Gram Panchayat,94586,1,Chorhar,चोरहर,2261
2552.0,3,Gram Panchayat,99374,1,Chorma,चोरमा,2568
2553.0,3,Gram Panchayat,98122,1,Chorsua,चोरसुआ,2482
2554.0,3,Gram Panchayat,100830,2,Chorvar,चोरवर,2661
2555.0,3,Gram Panchayat,94958,1,Choti Sasaram,छोटी सासाराम,2284
2556.0,3,Gram Panchayat,96407,2,Choukiya Paharpur,चौकिया पहारपुर,2380
2557.0,3,Gram Panchayat,98598,1,Choumukha,चौमुखा,2517
2558.0,3,Gram Panchayat,94894,1,Chouri,चौरी,2280
2559.0,3,Gram Panchayat,98136,1,Chouriya,चौरिया,2483
2560.0,3,Gram Panchayat,97005,2,Chousa East,चौसा पूर्वी,2419
2561.0,3,Gram Panchayat,97006,1,Chousa West,चौसा पश्चिमी,2419
2562.0,3,Gram Panchayat,98646,1,Chowhata,चौहट्टा,2520
2563.0,3,Gram Panchayat,95609,1,Chua Bar,चुआवार,2326
2564.0,3,Gram Panchayat,96098,1,Chuan,चुआँ,2358
2565.0,3,Gram Panchayat,98556,1,Chuhari,चुहड़ी,2515
2566.0,3,Gram Panchayat,99655,1,Chunapur,चूनापुर,2588
2567.0,3,Gram Panchayat,95009,1,Chunni,चुन्नी,2288
2568.0,3,Gram Panchayat,101502,1,Chunni,चुन्नी,2709
2569.0,3,Gram Panchayat,95960,2,Churamanchak,चुरामनचक,2348
2570.0,3,Gram Panchayat,94991,1,Churamanpur,चूरामानपुर,2286
2571.0,3,Gram Panchayat,96145,1,Churhait,चुरहैत,2361
2572.0,3,Gram Panchayat,95565,1,Churi,छुरी,2323
2573.0,3,Gram Panchayat,96881,1,Churli,चुरली,2409
2574.0,3,Gram Panchayat,94230,1,Chutiya Belari,चुटिया बेलारी,2236
2575.0,3,Gram Panchayat,98718,1,Dabariya,डबरिया,2523
2576.0,3,Gram Panchayat,101875,1,Dabhaich,डभैच,2730
2577.0,3,Gram Panchayat,93731,1,Dabhara,दभड़ा,2209
2578.0,3,Gram Panchayat,99058,2,Dabhawan,डभावाँ,2546
2579.0,3,Gram Panchayat,96099,1,Dabil,दाबिल,2358
2580.0,3,Gram Panchayat,95578,1,Daboor,दबूर,2324
2581.0,3,Gram Panchayat,96362,1,Dadar,दादर,2376
2582.0,3,Gram Panchayat,97730,1,Dadar Kolhuwa,दादर कोल्हुआ,2464
2583.0,3,Gram Panchayat,93926,1,Dadhapi,डाढापी,2219
2584.0,3,Gram Panchayat,101193,1,Dadhawari,दाढ़वारी,2688
2585.0,3,Gram Panchayat,100449,1,Dadhia Muriaro,दढ़िया मुरियारो,2638
2586.0,3,Gram Panchayat,93956,1,Dadhpa,दधपा,2221
2587.0,3,Gram Panchayat,93975,1,Dadhpi,दाध्पि,2222
2588.0,3,Gram Panchayat,101876,1,Dadhua,डढुआ,2730
2589.0,3,Gram Panchayat,96022,1,Dadhwa,डढ़वा,2353
2590.0,3,Gram Panchayat,94252,1,Dadpur,दादुपुर,2237
2591.0,3,Gram Panchayat,101049,1,Dadri,दादरी,2680
2592.0,3,Gram Panchayat,97619,2,Dadrijala,ददरीजाला,2457
2593.0,3,Gram Panchayat,94447,2,Daffarpur,डफरपुर,2251
2594.0,3,Gram Panchayat,99590,1,Dagarua,डगरुआ,2584
2595.0,3,Gram Panchayat,101551,1,Dagmara,डगमारा,2712
2596.0,3,Gram Panchayat,93847,1,Dahagama,दहगामा,2214
2597.0,3,Gram Panchayat,99767,1,Dahaur,दहाउर,2596
2598.0,3,Gram Panchayat,96564,2,Daheria,दहेरिया,2389
2599.0,3,Gram Panchayat,97486,1,Dahibat Madhopur (E),दहिबत माधोपुर पूर्वी,2448
2600.0,3,Gram Panchayat,97487,2,Dahibat Madhopur (W),दहिबत माधोपुर पश्चिम,2448
2601.0,3,Gram Panchayat,96791,1,Dahibhat,दहीभाट,2404
2602.0,3,Gram Panchayat,95996,1,Dahi Bhatta,दही भट्टा,2351
2603.0,3,Gram Panchayat,97710,1,Dahila-Patsharma,दहिला पतशर्मा,2463
2604.0,3,Gram Panchayat,99032,1,Dahiya,दहिया,2545
2605.0,3,Gram Panchayat,96146,1,Dahiyari,दहियारी,2361
2606.0,3,Gram Panchayat,96650,1,Dahma Khairi Khutha,दहमा खैरी खुटहा,2396
2607.0,3,Gram Panchayat,96425,1,Dahnia,दनिहाँ,2381
2608.0,3,Gram Panchayat,94114,2,Dahua,डहुआ,2229
2609.0,3,Gram Panchayat,99476,1,Dahuabari,डहुआबरी,2578
2610.0,3,Gram Panchayat,98745,1,Dainmarwa,डैनमरवा,2525
2611.0,3,Gram Panchayat,96865,1,Dak Pokhar,डाक पोखर,2408
2612.0,3,Gram Panchayat,96212,1,Dakra,डकरा,2366
2613.0,3,Gram Panchayat,100311,1,Dakshin Harpur Pusa,दक्षिण हरपूर पूसा,2631
2614.0,3,Gram Panchayat,99877,2,Dakshini Baraon,दक्षिणी बरावं,2603
2615.0,3,Gram Panchayat,96463,1,Dakshini Bhandartal,दक्षिणी भंडारतल,2383
2616.0,3,Gram Panchayat,98557,1,Dakshini Ghogha,दक्षिणी घोघा,2515
2617.0,3,Gram Panchayat,96604,2,Dakshini Kantakosh,दक्षिणी कांटाकोश,2392
2618.0,3,Gram Panchayat,94181,1,Dakshini Kojhi,दक्षिणी कोझी,2233
2619.0,3,Gram Panchayat,96623,1,Dakshini Lalganj,दक्षिणी लालगंज,2394
2620.0,3,Gram Panchayat,100604,2,Dakshini Parsa,दक्षिणी परसा,2646
2621.0,3,Gram Panchayat,98523,1,Dakshini Patjirawa,दक्षिणी पटजिरवा,2512
2622.0,3,Gram Panchayat,98719,1,Dakshini Teluha,तेल्हुआ (दक्षिणी),2523
2623.0,3,Gram Panchayat,100782,2,Dakshniwari Chakki,दक्षिणवारी चक्की,2658
2624.0,3,Gram Panchayat,96565,2,Dalan East,दलान पूर्वी,2389
2625.0,3,Gram Panchayat,96566,1,Dalan West,दलान पश्चिमी,2389
2626.0,3,Gram Panchayat,94837,1,Dalip Pur,दलीप पुर,2277
2627.0,3,Gram Panchayat,96882,1,Dallegaon,दाल्लेगाओं,2409
2628.0,3,Gram Panchayat,99477,1,Dalmalpur,दलमालपुर,2578
2629.0,3,Gram Panchayat,97352,1,Dalokhar,डालोखर,2441
2630.0,3,Gram Panchayat,99232,1,Dalpat Bishunpur,दलपत बिशुनपुर,2558
2631.0,3,Gram Panchayat,94992,1,Dalsagar,डलसागर,2286
2632.0,3,Gram Panchayat,99607,1,Damaili,दामैली,2585
2633.0,3,Gram Panchayat,96844,2,Damalbari,दामलबाड़ी,2407
2634.0,3,Gram Panchayat,98647,1,Damarapur,डमरापुर,2520
2635.0,3,Gram Panchayat,99609,1,Damgaraha,दंगराहा,2585
2636.0,3,Gram Panchayat,94194,2,Damodara,दमोदरा,2234
2637.0,3,Gram Panchayat,94918,1,Damodarpur,दामोदरपुर,2282
2638.0,3,Gram Panchayat,96928,1,Damodarpur,दामोदरपुर,2413
2639.0,3,Gram Panchayat,97731,1,Damodarpur,दामोदरपुर,2464
2640.0,3,Gram Panchayat,94354,3,Damodar Pur,दामोदरपुर,2242
2641.0,3,Gram Panchayat,98196,1,Damodarpur Baldha,दामोदरपुर बॉल्ढा,2488
2642.0,3,Gram Panchayat,97189,1,Damu,डामु,2432
2643.0,3,Gram Panchayat,96197,1,Damuha,दमुहाँ,2365
2644.0,3,Gram Panchayat,98859,1,Danara Katari,दनाडा कटारी,2533
2645.0,3,Gram Panchayat,94399,3,Dandari,डंडारी,2246
2646.0,3,Gram Panchayat,100670,2,Dandaspur,दंदासपुर,2650
2647.0,3,Gram Panchayat,96510,1,Dandkhora,डंडखोरा,2385
2648.0,3,Gram Panchayat,96363,1,Dandwas,डंडवास,2376
2649.0,3,Gram Panchayat,98617,1,Daniyal Parsauna,दानियाल परसौना,2518
2650.0,3,Gram Panchayat,98872,1,Daniyawan,दनियावाँ,2534
2651.0,3,Gram Panchayat,99630,1,Dansar,डांसर,2586
2652.0,3,Gram Panchayat,99803,1,Danwar,दनवार,2598
2653.0,3,Gram Panchayat,94080,2,Dara,डांडा,2227
2654.0,3,Gram Panchayat,96009,1,Darah,डाढा,2352
2655.0,3,Gram Panchayat,97428,1,Darah,डारह,2445
2656.0,3,Gram Panchayat,101281,2,Daraili Mathiya,डरैली मठिया,2693
2657.0,3,Gram Panchayat,99865,1,Daranagar,दारानगर,2602
2658.0,3,Gram Panchayat,98578,2,Daraul,डरौल,2516
2659.0,3,Gram Panchayat,101282,1,Darauli,दरौली,2693
2660.0,3,Gram Panchayat,98328,1,Darawan,दरॉवा,2500
2661.0,3,Gram Panchayat,93767,2,Dargahiganj,दरगाहीगंज,2211
2662.0,3,Gram Panchayat,95127,1,Darhar,डरहार,2297
2663.0,3,Gram Panchayat,100007,1,Darhar,डरहार,2614
2664.0,3,Gram Panchayat,98993,2,Dariapur,दरियापुर,2543
2665.0,3,Gram Panchayat,100567,1,Dariapur,दरियापुर,2644
2666.0,3,Gram Panchayat,99917,2,Darigaon,दरिगांव,2607
2667.0,3,Gram Panchayat,100568,1,Darihara,दारिहरा,2644
2668.0,3,Gram Panchayat,99768,1,Darihat,दरिहट,2596
2669.0,3,Gram Panchayat,94432,1,Dariyapur,दरियापुर,2250
2670.0,3,Gram Panchayat,94689,2,Dariyapur,दरियापुर,2268
2671.0,3,Gram Panchayat,95687,1,Dariyapur,दरियापुर,2331
2672.0,3,Gram Panchayat,99013,1,Dariyapur,दरियापुर,2544
2673.0,3,Gram Panchayat,99591,1,Dariyapur,दरियापुर,2584
2674.0,3,Gram Panchayat,97591,2,Dariyapur-1,दरियापुर.1,2455
2675.0,3,Gram Panchayat,97592,1,Dariyapur-2,दरियापुर 2,2455
2676.0,3,Gram Panchayat,96751,1,Dariyapur Bhelwa,दरियापुर भेलवा,2402
2677.0,3,Gram Panchayat,97782,1,Dariyapur Kafen,दरियापुर कफेन,2466
2678.0,3,Gram Panchayat,96050,1,Darkha,दरखा,2355
2679.0,3,Gram Panchayat,99279,1,Darmaha,डार्माहा,2561
2680.0,3,Gram Panchayat,99185,1,Darpa,दरपा,2556
2681.0,3,Gram Panchayat,100480,1,Darsur,दरसुर,2640
2682.0,3,Gram Panchayat,98209,1,Daruara,डारूआरा,2489
2683.0,3,Gram Panchayat,100294,1,Darwa,दरबा,2630
2684.0,3,Gram Panchayat,99056,2,Darwe Bhadaur,दर्वे भदौर,2546
2685.0,3,Gram Panchayat,98190,1,Darweshpura,दरवेशपुरा,2487
2686.0,3,Gram Panchayat,98957,1,Darwesh Pur North,दरवेश्पुर उत्तरी,2541
2687.0,3,Gram Panchayat,98958,1,Darwesh Pur South,दरवेश्पुर दक्षिणी,2541
2688.0,3,Gram Panchayat,100247,1,Dasahra,दशहरा,2627
2689.0,3,Gram Panchayat,94690,2,Daspur,दासपुर,2268
2690.0,3,Gram Panchayat,100389,1,Dasut,दसौत,2635
2691.0,3,Gram Panchayat,98013,1,Datapur Punch Bhinda,दातापुर पंचभिड़वा,2475
2692.0,3,Gram Panchayat,98860,1,Datiyana,दतियाना,2533
2693.0,3,Gram Panchayat,100644,2,Datra Pursauli,डटरा पुरसौली,2648
2694.0,3,Gram Panchayat,98393,1,Datraul,दतरौल,2505
2695.0,3,Gram Panchayat,97342,1,Datuar,दाटुअर,2440
2696.0,3,Gram Panchayat,101945,2,Daudnagar,दौड़नगर,2734
2697.0,3,Gram Panchayat,101692,1,Daud Nagar,दौड़ नगर,2720
2698.0,3,Gram Panchayat,100690,1,Daudpur,दाउदपुर,2652
2699.0,3,Gram Panchayat,96808,1,Daula,दौला,2405
2700.0,3,Gram Panchayat,94760,1,Daulatpur,दौलतपुर,2272
2701.0,3,Gram Panchayat,94854,1,Daulatpur,दौलतपुर,2278
2702.0,3,Gram Panchayat,96064,1,Daulatpur,दौलतपुर,2356
2703.0,3,Gram Panchayat,98980,1,Daulatpur,दौलतपुर,2542
2704.0,3,Gram Panchayat,94418,1,Daulat Pur,दौलत पुर,2248
2705.0,3,Gram Panchayat,101754,2,Daulatpur Chandi,दौलतपुर चाँदी,2724
2706.0,3,Gram Panchayat,101753,1,Daulat Pur Dewaria,दौलतपुर देवरिया,2724
2707.0,3,Gram Panchayat,98635,1,Daunaha,दौनाहा,2519
2708.0,3,Gram Panchayat,94838,3,Dawan,दावन,2277
2709.0,3,Gram Panchayat,99754,1,Dawath,दावत,2595
2710.0,3,Gram Panchayat,96172,1,Dawthoo,दावथु,2363
2711.0,3,Gram Panchayat,100671,2,Dayalpur,दयालपुर,2650
2712.0,3,Gram Panchayat,101755,1,Dayalpur,दयालपुर,2724
2713.0,3,Gram Panchayat,98833,1,Dayalpur Daulatpur,दयालपुर दौलतपुर,2532
2714.0,3,Gram Panchayat,100965,1,Dayanchhapra,दायाँ छपरा,2674
2715.0,3,Gram Panchayat,101819,1,Dedhpura,डेढ़पुरा,2727
2716.0,3,Gram Panchayat,93848,1,Dedhua,डेढुआ,2214
2717.0,3,Gram Panchayat,97371,1,Deep East,डीप पूर्वी,2442
2718.0,3,Gram Panchayat,97372,1,Deep West,डीप पश्चिम,2442
2719.0,3,Gram Panchayat,93795,1,Deghli,दिघली,2212
2720.0,3,Gram Panchayat,100085,1,Dehad,देहद,2619
2721.0,3,Gram Panchayat,95010,2,Dehari,डेहरी,2288
2722.0,3,Gram Panchayat,99854,1,Dehari,डेहरी,2601
2723.0,3,Gram Panchayat,101503,1,Deharia,डेहरिया,2709
2724.0,3,Gram Panchayat,93796,1,Dehti North,डेहटी उत्तर,2212
2725.0,3,Gram Panchayat,93797,1,Dehti South,डेहटी दक्षिण,2212
2726.0,3,Gram Panchayat,95200,1,Dekuli Jagnathpur,देकुली जगरनाथपुर,2300
2727.0,3,Gram Panchayat,95672,1,Dema,डेमा,2330
2728.0,3,Gram Panchayat,101089,1,Dema,डेमा,2682
2729.0,3,Gram Panchayat,94940,1,Deo,देओ,2283
2730.0,3,Gram Panchayat,99804,1,Deo,देव,2598
2731.0,3,Gram Panchayat,98882,1,Deodaha,देवदहा,2535
2732.0,3,Gram Panchayat,100179,2,Deodha,देवधा,2624
2733.0,3,Gram Panchayat,97299,2,Deodha Middle,डेओधा मिड्ल,2437
2734.0,3,Gram Panchayat,97300,1,Deodha North,डेओधा उत्तर,2437
2735.0,3,Gram Panchayat,97301,1,Deodha South,डेओधा दक्षिण,2437
2736.0,3,Gram Panchayat,100818,2,Deodhi,डेवढी,2660
2737.0,3,Gram Panchayat,97687,1,Deogan,देवगन,2462
2738.0,3,Gram Panchayat,96385,2,Deohaliya,देवहलिया,2378
2739.0,3,Gram Panchayat,97149,1,Deohar,देओहर,2430
2740.0,3,Gram Panchayat,93927,1,Deohara,देओहरा,2219
2741.0,3,Gram Panchayat,95579,1,Deokali,डेओकाली,2324
2742.0,3,Gram Panchayat,94919,1,Deomalpur Bahudri,देओमालपुर बहुड्रि,2282
2743.0,3,Gram Panchayat,101133,1,Deona Buzurg,देओना बुज़ुर्ग,2685
2744.0,3,Gram Panchayat,96232,1,Deora,देवरा,2367
2745.0,3,Gram Panchayat,100180,2,Deora,देवड़ा,2624
2746.0,3,Gram Panchayat,96340,2,Deoradh Kala Khurd,देवराढ़ कला खुर्द,2375
2747.0,3,Gram Panchayat,96752,1,Deori,देओरी,2402
2748.0,3,Gram Panchayat,98981,1,Deoria,देवरिया,2542
2749.0,3,Gram Panchayat,101373,1,Deoria,देवरिया,2700
2750.0,3,Gram Panchayat,97928,1,Deoria East,देवरिया पूर्वी,2472
2751.0,3,Gram Panchayat,97929,1,Deoria West,देवरिया पश्चिमी,2472
2752.0,3,Gram Panchayat,96695,1,Deotha,देवठा,2399
2753.0,3,Gram Panchayat,96822,1,Deramari,डेरामारी,2406
2754.0,3,Gram Panchayat,99755,1,Dergaun,देरगौं,2595
2755.0,3,Gram Panchayat,96198,1,Derhsaiya,डेढ़सैया,2365
2756.0,3,Gram Panchayat,96341,1,Derwan,डेरवाँ,2375
2757.0,3,Gram Panchayat,100127,1,Desari Karrakh,देसरी  कर्रख,2621
2758.0,3,Gram Panchayat,96776,1,Desiya Toli,देसिया टोली,2403
2759.0,3,Gram Panchayat,101724,1,Desri,देसरी,2722
2760.0,3,Gram Panchayat,100657,1,Deuria,देवरिया,2649
2761.0,3,Gram Panchayat,98618,1,Deurwa,देउरवा,2518
2762.0,3,Gram Panchayat,95799,2,Devapur,देवापुर,2339
2763.0,3,Gram Panchayat,99387,1,Devapur,देवपुर,2569
2764.0,3,Gram Panchayat,98503,2,Devariya Taruanwa,देवरिया तरुअनवा,2511
2765.0,3,Gram Panchayat,96426,1,Devgaon,देवगाँव,2381
2766.0,3,Gram Panchayat,100605,2,Devpura,देवपुरा,2646
2767.0,3,Gram Panchayat,95177,1,Devram Amethi,देवराम अमैठी,2299
2768.0,3,Gram Panchayat,98883,1,Dewan,डेवाँ,2535
2769.0,3,Gram Panchayat,98329,1,Dewangarh,देवेनगढ़,2500
2770.0,3,Gram Panchayat,95933,2,Dewa Pur Shekh Pur DIL,देवा पुर शेख पुर दिल,2346
2771.0,3,Gram Panchayat,95075,1,Dewarihya,देवढ़ियां,2294
2772.0,3,Gram Panchayat,94195,3,Dewasi,देवासी,2234
2773.0,3,Gram Panchayat,99743,2,Dewdihi,देवडिही,2594
2774.0,3,Gram Panchayat,101586,1,Dewipur,देवीपुर,2715
2775.0,3,Gram Panchayat,99014,1,Dewra,देवरा,2544
2776.0,3,Gram Panchayat,100022,1,Dhabauli East,धबौली पूर्वी,2615
2777.0,3,Gram Panchayat,100020,1,Dhabauli South,धबौली दक्षिणी,2615
2778.0,3,Gram Panchayat,100021,1,Dhabauli West,धबौली पश्चिमी,2615
2779.0,3,Gram Panchayat,95717,1,Dhab Chiraiya,ढब चिरैया,2334
2780.0,3,Gram Panchayat,96866,1,Dhabeli,ढबेली,2408
2781.0,3,Gram Panchayat,94325,1,Dhabouli,धबौली,2241
2782.0,3,Gram Panchayat,98599,1,Dhadhawa,ढढवा,2517
2783.0,3,Gram Panchayat,95301,2,Dhadhiya,धधिया,2306
2784.0,3,Gram Panchayat,95092,1,Dhakaich,ढकैईच,2295
2785.0,3,Gram Panchayat,97210,1,Dhakjari,ढाकजारी,2433
2786.0,3,Gram Panchayat,93819,1,Dhama,धामा,2213
2787.0,3,Gram Panchayat,93873,1,Dhamanee,धमनी,2216
2788.0,3,Gram Panchayat,94761,2,Dhamar,धमार,2272
2789.0,3,Gram Panchayat,98394,1,Dhamaul,धमौल,2505
2790.0,3,Gram Panchayat,238526,1,Dhamaul Panchayat,धमौल पंचायत,6808
2791.0,3,Gram Panchayat,97171,1,Dhamaura,धमौरा,2431
2792.0,3,Gram Panchayat,98579,1,Dhamaura,धमौरा,2516
2793.0,3,Gram Panchayat,98619,1,Dhamaura,धमौरा,2518
2794.0,3,Gram Panchayat,96079,1,Dhamna,धमना,2357
2795.0,3,Gram Panchayat,98412,1,Dhamni,धमनी,2506
2796.0,3,Gram Panchayat,97732,1,Dhamouli Ramnath East,धमौली रामनाथ पूर्वी,2464
2797.0,3,Gram Panchayat,97733,1,Dhamouli Ramnath West,धमौली रामनाथ पश्चिमी,2464
2798.0,3,Gram Panchayat,100295,2,Dhamoun North,उत्तरी धमौन,2630
2799.0,3,Gram Panchayat,100296,2,Dhamoun South,दक्षिणी धमौन,2630
2800.0,3,Gram Panchayat,95113,1,Dhamura Dhamsain,धमुआरा धमसाईन,2296
2801.0,3,Gram Panchayat,98636,1,Dhanaha,धनहा,2519
2802.0,3,Gram Panchayat,101070,1,Dhanaha,धनहा,2681
2803.0,3,Gram Panchayat,98913,1,Dhana Nisarpura,धाना निसरपूरा,2537
2804.0,3,Gram Panchayat,98884,1,Dhanarua,धनरूआ,2535
2805.0,3,Gram Panchayat,97507,1,Dhanauja,धनौजा,2449
2806.0,3,Gram Panchayat,99375,1,Dhanaujee,धनौजी,2568
2807.0,3,Gram Panchayat,98580,2,Dhanauji,धनौजी,2516
2808.0,3,Gram Panchayat,97755,1,Dhanaur,धनौर,2465
2809.0,3,Gram Panchayat,101455,1,Dhanauti,धनौती,2706
2810.0,3,Gram Panchayat,99855,1,Dhanaw,धनव,2601
2811.0,3,Gram Panchayat,97406,1,Dhanchhiha,ढांचहीहा,2444
2812.0,3,Gram Panchayat,94895,1,Dhanchhuhan,धनछुहॉ,2280
2813.0,3,Gram Panchayat,94728,3,Dhandhi Belari,धांधी बेलारी,2270
2814.0,3,Gram Panchayat,94855,1,Dhandiha,धनदिहा,2278
2815.0,3,Gram Panchayat,93671,1,Dhaneshri,धनेश्वरी,2207
2816.0,3,Gram Panchayat,97211,1,Dhanga,ढंगा,2433
2817.0,3,Gram Panchayat,96792,2,Dhangadha,धांगड़ा,2404
2818.0,3,Gram Panchayat,93874,1,Dhangai,ढंगा,2216
2819.0,3,Gram Panchayat,96541,1,Dhangama,धनगामा,2388
2820.0,3,Gram Panchayat,100519,2,Dhangarha,धनगड़हा,2642
2821.0,3,Gram Panchayat,99424,2,Dhangarhwa Kaurihar,ढंगरहवा कौरिहार,2573
2822.0,3,Gram Panchayat,100481,1,Dhanhar,धनहर,2640
2823.0,3,Gram Panchayat,99805,1,Dhanhara,धनहरा,2598
2824.0,3,Gram Panchayat,99412,1,Dhanhar Dihuli,धनहर डिहुली,2572
2825.0,3,Gram Panchayat,94482,1,Dhankaul,धनकौल,2254
2826.0,3,Gram Panchayat,100893,1,Dhankaul,धनकौल,2668
2827.0,3,Gram Panchayat,98762,1,Dhankutwa,धनकुटवा,2526
2828.0,3,Gram Panchayat,95154,1,Dhanouli,धनौली,2298
2829.0,3,Gram Panchayat,94516,2,Dhanoura,धनौरा,2256
2830.0,3,Gram Panchayat,95566,2,Dhansir,धनसीर,2323
2831.0,3,Gram Panchayat,95076,1,Dhansoi,धनसोई,2294
2832.0,3,Gram Panchayat,96793,1,Dhantola,धन्टोला,2404
2833.0,3,Gram Panchayat,94149,2,Dhanubsar,धनुवसार,2231
2834.0,3,Gram Panchayat,101134,1,Dhanukhi,धानुखी,2685
2835.0,3,Gram Panchayat,98252,1,Dhanuki,धनुकी,2493
2836.0,3,Gram Panchayat,100061,1,Dhanupura,धानुपुरा,2618
2837.0,3,Gram Panchayat,98313,1,Dhanwa,धनवाँ,2498
2838.0,3,Gram Panchayat,98811,2,Dhanwan Mobarakpur,धनवान मोबारक़पुर,2530
2839.0,3,Gram Panchayat,96542,1,Dhaprasia,धपरसिया,2388
2840.0,3,Gram Panchayat,101587,2,Dharahara,धराहरा,2715
2841.0,3,Gram Panchayat,97567,1,Dharahra Mahrana,धराहरा महराणा,2453
2842.0,3,Gram Panchayat,97568,1,Dharahra(South),धराहरा(दक्षिण),2453
2843.0,3,Gram Panchayat,95780,1,Dharambari,धरमबारि,2338
2844.0,3,Gram Panchayat,93798,1,Dharam Ganj,धर्मगंज,2212
2845.0,3,Gram Panchayat,96491,2,Dharampur,धर्मपुर,2384
2846.0,3,Gram Panchayat,97828,1,Dharampur,धर्मपुर,2468
2847.0,3,Gram Panchayat,100370,1,Dharampur,धर्मपुर,2634
2848.0,3,Gram Panchayat,101725,2,Dharampur Ramrai,धरमपुर रमराई,2722
2849.0,3,Gram Panchayat,96213,1,Dharaut,धराउत,2366
2850.0,3,Gram Panchayat,96624,1,Dharhan,धरहन,2394
2851.0,3,Gram Panchayat,96327,1,Dharhar,धड़हर,2374
2852.0,3,Gram Panchayat,95673,1,Dharhara,धरहरा,2330
2853.0,3,Gram Panchayat,97407,1,Dharhara,धरहरा,2444
2854.0,3,Gram Panchayat,98262,1,Dharhara,धरहरा,2494
2855.0,3,Gram Panchayat,99033,2,Dharhara,धरहरा,2545
2856.0,3,Gram Panchayat,99528,2,Dharhara,धरहरा,2581
2857.0,3,Gram Panchayat,99529,1,Dharhara Chakla Bhunai,धरहरा चकला भुनाई,2581
2858.0,3,Gram Panchayat,95545,1,Dharhara Kala,धरहरा कला,2322
2859.0,3,Gram Panchayat,100501,2,Dharhara Khurd,धरहरा खुर्द,2641
2860.0,3,Gram Panchayat,97656,1,Dharharwa,धरहरवा,2460
2861.0,3,Gram Panchayat,101071,1,Dharharwa,धरहर्वा,2681
2862.0,3,Gram Panchayat,97508,1,Dharmdiha,धर्मदीहा,2449
2863.0,3,Gram Panchayat,99878,2,Dharmpura,धर्मपुरा,2603
2864.0,3,Gram Panchayat,100502,2,Dharmpur Jafar,धरमपुर जाफर,2641
2865.0,3,Gram Panchayat,96214,1,Dharnai,धरनई,2366
2866.0,3,Gram Panchayat,100248,1,Dharni Patti East,धरनीपट्टी पूर्वी,2627
2867.0,3,Gram Panchayat,100249,2,Dharni Patti West,धरनीपट्टी पश्चिम,2627
2868.0,3,Gram Panchayat,97930,1,Dharphari,धरफरी,2472
2869.0,3,Gram Panchayat,95985,2,Dhatiwana,धतिवना,2350
2870.0,3,Gram Panchayat,99919,1,Dhaudarh,धौवडाढ़,2607
2871.0,3,Gram Panchayat,97642,1,Dhauri,धौरी,2459
2872.0,3,Gram Panchayat,100520,2,Dhawri,धवरी,2642
2873.0,3,Gram Panchayat,94209,1,Dhayaharna Mahgama,धायहरना महगामा,2235
2874.0,3,Gram Panchayat,99302,1,Dhekahan,ढेकहाँ,2562
2875.0,3,Gram Panchayat,99358,2,Dhekhahan North,ढेखान उत्तर,2566
2876.0,3,Gram Panchayat,244442,2,Dhekhahan West,ढेखान पश्चिम,2566
2877.0,3,Gram Panchayat,99403,2,Dhekhan South,ढेखान दक्षिण,2571
2878.0,3,Gram Panchayat,98169,1,Dhekwaha,धेकवाहा,2485
2879.0,3,Gram Panchayat,100762,1,Dhenuki,धेनुकी,2656
2880.0,3,Gram Panchayat,98395,2,Dheodha,धेवधा,2505
2881.0,3,Gram Panchayat,96529,1,Dheruwa,ढ़ेरुआ,2387
2882.0,3,Gram Panchayat,95726,2,Dhibar,ढीबर,2335
2883.0,3,Gram Panchayat,96917,1,Dhira,धिरा,2412
2884.0,3,Gram Panchayat,98443,1,Dhiraundh,धिरौन्ध,2508
2885.0,3,Gram Panchayat,99057,2,Dhivar,ढ़ीवर,2546
2886.0,3,Gram Panchayat,99081,1,Dhiwara,ढिबरा,2548
2887.0,3,Gram Panchayat,97630,1,Dhobai,धोबई,2458
2888.0,3,Gram Panchayat,98170,1,Dhobdiha,धोब्ड़िहा,2485
2889.0,3,Gram Panchayat,100312,1,Dhobgama,धोबगामा,2631
2890.0,3,Gram Panchayat,93820,1,Dhobinia,धोबनिया,2213
2891.0,3,Gram Panchayat,98620,1,Dhobni,धोबिनी,2518
2892.0,3,Gram Panchayat,98621,1,Dhobni-Dharampur,धोबनी धर्मपुर,2518
2893.0,3,Gram Panchayat,96147,1,Dhodhari,ढ़ोंढरी,2361
2894.0,3,Gram Panchayat,95907,1,Dhodhawaliya,ढोढवालिया,2345
2895.0,3,Gram Panchayat,95227,1,Dhoi,धोई,2301
2896.0,3,Gram Panchayat,98667,1,Dhokraha,धोकराहा,2521
2897.0,3,Gram Panchayat,98746,2,Dhokraha,धोकरहा,2525
2898.0,3,Gram Panchayat,93696,1,Dhol Baja,ढोलबज्जा,2208
2899.0,3,Gram Panchayat,98504,2,Dholbajwa Laxmipur,ढोलबजवा लक्ष्मीपुर,2511
2900.0,3,Gram Panchayat,94622,1,Dholbazza,ढोलबज़्ज़ा,2264
2901.0,3,Gram Panchayat,101604,1,Dholi,ढोली,2716
2902.0,3,Gram Panchayat,98396,1,Dhorah,ढ़ोढ़ा,2505
2903.0,3,Gram Panchayat,94587,1,Dhoriya Dadpur,ढोढिया-दादपुर,2261
2904.0,3,Gram Panchayat,100503,1,Dhorlahi Khaithal,ढोरलाही कैथल,2641
2905.0,3,Gram Panchayat,94047,1,Dhosila,ढोसिला,2225
2906.0,3,Gram Panchayat,94210,1,Dhouni-Bamdeo,धौनी बामदेव,2235
2907.0,3,Gram Panchayat,94128,1,Dhouri,धौरी,2230
2908.0,3,Gram Panchayat,100276,1,Dhrampur Bande,धरमपुर बान्दे,2629
2909.0,3,Gram Panchayat,94504,2,Dhrampur Ratti,धरमपुररत्ती,2255
2910.0,3,Gram Panchayat,100202,1,Dhrubgama,ध्रुबगामा,2625
2911.0,3,Gram Panchayat,94588,2,Dhrubganj,ध्रुबगंज,2261
2912.0,3,Gram Panchayat,94710,3,Dhuabai,धुआवैं,2269
2913.0,3,Gram Panchayat,98695,2,Dhumnagar,धूमनगर,2522
2914.0,3,Gram Panchayat,98776,1,Dhumnagar,धूमनगर,2527
2915.0,3,Gram Panchayat,98720,1,Dhum Nagar,धूमनगर,2523
2916.0,3,Gram Panchayat,100748,1,Dhupnagar Dhobwal,धुपनगर धोबवल,2655
2917.0,3,Gram Panchayat,97069,2,Dhurgaon,धुरगाँव,2424
2918.0,3,Gram Panchayat,98107,1,Dhurgaon,धुरगाओं,2481
2919.0,3,Gram Panchayat,96605,1,Dhuriyahi,धुरियाही,2392
2920.0,3,Gram Panchayat,100482,1,Dhurlakh,धुरलख,2640
2921.0,3,Gram Panchayat,99478,1,Dhurpaili,धुरपैली,2578
2922.0,3,Gram Panchayat,99362,2,Dhurwa Lakhaura,धुरवा  लाखौरा,2566
2923.0,3,Gram Panchayat,99496,1,Dhusamal,धुसमल,2579
2924.0,3,Gram Panchayat,93940,1,Dhusari,धूसरी,2220
2925.0,3,Gram Panchayat,99694,1,Dhusar-Tikapatti,धूसर-टीकापट्टी,2590
2926.0,3,Gram Panchayat,96720,1,Dhusmuri Bishanpur,धूस्मुरी बिशनपुर,2400
2927.0,3,Gram Panchayat,95451,1,Dhusri,धूसरी,2315
2928.0,3,Gram Panchayat,96680,1,Dhutauli,ढूतौली,2398
2929.0,3,Gram Panchayat,99559,1,Dibra,डिब्रा,2582
2930.0,3,Gram Panchayat,97620,2,Didarganj,दीदारगंज,2457
2931.0,3,Gram Panchayat,100966,1,Digghi,दिग्घी,2674
2932.0,3,Gram Panchayat,96794,1,Dighalbank,दिघलबांक,2404
2933.0,3,Gram Panchayat,96258,1,Dighar,दीघार,2369
2934.0,3,Gram Panchayat,96667,1,Dighaun,दिघौन,2397
2935.0,3,Gram Panchayat,95736,1,Dighaura,दीघौरा,2336
2936.0,3,Gram Panchayat,96116,1,Dighi,दीग्घी,2359
2937.0,3,Gram Panchayat,97085,1,Dighi,दिग्घी,2425
2938.0,3,Gram Panchayat,101552,1,Dighiya,दीघिया,2712
2939.0,3,Gram Panchayat,95328,1,Dighiyar,दिघियार,2307
2940.0,3,Gram Panchayat,100313,1,Dighra,दिघरा,2631
2941.0,3,Gram Panchayat,96579,2,Dighri,दिघरी,2390
2942.0,3,Gram Panchayat,95781,1,Dighwa Dubaulli North,दिघवादुबौली ऊत्तरी,2338
2943.0,3,Gram Panchayat,95782,1,Dighwa Duhauli South,दिघवादुबौली दक्षिणी,2338
2944.0,3,Gram Panchayat,101424,1,Dighwalia,दिघवालिया,2704
2945.0,3,Gram Panchayat,95580,1,Diha,दिहा,2324
2946.0,3,Gram Panchayat,100832,1,Diha,डीहा,2661
2947.0,3,Gram Panchayat,94021,1,Dihara,दिहरा,2224
2948.0,3,Gram Panchayat,96267,1,Dihara,डिहरा,2370
2949.0,3,Gram Panchayat,101778,1,Dih Buchauli,दीह बुछौली,2725
2950.0,3,Gram Panchayat,98543,1,Dihi Pakri,डीही पकड़ी,2514
2951.0,3,Gram Panchayat,97657,1,Dih Jiwar,डीह जीवर,2460
2952.0,3,Gram Panchayat,100855,2,Dihkusumbha,डीहकुसुम्भा,2664
2953.0,3,Gram Panchayat,95269,1,Dihlahi,डीहलाही,2304
2954.0,3,Gram Panchayat,94369,1,Dihpar,डीहपर,2243
2955.0,3,Gram Panchayat,94907,1,Dihra,डिहरा,2281
2956.0,3,Gram Panchayat,94022,2,Dihri,डिहरी,2224
2957.0,3,Gram Panchayat,98137,3,Dihri,डिहरी,2483
2958.0,3,Gram Panchayat,99744,2,Dihriya,डिहरिया,2594
2959.0,3,Gram Panchayat,97981,1,Dihuli Ishaque,डिहुली इशक़ुए,2474
2960.0,3,Gram Panchayat,95737,1,Dihura,डिहुरा,2336
2961.0,3,Gram Panchayat,93928,1,Dihuri,दिहुरि,2219
2962.0,3,Gram Panchayat,95452,1,Dihuri,दिहुरि,2315
2963.0,3,Gram Panchayat,95128,1,Dilabar Pur,दिलावरपुर,2297
2964.0,3,Gram Panchayat,96606,1,Dilarpur,दिलारपुर,2392
2965.0,3,Gram Panchayat,99284,1,Dilawarpur,दिलवरपुर,2561
2966.0,3,Gram Panchayat,101693,1,Dilawarpur Gobardhan,दिलवरपुर गोबरधन,2720
2967.0,3,Gram Panchayat,94745,1,Diliyan,डिलियाँ,2271
2968.0,3,Gram Panchayat,100783,1,Diliya Rahim Pur,दिलिया रहिमपुर,2658
2969.0,3,Gram Panchayat,99631,1,Dimia,डिमिया,2586
2970.0,3,Gram Panchayat,99677,2,Dimia Chhatarjan,डिमिया छतरजान,2589
2971.0,3,Gram Panchayat,101559,1,Dinapatti,दीनापट्टी,2713
2972.0,3,Gram Panchayat,97084,2,Dinapatti Sakhua,दीनापट्टी सखुआ,2425
2973.0,3,Gram Panchayat,101490,2,Dinbandi,दीनबंधी,2708
2974.0,3,Gram Panchayat,101226,2,Dindayalpur,दीनदयालपुर,2690
2975.0,3,Gram Panchayat,94691,2,Dindayal Pur,दीनदयाल पुर,2268
2976.0,3,Gram Panchayat,93941,1,Dindir,दींदीर,2220
2977.0,3,Gram Panchayat,100229,1,Dinmanpur North,दिन्मनपुर उत्तरी,2626
2978.0,3,Gram Panchayat,100230,1,Dinmanpur South,दिन्मनपुर दक्षिणी,2626
2979.0,3,Gram Panchayat,95363,1,Dinmo,दिनमो,2309
2980.0,3,Gram Panchayat,96051,1,Din Nager,दिननगर,2355
2981.0,3,Gram Panchayat,99199,1,Dipahi Dharharwa,दीपाही धरहर्वा,2557
2982.0,3,Gram Panchayat,95475,2,Diwaniyan,दिवनियाँ,2317
2983.0,3,Gram Panchayat,99978,1,Diwari,दिवारी,2612
2984.0,3,Gram Panchayat,101194,1,Diwari Matauna,दिवारी मताउना,2688
2985.0,3,Gram Panchayat,93648,1,Diyari,दियारी,2206
2986.0,3,Gram Panchayat,98183,1,Diyawan,डियावाँ,2486
2987.0,3,Gram Panchayat,99695,1,Dobha Milik,डोभा मिलिक,2590
2988.0,3,Gram Panchayat,94798,1,Doghara,दोघरा,2274
2989.0,3,Gram Panchayat,95302,1,Doghra,दोघरा,2306
2990.0,3,Gram Panchayat,96777,1,Dohar,दोहर,2403
2991.0,3,Gram Panchayat,95155,1,Dohat Narain,दोहट नारायण,2298
2992.0,3,Gram Panchayat,98352,1,Dohra,डोहडा,2502
2993.0,3,Gram Panchayat,98210,1,Doiya,दोईया,2489
2994.0,3,Gram Panchayat,98795,1,Doma,डोमा,2529
2995.0,3,Gram Panchayat,95823,1,Domanpur,डोमनपुर,2340
2996.0,3,Gram Panchayat,98581,2,Domath,दोमाठ,2516
2997.0,3,Gram Panchayat,94200,4,Domsarani,डोमसरनी,2234
2998.0,3,Gram Panchayat,94081,2,Domuhan,दोमुहान,2227
2999.0,3,Gram Panchayat,98314,1,Dona,दोना,2498
3000.0,3,Gram Panchayat,101283,2,Done Bujurg,दोन बुजुर्ग,2693
3001.0,3,Gram Panchayat,98600,1,Donwar,दोनवार,2517
3002.0,3,Gram Panchayat,96845,1,Doobanochi,डूबनोची,2407
3003.0,3,Gram Panchayat,97302,1,Dorbar,डॉरबर,2437
3004.0,3,Gram Panchayat,93697,1,Doria Sonapur,डोरिया सोनापुर,2208
3005.0,3,Gram Panchayat,101050,1,Dorpur,डॉरपुर,2680
3006.0,3,Gram Panchayat,238516,1,Dorra Panchayat,दोर्रा पंचायत,6806
3007.0,3,Gram Panchayat,100906,1,Dostiya,दोस्तियाँ,2669
3008.0,3,Gram Panchayat,101163,1,Dostiya,दोस्तिया,2686
3009.0,3,Gram Panchayat,98228,1,Dosut,दोसूट्,2491
3010.0,3,Gram Panchayat,98456,2,Dosut,दोसुत,2509
3011.0,3,Gram Panchayat,98834,1,Doulatpur Simri,दौलतपुर सिमरी,2532
3012.0,3,Gram Panchayat,100258,1,Dubaha,दुबहा,2628
3013.0,3,Gram Panchayat,95610,1,Dubahal,दुब्हल,2326
3014.0,3,Gram Panchayat,99121,1,Dubahan,दुबहान,2551
3015.0,3,Gram Panchayat,97982,1,Dubahan Bujurg,दुबहा बुजूर्ग,2474
3016.0,3,Gram Panchayat,99592,1,Dubaili,दुबैली,2584
3017.0,3,Gram Panchayat,93732,1,Dubba,डुब्बा,2209
3018.0,3,Gram Panchayat,95592,2,Dubba,दुब्बा,2325
3019.0,3,Gram Panchayat,97783,1,Dubiahi,दुबियाहीं,2466
3020.0,3,Gram Panchayat,101523,1,Dubiyahi,दुबियाही,2710
3021.0,3,Gram Panchayat,101560,2,Dubiyahi,दुबीयाही,2713
3022.0,3,Gram Panchayat,100793,2,Dudhaila,दूधैला,2659
3023.0,3,Gram Panchayat,93875,1,Dudhar,दुधार,2216
3024.0,3,Gram Panchayat,101314,1,Dudhara,दुधरा,2695
3025.0,3,Gram Panchayat,94082,1,Dudhari,दुधारी,2227
3026.0,3,Gram Panchayat,96883,1,Dudhoti,दुधोती,2409
3027.0,3,Gram Panchayat,100181,1,Dudhpura,दुधपुरा,2624
3028.0,3,Gram Panchayat,94048,1,Dugul,दुगुल,2225
3029.0,3,Gram Panchayat,96316,2,Dulahi,दुलही,2373
3030.0,3,Gram Panchayat,96023,1,Dulampur,दुलमपुर,2353
3031.0,3,Gram Panchayat,93909,1,Dulare,दुलारे,2218
3032.0,3,Gram Panchayat,97119,3,Dular Piprahi,दुलार-पिपराही,2428
3033.0,3,Gram Panchayat,95228,1,Dularpur,दुलारपुर,2301
3034.0,3,Gram Panchayat,95077,1,Dulfa,दुल्फा,2294
3035.0,3,Gram Panchayat,97303,1,Dulipatti,डुलीपटती,2437
3036.0,3,Gram Panchayat,95093,2,Dullahpur,दुल्लहपुर,2295
3037.0,3,Gram Panchayat,99326,1,Dulma,दुलमा,2564
3038.0,3,Gram Panchayat,96637,1,Dumar,डूमर,2395
3039.0,3,Gram Panchayat,93942,2,Dumara,डुमरा,2220
3040.0,3,Gram Panchayat,97150,1,Dumara,डुमरा,2430
3041.0,3,Gram Panchayat,95201,1,Dumari,डुमरी,2300
3042.0,3,Gram Panchayat,96328,1,Dumari,डुमरी,2374
3043.0,3,Gram Panchayat,98426,1,Dumari,डुमरी,2507
3044.0,3,Gram Panchayat,98926,1,Dumari,डुमरी,2538
3045.0,3,Gram Panchayat,99933,1,Dumari,डुमरी,2608
3046.0,3,Gram Panchayat,100545,1,Dumari,डुमरी,2643
3047.0,3,Gram Panchayat,100691,1,Dumari,डुमरी,2652
3048.0,3,Gram Panchayat,100749,1,Dumari,डुमरी,2655
3049.0,3,Gram Panchayat,101588,1,Dumari,डुमरी,2715
3050.0,3,Gram Panchayat,93747,1,Dumaria,डुमरिया,2210
3051.0,3,Gram Panchayat,95973,1,Dumaria,डुमरिया,2349
3052.0,3,Gram Panchayat,96884,1,Dumaria,डुमरिया,2409
3053.0,3,Gram Panchayat,94542,1,Dumaria Chaperghat,डुमरिया चपरघट,2257
3054.0,3,Gram Panchayat,100794,1,Dumari Bujurg,दुमारी बुजुर्ग,2659
3055.0,3,Gram Panchayat,95546,1,Dumari Chati,डुमरी छाती,2322
3056.0,3,Gram Panchayat,101039,1,Dumari Kala,डुमरी कला,2679
3057.0,3,Gram Panchayat,100250,1,Dumari North,डुमरी उत्तर,2627
3058.0,3,Gram Panchayat,94129,1,Dumariya,डुमरिया,2230
3059.0,3,Gram Panchayat,94920,1,Dumariya,डुमरिया,2282
3060.0,3,Gram Panchayat,98696,1,Dumariya,डुमरिया,2522
3061.0,3,Gram Panchayat,99437,1,Dumariya,डुमरिया,2574
3062.0,3,Gram Panchayat,94941,1,Dumariyan,डुमरियां,2283
3063.0,3,Gram Panchayat,96299,1,Dumarkon,डूमरकोन,2372
3064.0,3,Gram Panchayat,100734,3,Dumarshan,डुमरशन,2654
3065.0,3,Gram Panchayat,96268,1,Dumdum,दुमदुम,2370
3066.0,3,Gram Panchayat,96375,1,Dumduma,दुमदुमा,2377
3067.0,3,Gram Panchayat,95824,1,Dumer Narendra,दुमेर नरेन्द्रा,2340
3068.0,3,Gram Panchayat,93958,2,Dumra,डुमरा,2221
3069.0,3,Gram Panchayat,99314,1,Dumra,डुमरा,2563
3070.0,3,Gram Panchayat,99824,1,Dumra,डुमरा,2599
3071.0,3,Gram Panchayat,100984,1,Dumra,डुमरा,2675
3072.0,3,Gram Panchayat,101364,3,Dumra,डुमरा,2699
3073.0,3,Gram Panchayat,101284,1,Dumrahar Bujurg,डुमरहर बुजुर्ग,2693
3074.0,3,Gram Panchayat,96269,1,Dumraith,डुमरैठ,2370
3075.0,3,Gram Panchayat,100390,1,Dumra Mohan,डुमरा मोहन,2635
3076.0,3,Gram Panchayat,98036,1,Dumranwan,डुमराणवान,2476
3077.0,3,Gram Panchayat,96259,3,Dumrawan,डुमरावां,2369
3078.0,3,Gram Panchayat,98063,1,Dumrawan,डुमरवाण,2478
3079.0,3,Gram Panchayat,98397,1,Dumrawan,डुमरावॉ,2505
3080.0,3,Gram Panchayat,93957,2,Dumri,डुमरी,2221
3081.0,3,Gram Panchayat,95094,1,Dumri,डुमरी,2295
3082.0,3,Gram Panchayat,96668,2,Dumri,डुमरी,2397
3083.0,3,Gram Panchayat,96897,1,Dumri,डुमरी,2410
3084.0,3,Gram Panchayat,97898,1,Dumri,डुमरी,2471
3085.0,3,Gram Panchayat,98601,1,Dumri,डुमरी,2517
3086.0,3,Gram Panchayat,98668,1,Dumri,डुमरी,2521
3087.0,3,Gram Panchayat,99096,1,Dumri,डुमरी,2549
3088.0,3,Gram Panchayat,100819,2,Dumri,डुमरी,2660
3089.0,3,Gram Panchayat,98736,1,Dumri Bhagarawa,डूमरी भगड़वा,2524
3090.0,3,Gram Panchayat,98737,1,Dumri Muradih,डुमरी मुराडीह,2524
3091.0,3,Gram Panchayat,100251,1,Dumri South,डुमरी दक्षिण,2627
3092.0,3,Gram Panchayat,94406,3,Dunhi,दुन्ही,2247
3093.0,3,Gram Panchayat,96408,2,Durgapur,दुर्गापुर,2380
3094.0,3,Gram Panchayat,96464,1,Durgapur,दुर्गापुर,2383
3095.0,3,Gram Panchayat,97101,1,Durgapur,दुर्गापुर,2426
3096.0,3,Gram Panchayat,97621,3,Durgapur,दुर्गापुर,2457
3097.0,3,Gram Panchayat,96778,1,Durgapur Bangama,दुर्गापुर बानगामा,2403
3098.0,3,Gram Panchayat,100735,1,Durgauli,दुर्गौली,2654
3099.0,3,Gram Panchayat,97386,2,Durgipatti,दुर्गीपट्टी,2443
3100.0,3,Gram Panchayat,95908,1,Durg Mathihaniya,दुर्ग मटिहनिया,2345
3101.0,3,Gram Panchayat,97622,1,Durmatta,दुरमट्टा,2457
3102.0,3,Gram Panchayat,97429,1,Dwalakh,द्वालख,2445
3103.0,3,Gram Panchayat,96511,1,Dwashay,द्वाशय,2385
3104.0,3,Gram Panchayat,94839,1,East Ayar,पूर्वी आयर,2277
3105.0,3,Gram Panchayat,96681,1,East Borne,पूर्वी बॉर्न,2398
3106.0,3,Gram Panchayat,96409,1,East Karimullapur,पूर्वी करीमुल्लापुर,2380
3107.0,3,Gram Panchayat,93910,1,East Kataki,पूर्वी कटकी,2218
3108.0,3,Gram Panchayat,99097,1,East Lakhna,लखना पूर्वी,2549
3109.0,3,Gram Panchayat,96594,2,East Muradpur,पूर्वी मुरादपुर,2391
3110.0,3,Gram Panchayat,97860,1,Ebrahimpur,इब्राहिमपुर,2469
3111.0,3,Gram Panchayat,99593,1,Echalo,इचालो,2584
3112.0,3,Gram Panchayat,94390,1,Ekamba,एकम्बा,2245
3113.0,3,Gram Panchayat,99632,1,Ekamba,एकम्बा,2586
3114.0,3,Gram Panchayat,98108,1,Ekangardih,एकानगारडिह,2481
3115.0,3,Gram Panchayat,95095,1,Ekauna,एकौना,2295
3116.0,3,Gram Panchayat,94959,1,Ekawana,एकौना,2284
3117.0,3,Gram Panchayat,94517,1,Ekchari,एकचारी,2256
3118.0,3,Gram Panchayat,94637,1,Ekchari Diyara,एक्चरी दियारा,2265
3119.0,3,Gram Panchayat,95869,2,Ekdanga,एकडंगा,2343
3120.0,3,Gram Panchayat,98812,1,Ekdanga,एकदंगा,2530
3121.0,3,Gram Panchayat,94518,2,Ekdara,एकडारा,2256
3122.0,3,Gram Panchayat,99186,1,Ekdari,एकदारी,2556
3123.0,3,Gram Panchayat,95854,1,Ekderwa,एकडेरवा,2342
3124.0,3,Gram Panchayat,95986,1,Ekderwan,एकडरवान,2350
3125.0,3,Gram Panchayat,97353,2,Ekhari,एकरी,2441
3126.0,3,Gram Panchayat,97387,2,Ekhatha,एकहत्था,2443
3127.0,3,Gram Panchayat,101622,1,Ekma,एकमा,2717
3128.0,3,Gram Panchayat,96795,1,Ekra,एकरा,2404
3129.0,3,Gram Panchayat,100850,2,Ekrama,एकरामा,2663
3130.0,3,Gram Panchayat,94974,2,Ekrasi,एकरासी,2285
3131.0,3,Gram Panchayat,96492,2,Eksalla,इकशल्ला,2384
3132.0,3,Gram Panchayat,100607,1,Eksar,एकसार,2646
3133.0,3,Gram Panchayat,98057,1,Eksara,एक्सरा,2477
3134.0,3,Gram Panchayat,94896,1,Ekwari,एकवारी,2280
3135.0,3,Gram Panchayat,238525,2,Embrahimpur Panchayat,इब्राहिमपुर पंचायत,6808
3136.0,3,Gram Panchayat,95156,1,Enai,इनई,2298
3137.0,3,Gram Panchayat,100692,2,Enaitpur,इनायतपुर,2652
3138.0,3,Gram Panchayat,101390,1,English,इंगलिश,2701
3139.0,3,Gram Panchayat,94726,2,English Chichraun,इंग्लिश चिचरौन,2270
3140.0,3,Gram Panchayat,93911,1,Eraura,अरौरा,2218
3141.0,3,Gram Panchayat,95674,1,Erki,एरकी,2330
3142.0,3,Gram Panchayat,93976,1,Erkikala,एरकिकला,2222
3143.0,3,Gram Panchayat,96215,2,E. Saren,पूर्वी सरेन,2366
3144.0,3,Gram Panchayat,97577,2,Etahari,इटहरी,2454
3145.0,3,Gram Panchayat,97569,1,Etwa,ईटवा,2453
3146.0,3,Gram Panchayat,96376,1,Ewati,एवती,2377
3147.0,3,Gram Panchayat,94419,1,Fafaut,फ़फ़ौत,2248
3148.0,3,Gram Panchayat,93929,1,Fag,फाग,2219
3149.0,3,Gram Panchayat,94116,2,Faga,फागा,2229
3150.0,3,Gram Panchayat,94711,3,Fajilpur Sakrama,फाजिलपुर सकरामा,2269
3151.0,3,Gram Panchayat,95783,1,Fajulahpur,फैज़ुलाहपुर,2338
3152.0,3,Gram Panchayat,238495,2,Fakharpur Panchayat,फखरपुर पंचायत,6804
3153.0,3,Gram Panchayat,97784,1,Fakuli,फकुली,2466
3154.0,3,Gram Panchayat,100555,2,Fakuli,फकुली,2643
3155.0,3,Gram Panchayat,96846,1,Fala,फला,2407
3156.0,3,Gram Panchayat,93821,1,Farakia,फरकिया,2213
3157.0,3,Gram Panchayat,99015,1,Faridpur,फरीदपुर,2544
3158.0,3,Gram Panchayat,96024,1,Farizatadih,फरियताडीह,2353
3159.0,3,Gram Panchayat,94674,1,Farka,फरका,2267
3160.0,3,Gram Panchayat,98413,1,Farka Buzurg,फरका बुज़ुर्ग,2506
3161.0,3,Gram Panchayat,94783,1,Farna,फरना,2273
3162.0,3,Gram Panchayat,101831,1,Fatahpur Pakri,फ़तहपुर पकरी,2728
3163.0,3,Gram Panchayat,94253,1,Fateha,फतेहा,2237
3164.0,3,Gram Panchayat,97861,1,Fateha,फतेहा,2469
3165.0,3,Gram Panchayat,97931,1,Fatehabad,फतेहाबाद,2472
3166.0,3,Gram Panchayat,96607,1,Fateh Nagar,फत्तेह नगर,2392
3167.0,3,Gram Panchayat,94065,3,Fatehpur,फतेहपुर,2226
3168.0,3,Gram Panchayat,94283,1,Fatehpur,फतेहपुर,2239
3169.0,3,Gram Panchayat,94675,2,Fatehpur,फतेहपुर,2267
3170.0,3,Gram Panchayat,95870,2,Fatehpur,फतेहपुर,2343
3171.0,3,Gram Panchayat,96449,1,Fatehpur,फतेहपुर,2382
3172.0,3,Gram Panchayat,98287,1,Fatehpur,फतेहपुर,2496
3173.0,3,Gram Panchayat,98823,1,Fatehpur,फतेहपुर,2531
3174.0,3,Gram Panchayat,99070,1,Fatehpur,फतेहपुर,2547
3175.0,3,Gram Panchayat,101898,1,Fatehpur,फतेहपुर,2731
3176.0,3,Gram Panchayat,100569,1,Fatehpur Chain,फतेहपुर चैन,2644
3177.0,3,Gram Panchayat,100423,1,Fatehpur Wala,फतेहपुर वाला,2637
3178.0,3,Gram Panchayat,93768,2,Fattehpur,फतेहपुर,2211
3179.0,3,Gram Panchayat,100618,1,Ferusa,फेरुसा,2647
3180.0,3,Gram Panchayat,94799,1,Fingi,फिंगी,2274
3181.0,3,Gram Panchayat,101589,1,Finglash,फिंगलश,2715
3182.0,3,Gram Panchayat,100615,2,Fuchati Kala,फुचटी कला,2646
3183.0,3,Gram Panchayat,100182,1,Fulhara,फुलहारा,2624
3184.0,3,Gram Panchayat,98524,1,Fuliyakhar,फुलियाखांड,2512
3185.0,3,Gram Panchayat,97734,1,Fulkanhan Mani,फुलकाहां मणि,2464
3186.0,3,Gram Panchayat,94182,2,Fullidumar,फुल्लीडुमर,2233
3187.0,3,Gram Panchayat,97007,2,Fulout East,फुलौत पूर्वी,2419
3188.0,3,Gram Panchayat,97008,2,Fulout West,फुलौत पश्चिमी,2419
3189.0,3,Gram Panchayat,95987,1,Fulugani,फुलुगनी,2350
3190.0,3,Gram Panchayat,96580,2,Fulwaria,फुलवरिया,2390
3191.0,3,Gram Panchayat,99441,1,Fulwaria,फुलवारिया,2575
3192.0,3,Gram Panchayat,101832,2,Fulwaria,फुलवारिया,2728
3193.0,3,Gram Panchayat,95961,3,Fulwariya,फुलवरिया,2348
3194.0,3,Gram Panchayat,99225,1,Fulwariya,फुलवारिया,2558
3195.0,3,Gram Panchayat,99745,1,Fulwariya,फुलवरिया,2594
3196.0,3,Gram Panchayat,99147,1,Fulwar North,फुलवार उत्तर,2553
3197.0,3,Gram Panchayat,99148,1,Fulwar South,फुलवार दक्षिण,2553
3198.0,3,Gram Panchayat,101425,1,Gabhirar,गभिरार,2704
3199.0,3,Gram Panchayat,96809,3,Gachhpara,गाछपाड़ा,2405
3200.0,3,Gram Panchayat,94165,2,Gachiya Basbitta,गचिया बसबिट्टा,2232
3201.0,3,Gram Panchayat,101758,2,Gadai Sarai,गदाई सराय,2724
3202.0,3,Gram Panchayat,100867,3,Gagari,गगरी,2666
3203.0,3,Gram Panchayat,100856,1,Gagaur,गगौर,2664
3204.0,3,Gram Panchayat,94975,2,Gahauna,गहौना,2285
3205.0,3,Gram Panchayat,98721,1,Gahiri,गहिरी,2523
3206.0,3,Gram Panchayat,99254,1,Gai Ghat,गइ घाट,2560
3207.0,3,Gram Panchayat,94023,1,Gaini,गइनी,2224
3208.0,3,Gram Panchayat,93649,1,Gainrha,गैरा,2206
3209.0,3,Gram Panchayat,93650,1,Gaiyari,गैयारी,2206
3210.0,3,Gram Panchayat,95727,1,Gajadharpur,गजाधारपूर,2335
3211.0,3,Gram Panchayat,97354,1,Gajhara,गाझारा,2441
3212.0,3,Gram Panchayat,96025,1,Gajhi,गजही,2353
3213.0,3,Gram Panchayat,98124,1,Gajipur,गाजीपुर,2482
3214.0,3,Gram Panchayat,96992,1,Gamail,गमैल,2418
3215.0,3,Gram Panchayat,101396,1,Gambhirpur,गंभीरपुर,2702
3216.0,3,Gram Panchayat,95784,1,Gamhari,गम्हारी,2338
3217.0,3,Gram Panchayat,99122,1,Gamharia,गम्हरिया,2551
3218.0,3,Gram Panchayat,97019,2,Gamhariya,गम्हरिया,2420
3219.0,3,Gram Panchayat,99806,1,Gamhariya,गम्हरिया,2598
3220.0,3,Gram Panchayat,100104,1,Gamhariya,गम्हरिया,2620
3221.0,3,Gram Panchayat,97631,1,Ganaili,गनैली,2458
3222.0,3,Gram Panchayat,97151,1,Ganauli,गनौली,2430
3223.0,3,Gram Panchayat,101539,2,Ganaura,गनौरा,2711
3224.0,3,Gram Panchayat,95202,1,Ganaura Tarwara,गनौरा तरवारा,2300
3225.0,3,Gram Panchayat,96148,1,Gandar,गन्दर,2361
3226.0,3,Gram Panchayat,96233,1,Gandhar,गंधार,2367
3227.0,3,Gram Panchayat,95179,1,Ganesh Banaul Balni,गणेश बनौल बलनी,2299
3228.0,3,Gram Panchayat,95962,1,Ganesh Dummar,गणेश डुमर,2348
3229.0,3,Gram Panchayat,97102,1,Ganeshpur,गणेशपुर,2426
3230.0,3,Gram Panchayat,99656,1,Ganeshpur,गणेशपुर,2588
3231.0,3,Gram Panchayat,101113,1,Ganeshpur Babhangama,गणेशपुर बाभंगामा,2684
3232.0,3,Gram Panchayat,99657,1,Gangaily,गंगेली,2588
3233.0,3,Gram Panchayat,100795,1,Gangajal,गंगाजल,2659
3234.0,3,Gram Panchayat,94727,3,Ganganiya,गनगनिया,2270
3235.0,3,Gram Panchayat,96982,1,Gangapur,गंगापुर,2417
3236.0,3,Gram Panchayat,97086,1,Gangapur,गंगापुर,2425
3237.0,3,Gram Panchayat,97373,1,Gangapur,गंगापुर,2442
3238.0,3,Gram Panchayat,100314,1,Gangapur,गंगापुर,2631
3239.0,3,Gram Panchayat,99530,1,Ganga Pur,गंगा पुर,2581
3240.0,3,Gram Panchayat,100371,1,Ganga Pur,गंगापुर,2634
3241.0,3,Gram Panchayat,96039,1,Gangara,गंगरा,2354
3242.0,3,Gram Panchayat,99514,2,Gangar Ghosh,गांगर घोष,2580
3243.0,3,Gram Panchayat,96898,2,Gangasarai,गंगासराय,2410
3244.0,3,Gram Panchayat,95096,2,Gangauli,गंगौली,2295
3245.0,3,Gram Panchayat,99769,1,Gangauli,गंगौली,2596
3246.0,3,Gram Panchayat,100736,1,Gangauli,गंगौली,2654
3247.0,3,Gram Panchayat,95387,1,Gangauli Kanakpur,गंगौली कनकपुर,2311
3248.0,3,Gram Panchayat,97280,1,Gangaur,गणगौर,2436
3249.0,3,Gram Panchayat,98093,1,Gangaura,गणगौरा,2480
3250.0,3,Gram Panchayat,95157,1,Gangdah Sheoram,गंगदह शिवराम,2298
3251.0,3,Gram Panchayat,97152,1,Gangdwar,गंगद्वार,2430
3252.0,3,Gram Panchayat,94762,2,Ganghar,गंघर,2272
3253.0,3,Gram Panchayat,98897,1,Ganghara,गंगहरा पान,2536
3254.0,3,Gram Panchayat,96779,1,Gangi,गंगी,2403
3255.0,3,Gram Panchayat,100128,1,Gangouli Manda,गंगौली मंदा,2621
3256.0,3,Gram Panchayat,101443,1,Gangpur Siswan,गंगपुर सिसवन,2705
3257.0,3,Gram Panchayat,100372,1,Gangsara,गंगसारा,2634
3258.0,3,Gram Panchayat,97593,2,Gangta,गंगटा,2455
3259.0,3,Gram Panchayat,101102,1,Gangti,गांगति,2683
3260.0,3,Gram Panchayat,97212,1,Ganguli,गांगुली,2433
3261.0,3,Gram Panchayat,101135,1,Gangwara Buzurg,गंगवारा बुज़ुर्ग,2685
3262.0,3,Gram Panchayat,97984,1,Gannipur Bejha,गन्निपुर बेझा,2474
3263.0,3,Gram Panchayat,95258,2,Ganoun,गनौन,2303
3264.0,3,Gram Panchayat,94424,1,Ganpatoul,गणपतौल,2249
3265.0,3,Gram Panchayat,99920,1,Gansadih,गंसाडीह,2607
3266.0,3,Gram Panchayat,95506,1,Gapha Khurd,गाफा खुर्द,2319
3267.0,3,Gram Panchayat,99841,1,Gara,गारा,2600
3268.0,3,Gram Panchayat,99327,1,Garahia,गरहिया,2564
3269.0,3,Gram Panchayat,101473,1,Garar,गडार,2707
3270.0,3,Gram Panchayat,95642,2,Garari,गरारी,2328
3271.0,3,Gram Panchayat,98669,1,Garawa Harpur,हरपुर गढ़वा,2521
3272.0,3,Gram Panchayat,96567,1,Garbheli,गरभैली,2389
3273.0,3,Gram Panchayat,96823,2,Gargaon,गरगाओं,2406
3274.0,3,Gram Panchayat,97430,1,Gargaon,गढ़गांव,2445
3275.0,3,Gram Panchayat,101103,2,Garha,गरहा,2683
3276.0,3,Gram Panchayat,97688,1,Garhan,गरहां,2462
3277.0,3,Gram Panchayat,96100,1,Garhi,गरही,2358
3278.0,3,Gram Panchayat,99710,1,Garhia Baluwa,गार्हिया बॅलुवा,2591
3279.0,3,Gram Panchayat,96929,1,Garhi Bisun Pur,गरही बिसुन पुर,2413
3280.0,3,Gram Panchayat,94407,1,Garhpura,गढ़पुरा,2247
3281.0,3,Gram Panchayat,100468,1,Garhsisai,गढ़सिसई,2639
3282.0,3,Gram Panchayat,244505,2,Gariba,गरीबा,2561
3283.0,3,Gram Panchayat,94066,2,Garibpur,गरीबपुर,2226
3284.0,3,Gram Panchayat,100619,1,Garkha,गरखा,2647
3285.0,3,Gram Panchayat,95114,1,Garoul,गरौल,2296
3286.0,3,Gram Panchayat,95305,2,Garri,गररी,2306
3287.0,3,Gram Panchayat,96065,1,Garsanda,गरसंडा,2356
3288.0,3,Gram Panchayat,98763,1,Gaucharii,गौचरी,2526
3289.0,3,Gram Panchayat,95643,1,Gauharpur,गौहरपुर,2328
3290.0,3,Gram Panchayat,98582,2,Gaunaha,गौनाहा,2516
3291.0,3,Gram Panchayat,100450,1,Gaupur,गावपुर,2638
3292.0,3,Gram Panchayat,94921,1,Gaura,गौरा,2282
3293.0,3,Gram Panchayat,95891,1,Gaura,गौरा,2344
3294.0,3,Gram Panchayat,96117,1,Gaura,गौरा,2359
3295.0,3,Gram Panchayat,97959,1,Gaura,गौरा,2473
3296.0,3,Gram Panchayat,99678,1,Gaura,गौरा,2589
3297.0,3,Gram Panchayat,100715,1,Gaura,गौरा,2653
3298.0,3,Gram Panchayat,101051,1,Gaura,गौरा,2680
3299.0,3,Gram Panchayat,94484,3,Gaura-1,गौड़ा-1,2254
3300.0,3,Gram Panchayat,94485,1,Gaura-Ii,गौड़ा-2,2254
3301.0,3,Gram Panchayat,96721,1,Gaurashakti,गौरशक्ति,2400
3302.0,3,Gram Panchayat,101052,1,Gauri,गौरी,2680
3303.0,3,Gram Panchayat,97985,1,Gaurihan Khalik Nagar,गौरीहान खालिक नगर,2474
3304.0,3,Gram Panchayat,98927,1,Gauri Punda,गौरीपुन्दह,2538
3305.0,3,Gram Panchayat,96625,1,Gauripur,गौरीपुर,2394
3306.0,3,Gram Panchayat,99560,2,Gauri Pur,गौरी पुर,2582
3307.0,3,Gram Panchayat,101833,2,Gauspur Chakmazahid,गौसपुर चकमज़ाहिद,2728
3308.0,3,Gram Panchayat,101759,2,Gauspur Izra,गौसपुर ईजरा,2724
3309.0,3,Gram Panchayat,100424,1,Gauspur Sarsona,गौसपुर सरसौना,2637
3310.0,3,Gram Panchayat,97812,1,Gavasara,गवसरा,2467
3311.0,3,Gram Panchayat,99220,1,Gawandari,गावांडारी,2558
3312.0,3,Gram Panchayat,100868,3,Gaway,गवय,2666
3313.0,3,Gram Panchayat,94976,2,Gayaghat,गायघाट,2285
3314.0,3,Gram Panchayat,96427,2,Gaygatta,गायघट्टा,2381
3315.0,3,Gram Panchayat,95097,2,Gayghat,गायघाट,2295
3316.0,3,Gram Panchayat,101344,2,Gayghat,गाइघाट,2697
3317.0,3,Gram Panchayat,94784,1,Gazia Pur,गाज़िया पुर,2273
3318.0,3,Gram Panchayat,95688,1,Gehlor,गेह्लोर,2331
3319.0,3,Gram Panchayat,97509,1,Gehuma Bairia,गेहुँआ बैरिया,2449
3320.0,3,Gram Panchayat,94370,1,Genharpur,गेन्हरपुर,2243
3321.0,3,Gram Panchayat,95659,1,Gere,जियर,2329
3322.0,3,Gram Panchayat,93733,1,Gerki Masuria,गैरकी मसुरिया,2209
3323.0,3,Gram Panchayat,96918,1,Geruwa Pursanda,गेरुवा पुरसण्डा,2412
3324.0,3,Gram Panchayat,96543,1,Gethaura,गेठौरा,2388
3325.0,3,Gram Panchayat,94800,1,Ghagha,घाघा,2274
3326.0,3,Gram Panchayat,98444,1,Ghaghat,घघट,2508
3327.0,3,Gram Panchayat,94267,1,Ghaghra,घाघरा,2238
3328.0,3,Gram Panchayat,93822,1,Ghaghri,घघरी,2213
3329.0,3,Gram Panchayat,244506,1,Ghai,गहै,2558
3330.0,3,Gram Panchayat,97028,1,Ghailar,घैलाढ़,2421
3331.0,3,Gram Panchayat,98796,1,Ghangah,घांघ,2529
3332.0,3,Gram Panchayat,97172,1,Ghanghaur,घंघौर,2431
3333.0,3,Gram Panchayat,97658,1,Ghanshyampur,घनश्यामपुर,2460
3334.0,3,Gram Panchayat,101182,1,Gharwara,घर्वरा,2687
3335.0,3,Gram Panchayat,94166,1,Ghasiya,घसिया,2232
3336.0,3,Gram Panchayat,96342,1,Ghataon,घटाँव,2375
3337.0,3,Gram Panchayat,101799,1,Ghataro Chaturbhuj Middle,घटारो छतृभुज मिड्ल,2726
3338.0,3,Gram Panchayat,101800,1,Ghataro Chaturbhuj South,घटारो छतृभुज दक्षिण,2726
3339.0,3,Gram Panchayat,95581,1,Ghatera,घटेरा,2324
3340.0,3,Gram Panchayat,93977,1,Ghatrain,घतराइन,2222
3341.0,3,Gram Panchayat,97932,1,Ghayaspur,ग्यासपुर,2472
3342.0,3,Gram Panchayat,244481,1,Gheghawa,घेघवा,2576
3343.0,3,Gram Panchayat,93959,1,Gheura,घेउरा,2221
3344.0,3,Gram Panchayat,101504,2,Ghibaha,घिबाहा,2709
3345.0,3,Gram Panchayat,99255,1,Ghiwadharh,घिवधर्ह,2560
3346.0,3,Gram Panchayat,100391,1,Ghiwahi,घिवाही,2635
3347.0,3,Gram Panchayat,94519,1,Ghogha,घोघा,2256
3348.0,3,Gram Panchayat,101540,2,Ghogharariya,घोघड़रिया,2711
3349.0,3,Gram Panchayat,100062,1,Ghoghsam,घोघसम,2618
3350.0,3,Gram Panchayat,99990,1,Ghonghepur,घोंघेपुर,2613
3351.0,3,Gram Panchayat,93978,1,Ghora Dehari,घोरा डेहरी,2222
3352.0,3,Gram Panchayat,95522,1,Ghora Ghat,घोरा घाट,2320
3353.0,3,Gram Panchayat,99241,1,Ghorasahan North,घोरासाहन उत्तर,2559
3354.0,3,Gram Panchayat,99242,1,Ghorasahan South,घोरासाहन दक्षिण,2559
3355.0,3,Gram Panchayat,94130,1,Ghorbahiyar,घोडबहियार,2230
3356.0,3,Gram Panchayat,97190,1,Ghorbanki,घोडबंकी,2432
3357.0,3,Gram Panchayat,99643,2,Ghordaur,घोर्दौर,2587
3358.0,3,Gram Panchayat,99964,1,Ghordour,घोड़दौड़,2611
3359.0,3,Gram Panchayat,95229,1,Ghorghatta,घोरघट्टा,2301
3360.0,3,Gram Panchayat,100693,1,Ghorhat,घोरहट,2652
3361.0,3,Gram Panchayat,96957,1,Ghosaith,घोसाथ,2416
3362.0,3,Gram Panchayat,97829,1,Ghosaut,घोसौत,2468
3363.0,3,Gram Panchayat,97009,2,Ghoshai,घोषई,2419
3364.0,3,Gram Panchayat,95284,1,Ghosrama,घोसरामा,2305
3365.0,3,Gram Panchayat,98125,1,Ghosrawan,घोसरावाँ,2482
3366.0,3,Gram Panchayat,98263,1,Ghostawan,घोस्टवन,2494
3367.0,3,Gram Panchayat,98797,1,Ghoswari,घोसवरी,2529
3368.0,3,Gram Panchayat,98939,1,Ghoswari,घोसवरी,2539
3369.0,3,Gram Panchayat,101623,1,Ghuran,घुरं,2717
3370.0,3,Gram Panchayat,101444,1,Ghurghat,घूरघाट,2705
3371.0,3,Gram Panchayat,101164,1,Ghurghura Hanumannagar,घुरघुरा हनुमाननगर,2686
3372.0,3,Gram Panchayat,95758,1,Ghuriyawan,घूरियावान,2337
3373.0,3,Gram Panchayat,99730,1,Ghusiyakala,घुसियाकला,2593
3374.0,3,Gram Panchayat,99729,1,Ghusiya Khurd,घुसिया खुर्द,2593
3375.0,3,Gram Panchayat,96026,1,Ghutbey,घुटवे,2353
3376.0,3,Gram Panchayat,95567,2,Ghuthia,घुठिया,2323
3377.0,3,Gram Panchayat,97109,1,Giddha,गिद्धा,2427
3378.0,3,Gram Panchayat,101136,1,Giddha Fulwariya,गिदधा फुलवारिया,2685
3379.0,3,Gram Panchayat,94856,1,Gidha,गिढ़ा,2278
3380.0,3,Gram Panchayat,95963,1,Gidha,गिदहा,2348
3381.0,3,Gram Panchayat,98558,1,Gidha,गिद्धा,2515
3382.0,3,Gram Panchayat,99756,1,Gidha,गिढ़ा,2595
3383.0,3,Gram Panchayat,97355,1,Gidhwas,गीधवस,2441
3384.0,3,Gram Panchayat,98037,1,Gilani,गिलानी,2476
3385.0,3,Gram Panchayat,98014,1,Ginjas,गिजास,2475
3386.0,3,Gram Panchayat,93734,1,Girda,गिरदा,2209
3387.0,3,Gram Panchayat,96899,1,Girdharpur,गिरधरपूर,2410
3388.0,3,Gram Panchayat,95059,2,Giridhar Baraon,गिरिधर बरॉव,2293
3389.0,3,Gram Panchayat,101090,1,Gisara,गिसरा,2682
3390.0,3,Gram Panchayat,99531,1,Giyan Ganj,जियनगंज,2581
3391.0,3,Gram Panchayat,100521,2,Goapiparpanti,गोवा पिपरपांति,2642
3392.0,3,Gram Panchayat,97594,1,Gobadda,गोबड्डा,2455
3393.0,3,Gram Panchayat,100694,1,Gobarahi,गोबरही,2652
3394.0,3,Gram Panchayat,98288,1,Gobind Bigha,गोविन्द विगहा,2496
3395.0,3,Gram Panchayat,94638,1,Gobindpur,गोबिन्दपुर,2265
3396.0,3,Gram Panchayat,98306,1,Gobindpur,गोविन्दपुर,2497
3397.0,3,Gram Panchayat,101577,1,Gobindpur,गोबिन्दपुर,2714
3398.0,3,Gram Panchayat,98885,3,Gobindpur Baurhi,गोबिन्दपुर बौरही,2535
3399.0,3,Gram Panchayat,98622,1,Gobraura,गोबरौरा,2518
3400.0,3,Gram Panchayat,97735,1,Godai Fulkanhan,गोदाई फुलकाहां,2464
3401.0,3,Gram Panchayat,95270,1,Godai Patti,गोदाईपट्टी,2304
3402.0,3,Gram Panchayat,93769,1,Godaraha-Vishanpur,गोड़राहा विशनपुर,2211
3403.0,3,Gram Panchayat,94254,2,Godhana,गोधना,2237
3404.0,3,Gram Panchayat,94801,2,Godharh Rudranagar,गौडाढ रुद्रनगर,2274
3405.0,3,Gram Panchayat,97510,1,Godhiari,गोढियारी,2449
3406.0,3,Gram Panchayat,96696,1,Gogri,गोगरी,2399
3407.0,3,Gram Panchayat,93930,1,Goh,गोह,2219
3408.0,3,Gram Panchayat,100483,1,Gohi,गोही,2640
3409.0,3,Gram Panchayat,96906,1,Gohri,गोहरी,2411
3410.0,3,Gram Panchayat,96317,1,Goin,गोंई,2373
3411.0,3,Gram Panchayat,95461,1,Goitha,गोइठा,2316
3412.0,3,Gram Panchayat,98697,1,Gokhula,गोखुला,2522
3413.0,3,Gram Panchayat,96129,1,Gokhula- Fatehpur,गोखुला- फतेहपुर,2360
3414.0,3,Gram Panchayat,93770,1,Gokhula Pur,गोखलापुर,2211
3415.0,3,Gram Panchayat,94117,1,Gokula,गोकुला,2229
3416.0,3,Gram Panchayat,99658,1,Gokulpur,गोकुलपुर,2588
3417.0,3,Gram Panchayat,99159,1,Golapakaria,गोलपकारिया,2554
3418.0,3,Gram Panchayat,96101,1,Goli,गोली,2358
3419.0,3,Gram Panchayat,100023,1,Golma East,गोलमा पूर्वी,2615
3420.0,3,Gram Panchayat,100024,1,Golma West,गोलमा पश्चिम,2615
3421.0,3,Gram Panchayat,98110,1,Gomhar,गोंहर,2481
3422.0,3,Gram Panchayat,99388,1,Gonahi,गोनाही,2569
3423.0,3,Gram Panchayat,98623,1,Gonauli-Dumra,गोनौली डुमरा,2518
3424.0,3,Gram Panchayat,98138,1,Gonawan,गोनवान,2483
3425.0,3,Gram Panchayat,99304,1,Gonchhi Kushar,गोंचछि कुसहर,2562
3426.0,3,Gram Panchayat,99575,2,Gondwara Patkaili,गोन्दवारा पतकैली,2583
3427.0,3,Gram Panchayat,101642,1,Gonha,गोनहा,2718
3428.0,3,Gram Panchayat,99082,1,Gonpura,गोनपुरा,2548
3429.0,3,Gram Panchayat,96180,1,Gonwan,गोनवाँ,2364
3430.0,3,Gram Panchayat,99016,2,Gonwan,गोनवाॅ,2544
3431.0,3,Gram Panchayat,95825,1,Gopalapur,गोपालपुर,2340
3432.0,3,Gram Panchayat,95675,1,Gopal Kera,गोपाल केरा,2330
3433.0,3,Gram Panchayat,94377,1,Gopalpur,गोपालपुर,2244
3434.0,3,Gram Panchayat,94857,1,Gopalpur,गोपालपुर,2278
3435.0,3,Gram Panchayat,95718,2,Gopalpur,गोपालपुर,2334
3436.0,3,Gram Panchayat,96102,1,Gopalpur,गोपालपुर,2358
3437.0,3,Gram Panchayat,97133,2,Gopalpur,गोपालपुर,2429
3438.0,3,Gram Panchayat,100203,1,Gopalpur,गोपालपुर,2625
3439.0,3,Gram Panchayat,101264,1,Gopalpur,गोपालपुर,2692
3440.0,3,Gram Panchayat,101365,1,Gopalpur,गोपालपुर,2699
3441.0,3,Gram Panchayat,101407,2,Gopalpur,गोपालपुर,2703
3442.0,3,Gram Panchayat,100796,1,Gopal Pur,गोपाल पुर,2659
3443.0,3,Gram Panchayat,94543,2,Gopalpur Dimaha,गोपालपुर डिमाहा,2257
3444.0,3,Gram Panchayat,101624,1,Gopalpur Sire,गोपालपुर सिरे,2717
3445.0,3,Gram Panchayat,99315,1,Gopi Chapara,गोपी छपरा,2563
3446.0,3,Gram Panchayat,98015,1,Gopi Dhanwat,गोपी धनवत,2475
3447.0,3,Gram Panchayat,96544,1,Gopinagar,गोपी नगर,2388
3448.0,3,Gram Panchayat,98016,3,Gopinathpur Dokra,गोपीनाथपुर दोकड़ा,2475
3449.0,3,Gram Panchayat,101426,2,Gopi Patiaon,गोपी पटियाओं,2704
3450.0,3,Gram Panchayat,94552,2,Goradih,गोराडीह,2258
3451.0,3,Gram Panchayat,100204,2,Gorai,गोराई,2625
3452.0,3,Gram Panchayat,98197,1,Goraipur,गोरैइपुर,2488
3453.0,3,Gram Panchayat,96428,1,Gorakhpur,गोरखपुर,2381
3454.0,3,Gram Panchayat,95247,3,Goramansingh,गोरामनसिंह,2302
3455.0,3,Gram Panchayat,98264,1,Gorawan,गोरावाण,2494
3456.0,3,Gram Panchayat,100032,1,Gordah,गोर्डः,2616
3457.0,3,Gram Panchayat,94097,2,Gordhawar,गोर्धावर,2228
3458.0,3,Gram Panchayat,93892,1,Gordiha,गोर्डिहा,2217
3459.0,3,Gram Panchayat,94049,1,Gordiha,गोरडिहा,2225
3460.0,3,Gram Panchayat,101315,2,Goreyakothi,गोरेयाकोठी,2695
3461.0,3,Gram Panchayat,94067,1,Gorgama,गोरगामा,2226
3462.0,3,Gram Panchayat,94433,1,Gorgama,गोरगामा,2250
3463.0,3,Gram Panchayat,98017,1,Gorgamandih,गोरिगामा डीह,2475
3464.0,3,Gram Panchayat,95271,1,Gorhalla,गोढ़ैला,2304
3465.0,3,Gram Panchayat,95272,1,Gorhiyari,गोधियारी,2304
3466.0,3,Gram Panchayat,99359,2,Gorhwa,गोरहवा,2566
3467.0,3,Gram Panchayat,99696,1,Goriar (East),गोरियर (पूर्वी),2590
3468.0,3,Gram Panchayat,99698,1,Goriarpatti Srimatta,गोरियारपट्टी सरमत्ता,2590
3469.0,3,Gram Panchayat,99697,1,Goriar (West),गोरियर (पश्चिम),2590
3470.0,3,Gram Panchayat,97830,1,Gorigama,गोरिगामा,2468
3471.0,3,Gram Panchayat,101820,2,Gorigama,गोरिगामा,2727
3472.0,3,Gram Panchayat,96651,1,Goriyami,गोरियामी,2396
3473.0,3,Gram Panchayat,98862,1,Gorkhari,गोरखरी,2533
3474.0,3,Gram Panchayat,98265,1,Gorma,गॉरमा,2494
3475.0,3,Gram Panchayat,98244,1,Gorour,गोरौर,2492
3476.0,3,Gram Panchayat,96847,1,Gorukhal,गोरुखाल,2407
3477.0,3,Gram Panchayat,94612,2,Gosaidaspur,गोसाईदासपुर,2263
3478.0,3,Gram Panchayat,98940,1,Gosai Gaon,गोसाईगांव,2539
3479.0,3,Gram Panchayat,94544,2,Gosai Gaown,गोसाई गाँव,2257
3480.0,3,Gram Panchayat,99950,1,Gosal Dih,गोसाल दीह,2609
3481.0,3,Gram Panchayat,94763,2,Gothahula,गोतहाहुला,2272
3482.0,3,Gram Panchayat,95364,1,Gothani,गोठानी,2309
3483.0,3,Gram Panchayat,93876,1,Gothaulee,गोतौली,2216
3484.0,3,Gram Panchayat,101625,1,Goth Baruary,गॉत बरूआर्य,2717
3485.0,3,Gram Panchayat,94589,1,Got-Kharik,गोट-खरीक,2261
3486.0,3,Gram Panchayat,96697,1,Gouchhari,गौछारी,2399
3487.0,3,Gram Panchayat,98184,2,Goundu Bigha,गोन्दुविगहा,2486
3488.0,3,Gram Panchayat,96652,1,Gourachak,गौरचक,2396
3489.0,3,Gram Panchayat,94613,3,Goura Chouki,गौराचौकी,2263
3490.0,3,Gram Panchayat,94150,2,Gouripur,गौरीपुर,2231
3491.0,3,Gram Panchayat,95934,1,Gousiya,गौसिया,2346
3492.0,3,Gram Panchayat,100797,1,Govind Chak,गोबिन्दचक,2659
3493.0,3,Gram Panchayat,96517,1,Govindpur,गोविन्दपुर,2386
3494.0,3,Gram Panchayat,101834,1,Govindpur,गोविन्दपुर,2728
3495.0,3,Gram Panchayat,101877,2,Govindpur Bela,गोविन्दपुर बेला,2730
3496.0,3,Gram Panchayat,244960,2,Govindpur-I,गोविन्दपुर-१,2249
3497.0,3,Gram Panchayat,94425,2,Govindpur-Ii,गोविन्दपुर-२,2249
3498.0,3,Gram Panchayat,94255,2,Govindpur-Iii,गोविन्दपुर-३,2237
3499.0,3,Gram Panchayat,100205,2,Govindpur Khajuri,गोविन्दपुर खजुरी,2625
3500.0,3,Gram Panchayat,94692,1,Govrain,गोवरॉय,2268
3501.0,3,Gram Panchayat,99059,2,Gowasa Shekhpura,गोवासा शेखपुरा,2546
3502.0,3,Gram Panchayat,96780,1,Gua Bari,गुआ बारी,2403
3503.0,3,Gram Panchayat,98747,2,Gud-Gudi,गुदगुदी,2525
3504.0,3,Gram Panchayat,98670,1,Gudra,गुदरा,2521
3505.0,3,Gram Panchayat,95582,1,Gudru,गूड़ृ,2324
3506.0,3,Gram Panchayat,96010,1,Gugaldih,गुगुलडीह,2352
3507.0,3,Gram Panchayat,95158,1,Gujrouli Ramouli,रमौली गुजरौली,2298
3508.0,3,Gram Panchayat,97960,1,Gulab Patti,गुलाब पट्टी,2473
3509.0,3,Gram Panchayat,94897,1,Guljarpur,गुलजारपुर,2280
3510.0,3,Gram Panchayat,94231,2,Gulni,गुलनी,2236
3511.0,3,Gram Panchayat,98398,2,Gulni,गुलनी,2505
3512.0,3,Gram Panchayat,100277,1,Gunai Basai,गुनाई बसही,2629
3513.0,3,Gram Panchayat,94785,2,Gundi East,गुण्डी पूर्वी,2273
3514.0,3,Gram Panchayat,94786,1,Gundi West,गुण्डी पश्चिम,2273
3515.0,3,Gram Panchayat,95593,1,Guneri,गुनेरी,2325
3516.0,3,Gram Panchayat,99784,2,Gunsej,गुनसेज,2597
3517.0,3,Gram Panchayat,93823,1,Gunwanti,गुणवंती,2213
3518.0,3,Gram Panchayat,99223,1,Gurhanwa,गुरहनवा,2558
3519.0,3,Gram Panchayat,99644,1,Gurhi,गुरहि,2587
3520.0,3,Gram Panchayat,101643,1,Guria,गुरिया,2718
3521.0,3,Gram Panchayat,95676,1,Guriyawan,गुरीयावान,2330
3522.0,3,Gram Panchayat,99243,1,Gurmiya,गुरमिया,2559
3523.0,3,Gram Panchayat,101801,1,Gurmiya,गुरमिया,2726
3524.0,3,Gram Panchayat,95594,1,Gurua,गुरूआ,2325
3525.0,3,Gram Panchayat,101137,1,Gurudah Urf Gausnagar,गुरुदह उर्फ गौसनगर,2685
3526.0,3,Gram Panchayat,96465,1,Gurumela,गुरुमेला,2383
3527.0,3,Gram Panchayat,98559,1,Gurwalia,गुरवलिया,2515
3528.0,3,Gram Panchayat,101505,1,Guwalpara,गुवलपारा,2709
3529.0,3,Gram Panchayat,99659,2,Guwasi,गौआसी,2588
3530.0,3,Gram Panchayat,97034,2,Gwalpara,ग्वालपारा,2422
3531.0,3,Gram Panchayat,99479,1,Gyandov,ज्ञानडोव,2578
3532.0,3,Gram Panchayat,101445,1,Gyaspur,ग्यासपुर,2705
3533.0,3,Gram Panchayat,98111,1,Gyas Pur,ग्यास पुर,2481
3534.0,3,Gram Panchayat,98959,1,Gyas Pur,ग्यासपुर,2541
3535.0,3,Gram Panchayat,96867,2,Haatgaon,हाटगाओं,2408
3536.0,3,Gram Panchayat,239375,1,Habib Nagar,हबीब नगर,2698
3537.0,3,Gram Panchayat,98315,1,Hadsa,हदसा,2498
3538.0,3,Gram Panchayat,99480,1,Hafania,हाफनिया,2578
3539.0,3,Gram Panchayat,98863,1,Haibaspur Gona,हैबसपुर गोना,2533
3540.0,3,Gram Panchayat,94327,1,Haibatpur,हैवतपुर,2241
3541.0,3,Gram Panchayat,98950,2,Haibatpur,हैबतपुर,2540
3542.0,3,Gram Panchayat,94693,1,Hajipur,हाजीपुर,2268
3543.0,3,Gram Panchayat,98457,1,Hajipur,हाजीपुर,2509
3544.0,3,Gram Panchayat,100206,1,Hajpurva,हजपुरवा,2625
3545.0,3,Gram Panchayat,101374,1,Hajpurwa,हजपुरवा,2700
3546.0,3,Gram Panchayat,95785,1,Hakam,हकाम,2338
3547.0,3,Gram Panchayat,100345,1,Hakimabad,हकिमाबाद,2633
3548.0,3,Gram Panchayat,95045,1,Hakimpur,हाकीमपुर,2291
3549.0,3,Gram Panchayat,96810,1,Halamala,हालामाला,2405
3550.0,3,Gram Panchayat,96824,1,Haldikhora,हल्दिखहोरा,2406
3551.0,3,Gram Panchayat,93699,1,Halhalia,हलहलिया,2208
3552.0,3,Gram Panchayat,97961,1,Halimpur,हालिमपुर,2473
3553.0,3,Gram Panchayat,96919,1,Halsi,हाल्सी,2412
3554.0,3,Gram Panchayat,95786,1,Hamidpur,हमीदपुर,2338
3555.0,3,Gram Panchayat,98353,1,Hanriya,हंडिया,2502
3556.0,3,Gram Panchayat,93824,1,Hansa,हंसा,2213
3557.0,3,Gram Panchayat,100484,1,Hansa,हंसा,2640
3558.0,3,Gram Panchayat,95115,1,Hanuman Nagar,हनुमाननगर,2296
3559.0,3,Gram Panchayat,99558,5,Harada,हरदा,2589
3560.0,3,Gram Panchayat,100259,1,Harail,हरैल,2628
3561.0,3,Gram Panchayat,100589,1,Haraji,हराजी,2645
3562.0,3,Gram Panchayat,99200,1,Haraj Noorullah Pur,हरज नूरूल्लाह पुर,2557
3563.0,3,Gram Panchayat,100570,1,Harana,हरना,2644
3564.0,3,Gram Panchayat,97153,1,Harari,ह्रारी,2430
3565.0,3,Gram Panchayat,101541,5,Harari,हड़री,2711
3566.0,3,Gram Panchayat,95365,1,Harauli,हरौली,2309
3567.0,3,Gram Panchayat,97736,1,Harchanda,हरचंदा,2464
3568.0,3,Gram Panchayat,94211,1,Harchandi Amhara,हरचंडी अमहारा,2235
3569.0,3,Gram Panchayat,93735,1,Hardar,हरदार,2209
3570.0,3,Gram Panchayat,98951,1,Hardas Bigha,हरदासबिघा,2540
3571.0,3,Gram Panchayat,98798,1,Hardaspur Diara,हरदासपुर दियारा,2529
3572.0,3,Gram Panchayat,94639,2,Hardev Chak,हरदेव चक,2265
3573.0,3,Gram Panchayat,97862,1,Hardi,हरदी,2469
3574.0,3,Gram Panchayat,98414,1,Hardia,हरदिया,2506
3575.0,3,Gram Panchayat,100405,1,Hardia,हरदिया,2636
3576.0,3,Gram Panchayat,99173,1,Hardia Bad,हार्डिया बाद,2555
3577.0,3,Gram Panchayat,101627,3,Hardi East,हरदी पूर्वी,2717
3578.0,3,Gram Panchayat,98478,2,Hardi Nadawa,हरदी नदवा,2510
3579.0,3,Gram Panchayat,98698,1,Hardi Tedha,हरदी टेढा,2522
3580.0,3,Gram Panchayat,101626,2,Hardi West,हरदी पश्चिम,2717
3581.0,3,Gram Panchayat,94840,1,Hardiya,हार्डिया,2277
3582.0,3,Gram Panchayat,95826,1,Hardiya,हार्दिया,2340
3583.0,3,Gram Panchayat,96682,1,Hardiya,हार्डिया,2398
3584.0,3,Gram Panchayat,99425,1,Hardiya,हार्डीया,2573
3585.0,3,Gram Panchayat,101104,3,Hardiya,हार्डिया,2683
3586.0,3,Gram Panchayat,101408,1,Hardiya,हरदिया,2703
3587.0,3,Gram Panchayat,101227,1,Hardobara,हरदोबारा,2690
3588.0,3,Gram Panchayat,100033,1,Hareba,हारेबा,2616
3589.0,3,Gram Panchayat,98064,1,Hargawan,हरगवान,2478
3590.0,3,Gram Panchayat,95159,1,Harhacha,हरहच्चा,2298
3591.0,3,Gram Panchayat,94197,2,Harhar,हड़हार,2234
3592.0,3,Gram Panchayat,93651,1,Haria,हरिया,2206
3593.0,3,Gram Panchayat,99785,2,Haribans Pur,हरिबंशपुर,2597
3594.0,3,Gram Panchayat,101017,2,Hari Chhapra,हरी छपरा,2678
3595.0,3,Gram Panchayat,94841,1,Hari Gaon,हरि गाओं,2277
3596.0,3,Gram Panchayat,101644,1,Harihar Patti,हरिहर पट्टी,2718
3597.0,3,Gram Panchayat,94922,1,Hariharpur,हरिहरपुर,2282
3598.0,3,Gram Panchayat,100571,1,Hariharpur,हरिहरपुर,2644
3599.0,3,Gram Panchayat,101105,1,Harihar Pur,हरिहर पुर,2683
3600.0,3,Gram Panchayat,95409,1,Harihar Pur (E),हरिहरपुर पूर्वी,2312
3601.0,3,Gram Panchayat,101316,1,Hariharpur Kala,हरिहरपुर कला,2695
3602.0,3,Gram Panchayat,101228,1,Hariharpur Lalgarh,हरिहरपुर लालगढ़,2690
3603.0,3,Gram Panchayat,95410,1,Hariharpur (West),हरिहरपुर पश्चिमी,2312
3604.0,3,Gram Panchayat,93997,1,Harihar Urdana,हरिहर उर्दाना,2223
3605.0,3,Gram Panchayat,99532,1,Hari Murhi,हरिमुढ़ी,2581
3606.0,3,Gram Panchayat,95366,1,Harinagar,हरिनगर,2309
3607.0,3,Gram Panchayat,94640,2,Harin Kol,हरिन कॉल,2265
3608.0,3,Gram Panchayat,99515,1,Harintor,हरिणतोड़,2580
3609.0,3,Gram Panchayat,94505,2,Hario,हरियो,2255
3610.0,3,Gram Panchayat,95129,1,Hari Patti,हरिपट्टी,2297
3611.0,3,Gram Panchayat,93700,1,Haripur,हरिपुर,2208
3612.0,3,Gram Panchayat,95180,1,Haripur,हरिपुर,2299
3613.0,3,Gram Panchayat,96653,1,Haripur,हरिपुर,2396
3614.0,3,Gram Panchayat,99481,1,Haripur,हरिपुर,2578
3615.0,3,Gram Panchayat,100327,1,Haripur,हरिपुर,2632
3616.0,3,Gram Panchayat,101590,1,Haripur,हरिपुर,2715
3617.0,3,Gram Panchayat,93672,1,Haripur Kala,हरिपुर कला,2207
3618.0,3,Gram Panchayat,97088,1,Haripur Kala,हरिपुर कला,2425
3619.0,3,Gram Panchayat,97326,1,Haripur North,हरिपुर उत्तर,2439
3620.0,3,Gram Panchayat,97327,1,Haripur South,हरिपुर दक्षिण,2439
3621.0,3,Gram Panchayat,93748,1,Harira,हरिरा,2210
3622.0,3,Gram Panchayat,101591,1,Hariraha,हरीरहा,2715
3623.0,3,Gram Panchayat,97785,1,Harishankar Maniyari,हरिशंकर मनियारी,2466
3624.0,3,Gram Panchayat,100164,1,Hari Shankar Pur,हरिशंकरपुर,2623
3625.0,3,Gram Panchayat,95116,1,Hariyath,हरियठ,2296
3626.0,3,Gram Panchayat,97831,1,Harka Man Shahi,हरका मनशाही,2468
3627.0,3,Gram Panchayat,96103,1,Harkhar,हरखाड़,2358
3628.0,3,Gram Panchayat,99594,2,Harkheli,हरखेली,2584
3629.0,3,Gram Panchayat,96118,1,Harla,हरला,2359
3630.0,3,Gram Panchayat,97281,1,Harlakhi,हरलखि,2436
3631.0,3,Gram Panchayat,97986,1,Harlochanpur,हरलोचानपुर,2474
3632.0,3,Gram Panchayat,101878,2,Harlochanpur Sukki,हरलोचनपुर सुक्की,2730
3633.0,3,Gram Panchayat,97154,1,Harna,हारना,2430
3634.0,3,Gram Panchayat,96429,2,Harnagar,हरनागर,2381
3635.0,3,Gram Panchayat,97863,1,Harnahi,हरनाही,2469
3636.0,3,Gram Panchayat,99426,1,Harnahi,हरनाही,2573
3637.0,3,Gram Panchayat,100909,2,Harnahi,हरनाही,2670
3638.0,3,Gram Panchayat,100967,1,Harnahiya,हरनहिया,2674
3639.0,3,Gram Panchayat,99201,1,Harnaraina,हरनारैना,2557
3640.0,3,Gram Panchayat,96493,1,Harnaroi,हरनारोई,2384
3641.0,3,Gram Panchayat,98505,1,Harna Tanr,हरँनाटांड,2511
3642.0,3,Gram Panchayat,101285,1,Harnatar,हरनाटार,2693
3643.0,3,Gram Panchayat,94694,2,Harnath,हरनथ,2268
3644.0,3,Gram Panchayat,94977,2,Harnathpur,हरणाथपुर,2285
3645.0,3,Gram Panchayat,96104,1,Harni,हरनी,2358
3646.0,3,Gram Panchayat,101779,1,Harprasad,हरप्रसाद,2725
3647.0,3,Gram Panchayat,94828,1,Harpur,हरपुर,2276
3648.0,3,Gram Panchayat,95078,1,Harpur,हरपुर,2294
3649.0,3,Gram Panchayat,95411,1,Harpur,हरपुर,2312
3650.0,3,Gram Panchayat,95997,3,Harpur,हरपुर,2351
3651.0,3,Gram Panchayat,97864,1,Harpur,हरपूर,2469
3652.0,3,Gram Panchayat,98777,1,Harpur,हरपुर,2527
3653.0,3,Gram Panchayat,99123,1,Harpur,हरपूर,2551
3654.0,3,Gram Panchayat,99174,1,Harpur,हरपूर,2555
3655.0,3,Gram Panchayat,100522,1,Harpur,हरपुर,2642
3656.0,3,Gram Panchayat,101317,2,Harpur,हरपूर,2695
3657.0,3,Gram Panchayat,97786,1,Harpur Balra,हरपूर बालरा,2466
3658.0,3,Gram Panchayat,100373,2,Harpur Barheta,हरपुर बरहेता,2634
3659.0,3,Gram Panchayat,100968,2,Harpur Bhalaha,हरपूर भालाहा,2674
3660.0,3,Gram Panchayat,100278,1,Harpur Bhindi,हरपुर भिंडी,2629
3661.0,3,Gram Panchayat,100469,1,Harpur Bochaha,हरपुर  बोचहा,2639
3662.0,3,Gram Panchayat,95046,2,Harpur Jaipur,हरपूर जॅयैपर,2291
3663.0,3,Gram Panchayat,95047,2,Harpur Jalwansi,हरपूर जलवांसी,2291
3664.0,3,Gram Panchayat,239373,2,Harpur Kotwa,हरपुर कोतवा,2697
3665.0,3,Gram Panchayat,100315,1,Harpur Mahmada,हरपूर महमदा,2631
3666.0,3,Gram Panchayat,99341,1,Harpur Nag,हरपुर नाग,2565
3667.0,3,Gram Panchayat,101183,1,Harpur Pipra,हरपूर पीपरा,2687
3668.0,3,Gram Panchayat,99256,1,Harpur Rai,हरपुर राई,2560
3669.0,3,Gram Panchayat,100451,1,Harpur Rewari,हरपुर रेवाड़ी,2638
3670.0,3,Gram Panchayat,100297,1,Harpur Saidabad,हरपुर सैदाबाद,2630
3671.0,3,Gram Panchayat,100949,1,Harpurwa,हरपुरवा,2673
3672.0,3,Gram Panchayat,101296,1,Harsar,हडसर,2694
3673.0,3,Gram Panchayat,97832,1,Harser,हरसेर,2468
3674.0,3,Gram Panchayat,99257,1,Harsidhi Pakariya,हरसीधि पकरिया,2560
3675.0,3,Gram Panchayat,97886,1,Harsinghpur Loutan,हरसिंघपुर लौटन,2470
3676.0,3,Gram Panchayat,95117,1,Harsing Pur,हरसिंगपुर,2296
3677.0,3,Gram Panchayat,101668,1,Harwanshpur Banthu,हरवंशपुर बन्तु,2719
3678.0,3,Gram Panchayat,101553,1,Haryahi,हर्यही,2712
3679.0,3,Gram Panchayat,93931,1,Hasampur,हसमपूर,2219
3680.0,3,Gram Panchayat,95800,1,Hasanpur,हसनपुर,2339
3681.0,3,Gram Panchayat,100183,1,Hasanpur,हसनपुर,2624
3682.0,3,Gram Panchayat,100231,1,Hasanpur,हसनपुर,2626
3683.0,3,Gram Panchayat,94770,1,Hasanpura,हसनपुरा,2272
3684.0,3,Gram Panchayat,100716,1,Hasanpura,हसनपुरा,2653
3685.0,3,Gram Panchayat,100620,1,Hasan Pura,हसन पूरा,2647
3686.0,3,Gram Panchayat,94448,1,Hasanpur Bagar,हसनपुर बागर,2251
3687.0,3,Gram Panchayat,101821,1,Hasanpur North,हसनपुर उत्तर,2727
3688.0,3,Gram Panchayat,101835,1,Hasanpur Osti,हसनपुर ओसटी,2728
3689.0,3,Gram Panchayat,101822,1,Hasanpur South,हसनपुर दक्षिण,2727
3690.0,3,Gram Panchayat,101468,3,Hasanpurwa,हसनपुरवा,2706
3691.0,3,Gram Panchayat,93912,1,Hasauli,हसौली,2218
3692.0,3,Gram Panchayat,99633,1,Hasi Begam Pur,हासी बेगम पुर,2586
3693.0,3,Gram Panchayat,100798,1,Hasilpur,हसिलपुर,2659
3694.0,3,Gram Panchayat,98094,2,Hasni,हसनी,2480
3695.0,3,Gram Panchayat,93943,1,Haspura,हासपुरा,2220
3696.0,3,Gram Panchayat,101474,1,Hasua,हसुआ,2707
3697.0,3,Gram Panchayat,101353,1,Hathaura,हथौड़ा,2698
3698.0,3,Gram Panchayat,97756,1,Hathauri,हथौरी,2465
3699.0,3,Gram Panchayat,96518,1,Hathawara,हथवाड़ा,2386
3700.0,3,Gram Panchayat,97191,1,Hathhapur Parsa,हत्थापुर  परसा,2432
3701.0,3,Gram Panchayat,96080,1,Hathia,हथिया,2357
3702.0,3,Gram Panchayat,98603,1,Hathia,हथिया,2517
3703.0,3,Gram Panchayat,98898,1,Hathia Kandh,हथिया कंध,2536
3704.0,3,Gram Panchayat,93932,1,Hathiara,हथियारा,2219
3705.0,3,Gram Panchayat,98994,1,Hathidah Buzurg,हाथीदाह बुज़ुर्ग,2543
3706.0,3,Gram Panchayat,101229,2,Hathigai,हथिगाई,2690
3707.0,3,Gram Panchayat,99880,1,Hathini,हथिनी,2603
3708.0,3,Gram Panchayat,96993,2,Hathioundha,हथिऔन्धा,2418
3709.0,3,Gram Panchayat,100717,1,Hathisar,हथिसार,2653
3710.0,3,Gram Panchayat,94131,1,Hathiya Dara,हथिया डाढ़ा,2230
3711.0,3,Gram Panchayat,95625,1,Hathiyawan,हथियावाँ,2327
3712.0,3,Gram Panchayat,100869,3,Hathiyawan,हथियावां,2666
3713.0,3,Gram Panchayat,95160,1,Hathouri North,हथौरी उत्तरी,2298
3714.0,3,Gram Panchayat,95161,1,Hathouri South,हथौरी दक्षिणी,2298
3715.0,3,Gram Panchayat,98544,1,Hathuahwa,हथुअहवा,2514
3716.0,3,Gram Panchayat,96654,1,Hathwan,हतवान,2396
3717.0,3,Gram Panchayat,100008,1,Hati,हाटी,2614
3718.0,3,Gram Panchayat,97674,2,Hattha,हत्था,2461
3719.0,3,Gram Panchayat,95181,1,Havi Bhouar,हबि भौअर,2299
3720.0,3,Gram Panchayat,95162,1,Havidih North,हावीडीह उत्तरी,2298
3721.0,3,Gram Panchayat,96868,1,Hawakol,हवकोल,2408
3722.0,3,Gram Panchayat,98229,1,Hawanpura,हवनपुरा,2491
3723.0,3,Gram Panchayat,95163,1,Hawidih Middle,हावीडीह मध्य,2298
3724.0,3,Gram Panchayat,95164,1,Hawidih South,हावीडीह दक्षिणी,2298
3725.0,3,Gram Panchayat,93652,1,Hayatpur,हयातपुर,2206
3726.0,3,Gram Panchayat,100833,2,Hazratpur Madro,हजरतपुर मडरो,2661
3727.0,3,Gram Panchayat,95626,1,Hemara,हेमरा,2327
3728.0,3,Gram Panchayat,97570,1,Hemjapur,हेमजापुर,2453
3729.0,3,Gram Panchayat,94842,1,Hetam Pur,हेतां पुर,2277
3730.0,3,Gram Panchayat,98899,1,Hetanpur,हेतनपुर पानो,2536
3731.0,3,Gram Panchayat,100299,1,Hetanpur,हेत्तनपुर,2630
3732.0,3,Gram Panchayat,95079,2,Hethuan,हेठुआँ,2294
3733.0,3,Gram Panchayat,101318,1,Hetimpur,हेतिमपुर,2695
3734.0,3,Gram Panchayat,98799,1,Hidayatpur Saidpur,हिदायतपुर सैदपुर,2529
3735.0,3,Gram Panchayat,101760,1,Hilalpur,हिलालपुर,2724
3736.0,3,Gram Panchayat,96825,2,Himmatnagar,हिम्मतनगर,2406
3737.0,3,Gram Panchayat,99187,1,Hiramani,हीरामाणी,2556
3738.0,3,Gram Panchayat,100922,1,Hirauta Dumma,हिरौता दुम्मा,2671
3739.0,3,Gram Panchayat,101491,1,Hirday Nagar,हृदयनगर,2708
3740.0,3,Gram Panchayat,95367,1,Hirni,हिरणी,2309
3741.0,3,Gram Panchayat,97282,1,Hisar,हिसार,2436
3742.0,3,Gram Panchayat,95627,1,Horma,होरमा,2327
3743.0,3,Gram Panchayat,98886,1,Hulaschakbir,हुलासचक वीर,2535
3744.0,3,Gram Panchayat,101592,1,Hulash,हुलश,2715
3745.0,3,Gram Panchayat,100950,1,Humayunpur,हुमायुंपुर,2673
3746.0,3,Gram Panchayat,99956,1,Hurka,हुरका,2610
3747.0,3,Gram Panchayat,98253,2,Husaina,हुसैना,2493
3748.0,3,Gram Panchayat,100834,3,Husainabad,हुसैनाबाद,2661
3749.0,3,Gram Panchayat,101669,1,Husaina Khurd,हुसैना खुर्द,2719
3750.0,3,Gram Panchayat,244404,2,Husani North,हुसेनी उत्तर,2562
3751.0,3,Gram Panchayat,99297,1,Husani South,हुसेनी दक्षिण,2562
3752.0,3,Gram Panchayat,97962,1,Husepur,हुसेपुर,2473
3753.0,3,Gram Panchayat,100504,1,Husepur,हुस्सेपुर,2641
3754.0,3,Gram Panchayat,97963,1,Husepur Rati,हुसेपुर रती,2473
3755.0,3,Gram Panchayat,95827,1,Hussepur,हुसेपुर,2340
3756.0,3,Gram Panchayat,100609,2,Hussepur,हुस्सेपुर,2646
3757.0,3,Gram Panchayat,97450,1,Hussin Pur,हुसैनपुर,2446
3758.0,3,Gram Panchayat,93857,2,Ibrahimpur,इब्राहीमपुर,2215
3759.0,3,Gram Panchayat,98813,1,Ibrahimpur,इब्राहिमपुर,2530
3760.0,3,Gram Panchayat,99017,1,Ibrahimpur,इब्राहीमपुर,2544
3761.0,3,Gram Panchayat,94826,2,Ichari,इचरी,2276
3762.0,3,Gram Panchayat,98171,1,Ichhous,इच्छॉस,2485
3763.0,3,Gram Panchayat,98354,1,Ichuakarna,इचुआ करना,2502
3764.0,3,Gram Panchayat,95429,1,Ijarahta,इज़रहट्टा,2313
3765.0,3,Gram Panchayat,94764,2,Ijari,ईजारी,2272
3766.0,3,Gram Panchayat,95507,2,Ilara,इलरा,2319
3767.0,3,Gram Panchayat,293917,1,Imadpur,इमादपुर,2384
3768.0,3,Gram Panchayat,94942,1,Imad Pur,इमाद पुर,2283
3769.0,3,Gram Panchayat,98230,2,Imamganj,इमांगंज,2491
3770.0,3,Gram Panchayat,94573,2,Imampur,इमामपुर,2260
3771.0,3,Gram Panchayat,100300,3,Imansari,इमनसराय,2630
3772.0,3,Gram Panchayat,100784,3,Inai,इनई,2658
3773.0,3,Gram Panchayat,97268,1,Inarwa,इनरवा,2435
3774.0,3,Gram Panchayat,98648,1,Inarwa,इनरवा,2520
3775.0,3,Gram Panchayat,99160,1,Inarwa Phulwar,इनरवा फुलवार,2554
3776.0,3,Gram Panchayat,100301,2,Inayatpur,इनायतपुर,2630
3777.0,3,Gram Panchayat,101165,1,Indarwa,इंदरवा,2686
3778.0,3,Gram Panchayat,95048,1,Indaur,इन्दौर,2291
3779.0,3,Gram Panchayat,98152,1,Indaut,इंडौट,2484
3780.0,3,Gram Panchayat,96066,1,Indpe,इंदपे,2356
3781.0,3,Gram Panchayat,99957,2,Indrapuri,इन्द्रपुरी,2610
3782.0,3,Gram Panchayat,95988,2,Indrawa Ebadullah,इन्द्रवा एबादुल्लाह,2350
3783.0,3,Gram Panchayat,100279,1,Indrawara,इन्द्रवारा,2629
3784.0,3,Gram Panchayat,97578,1,Indrukh(East),इन्दरुख (पूर्वी),2454
3785.0,3,Gram Panchayat,97579,2,Indrukh(West),इन्दरुख (पश्चिम),2454
3786.0,3,Gram Panchayat,98479,1,Inglisiya,इंग्लिशिया,2510
3787.0,3,Gram Panchayat,238479,1,Injor Panchayat,इंजोर पंचायत,6805
3788.0,3,Gram Panchayat,97343,1,Inrwa,इनरवा,2440
3789.0,3,Gram Panchayat,95490,1,Irki,इर्की,2318
3790.0,3,Gram Panchayat,97049,1,Isarain Bela,इसरायन बेला,2423
3791.0,3,Gram Panchayat,97050,1,Isarain Kala,इसरायन कला,2423
3792.0,3,Gram Panchayat,97051,1,Isarain Khurd,इसरायन खुर्द,2423
3793.0,3,Gram Panchayat,94923,1,Isharpura,इशार्पूरा,2282
3794.0,3,Gram Panchayat,96301,1,Isiya,ईसिया,2372
3795.0,3,Gram Panchayat,96052,1,Islamnagar,इस्लामनगर,2355
3796.0,3,Gram Panchayat,101735,2,Ismailpur,इस्माइलपुर,2723
3797.0,3,Gram Panchayat,101761,3,Ismailpur,ईस्माईलपुर,2724
3798.0,3,Gram Panchayat,238484,2,Ismailpur Koil Panchayat,इस्माइलपुर कोइल पंचायत,6805
3799.0,3,Gram Panchayat,94564,2,Ismailpur Paschimi Bhitha,इस्माईलपुर पश्चिमी भीट्ठा,2259
3800.0,3,Gram Panchayat,94565,1,Ismailpur Purabi Bhitha,इस्माईलपुर पूर्वी भीट्ठा,2259
3801.0,3,Gram Panchayat,100718,1,Israuli,इसरौली,2653
3802.0,3,Gram Panchayat,93913,2,Israur,इसरौर,2218
3803.0,3,Gram Panchayat,98254,1,Isua,ईसउआ,2493
3804.0,3,Gram Panchayat,100645,2,Isuapur,इसुआपुर,2648
3805.0,3,Gram Panchayat,95371,1,Itahar,इटहर,2310
3806.0,3,Gram Panchayat,96698,2,Itahari,इटहरी,2399
3807.0,3,Gram Panchayat,99613,1,Itahari,ईटहरी,2585
3808.0,3,Gram Panchayat,99965,1,Itahari,ईटहरी,2611
3809.0,3,Gram Panchayat,96983,1,Itahri,इटहरी,2417
3810.0,3,Gram Panchayat,94050,1,Itar,इटार,2225
3811.0,3,Gram Panchayat,95508,1,Itara,इतरा,2319
3812.0,3,Gram Panchayat,96130,1,Itasagar,ईटासागर,2360
3813.0,3,Gram Panchayat,98231,2,Itasang Bhadwa,इतसंग भड़वा,2491
3814.0,3,Gram Panchayat,97887,1,Itha Rasulpur,ईटहा रसूलनगर,2470
3815.0,3,Gram Panchayat,97121,1,Ithari Gehumani,इटहरी गेहुँमनी,2428
3816.0,3,Gram Panchayat,99856,1,Itimha,इतिमहा,2601
3817.0,3,Gram Panchayat,96669,1,Itmadi,इतमादी,2397
3818.0,3,Gram Panchayat,96907,2,Iton,ईटों,2411
3819.0,3,Gram Panchayat,100621,1,Itwa,इटवा,2647
3820.0,3,Gram Panchayat,97020,3,Itwa - Jiwachhpur,ईटवा - जीवछपुर,2420
3821.0,3,Gram Panchayat,93944,1,Itwan,इतवन,2220
3822.0,3,Gram Panchayat,99757,1,Itwan,इतवन,2595
3823.0,3,Gram Panchayat,95203,1,Itwa Shiv Nagar,ईटवा शिवनगर,2300
3824.0,3,Gram Panchayat,97451,1,Izra,ईजरा,2446
3825.0,3,Gram Panchayat,99576,2,Jabe,जाबे,2583
3826.0,3,Gram Panchayat,101645,1,Jadia,जड़िया,2718
3827.0,3,Gram Panchayat,99866,1,Jadunath Pur,जदुनाथ पुर,2602
3828.0,3,Gram Panchayat,101920,1,Jafarpatti,ज़फ़रपट्टी,2732
3829.0,3,Gram Panchayat,97933,1,Jafarpur,जाफरपुर,2472
3830.0,3,Gram Panchayat,100985,1,Jaffarpur,जफ्फरपुर,2675
3831.0,3,Gram Panchayat,97239,1,Jafra,जफरा,2434
3832.0,3,Gram Panchayat,101726,1,Jafrabad,जाफराबाद,2722
3833.0,3,Gram Panchayat,101899,2,Jafrabad,जाफराबाद,2731
3834.0,3,Gram Panchayat,94371,1,Jagadar,जगदर,2243
3835.0,3,Gram Panchayat,94575,1,Jagadishpur,जगदीशपुर,2260
3836.0,3,Gram Panchayat,100750,1,Jagadishpur,जगदीशपुर,2655
3837.0,3,Gram Panchayat,99258,1,Jaga Pakar,जागा पाकर,2560
3838.0,3,Gram Panchayat,94695,2,Jagaria,जगरिया,2268
3839.0,3,Gram Panchayat,96302,1,Jagariyan,जगरियॉ,2372
3840.0,3,Gram Panchayat,95728,2,Jagarnathpur,जगरनाथपुर,2335
3841.0,3,Gram Panchayat,96530,1,Jagarnathpur,जगरनाथपुर,2387
3842.0,3,Gram Panchayat,97787,1,Jagarnathpur,जगरनाथपुर,2466
3843.0,3,Gram Panchayat,98764,1,Jagarnath Pur,जगन्नाथपुर,2526
3844.0,3,Gram Panchayat,94623,1,Jagatpur,जगतपुर,2264
3845.0,3,Gram Panchayat,101366,1,Jagatpur,जगतपुर,2699
3846.0,3,Gram Panchayat,97452,3,Jagat Pur,जगतपुर,2446
3847.0,3,Gram Panchayat,97240,1,Jagban East,जगवन पूर्वी,2434
3848.0,3,Gram Panchayat,97241,1,Jagban West,जगवन पश्चिमी,2434
3849.0,3,Gram Panchayat,101072,1,Jagdar,जगदार,2681
3850.0,3,Gram Panchayat,93960,2,Jagdishpur,जगदीशपुर,2221
3851.0,3,Gram Panchayat,94993,1,Jagdishpur,जगदीशपुर,2286
3852.0,3,Gram Panchayat,95388,1,Jagdishpur,जगदीशपुर,2311
3853.0,3,Gram Panchayat,95787,1,Jagdishpur,जगदीशपुर,2338
3854.0,3,Gram Panchayat,95840,1,Jagdishpur,जगदीशपुर,2341
3855.0,3,Gram Panchayat,96466,2,Jagdishpur,जगदीशपुर,2383
3856.0,3,Gram Panchayat,97964,1,Jagdishpur,जगदीशपुर,2473
3857.0,3,Gram Panchayat,98722,1,Jagdishpur,जगदीशपुर,2523
3858.0,3,Gram Panchayat,100837,3,Jagdishpur,जगदीशपुर,2662
3859.0,3,Gram Panchayat,97987,1,Jagdishpur Baghnagri,जगदीशपुर बघनगरी,2474
3860.0,3,Gram Panchayat,97934,1,Jagdishpur Baya,जगदीशपुर बया,2472
3861.0,3,Gram Panchayat,98211,1,Jagdishpur Tiari,जगदीशपुर टियारी,2489
3862.0,3,Gram Panchayat,96270,1,Jagebarawn,जागेबरांव,2370
3863.0,3,Gram Panchayat,99711,2,Jageli,जागेली,2591
3864.0,3,Gram Panchayat,98778,1,Jagiraha,जगिरहा,2527
3865.0,3,Gram Panchayat,99316,1,Jagiranha,जागीरंहा,2563
3866.0,3,Gram Panchayat,95855,2,Jagiri Tola,जागिरी टोला,2342
3867.0,3,Gram Panchayat,96796,1,Jagir Padampur,जागीर पदमपुर,2404
3868.0,3,Gram Panchayat,93749,1,Jagir Parasi,जागीरपरासी,2210
3869.0,3,Gram Panchayat,95989,1,Jagmalwa,जगमलवा,2350
3870.0,3,Gram Panchayat,100148,1,Jagmohra,जगमोहरा,2622
3871.0,3,Gram Panchayat,99660,2,Jagni,जगनी,2588
3872.0,3,Gram Panchayat,95935,2,Jagnnatha,जगन्नाथा,2346
3873.0,3,Gram Panchayat,96216,1,Jagpura,जगपुरा,2366
3874.0,3,Gram Panchayat,95828,1,Jagtouli,जगतौली,2340
3875.0,3,Gram Panchayat,100799,1,Jahagir Pur,जहगीर पुर,2659
3876.0,3,Gram Panchayat,98082,1,Jahana,जहाना,2479
3877.0,3,Gram Panchayat,96722,1,Jahangira,जहाँगिरा,2400
3878.0,3,Gram Panchayat,96848,1,Jahangirpur,जहांगीरपुर,2407
3879.0,3,Gram Panchayat,97865,1,Jahangirpur,जहाँगीरपुर,2469
3880.0,3,Gram Panchayat,100232,1,Jahangirpur,जहाँगीरपुर,2626
3881.0,3,Gram Panchayat,100406,1,Jahangirpur,जहांगीरपुर,2636
3882.0,3,Gram Panchayat,100881,1,Jahangirpur,जहाँगीरपुर,2667
3883.0,3,Gram Panchayat,100329,2,Jahangirpur North,जहाँगीरपुर उत्तर,2632
3884.0,3,Gram Panchayat,101670,1,Jahangirpur Patedha,जहांगीरपुर पाटेधा,2719
3885.0,3,Gram Panchayat,101836,1,Jahangirpur Salkhanni,जहांगीरपुर सलखण्नी,2728
3886.0,3,Gram Panchayat,101727,1,Jahangirpur Sham,जहांगीरपुर शाम,2722
3887.0,3,Gram Panchayat,100328,2,Jahangir Pur South,जहाँगीरपुर दक्षिण,2632
3888.0,3,Gram Panchayat,101900,2,Jahangirpur Tok,जहॉगीरपुर टोक,2731
3889.0,3,Gram Panchayat,95260,1,Jaideopatti,जयदेवपट्टी,2303
3890.0,3,Gram Panchayat,95476,3,Jaigir,जयगीर,2317
3891.0,3,Gram Panchayat,93998,2,Jaihind Tendua,जैहिंद तेंदुआ,2223
3892.0,3,Gram Panchayat,101211,1,Jaijor,जयजोर,2689
3893.0,3,Gram Panchayat,97935,1,Jaimal Dumri,जैमल डुमरी,2472
3894.0,3,Gram Panchayat,93673,1,Jainagar,जयनगर,2207
3895.0,3,Gram Panchayat,101166,1,Jainagar,जैनगर,2686
3896.0,3,Gram Panchayat,97304,1,Jainagar Basti,जैनगर बस्ती,2437
3897.0,3,Gram Panchayat,94167,1,Jaipur,जयपुर,2232
3898.0,3,Gram Panchayat,94198,2,Jaipur,जयपुर,2234
3899.0,3,Gram Panchayat,95548,1,Jaipur,जॅयैपर,2322
3900.0,3,Gram Panchayat,94599,2,Jaipurchuhar West,जैपूरछूहर पश्चिम,2262
3901.0,3,Gram Panchayat,238485,1,Jaipur Panchayat,जयपुर पंचायत,6805
3902.0,3,Gram Panchayat,99808,1,Jai Shree,जै श्री,2598
3903.0,3,Gram Panchayat,99462,1,Jaisinghpur East,जैसिंघपूर पूर्वी,2577
3904.0,3,Gram Panchayat,244495,2,Jaisinghpur North,जैसिंघपूर उत्तर,2577
3905.0,3,Gram Panchayat,244496,1,Jaisinghpur South,जैसिंघपूर दक्षिण,2577
3906.0,3,Gram Panchayat,98928,1,Jaita,जैतिया,2538
3907.0,3,Gram Panchayat,99413,1,Jaitapur,जैतापुर,2572
3908.0,3,Gram Panchayat,100646,1,Jaithar,जयथर,2648
3909.0,3,Gram Panchayat,98560,1,Jaitia,जैतिया,2515
3910.0,3,Gram Panchayat,99018,1,Jaitipur,जैतिपुर,2544
3911.0,3,Gram Panchayat,93945,1,Jaitpur,जैतपुर,2220
3912.0,3,Gram Panchayat,96900,1,Jaitpur,जैतपुर,2410
3913.0,3,Gram Panchayat,98277,1,Jaitpur,जैतपुर,2495
3914.0,3,Gram Panchayat,100695,1,Jaitpur,जैतपुर,2652
3915.0,3,Gram Panchayat,96287,2,Jaitpur Kalan,जैतपुर कलॉ,2371
3916.0,3,Gram Panchayat,96545,2,Jaja,जाजा,2388
3917.0,3,Gram Panchayat,100737,1,Jajauli,जजौली,2654
3918.0,3,Gram Panchayat,97122,1,Jajhat Sabaila,जजहट-सबैला,2428
3919.0,3,Gram Panchayat,97759,1,Jajuara West,जजुआर पश्चिमी,2465
3920.0,3,Gram Panchayat,97757,1,Jajuar East,जाजुअर पूर्वी,2465
3921.0,3,Gram Panchayat,97758,1,Jajuar Middle,जजुआर मध्य,2465
3922.0,3,Gram Panchayat,100392,1,Jakhar Dharampur,जाखर धर्मपुर,2635
3923.0,3,Gram Panchayat,100622,1,Jalal Basant,जलाल बसंत,2647
3924.0,3,Gram Panchayat,99634,1,Jalal Garh,जलाल गर्ह,2586
3925.0,3,Gram Panchayat,95738,1,Jalalpur,जलालपुर,2336
3926.0,3,Gram Panchayat,95909,2,Jalalpur,जलालपुर,2345
3927.0,3,Gram Panchayat,95974,1,Jalalpur,जलालपुर,2349
3928.0,3,Gram Panchayat,96399,1,Jalalpur,जलालपुर,2379
3929.0,3,Gram Panchayat,100252,1,Jalalpur,जलालपुर,2627
3930.0,3,Gram Panchayat,100546,1,Jalalpur,जलालपुर,2643
3931.0,3,Gram Panchayat,101297,1,Jalalpur,जलालपुर,2694
3932.0,3,Gram Panchayat,101802,1,Jalalpur,जलालपुर,2726
3933.0,3,Gram Panchayat,101837,1,Jalalpur Gangti,जलालपुर गांगति,2728
3934.0,3,Gram Panchayat,95011,1,Jalilpur,जलीलपुर,2288
3935.0,3,Gram Panchayat,96430,1,Jalki,जलकी,2381
3936.0,3,Gram Panchayat,96723,1,Jalkoura,जलकौरा,2400
3937.0,3,Gram Panchayat,94858,1,Jalpura Tapa,जलपुरा तपा,2278
3938.0,3,Gram Panchayat,97155,1,Jalsain,जलसाईं,2430
3939.0,3,Gram Panchayat,95130,1,Jalwara,जलवारा,2297
3940.0,3,Gram Panchayat,95329,1,Jalwara,जलवारा,2307
3941.0,3,Gram Panchayat,97788,1,Jamaharua,जमहरुआ,2466
3942.0,3,Gram Panchayat,97899,1,Jamala Bad,जमलाबाद,2471
3943.0,3,Gram Panchayat,99966,1,Jamalnagar,जामलनगर,2611
3944.0,3,Gram Panchayat,95348,1,Jamalpur,जमालपुर,2308
3945.0,3,Gram Panchayat,101212,2,Jamalpur,जमालपुर,2689
3946.0,3,Gram Panchayat,99019,1,Jamalpura,जमलपुरा,2544
3947.0,3,Gram Panchayat,97711,1,Jamalpur Kodai,जमालपुर कोदई,2463
3948.0,3,Gram Panchayat,98900,2,Jamaluddin,जमालुद्दीन,2536
3949.0,3,Gram Panchayat,96217,1,Jamanganj,जमनगंज,2366
3950.0,3,Gram Panchayat,101482,1,Jamapur,जामापुर,2707
3951.0,3,Gram Panchayat,94199,1,Jamdaha,जमदाहा,2234
3952.0,3,Gram Panchayat,99034,2,Jamharu Imamganj,जम्हारु इमामगंज,2545
3953.0,3,Gram Panchayat,100025,1,Jamhra,जम्हारा,2615
3954.0,3,Gram Panchayat,97833,1,Jamin Mathiya,जामिन मठियां,2468
3955.0,3,Gram Panchayat,94765,1,Jamira,जमीरा,2272
3956.0,3,Gram Panchayat,94576,2,Jamni,जमनी,2260
3957.0,3,Gram Panchayat,101319,1,Jamo,जामो,2695
3958.0,3,Gram Panchayat,99731,1,Jamori,जमोरी,2593
3959.0,3,Gram Panchayat,99786,1,Jam Rodh,जमरोढ़,2597
3960.0,3,Gram Panchayat,95998,1,Jamsar,जमसर,2351
3961.0,3,Gram Panchayat,98083,1,Jamsari,जमसारी,2479
3962.0,3,Gram Panchayat,98901,1,Jamsaut,जमसौत पंचायत,2536
3963.0,3,Gram Panchayat,99758,1,Jamsona,जंसोना,2595
3964.0,3,Gram Panchayat,93653,1,Jamua,जमुआ,2206
3965.0,3,Gram Panchayat,94083,2,Jamua,जमुआ,2227
3966.0,3,Gram Panchayat,100936,1,Jamua,जमुआ,2672
3967.0,3,Gram Panchayat,244509,1,Jamua,जमुआ,2558
3968.0,3,Gram Panchayat,94877,1,Jamuaon,जमुआँव,2279
3969.0,3,Gram Panchayat,94908,1,Jamuaon,जमुाऑव,2281
3970.0,3,Gram Panchayat,98364,1,Jamuara,जमुआरा,2503
3971.0,3,Gram Panchayat,95628,1,Jamuawan,जमुआवाँ,2327
3972.0,3,Gram Panchayat,95759,1,Jamuawan,जमुआवँ,2337
3973.0,3,Gram Panchayat,98112,1,Jamuawan,जमुआवँ,2481
3974.0,3,Gram Panchayat,98379,1,Jamuawan Patwasarai,जमुआवॉ पटवासराय,2504
3975.0,3,Gram Panchayat,99770,1,Jamuhar,जमुहार,2596
3976.0,3,Gram Panchayat,96181,1,Jamuk,जामुक,2364
3977.0,3,Gram Panchayat,96081,1,Jamu Kharaiya,जामू खरैया,2357
3978.0,3,Gram Panchayat,94624,2,Jamunia,जमुनिया,2264
3979.0,3,Gram Panchayat,98583,1,Jamunia,जमुनिया,2516
3980.0,3,Gram Panchayat,99175,1,Jamunia,जमुनिया,2555
3981.0,3,Gram Panchayat,96260,3,Jamuninar,जमुनीनार,2369
3982.0,3,Gram Panchayat,98723,1,Jamuniya,जमुनिया,2523
3983.0,3,Gram Panchayat,98038,1,Jana,जाना,2476
3984.0,3,Gram Panchayat,97659,1,Janadh Jiwajor Beni,जनार जीवाजोर बेनी,2460
3985.0,3,Gram Panchayat,99149,1,Janarwa,जनरवा,2553
3986.0,3,Gram Panchayat,96410,1,Janglatal,जंगलाटाल,2380
3987.0,3,Gram Panchayat,94520,1,Jani Dih,जानीडीह,2256
3988.0,3,Gram Panchayat,101053,1,Janipur,जनीपुर,2680
3989.0,3,Gram Panchayat,96908,1,Janki Dih,जानकी दीह,2411
3990.0,3,Gram Panchayat,97604,2,Jankinagar,जानकीनगर,2456
3991.0,3,Gram Panchayat,93877,1,Jankop,जानकोप,2216
3992.0,3,Gram Panchayat,97712,1,Janta,जांता,2463
3993.0,3,Gram Panchayat,97713,1,Jarang East,जारंग पूर्वी,2463
3994.0,3,Gram Panchayat,101856,1,Jarang Rampur,जारांग रामपुर,2729
3995.0,3,Gram Panchayat,97714,1,Jarang West,जारंग पश्चिमी,2463
3996.0,3,Gram Panchayat,96754,1,Jarawarpur,जोरावरपुर,2402
3997.0,3,Gram Panchayat,95182,1,Jarison,जरिसो,2299
3998.0,3,Gram Panchayat,99035,2,Jarkha,जरखा,2545
3999.0,3,Gram Panchayat,96595,1,Jarlahi,जरलाही,2391
4000.0,3,Gram Panchayat,97866,1,Jasauli,जसौली,2469
4001.0,3,Gram Panchayat,99317,1,Jasauli,जसौली,2563
4002.0,3,Gram Panchayat,101409,1,Jasauli,जसौली,2703
4003.0,3,Gram Panchayat,99318,1,Jasauli Patti,जसौली पट्टी,2563
4004.0,3,Gram Panchayat,101339,1,Jataur,जतौर,2696
4005.0,3,Gram Panchayat,101946,1,Jatkauli,जातकौली,2734
4006.0,3,Gram Panchayat,97867,1,Jatouliya,जटौलिया,2469
4007.0,3,Gram Panchayat,244507,1,Jatwaliya,जतवालिया,2558
4008.0,3,Gram Panchayat,95006,2,Jawahi Diar,जवही डियर,2287
4009.0,3,Gram Panchayat,98671,1,Jawkatia,जौकटिया,2521
4010.0,3,Gram Panchayat,99867,2,Jayantipur,जयन्तिपुर,2602
4011.0,3,Gram Panchayat,94600,2,Jaypurchuhar East,जैपूरछूहर पूर्वी,2262
4012.0,3,Gram Panchayat,96234,1,Jaytipur Kurua,जैतीपुर कुरूआ,2367
4013.0,3,Gram Panchayat,95689,1,Jethian,जेठियाँ,2331
4014.0,3,Gram Panchayat,98929,1,Jethuli,जेठुली,2538
4015.0,3,Gram Panchayat,94943,1,Jethwar,जेतवार,2283
4016.0,3,Gram Panchayat,96329,1,Jewari,जेवरी,2374
4017.0,3,Gram Panchayat,95349,1,Jhagarua Tarwara,झगरुआ तलवाड़ा,2308
4018.0,3,Gram Panchayat,95350,1,Jhagrua,झगरूआ,2308
4019.0,3,Gram Panchayat,97408,1,Jhahuri,झहूरि,2444
4020.0,3,Gram Panchayat,95477,2,Jhajh,झाझ,2317
4021.0,3,Gram Panchayat,97813,1,Jhakhada Shekh,झखड़ा शेख,2467
4022.0,3,Gram Panchayat,98724,1,Jhakhara,झखरा,2523
4023.0,3,Gram Panchayat,101506,1,Jhakhar Garh,झखर गर्ह,2709
4024.0,3,Gram Panchayat,94232,2,Jhakhra,झखरा,2236
4025.0,3,Gram Panchayat,98765,1,Jhakhra Baisakhwa,बैशखवा,2526
4026.0,3,Gram Panchayat,96869,1,Jhala,झाला,2408
4027.0,3,Gram Panchayat,97035,1,Jhalari,झलाड़ी,2422
4028.0,3,Gram Panchayat,93654,1,Jhamta,झमटा,2206
4029.0,3,Gram Panchayat,94507,2,Jhandapur East,झंडापुर पूरव,2255
4030.0,3,Gram Panchayat,94506,1,Jhandapur West,झंडापुर पश्चिम,2255
4031.0,3,Gram Panchayat,99161,1,Jhanjhara,झंझरा,2554
4032.0,3,Gram Panchayat,97388,2,Jhanjhpatti Asha,झाँझपट्टी आशा,2443
4033.0,3,Gram Panchayat,97900,1,Jhapaha,झपहां,2471
4034.0,3,Gram Panchayat,97689,1,Jhapha,झपहां,2462
4035.0,3,Gram Panchayat,99991,1,Jhara,झरा,2613
4036.0,3,Gram Panchayat,95444,1,Jhari,झरी,2314
4037.0,3,Gram Panchayat,99244,1,Jharokhar,झरोखर,2559
4038.0,3,Gram Panchayat,94924,1,Jhaua Belbahiya,झौआ बेलबहिया,2282
4039.0,3,Gram Panchayat,99219,1,Jhauaram,झौअरम,2558
4040.0,3,Gram Panchayat,99482,1,Jhauari,झौअरी,2578
4041.0,3,Gram Panchayat,100590,1,Jhauwa,झौवा,2645
4042.0,3,Gram Panchayat,93933,1,Jhikatia,झिकाटिया,2219
4043.0,3,Gram Panchayat,95509,1,Jhikatiya,झिकाटिया,2319
4044.0,3,Gram Panchayat,95611,1,Jhikatiya,झिकटिया कला,2326
4045.0,3,Gram Panchayat,96699,1,Jhiktiya,झिकटिया,2399
4046.0,3,Gram Panchayat,96781,1,Jhiljhili,झिलझीली,2403
4047.0,3,Gram Panchayat,101605,2,Jhilladumari,झिल्लाडुमरी,2716
4048.0,3,Gram Panchayat,96782,2,Jhingakata Istemrar,झिंगाकाटा इस्तेमरार,2403
4049.0,3,Gram Panchayat,93701,1,Jhirua Pachhiari,झिरवा पछियारी,2208
4050.0,3,Gram Panchayat,93702,1,Jhiruwa Purwari,झिरवा पुरवारी,2208
4051.0,3,Gram Panchayat,95999,1,Jhirwan,झीरवान,2351
4052.0,3,Gram Panchayat,97036,1,Jhitakia Kaloutaha,झिटकिया कलौताहा,2422
4053.0,3,Gram Panchayat,99234,1,Jhitkahi,झिटकही,2558
4054.0,3,Gram Panchayat,99360,1,Jhitkahia,झिटकहिया,2566
4055.0,3,Gram Panchayat,97737,1,Jhitkahi Madhuban,झिटकाहीं  मधुबन,2464
4056.0,3,Gram Panchayat,99342,1,Jhitkahiya,झिटकहिया,2565
4057.0,3,Gram Panchayat,97283,1,Jhitki,झिटकि,2436
4058.0,3,Gram Panchayat,97029,1,Jhitkiya,झिटकिया,2421
4059.0,3,Gram Panchayat,94132,1,Jhukiliya,झिकुलिया,2230
4060.0,3,Gram Panchayat,96239,1,Jhunathi,झुनाठी,2368
4061.0,3,Gram Panchayat,98380,1,Jhunathi,झूनाठी,2504
4062.0,3,Gram Panchayat,96105,1,Jhundo,झुंडो,2358
4063.0,3,Gram Panchayat,96870,1,Jhun Ki Musahra,झुन की मुसहरा,2408
4064.0,3,Gram Panchayat,99661,2,Jhunni Istambarar,झुन्नी इस्तमबरार,2588
4065.0,3,Gram Panchayat,99712,1,Jhunni Kala,झुन्नी कला,2591
4066.0,3,Gram Panchayat,98039,1,Jiar,जियर,2476
4067.0,3,Gram Panchayat,101507,1,Jibachh Pur,जिबाच्च पुर,2709
4068.0,3,Gram Panchayat,95872,1,Jigana Jagarnath,जिगना जगरनाथ,2343
4069.0,3,Gram Panchayat,101375,2,Jigarawa,जिगरहवा,2700
4070.0,3,Gram Panchayat,99389,1,Jihuli North,ज़ीहूली उत्तर,2569
4071.0,3,Gram Panchayat,98506,2,Jimari Nautanwa,जिमरी नौतनवा,2511
4072.0,3,Gram Panchayat,94329,1,Jinedpur,जिनेदपुर,2241
4073.0,3,Gram Panchayat,96885,1,Jiran Gachh,जीरन गच्छ,2409
4074.0,3,Gram Panchayat,95453,1,Jiri,जीरी,2315
4075.0,3,Gram Panchayat,97409,1,Jiroga,जीरोगा,2444
4076.0,3,Gram Panchayat,97110,1,Jirwa Madheli,जिरवा मधेली,2427
4077.0,3,Gram Panchayat,97087,2,Jitapur,जीतापुर,2425
4078.0,3,Gram Panchayat,94878,2,Jitaura Jangal Mahal,जितौरा जंगल महाल,2279
4079.0,3,Gram Panchayat,96106,1,Jitjhingoi,जितझीगोई,2358
4080.0,3,Gram Panchayat,99162,1,Jitpur,जीतपुर,2554
4081.0,3,Gram Panchayat,99188,1,Jitpur,जीतपुर,2556
4082.0,3,Gram Panchayat,100207,2,Jitwaria,जितवारिया,2625
4083.0,3,Gram Panchayat,100572,2,Jitwarpur,जितवारपुर,2644
4084.0,3,Gram Panchayat,100375,2,Jitwarpur Kumhira,जितवारपुर कुम्हिरा,2634
4085.0,3,Gram Panchayat,98400,1,Jiuri,ज्यूरी,2505
4086.0,3,Gram Panchayat,97021,2,Jiwachhpur,जीवछपुर,2420
4087.0,3,Gram Panchayat,97814,1,Jiyan Khurd,जीयन खुर्द,2467
4088.0,3,Gram Panchayat,94859,1,Jocta,जोक्ता,2278
4089.0,3,Gram Panchayat,98748,1,Jogia,जोगिया,2525
4090.0,3,Gram Panchayat,98415,2,Jogya Maran,जोगियामारण,2506
4091.0,3,Gram Panchayat,96431,1,Jokar,जोकड़,2381
4092.0,3,Gram Panchayat,94355,1,Jokia,जोकिया,2242
4093.0,3,Gram Panchayat,99427,1,Jokiyari,जोकियरी,2573
4094.0,3,Gram Panchayat,99732,1,Jonhi,जोन्हि,2593
4095.0,3,Gram Panchayat,97548,1,Jorari,जोररी,2451
4096.0,3,Gram Panchayat,97089,1,Jorgama,जोरगामा,2425
4097.0,3,Gram Panchayat,95165,1,Jorja,जोरजा,2298
4098.0,3,Gram Panchayat,100302,1,Jorpura,जोरपुरा,2630
4099.0,3,Gram Panchayat,97134,1,Jotaili,जोतैली,2429
4100.0,3,Gram Panchayat,99189,1,Juafar,जुआफर,2556
4101.0,3,Gram Panchayat,98153,1,Juniyar,जूनियर,2484
4102.0,3,Gram Panchayat,101901,2,Juravanpur Barari,जुड़ावनपुर बरारी,2731
4103.0,3,Gram Panchayat,101902,2,Juravanpur Karari,जुड़ावनपुर करारी,2731
4104.0,3,Gram Panchayat,101694,1,Jurawanpur,जुरवणपुर,2720
4105.0,3,Gram Panchayat,96871,1,Kaalpeer,काल्पीर,2408
4106.0,3,Gram Panchayat,98914,1,Kab,काब,2537
4107.0,3,Gram Panchayat,99681,2,Kabaiya,कबैया,2589
4108.0,3,Gram Panchayat,95644,1,Kabar,काबर,2328
4109.0,3,Gram Panchayat,96755,1,Kabela,कबेला,2402
4110.0,3,Gram Panchayat,100034,1,Kabira,कबिरा,2616
4111.0,3,Gram Panchayat,95230,1,Kabirchak,कबीर चक,2301
4112.0,3,Gram Panchayat,101391,1,Kabir Pur,कबीर पुर,2701
4113.0,3,Gram Panchayat,98401,1,Kabla,कबला,2505
4114.0,3,Gram Panchayat,99533,1,Kachahari Balua,कचहरी बलुआ,2581
4115.0,3,Gram Panchayat,98278,1,Kachahria,कचहरिया,2495
4116.0,3,Gram Panchayat,100785,1,Kachanar,कचनार,2658
4117.0,3,Gram Panchayat,95534,1,Kachar,काचर,2321
4118.0,3,Gram Panchayat,101167,1,Kachaur,कचौर,2686
4119.0,3,Gram Panchayat,95719,1,Kachauri,कचौरी,2334
4120.0,3,Gram Panchayat,96930,1,Kachhiana,कच्चियाना,2413
4121.0,3,Gram Panchayat,98198,1,Kachhiyawan,कच्छियवान्,2488
4122.0,3,Gram Panchayat,95307,1,Kachhua,कछुआ,2306
4123.0,3,Gram Panchayat,97374,1,Kachhua,कच्छुआ,2442
4124.0,3,Gram Panchayat,97375,1,Kachhuvi,कछछूवि,2442
4125.0,3,Gram Panchayat,101446,1,Kachnar,कचनार,2705
4126.0,3,Gram Panchayat,96218,2,Kachnawan,कचनामा,2366
4127.0,3,Gram Panchayat,99245,1,Kadamawa,कदमवा,2559
4128.0,3,Gram Panchayat,96494,1,Kadamgachhi,कदमगाछी,2384
4129.0,3,Gram Panchayat,101195,1,Kadarwana,कदरवाना,2688
4130.0,3,Gram Panchayat,100105,1,Kadhaiya,कढैया,2620
4131.0,3,Gram Panchayat,99301,1,Kadhan,कधन,2562
4132.0,3,Gram Panchayat,100751,1,Kadipur,कादीपुर,2655
4133.0,3,Gram Panchayat,98388,2,Kadirganj,कादिरगंज,2504
4134.0,3,Gram Panchayat,101542,1,Kadmaha,कदमाहा,2711
4135.0,3,Gram Panchayat,96546,1,Kadwa,कदवा,2388
4136.0,3,Gram Panchayat,94625,2,Kadwa Diyara,कदवा  दियारा,2264
4137.0,3,Gram Panchayat,99881,2,Kadwan,कदवां,2603
4138.0,3,Gram Panchayat,97690,1,Kafain Choudhri,कफेन चौधरी,2462
4139.0,3,Gram Panchayat,96107,1,Kagesar,कागेश्वर,2358
4140.0,3,Gram Panchayat,94627,3,Kahairpur Kadwa,खैरपुर कदवा,2264
4141.0,3,Gram Panchayat,95801,1,Kahla,कहला,2339
4142.0,3,Gram Panchayat,95204,1,Kahua,कहुआं,2300
4143.0,3,Gram Panchayat,98355,1,Kahuara,कहुआरा,2502
4144.0,3,Gram Panchayat,95478,1,Kahudag,काहुदाग,2317
4145.0,3,Gram Panchayat,94256,1,Kaidarabad,कादराबाद,2237
4146.0,3,Gram Panchayat,98040,1,Kaila,कैला,2476
4147.0,3,Gram Panchayat,98199,1,Kaila,कैला,2488
4148.0,3,Gram Panchayat,101230,1,Kailgarh Uttar,कैलगढ़ उत्तर,2690
4149.0,3,Gram Panchayat,96920,1,Kaindi,कैंडी,2412
4150.0,3,Gram Panchayat,96670,2,Kainjri,कैंजरी,2397
4151.0,3,Gram Panchayat,94118,3,Kairi,कैरी,2229
4152.0,3,Gram Panchayat,96827,2,Kairibirpur,कैरिबीरपुर,2406
4153.0,3,Gram Panchayat,94521,3,Kairiya,कैरिया,2256
4154.0,3,Gram Panchayat,94330,1,Kaith,कैथ,2241
4155.0,3,Gram Panchayat,94183,1,Kaitha,कैथा,2233
4156.0,3,Gram Panchayat,96053,1,Kaitha,कैथा,2355
4157.0,3,Gram Panchayat,97524,1,Kaithahi,कैथाही,2450
4158.0,3,Gram Panchayat,95080,1,Kaithhar Kala,कैथहर कलां,2294
4159.0,3,Gram Panchayat,94978,1,Kaithi,कैथी,2285
4160.0,3,Gram Panchayat,96271,1,Kaithi,कैथी,2370
4161.0,3,Gram Panchayat,99857,2,Kaithi,कैथी,2601
4162.0,3,Gram Panchayat,97376,1,Kaithinia,कैथिनिया,2442
4163.0,3,Gram Panchayat,98316,1,Kaithir,कैथीर,2498
4164.0,3,Gram Panchayat,100870,4,Kaithwan,कैथावां,2666
4165.0,3,Gram Panchayat,95430,1,Kaithwar,कैथवार,2313
4166.0,3,Gram Panchayat,100680,2,Kaituka Lachhi,कैतुका लच्छी,2651
4167.0,3,Gram Panchayat,100679,2,Kaituka Nandan,कैतुका नन्दन,2651
4168.0,3,Gram Panchayat,95660,1,Kaiya,कैया,2329
4169.0,3,Gram Panchayat,96054,1,Kaiyar,कैयार,2355
4170.0,3,Gram Panchayat,95595,2,Kaj,काज,2325
4171.0,3,Gram Panchayat,99662,1,Kajha,काझा,2588
4172.0,3,Gram Panchayat,99534,2,Kajhi Hirdya Nagar,कोशी शरण देवोत्तर,2581
4173.0,3,Gram Panchayat,94084,1,Kajhiya,कझिया,2227
4174.0,3,Gram Panchayat,93878,1,Kaji Chak,काजी चक,2216
4175.0,3,Gram Panchayat,94051,1,Kajpa,कजपा,2225
4176.0,3,Gram Panchayat,94614,2,Kajraily,कजरैली,2263
4177.0,3,Gram Panchayat,94766,1,Kajuria,कजुरिया,2272
4178.0,3,Gram Panchayat,93736,1,Kakan,काकन,2209
4179.0,3,Gram Panchayat,96067,1,Kakan,काकन,2356
4180.0,3,Gram Panchayat,96119,1,Kakan Chaur,ककनचोर,2359
4181.0,3,Gram Panchayat,100573,1,Kakarhat,ककरहट,2644
4182.0,3,Gram Panchayat,94843,1,Kakila,काकिला,2277
4183.0,3,Gram Panchayat,97311,1,Kako,काको,2438
4184.0,3,Gram Panchayat,95431,1,Kakodha,ककोढ़ा,2313
4185.0,3,Gram Panchayat,97453,1,Kakraul North,कॅकरौल उत्तरी,2446
4186.0,3,Gram Panchayat,97454,2,Kakraul South,कॅकरौल दक्षिणी,2446
4187.0,3,Gram Panchayat,94085,1,Kakwara,ककवारा,2227
4188.0,3,Gram Panchayat,96120,1,Kala,काला,2359
4189.0,3,Gram Panchayat,93826,1,Kalabalua,कालाबलुआ,2213
4190.0,3,Gram Panchayat,98800,1,Kala Diara,कला दियारा,2529
4191.0,3,Gram Panchayat,95912,2,Kala Matihaniya,काला मटिहनिया,2345
4192.0,3,Gram Panchayat,96219,1,Kalanaur,कलानौर,2366
4193.0,3,Gram Panchayat,97511,1,Kalapatti,कालपट्टी,2449
4194.0,3,Gram Panchayat,100208,1,Kalaunzer,कलौंजर,2625
4195.0,3,Gram Panchayat,101231,1,Kaligarh Dakhin,कैलगढ़ दक्षिण,2690
4196.0,3,Gram Panchayat,95412,1,Kaligawn,कलीगांव,2312
4197.0,3,Gram Panchayat,97328,1,Kalikapur,कालिकापुर,2439
4198.0,3,Gram Panchayat,100129,1,Kaliyanpur North,कल्याणपुर उत्तर,2621
4199.0,3,Gram Panchayat,97284,1,Kalna,कालना,2436
4200.0,3,Gram Panchayat,96182,1,Kalpa,कल्पा,2364
4201.0,3,Gram Panchayat,96531,2,Kalsar,कालसर,2387
4202.0,3,Gram Panchayat,95445,1,Kalwan,कलवन,2314
4203.0,3,Gram Panchayat,94802,2,Kalyanpur,कल्याणपुर,2274
4204.0,3,Gram Panchayat,95802,1,Kalyanpur,कल्यानपुर,2339
4205.0,3,Gram Panchayat,95829,1,Kalyanpur,कल्यानपुर,2340
4206.0,3,Gram Panchayat,96027,1,Kalyanpur,कल्याणपुर,2353
4207.0,3,Gram Panchayat,96330,1,Kalyanpur,कल्याणपुर,2374
4208.0,3,Gram Panchayat,98784,1,Kalyanpur,कल्यानपुर,2528
4209.0,3,Gram Panchayat,99099,1,Kalyanpur,कल्यानपुर,2549
4210.0,3,Gram Panchayat,99280,1,Kalyanpur,कल्याणपुर,2561
4211.0,3,Gram Panchayat,99825,1,Kalyanpur,कल्याणपुर,2599
4212.0,3,Gram Panchayat,100209,1,Kalyanpur,कल्याणपुर,2625
4213.0,3,Gram Panchayat,100800,1,Kalyan Pur,कल्यान पुर,2659
4214.0,3,Gram Panchayat,100260,1,Kalyanpur Basti West,कल्याणपुर बस्ती पश्चिम,2628
4215.0,3,Gram Panchayat,99036,1,Kalyanpur Paipura,कल्याणपुर पैपुरा,2545
4216.0,3,Gram Panchayat,100130,1,Kalyanpur South,कल्याणपुर दक्षिण,2621
4217.0,3,Gram Panchayat,100969,1,Kamaldah,कमलदह,2674
4218.0,3,Gram Panchayat,93655,1,Kamaldaha,कमलदाहा,2206
4219.0,3,Gram Panchayat,93750,2,Kamaldaha,कमलदाहा,2210
4220.0,3,Gram Panchayat,244460,1,Kamal Pipra,कमल पीपरा,2567
4221.0,3,Gram Panchayat,96826,1,Kamalpur,कमालपुर,2406
4222.0,3,Gram Panchayat,101554,1,Kamalpur,कमालपुर,2712
4223.0,3,Gram Panchayat,97936,1,Kamalpura,कमलपुरा,2472
4224.0,3,Gram Panchayat,97869,1,Kamalpur Bithroul,कमालपुर बिथरौल,2469
4225.0,3,Gram Panchayat,94712,1,Kamalpur Srichak,कमालपुर श्रीचक,2269
4226.0,3,Gram Panchayat,96450,1,Kamara,कमरा,2382
4227.0,3,Gram Panchayat,97123,3,Kamar Gama,कमरगामा,2428
4228.0,3,Gram Panchayat,94729,1,Kamarganj,कमरगंज,2270
4229.0,3,Gram Panchayat,94803,2,Kamariyawn,कामरियावन्,2274
4230.0,3,Gram Panchayat,95205,1,Kamarkala,कमरकाला,2300
4231.0,3,Gram Panchayat,94995,2,Kamarpur,कामारपुर,2286
4232.0,3,Gram Panchayat,97715,1,Kamartho,कमरथु,2463
4233.0,3,Gram Panchayat,94233,1,Kamatpur,कामतपुर,2236
4234.0,3,Gram Panchayat,95964,1,Kamlakant Karariya,कमलाकांत कररिया,2348
4235.0,3,Gram Panchayat,94566,1,Kamla Kund,कमलाकुंड,2259
4236.0,3,Gram Panchayat,101543,3,Kamrail,कमरैल,2711
4237.0,3,Gram Panchayat,96495,2,Kamraul,कमरौल,2384
4238.0,3,Gram Panchayat,100894,1,Kamrauli,कमरौली,2668
4239.0,3,Gram Panchayat,100165,1,Kamrawan,कमराँव,2623
4240.0,3,Gram Panchayat,98154,1,Kamta,कामता,2484
4241.0,3,Gram Panchayat,100523,1,Kamta,कमता,2642
4242.0,3,Gram Panchayat,238483,1,Kamta Panchayat,कामता पंचायत,6805
4243.0,3,Gram Panchayat,96886,1,Kanakpur,कनकपुर,2409
4244.0,3,Gram Panchayat,96082,1,Kanan,कानन,2357
4245.0,3,Gram Panchayat,93893,1,Kanap,कनाप,2217
4246.0,3,Gram Panchayat,96083,1,Kanaudi,कनौदी,2357
4247.0,3,Gram Panchayat,97901,1,Kanauli Bishundat,कन्हौली विशुन्दत,2471
4248.0,3,Gram Panchayat,95583,1,Kanausi,कनौसी,2324
4249.0,3,Gram Panchayat,100470,1,Kancha,काँचा,2639
4250.0,3,Gram Panchayat,93879,1,Kanchanpur,कंचनपुर,2216
4251.0,3,Gram Panchayat,94024,1,Kanchanpur,कंचनपुर,2224
4252.0,3,Gram Panchayat,101695,2,Kanchanpur,कंचनपुर,2720
4253.0,3,Gram Panchayat,98835,1,Kanchanpur Kharagpur,कंचनपुर खरगपुर,2532
4254.0,3,Gram Panchayat,99259,1,Kanchedwa,कनछेड़वा,2560
4255.0,3,Gram Panchayat,99111,1,Kandap Taranpur,कंडाप तारणपुर,2550
4256.0,3,Gram Panchayat,96496,3,Kandelapatol,कंदेला पटोल,2384
4257.0,3,Gram Panchayat,95873,2,Kandhgopi,कांधगोपी,2343
4258.0,3,Gram Panchayat,95568,2,Kandi,कांडी,2323
4259.0,3,Gram Panchayat,99497,1,Kanfalia,कनफलिया,2579
4260.0,3,Gram Panchayat,95248,2,Kanhai,कन्हैई,2302
4261.0,3,Gram Panchayat,98995,2,Kanhaipur,कन्हाईपुर,2543
4262.0,3,Gram Panchayat,95510,1,Kanhaul,कान्हौल,2319
4263.0,3,Gram Panchayat,97344,2,Kanhauli,कान्हौली,2440
4264.0,3,Gram Panchayat,101168,1,Kanhauli,कान्हौली,2686
4265.0,3,Gram Panchayat,101251,1,Kanhauli,कन्हौली,2691
4266.0,3,Gram Panchayat,101736,3,Kanhauli Dhanraj,कान्हौली धनराज,2728
4267.0,3,Gram Panchayat,100524,1,Kanhauli Manohar,कन्हौली मनोहर,2642
4268.0,3,Gram Panchayat,101737,3,Kanhauli Vishanparsi,कान्हौली विशनपरसी,2728
4269.0,3,Gram Panchayat,101073,1,Kanhawa,कंहवा,2681
4270.0,3,Gram Panchayat,99842,2,Kanjar,कंजर,2600
4271.0,3,Gram Panchayat,95028,2,Kanjharua,कंझरुआ,2290
4272.0,3,Gram Panchayat,99498,1,Kanjia,कंजिया,2579
4273.0,3,Gram Panchayat,93999,1,Kanker,कंकेर,2223
4274.0,3,Gram Panchayat,93799,2,Kankhudia,कनखुदिया,2212
4275.0,3,Gram Panchayat,99699,1,Kanp,कांप,2590
4276.0,3,Gram Panchayat,100106,1,Kanp East,कांप पूर्वी,2620
4277.0,3,Gram Panchayat,100107,1,Kanp West,कांप पश्चिम,2620
4278.0,3,Gram Panchayat,100986,1,Kansar,कांसर,2675
4279.0,3,Gram Panchayat,95231,2,Kansi,कांसी,2301
4280.0,3,Gram Panchayat,96240,4,Kansua,कन्सुआ,2368
4281.0,3,Gram Panchayat,94979,1,Kant,कांत,2285
4282.0,3,Gram Panchayat,97717,1,Kanta Pirauchha (North),कांटा पिरौछा उत्तरी,2463
4283.0,3,Gram Panchayat,97716,1,Kanta Pir Roucha (South),कांटा पिरौछा दक्षिणी,2463
4284.0,3,Gram Panchayat,100063,1,Kantho,कंठो,2618
4285.0,3,Gram Panchayat,96547,2,Kantia,कंटिया,2388
4286.0,3,Gram Panchayat,96467,1,Kant Nagar,कान्त नगर,2383
4287.0,3,Gram Panchayat,100233,2,Kanuvishanpur,कानुविशनपुर,2626
4288.0,3,Gram Panchayat,95705,1,Kapasia,कापसिया,2333
4289.0,3,Gram Panchayat,97213,1,Kapasia,कापसिया,2433
4290.0,3,Gram Panchayat,98155,1,Kapasiawan,कापसीयवान,2484
4291.0,3,Gram Panchayat,99843,1,Kapasiya,कपसियाँ,2600
4292.0,3,Gram Panchayat,94025,1,Kara,करा,2224
4293.0,3,Gram Panchayat,100526,2,Karah,कराह,2642
4294.0,3,Gram Panchayat,94996,2,Karahansi,करहंसी,2286
4295.0,3,Gram Panchayat,99787,2,Karahansi,करहंसी,2597
4296.0,3,Gram Panchayat,100525,2,Karahi,करही,2642
4297.0,3,Gram Panchayat,97525,2,Karahia East,करहिया पूर्वी,2450
4298.0,3,Gram Panchayat,97526,1,Karahia West,करहिया पश्चिम,2450
4299.0,3,Gram Panchayat,101525,2,Karai Hiya,करै हिया,2710
4300.0,3,Gram Panchayat,98185,2,Karaiparsurai,करायपरसुराय,2486
4301.0,3,Gram Panchayat,99809,2,Karakat,काराकाट,2598
4302.0,3,Gram Panchayat,95446,1,Karamdih,करमडीह,2314
4303.0,3,Gram Panchayat,98672,1,Karamwa,करमवा,2521
4304.0,3,Gram Panchayat,244508,1,Karamwa,करमवा,2558
4305.0,3,Gram Panchayat,99442,1,Karamwa Raghunathpur,कारंवा रघुनाथपुर,2575
4306.0,3,Gram Panchayat,100149,1,Karanchi,करांची,2622
4307.0,3,Gram Panchayat,99788,1,Karanj,करंज,2597
4308.0,3,Gram Panchayat,99020,1,Karanja Gowai,करंजा गोवाए,2544
4309.0,3,Gram Panchayat,95936,1,Karan Pura,करण पुरा,2346
4310.0,3,Gram Panchayat,101457,1,Karan Pura,कर्णपुरा,2706
4311.0,3,Gram Panchayat,97691,1,Karanpur North,करनपुर उत्तरी,2462
4312.0,3,Gram Panchayat,97692,1,Karanpur South,करनपुर दक्षिणी,2462
4313.0,3,Gram Panchayat,94767,1,Karari,करारी,2272
4314.0,3,Gram Panchayat,244402,1,Kararia,कररिया,2563
4315.0,3,Gram Panchayat,95975,2,Karasghat,करसघाट,2349
4316.0,3,Gram Panchayat,101803,2,Karataha Buzurg,करताहा बुज़ुर्ग,2726
4317.0,3,Gram Panchayat,94944,1,Karath,करत,2283
4318.0,3,Gram Panchayat,98982,2,Karay,कराय,2542
4319.0,3,Gram Panchayat,94746,1,Karbasin,कारबासीन,2271
4320.0,3,Gram Panchayat,100871,2,Kare,कारे,2666
4321.0,3,Gram Panchayat,99826,1,Kargahar,करगहर,2599
4322.0,3,Gram Panchayat,96084,1,Karhara,करहरा,2357
4323.0,3,Gram Panchayat,97214,1,Karhara,करहारा,2433
4324.0,3,Gram Panchayat,97431,1,Karhara,करहारा,2445
4325.0,3,Gram Panchayat,101671,1,Karhari,करहरी,2719
4326.0,3,Gram Panchayat,94168,2,Karhariya,करहरिया,2232
4327.0,3,Gram Panchayat,97557,1,Karhariya (East),करहरिया (पूर्वी),2452
4328.0,3,Gram Panchayat,97558,1,Karhariya (South),करहरिया (दक्षिण),2452
4329.0,3,Gram Panchayat,97559,1,Karhariya (West),करहरिया (पश्चिम),2452
4330.0,3,Gram Panchayat,101646,1,Karharwa,करहर्वा,2718
4331.0,3,Gram Panchayat,101715,1,Karhatiya Buzurg,करहटिया बुज़ुर्ग,2721
4332.0,3,Gram Panchayat,95706,1,Karhatta,करहट्टा,2333
4333.0,3,Gram Panchayat,101628,2,Kariho,करिहो,2717
4334.0,3,Gram Panchayat,100261,1,Karim Nagar,करीम नगर,2628
4335.0,3,Gram Panchayat,100547,1,Karinga,करिंगा,2643
4336.0,3,Gram Panchayat,97410,1,Kariot,कारिओत,2444
4337.0,3,Gram Panchayat,94960,1,Karisath,कारीसाथ,2284
4338.0,3,Gram Panchayat,99328,1,Karisna Nagra,करिसना नागरा,2564
4339.0,3,Gram Panchayat,95760,1,Karisowa,करीसोवा,2337
4340.0,3,Gram Panchayat,100393,1,Kariyan,करियन,2635
4341.0,3,Gram Panchayat,98266,1,Kariyanna,करियान्ना,2494
4342.0,3,Gram Panchayat,94925,1,Karja,कर्जा,2282
4343.0,3,Gram Panchayat,97815,1,Karja Dih,करजा डीह,2467
4344.0,3,Gram Panchayat,101593,1,Karjain,करजाइन,2715
4345.0,3,Gram Panchayat,98785,1,Karjan,कर्जन,2528
4346.0,3,Gram Panchayat,95330,1,Karjapatti,कर्जापट्टी,2307
4347.0,3,Gram Panchayat,95761,1,Karjara,करजारा,2337
4348.0,3,Gram Panchayat,96303,1,Karjawn,करजाँव,2372
4349.0,3,Gram Panchayat,95892,1,Karkataha,करकटहा,2344
4350.0,3,Gram Panchayat,93894,1,Karma,कर्मा,2217
4351.0,3,Gram Panchayat,94086,1,Karma,करमा,2227
4352.0,3,Gram Panchayat,96085,1,Karma,कर्मा,2357
4353.0,3,Gram Panchayat,93961,2,Karma Basantpur,कर्मा बसंतपुर,2221
4354.0,3,Gram Panchayat,93858,1,Karma Bhagwan,कर्मा भगवान,2215
4355.0,3,Gram Panchayat,99909,1,Karmaini,कारमाईनी,2606
4356.0,3,Gram Panchayat,97329,2,Karmauli,करमौली,2439
4357.0,3,Gram Panchayat,97389,2,Karmegh Middle,करमेघ मध्य,2443
4358.0,3,Gram Panchayat,97390,2,Karmegh North,करमेघ उत्तरी,2443
4359.0,3,Gram Panchayat,97391,1,Karmegh West,करमेघ पश्चिमी,2443
4360.0,3,Gram Panchayat,98801,1,Karnauti,करनौती,2529
4361.0,3,Gram Panchayat,101823,1,Karnauti,कार्णौती,2727
4362.0,3,Gram Panchayat,101857,2,Karnezi,कार्नेज़ी,2729
4363.0,3,Gram Panchayat,100738,2,Karn Kudariya,कर्ण कुदरिया,2654
4364.0,3,Gram Panchayat,96497,1,Karnpur,करणपुर,2384
4365.0,3,Gram Panchayat,101629,1,Karnpur,कर्णपुर,2717
4366.0,3,Gram Panchayat,97156,1,Karn Pur,कर्ण पुर,2430
4367.0,3,Gram Panchayat,96331,1,Karnpura,कर्णपुरा,2374
4368.0,3,Gram Panchayat,101320,1,Karnpura,कर्णपुरा,2695
4369.0,3,Gram Panchayat,101286,1,Karom,करोम,2693
4370.0,3,Gram Panchayat,238517,1,Karpi Panchayat,करपी पंचायत,6806
4371.0,3,Gram Panchayat,100349,2,Karpuri Gram,कर्पूरीग्राम,2633
4372.0,3,Gram Panchayat,99218,1,Karsahiya,कारसहिया,2558
4373.0,3,Gram Panchayat,95064,1,Karsar,कडसर,2293
4374.0,3,Gram Panchayat,101427,1,Karsar,कर्सर,2704
4375.0,3,Gram Panchayat,101298,1,Karsaut,करसौत,2694
4376.0,3,Gram Panchayat,94026,1,Karsawan,करसावन,2224
4377.0,3,Gram Panchayat,99921,1,Karserua,करसेरुआ,2607
4378.0,3,Gram Panchayat,94234,1,Karsop,करसोप,2236
4379.0,3,Gram Panchayat,97285,1,Karuna,करुणा,2436
4380.0,3,Gram Panchayat,99922,1,Karup,करूप,2607
4381.0,3,Gram Panchayat,99934,2,Karup,करूप,2608
4382.0,3,Gram Panchayat,96797,2,Karuwamani,करुवामणि,2404
4383.0,3,Gram Panchayat,95309,1,Karwa Tariyani,करवा तरियानी,2306
4384.0,3,Gram Panchayat,98996,1,Kasaha Diyara,कसहा दियारा,2543
4385.0,3,Gram Panchayat,100801,1,Kasamar,कसमर,2659
4386.0,3,Gram Panchayat,94961,1,Kasap,कसाप,2284
4387.0,3,Gram Panchayat,100835,1,Kasar,कसार,2661
4388.0,3,Gram Panchayat,96849,1,Kasba Kaliaganj,कस्बा कलियागंज,2407
4389.0,3,Gram Panchayat,101376,1,Kasdeura,कसदेवरा,2700
4390.0,3,Gram Panchayat,96288,2,Kaser,कसेर,2371
4391.0,3,Gram Panchayat,101287,2,Kashila Pachbenia,कशिला पचबेनिया,2693
4392.0,3,Gram Panchayat,100009,1,Kashimpur,कासिमपुर,2614
4393.0,3,Gram Panchayat,101762,1,Kashipur Chakbibi,काशीपुर चकबीबी,2724
4394.0,3,Gram Panchayat,95976,3,Kashi Tengrahi,काशी टेंगराही,2349
4395.0,3,Gram Panchayat,100086,1,Kashnagar,काशनगर,2619
4396.0,3,Gram Panchayat,95029,1,Kasian,कसियां,2290
4397.0,3,Gram Panchayat,98902,1,Kasim Chak,कासिम चक,2536
4398.0,3,Gram Panchayat,94553,2,Kasimpur,कासिमपुर,2258
4399.0,3,Gram Panchayat,96724,2,Kasimpur,कासिमपुर,2400
4400.0,3,Gram Panchayat,95249,2,Kasraur Basauli,कसरौर बसौली,2302
4401.0,3,Gram Panchayat,95250,2,Kasraur Belwara,कसरौर बेलवाड़ा,2302
4402.0,3,Gram Panchayat,95255,2,Kasraur Karkauli,कसरौर करकौली,2302
4403.0,3,Gram Panchayat,94235,1,Kaswa,कसबा,2236
4404.0,3,Gram Panchayat,96960,1,Kaswa,कसवा,2416
4405.0,3,Gram Panchayat,94151,2,Kaswabaliya (North),उत्तरी कसवा वसिला,2231
4406.0,3,Gram Panchayat,94152,2,Kaswabaliya (South),दक्षिणी कसवा वसिला,2231
4407.0,3,Gram Panchayat,94696,1,Kaswa Kherhi,कसवा खेरही,2268
4408.0,3,Gram Panchayat,96241,2,Kaswan,कसवाँ,2368
4409.0,3,Gram Panchayat,99361,1,Kataha,कटाहा,2566
4410.0,3,Gram Panchayat,99344,1,Katahan,कटहं,2565
4411.0,3,Gram Panchayat,94731,2,Katahara,कटहरा,2270
4412.0,3,Gram Panchayat,101524,2,Katahara Kadampura,कटहारा - कदमपुरा,2710
4413.0,3,Gram Panchayat,97760,1,Katai,कटाई,2465
4414.0,3,Gram Panchayat,97192,1,Kataia,कटैया,2432
4415.0,3,Gram Panchayat,97215,1,Kataia,कटैया,2433
4416.0,3,Gram Panchayat,98624,1,Kataiya,कटैया,2518
4417.0,3,Gram Panchayat,101561,2,Kataiya Mahe,कटैया माहे,2713
4418.0,3,Gram Panchayat,95788,1,Katalpur,कतालपुर,2338
4419.0,3,Gram Panchayat,94880,1,Katar,कातर,2279
4420.0,3,Gram Panchayat,100872,1,Katari,कटारी,2666
4421.0,3,Gram Panchayat,94881,1,Katariya,कटरियाँ,2279
4422.0,3,Gram Panchayat,97605,3,Katariya,कटरिया,2456
4423.0,3,Gram Panchayat,101738,2,Katar Mala,कतार माला,2723
4424.0,3,Gram Panchayat,94402,3,Katarmala North,कटरमाला उत्तर,2246
4425.0,3,Gram Panchayat,94401,2,Katarmala South,कटरमाला दक्षिण,2246
4426.0,3,Gram Panchayat,97937,1,Kataru,कटारु,2472
4427.0,3,Gram Panchayat,95413,1,Katassa,कटासा,2312
4428.0,3,Gram Panchayat,96011,1,Katauna,कटौना,2352
4429.0,3,Gram Panchayat,98191,2,Katauna,कतौना,2487
4430.0,3,Gram Panchayat,97988,1,Kateshar,कटेसर,2474
4431.0,3,Gram Panchayat,98836,1,Kateshar,कटेशर,2532
4432.0,3,Gram Panchayat,94804,1,Kateya,कटेया,2274
4433.0,3,Gram Panchayat,100672,2,Kateya,कटेया,2650
4434.0,3,Gram Panchayat,95856,1,Katgharwa,कटघरवा,2342
4435.0,3,Gram Panchayat,96828,1,Kathamatha,कठमता,2406
4436.0,3,Gram Panchayat,95098,1,Kathar,कतर,2295
4437.0,3,Gram Panchayat,98637,1,Kathar,कठार,2519
4438.0,3,Gram Panchayat,95432,1,Kathara,कटहरा,2313
4439.0,3,Gram Panchayat,101508,1,Kathara,कतरा,2709
4440.0,3,Gram Panchayat,94400,2,Kathari,कटहरी,2246
4441.0,3,Gram Panchayat,98041,1,Kathari,कथरी,2476
4442.0,3,Gram Panchayat,101696,1,Kathaulia,कठौलिया,2720
4443.0,3,Gram Panchayat,101091,1,Kathaur,कठौर,2682
4444.0,3,Gram Panchayat,95549,1,Kathautiya Kewal,कठौतिया केवल,2322
4445.0,3,Gram Panchayat,94169,1,Kathbangaon Birbalpur,काठबनगाँव बीरबलपुर,2232
4446.0,3,Gram Panchayat,94212,1,Kathchatar Lilatari,कठचातर लिलातरी,2235
4447.0,3,Gram Panchayat,100064,1,Kathdumar,कथदूमार,2618
4448.0,3,Gram Panchayat,96365,1,Kathej,कठेज,2376
4449.0,3,Gram Panchayat,96626,1,Kathghar,काठघर,2394
4450.0,3,Gram Panchayat,99345,1,Kathia Hariram,काठिया हरिराम,2565
4451.0,3,Gram Panchayat,98766,1,Kathia Mathia,कठिया मठिया,2526
4452.0,3,Gram Panchayat,98084,1,Kathrahi,कतराहि,2479
4453.0,3,Gram Panchayat,99844,1,Kathrai,कथराई,2600
4454.0,3,Gram Panchayat,96568,2,Katihar,कटिहार,2389
4455.0,3,Gram Panchayat,95053,1,Katiknar,कतिकनार,2292
4456.0,3,Gram Panchayat,94201,2,Katiyari,कटियारी,2234
4457.0,3,Gram Panchayat,97624,1,Katiyari,कटियारी,2457
4458.0,3,Gram Panchayat,95414,1,Katka,कटका,2312
4459.0,3,Gram Panchayat,99037,2,Katka Paigambarpur,कटका पैगम्बरपुर,2545
4460.0,3,Gram Panchayat,95389,1,Katma Bahaurawa,कटमा बहुअरवा,2311
4461.0,3,Gram Panchayat,97761,1,Katra,कटरा,2465
4462.0,3,Gram Panchayat,96366,3,Katra Kala,कटरा कला,2376
4463.0,3,Gram Panchayat,95310,1,Katraul Basant,कतरौल बसंत,2306
4464.0,3,Gram Panchayat,98192,1,Katri,कटरी,2487
4465.0,3,Gram Panchayat,100505,2,Katsa,कटसा,2641
4466.0,3,Gram Panchayat,94153,2,Katsakara (East),पूर्वी कटसकरा,2231
4467.0,3,Gram Panchayat,94154,2,Katsakara (West),पश्चिमी कटसकरा,2231
4468.0,3,Gram Panchayat,93849,1,Kauakoh,कौआकोह,2214
4469.0,3,Gram Panchayat,98330,1,Kauakole,कौआकोल,2500
4470.0,3,Gram Panchayat,97595,2,Kaudiya,कौड़िया,2455
4471.0,3,Gram Panchayat,97286,1,Kauha Barhi,कौहा बरहि,2436
4472.0,3,Gram Panchayat,94829,2,Kaup,काउप,2276
4473.0,3,Gram Panchayat,94844,1,Kaura,कौरा,2277
4474.0,3,Gram Panchayat,101265,1,Kauria,कौड़ीया,2692
4475.0,3,Gram Panchayat,97022,2,Kaurihar - Tarawe,कौड़िहार - तरावे,2420
4476.0,3,Gram Panchayat,101138,1,Kauriya Lalpur,कौरिया लालपुर,2685
4477.0,3,Gram Panchayat,101054,1,Kauriya Raipur,कौरिया रैपुर,2680
4478.0,3,Gram Panchayat,100696,2,Kauru Dhauru,कौरु - धौरु,2652
4479.0,3,Gram Panchayat,98156,1,Kawa,कावा,2484
4480.0,3,Gram Panchayat,96961,1,Kawadpur,कावादपुर,2416
4481.0,3,Gram Panchayat,99246,1,Kawaiya,कवैया,2559
4482.0,3,Gram Panchayat,100739,2,Kawalpura,कवलपुरा,2654
4483.0,3,Gram Panchayat,96468,1,Kawar,कबर,2383
4484.0,3,Gram Panchayat,94860,1,Kayam Nagar,कायम नगर,2278
4485.0,3,Gram Panchayat,95311,1,Kazi Bahera,काजी बहेरा,2306
4486.0,3,Gram Panchayat,95099,1,Kazipur,काज़ीपुर,2295
4487.0,3,Gram Panchayat,94356,2,Kazi-Rasalpur,काजी रसलपुर,2242
4488.0,3,Gram Panchayat,100010,1,Kedli,केदली,2614
4489.0,3,Gram Panchayat,96627,2,Kehunia,केहुनिया,2394
4490.0,3,Gram Panchayat,98699,1,Kehuniya Roari,केहुनिया रोआरी,2522
4491.0,3,Gram Panchayat,96432,1,Kelabari,केलाबाड़ी,2381
4492.0,3,Gram Panchayat,98381,1,Kena,केना,2504
4493.0,3,Gram Panchayat,98255,1,Kenar,केनर,2493
4494.0,3,Gram Panchayat,95762,1,Kenar Fatehpur,केनर फतेहपुर,2337
4495.0,3,Gram Panchayat,99747,1,Kenar Kala,केनारकला,2594
4496.0,3,Gram Panchayat,95763,1,Kenar Paharpur,केनर पहारपूर,2337
4497.0,3,Gram Panchayat,96108,1,Kendih,केन्डीह,2358
4498.0,3,Gram Panchayat,94184,1,Kenduar,केन्दुआर,2233
4499.0,3,Gram Panchayat,100407,1,Keontahar,क्योटहर,2636
4500.0,3,Gram Panchayat,97269,1,Keotana,केओतना,2435
4501.0,3,Gram Panchayat,95331,1,Keoti,केवटी,2307
4502.0,3,Gram Panchayat,95645,1,Ker,केर,2328
4503.0,3,Gram Panchayat,100131,1,Kerai,केराई,2621
4504.0,3,Gram Panchayat,94052,1,Kerap,केराप,2225
4505.0,3,Gram Panchayat,94000,2,Kerka,केरकां,2223
4506.0,3,Gram Panchayat,97789,1,Kermadih,केरमाडीह,2466
4507.0,3,Gram Panchayat,99958,1,Kerpa,केरपा,2610
4508.0,3,Gram Panchayat,100647,2,Kerwa,केरवॉ,2648
4509.0,3,Gram Panchayat,93737,1,Kesarara,केसर्रा,2209
4510.0,3,Gram Panchayat,99299,1,Kesaria West,केसरिया पश्चिम,2562
4511.0,3,Gram Panchayat,95569,2,Kesaru Dharmpur,केसरू धर्मपुर,2323
4512.0,3,Gram Panchayat,95054,1,Kesath,केसठ,2292
4513.0,3,Gram Panchayat,97643,1,Kesauli,केसौली,2459
4514.0,3,Gram Panchayat,98700,1,Keshariya,केसरिया,2522
4515.0,3,Gram Panchayat,94302,1,Keshawe,केशावे,2240
4516.0,3,Gram Panchayat,96149,1,Keshofaraka,केशोफरक्का,2361
4517.0,3,Gram Panchayat,95100,1,Keshopur,केशोपुर,2295
4518.0,3,Gram Panchayat,96086,1,Keshopur,केशोपुर,2357
4519.0,3,Gram Panchayat,97989,1,Keshopur,केशोपुर,2474
4520.0,3,Gram Panchayat,98113,1,Keshopur,केशोपुर,2481
4521.0,3,Gram Panchayat,100280,1,Keso Narayan Pur,केशोनारायनपुर,2629
4522.0,3,Gram Panchayat,95739,1,Kespa,केस्पा,2336
4523.0,3,Gram Panchayat,96173,1,Keur,केउर,2363
4524.0,3,Gram Panchayat,95677,1,Kewala,केवला,2330
4525.0,3,Gram Panchayat,96628,1,Kewala,केवाला,2394
4526.0,3,Gram Panchayat,245372,1,Kewala,केवाला,2392
4527.0,3,Gram Panchayat,98331,1,Kewali,केवाली,2500
4528.0,3,Gram Panchayat,100350,1,Kewasnijamat,केवस निजामत,2633
4529.0,3,Gram Panchayat,100166,1,Kewata,केवटा,2623
4530.0,3,Gram Panchayat,95374,1,Kewatgama,केवटगामा,2310
4531.0,3,Gram Panchayat,97718,1,Kewatsa,केवटसा,2463
4532.0,3,Gram Panchayat,99100,1,Kewra,केवढा,2549
4533.0,3,Gram Panchayat,100838,3,Kewti,केवटी,2662
4534.0,3,Gram Panchayat,238522,1,Keyal Panchayat,केयाल पंचायत,6806
4535.0,3,Gram Panchayat,93703,1,Khabaspur,खवासपुर,2208
4536.0,3,Gram Panchayat,93771,1,Khabdah,खाब्दाह,2211
4537.0,3,Gram Panchayat,97902,1,Khabra,खबरा,2471
4538.0,3,Gram Panchayat,95830,1,Khadahi,खदही,2340
4539.0,3,Gram Panchayat,98725,1,Khadda,खड्डा,2523
4540.0,3,Gram Panchayat,99221,1,Khadua Chainpur,खरहुआ चैनपुर,2558
4541.0,3,Gram Panchayat,96931,1,Khagor,खगोर,2413
4542.0,3,Gram Panchayat,94626,3,Khagra,खगड़ा,2264
4543.0,3,Gram Panchayat,93772,1,Khaira,खैरा,2211
4544.0,3,Gram Panchayat,93880,2,Khaira,खैरा,2216
4545.0,3,Gram Panchayat,94213,1,Khaira,खैरा,2235
4546.0,3,Gram Panchayat,94697,1,Khaira,खैरा,2268
4547.0,3,Gram Panchayat,95131,1,Khaira,खैरा,2297
4548.0,3,Gram Panchayat,96109,1,Khaira,खैरा,2358
4549.0,3,Gram Panchayat,96638,1,Khaira,खैरा,2395
4550.0,3,Gram Panchayat,97633,1,Khaira,खैरा,2458
4551.0,3,Gram Panchayat,98018,1,Khaira,खैरा,2475
4552.0,3,Gram Panchayat,98058,1,Khaira,खैरा,2477
4553.0,3,Gram Panchayat,100752,1,Khaira,खैरा,2655
4554.0,3,Gram Panchayat,99733,1,Khaira Bhudhar,खैरा भूधर,2593
4555.0,3,Gram Panchayat,93859,1,Khaira Bind,खैरा बींद,2215
4556.0,3,Gram Panchayat,93860,2,Khaira Mirja,खैरा मिर्जा,2215
4557.0,3,Gram Panchayat,99827,1,Khaira Sahmal,खैरा शाहमल,2599
4558.0,3,Gram Panchayat,95874,1,Khairatia,खैरटिया,2343
4559.0,3,Gram Panchayat,98545,1,Khairawa,खैरवा,2514
4560.0,3,Gram Panchayat,100234,1,Khairi,खैरी,2626
4561.0,3,Gram Panchayat,97242,1,Khairi Banka North,खैरी बांका उत्तर,2434
4562.0,3,Gram Panchayat,97243,1,Khairi Banka South,खैरी बांका दक्षिण,2434
4563.0,3,Gram Panchayat,93704,1,Khairkhan,खैरखां,2208
4564.0,3,Gram Panchayat,94590,1,Khairpur,खैरपुर,2261
4565.0,3,Gram Panchayat,99190,1,Khairwa,खैरवा,2556
4566.0,3,Gram Panchayat,101018,1,Khairwa,खैरवा,2678
4567.0,3,Gram Panchayat,101040,1,Khairwa,खैरवा,2679
4568.0,3,Gram Panchayat,100910,2,Khairwadarp,खैरवा दर्प,2670
4569.0,3,Gram Panchayat,101074,1,Khairwa Malah,खैरवा मलाः,2681
4570.0,3,Gram Panchayat,100786,1,Khairwar,खैरवार,2658
4571.0,3,Gram Panchayat,95351,1,Khaisa Jamalpur,खैसा जमालपुर,2308
4572.0,3,Gram Panchayat,97345,1,Khajauli,खजौली,2440
4573.0,3,Gram Panchayat,101716,1,Khaje Chand Chhapra,खाजे चंद छॅप्रा,2721
4574.0,3,Gram Panchayat,96756,1,Khajraitha,खजरैठा,2402
4575.0,3,Gram Panchayat,96332,1,Khajura,खजुरा,2374
4576.0,3,Gram Panchayat,98200,1,Khajura,खजूरा,2488
4577.0,3,Gram Panchayat,100087,1,Khajuraha,खजुराहा,2619
4578.0,3,Gram Panchayat,93674,1,Khajuri,खजुरी,2207
4579.0,3,Gram Panchayat,95646,1,Khajuri,खजुरी,2328
4580.0,3,Gram Panchayat,95910,1,Khajuri,खजुरी,2345
4581.0,3,Gram Panchayat,97455,1,Khajuri,खजुरी,2446
4582.0,3,Gram Panchayat,99021,1,Khajuri,खजूरी,2544
4583.0,3,Gram Panchayat,100065,2,Khajuri,खजूरी,2618
4584.0,3,Gram Panchayat,100108,1,Khajuri,खजूरी,2620
4585.0,3,Gram Panchayat,100380,3,Khajuri,खजुरी,2634
4586.0,3,Gram Panchayat,100740,2,Khajuri,खजुरी,2654
4587.0,3,Gram Panchayat,95803,1,Khajuria,खजूरिया,2339
4588.0,3,Gram Panchayat,238514,1, Khajuri Panchayat,खजुरी पंचायत,6806
4589.0,3,Gram Panchayat,94001,1,Khajuri Pandu,खजूरी पाण्डु,2223
4590.0,3,Gram Panchayat,98323,1,Khakhari,खखरी,2499
4591.0,3,Gram Panchayat,101397,1,Khalawa,खलावा,2702
4592.0,3,Gram Panchayat,95950,2,Khalganw,खालगांव,2347
4593.0,3,Gram Panchayat,96201,1,Khalish Pur,खालिसपुर,2365
4594.0,3,Gram Panchayat,100548,1,Khalpura Bala,खलपुरा बाला,2643
4595.0,3,Gram Panchayat,238503,2,Khamaini Panchayat,खभैनी पंचायत,6804
4596.0,3,Gram Panchayat,94332,1,Khamhar,खम्हार,2241
4597.0,3,Gram Panchayat,96333,1,Khamidaura,खामीदौरा,2374
4598.0,3,Gram Panchayat,94879,2,Khanani Kala,खन्नी कलाँ,2279
4599.0,3,Gram Panchayat,94909,1,Khandaul,खण्डौल,2281
4600.0,3,Gram Panchayat,95491,1,Khaneta,खनेटा,2318
4601.0,3,Gram Panchayat,95740,1,Khanetu,खनेटू,2336
4602.0,3,Gram Panchayat,94861,1,Khangaon,खंगाओं,2278
4603.0,3,Gram Panchayat,97762,1,Khangura Dih,खंगुरा डीह,2465
4604.0,3,Gram Panchayat,96872,1,Khaniabad,खनियाबाद,2408
4605.0,3,Gram Panchayat,94378,1,Khanjapur,खांजहांपुर,2244
4606.0,3,Gram Panchayat,94676,2,Khankitta,खानकित्ता,2267
4607.0,3,Gram Panchayat,244444,1,Khan Pipra,खान पीपरा,2570
4608.0,3,Gram Panchayat,94732,2,Khanpur,खानपुर,2270
4609.0,3,Gram Panchayat,100574,2,Khanpur,खानपुर,2644
4610.0,3,Gram Panchayat,98445,1,Khanpura,खनपुरा,2508
4611.0,3,Gram Panchayat,99038,2,Khanpura Taranpur,खनपुरा तारणपुर,2545
4612.0,3,Gram Panchayat,101354,1,Khanpur Khairati,खानपुर खैराटी,2698
4613.0,3,Gram Panchayat,100235,1,Khanpur North,खानपुर उत्तरी,2626
4614.0,3,Gram Panchayat,101697,1,Khanpur Pakri,खानपुर पकरी,2720
4615.0,3,Gram Panchayat,100236,1,Khanpur South,खानपुर दक्षिणी,2626
4616.0,3,Gram Panchayat,98365,1,Khanwan,खनवां,2503
4617.0,3,Gram Panchayat,99516,1,Khapara,खपड़ा,2580
4618.0,3,Gram Panchayat,101398,1,Khap Banakat,खप बनकत,2702
4619.0,3,Gram Panchayat,101169,1,Khap Khopraha,खाप खोप्राहा,2686
4620.0,3,Gram Panchayat,99499,2,Khapra,खपड़ा,2579
4621.0,3,Gram Panchayat,96984,1,Khapur,खापुर,2417
4622.0,3,Gram Panchayat,97135,2,Khara,खाड़ा,2429
4623.0,3,Gram Panchayat,95789,1,Khara Azam,खैरा आजम,2338
4624.0,3,Gram Panchayat,95081,2,Kharahana,खरहना,2294
4625.0,3,Gram Panchayat,96344,1,Kharahna,खरहना,2375
4626.0,3,Gram Panchayat,96110,1,Kharaich,खड़ाईच,2358
4627.0,3,Gram Panchayat,95132,1,Kharaj Pur,खराजपुर,2297
4628.0,3,Gram Panchayat,98382,1,Kharant,खरांट,2504
4629.0,3,Gram Panchayat,98983,1,Kharant,खरांट,2542
4630.0,3,Gram Panchayat,95523,1,Kharanti,खरन्टि,2320
4631.0,3,Gram Panchayat,94898,1,Kharaon Chaturbhuj,खड़ाँव चतुर्भुज,2280
4632.0,3,Gram Panchayat,99828,1,Kharari,खड़ारी,2599
4633.0,3,Gram Panchayat,96334,2,Kharasara,खड़सरा,2374
4634.0,3,Gram Panchayat,238541,1,Kharasin Panchayat,खडासीन पंचायत,6807
4635.0,3,Gram Panchayat,101804,1,Kharauna,खरौना,2726
4636.0,3,Gram Panchayat,97790,1,Kharauna Dih,खरौनाडीह,2466
4637.0,3,Gram Panchayat,98873,2,Kharbhaiya,खरभैया,2534
4638.0,3,Gram Panchayat,95678,1,Khardih,खरदीह,2330
4639.0,3,Gram Panchayat,96131,1,Khar -Dih,खरडीह,2360
4640.0,3,Gram Panchayat,96400,1,Kharenda,खरेन्दा,2379
4641.0,3,Gram Panchayat,99483,1,Khareya,खरेया,2578
4642.0,3,Gram Panchayat,98561,1,Kharg Pokharia,खर्ग पोखरिया,2515
4643.0,3,Gram Panchayat,94098,1,Kharhara,खडहरा,2228
4644.0,3,Gram Panchayat,93827,1,Kharhat,खरहट,2213
4645.0,3,Gram Panchayat,95101,3,Kharhatanr,खरहातंर,2295
4646.0,3,Gram Panchayat,98507,1,Kharhat Trivawni,खरहट त्रिभौनी,2511
4647.0,3,Gram Panchayat,94099,2,Kharihara,खडीहारा,2228
4648.0,3,Gram Panchayat,100802,1,Kharika,खरिका,2659
4649.0,3,Gram Panchayat,94591,2,Kharik Bazar,खरीक बाज़ार,2261
4650.0,3,Gram Panchayat,99484,1,Khari Mahin Gawn,खरी महीन गावन्,2578
4651.0,3,Gram Panchayat,101139,1,Kharka,खर्क़ा,2685
4652.0,3,Gram Panchayat,100996,1,Kharka Basant Dakshini,खर्क़ा बसंत दक्षिणी,2676
4653.0,3,Gram Panchayat,100997,1,Kharka Basant Uttari,खर्क़ा बसंत उत्तरी,2676
4654.0,3,Gram Panchayat,93914,1,Kharkani,खरकानी,2218
4655.0,3,Gram Panchayat,100011,1,Kharka Telwa,खड़का तेलवा,2614
4656.0,3,Gram Panchayat,94170,1,Kharoundha Jhotha,खड़ैाधा जोठा,2232
4657.0,3,Gram Panchayat,93828,1,Kharsahi,खरसाही,2213
4658.0,3,Gram Panchayat,101355,1,Kharsanda,खरसंडा,2698
4659.0,3,Gram Panchayat,100210,2,Kharsand East,खरसंड पूर्वी,2625
4660.0,3,Gram Panchayat,100211,1,Kharsand West,खरसंड पश्चमी,2625
4661.0,3,Gram Panchayat,98332,1,Kharsari,खरसारी,2500
4662.0,3,Gram Panchayat,96433,1,Kharsota,खरसोता,2381
4663.0,3,Gram Panchayat,99202,1,Khartari East,खर्तरी पूर्वी,2557
4664.0,3,Gram Panchayat,99203,1,Khartari Middle,खर्तरी मिड्ल,2557
4665.0,3,Gram Panchayat,244383,1,Khartari West,खर्तरी पश्चिम,2557
4666.0,3,Gram Panchayat,95232,1,Kharua,खरुआ,2301
4667.0,3,Gram Panchayat,96887,1,Kharudah,खरूदह,2409
4668.0,3,Gram Panchayat,98960,1,Khas Pur,खाशपुर,2541
4669.0,3,Gram Panchayat,100133,1,Khas Tabhaka North,खास टभका उत्तर,2621
4670.0,3,Gram Panchayat,100132,1,Khas Tabhaka South,खास टभका दक्षिण,2621
4671.0,3,Gram Panchayat,98446,1,Khatangi,खटंगी,2508
4672.0,3,Gram Panchayat,238543,1,Khatangi Panchayat,खटॉगी पंचायत,6807
4673.0,3,Gram Panchayat,98749,2,Khatauri,खटौरी,2525
4674.0,3,Gram Panchayat,94641,1,Khavaspur,खवासपुर,2265
4675.0,3,Gram Panchayat,95857,2,Khawajepur,ख्वाजेपुर,2342
4676.0,3,Gram Panchayat,96962,1,Khawa Rajpur,खवा राजपुर,2416
4677.0,3,Gram Panchayat,101367,2,Khawaspur,खवासपुर,2699
4678.0,3,Gram Panchayat,94787,2,Khawas Pur,खवास पुर,2273
4679.0,3,Gram Panchayat,101213,2,Khedhay,खेढाय,2689
4680.0,3,Gram Panchayat,96121,1,Khelar,खिलार,2359
4681.0,3,Gram Panchayat,94733,1,Kherahia,खेरैहिया,2270
4682.0,3,Gram Panchayat,94730,2,Kheraihiya,करहरिया,2270
4683.0,3,Gram Panchayat,96581,1,Kheria,खेरिया,2390
4684.0,3,Gram Panchayat,101266,1,Kherwa,खेढ़वा,2692
4685.0,3,Gram Panchayat,94185,1,Kheshar,खेसर,2233
4686.0,3,Gram Panchayat,94862,1,Khesrahiya,खेसरहिया,2278
4687.0,3,Gram Panchayat,97660,1,Khetalpur,खेतलपुर,2460
4688.0,3,Gram Panchayat,95018,1,Khewali,खेवली,2289
4689.0,3,Gram Panchayat,99298,1,Khijaripur Benipur,खिजारिपुर बेनीपुर,2562
4690.0,3,Gram Panchayat,101698,1,Khilwat,खिलवत,2720
4691.0,3,Gram Panchayat,96757,1,Khiradih,खिराडीह,2402
4692.0,3,Gram Panchayat,97287,1,Khirhar,खिरहार,2436
4693.0,3,Gram Panchayat,95082,1,Khiri,खीरी,2294
4694.0,3,Gram Panchayat,94577,2,Khiribandh,खीरिबांध्,2260
4695.0,3,Gram Panchayat,95841,2,Khiridih,खिरिडीह,2341
4696.0,3,Gram Panchayat,99858,1,Khiriyanw,खिरियॅंव,2601
4697.0,3,Gram Panchayat,93979,1,Khiriyawan,खिरीयवान,2222
4698.0,3,Gram Panchayat,95570,1,Khiriyawan,खिरीयवान,2323
4699.0,3,Gram Panchayat,95332,1,Khirma,खिरमा,2307
4700.0,3,Gram Panchayat,94420,1,Khodabandpur,खोदाबंदपुर,2248
4701.0,3,Gram Panchayat,97356,2,Khoja,खोजा,2441
4702.0,3,Gram Panchayat,97037,1,Khokasi,खोखसी,2422
4703.0,3,Gram Panchayat,99713,1,Khokha North,खोखा उत्तर,2591
4704.0,3,Gram Panchayat,99714,1,Khokha South,खोखा दक्षिण,2591
4705.0,3,Gram Panchayat,97193,1,Khona,खैाना,2432
4706.0,3,Gram Panchayat,97070,1,Khopaiti Tuniyahi,खोपैती तुनियाही,2424
4707.0,3,Gram Panchayat,101781,1,Khopi,खोपी,2725
4708.0,3,Gram Panchayat,94747,1,Khopira,खोपीरा,2271
4709.0,3,Gram Panchayat,99204,1,Khora,खोरा,2557
4710.0,3,Gram Panchayat,93850,1,Khoragachh,खोरगाछ,2214
4711.0,3,Gram Panchayat,94434,1,Khorampur,खोरमपुर,2250
4712.0,3,Gram Panchayat,98638,1,Khotahawa,खोतहवा,2519
4713.0,3,Gram Panchayat,99455,1,Khothiya,खोतिया,2576
4714.0,3,Gram Panchayat,101880,1,Khoyajpur Basti,खोयाजपुर बस्ती,2730
4715.0,3,Gram Panchayat,96174,1,Khudauri,खुदौरी,2363
4716.0,3,Gram Panchayat,94027,1,Khudwan,खुदवं,2224
4717.0,3,Gram Panchayat,101428,1,Khujwan,खुज्वान,2704
4718.0,3,Gram Panchayat,95696,1,Khukhri,खुखडी,2332
4719.0,3,Gram Panchayat,94698,1,Khulni,खुलनी,2268
4720.0,3,Gram Panchayat,96087,1,Khuranda,खुराणडा,2357
4721.0,3,Gram Panchayat,96985,1,Khurhan,खुरहान,2417
4722.0,3,Gram Panchayat,96434,1,Khuriyal,खुरियाल,2381
4723.0,3,Gram Panchayat,99748,1,Khurmabad,खुर्माबाद,2594
4724.0,3,Gram Panchayat,100924,2,Khurpatti,खुरपट्टी,2671
4725.0,3,Gram Panchayat,99060,2,Khushhal Chak,खुशहाल चक,2546
4726.0,3,Gram Panchayat,94554,1,Khutaha,खुटाहा,2258
4727.0,3,Gram Panchayat,93675,1,Khutaha Baijnathpur,खुटहा बैजनाथपुर,2207
4728.0,3,Gram Panchayat,96901,1,Khutaha East,खुटहा पूर्वी,2410
4729.0,3,Gram Panchayat,94997,1,Khutahan,खुटहं,2286
4730.0,3,Gram Panchayat,96902,1,Khutaha West,खुटहा पश्चिम,2410
4731.0,3,Gram Panchayat,97938,1,Khutahin,खुटाही,2472
4732.0,3,Gram Panchayat,97392,1,Khutauna,खुटौना,2443
4733.0,3,Gram Panchayat,94926,1,Khutha,खुटहा,2282
4734.0,3,Gram Panchayat,99716,1,Khuti Dhunaili,खूटी धुनैली,2591
4735.0,3,Gram Panchayat,99715,1,Khuti Haseli,खूटी हसेली,2591
4736.0,3,Gram Panchayat,99517,2,Khutiya,खुटिया,2580
4737.0,3,Gram Panchayat,96909,1,Khutuk Par,खुटुक पर,2411
4738.0,3,Gram Panchayat,98604,1,Khutwaniya Jaralpur,खुटवनिया जरलपुर,2517
4739.0,3,Gram Panchayat,95233,1,Khutwara,खुत्वारा,2301
4740.0,3,Gram Panchayat,96183,2,Kinari,किनारी,2364
4741.0,3,Gram Panchayat,97791,1,Kinaroo,किनारू,2466
4742.0,3,Gram Panchayat,238511,1,Kinjar Panchayat,किंजर पंचायत,6806
4743.0,3,Gram Panchayat,96963,1,Kiranpur,किरनपुर,2416
4744.0,3,Gram Panchayat,95352,3,Kiratpur,किरतपुर,2308
4745.0,3,Gram Panchayat,94357,3,Kirat Pur,किरतपुर,2242
4746.0,3,Gram Panchayat,101672,1,Kiratpur Raja Ram,कीरतपुर राजा राम,2719
4747.0,3,Gram Panchayat,96451,1,Kiraura,किरोरा,2382
4748.0,3,Gram Panchayat,99811,1,Kirhi,किरहि,2598
4749.0,3,Gram Panchayat,93705,1,Kirkachia,किरकिचिया,2208
4750.0,3,Gram Panchayat,94748,1,Kirkiri,किरकिरी,2271
4751.0,3,Gram Panchayat,94642,1,Kirtania,कीर्तनिया,2265
4752.0,3,Gram Panchayat,94734,1,Kishanpur,किशनपुर,2270
4753.0,3,Gram Panchayat,96411,2,Kishanpur,किशनपुर,2380
4754.0,3,Gram Panchayat,100026,1,Kishanpur,किशनपुर,2615
4755.0,3,Gram Panchayat,94699,2,Kishanpur Amkhoria,किशनपुर अमखोरिया,2268
4756.0,3,Gram Panchayat,99614,1,Kishan Pur Baluwa,किशन पुर बॅलुवा,2585
4757.0,3,Gram Panchayat,101527,2,Kishanpur North,किशनपुर उतरीं,2710
4758.0,3,Gram Panchayat,96986,1,Kishan Pur Ratwara,किशनपुर रतवारा,2417
4759.0,3,Gram Panchayat,101526,2,Kishanpur South,किशनपुर दक्षिण,2710
4760.0,3,Gram Panchayat,100376,2,Kishanpur Yusuf,किशानपुर यूसुफ,2634
4761.0,3,Gram Panchayat,94522,2,Kishundaspur,किसनदासपुर,2256
4762.0,3,Gram Panchayat,100658,1,Kishunpur,किशुनपुर,2649
4763.0,3,Gram Panchayat,97792,1,Kishunpur Balaur,किशुनपुर बलौर,2466
4764.0,3,Gram Panchayat,100673,2,Kishunpur Lauwar,किशुनपुर लौवार,2650
4765.0,3,Gram Panchayat,97793,1,Kishunpur Madhuban,किशुनपुर मधुबन,2466
4766.0,3,Gram Panchayat,97794,1,Kishunpur Mohni,किशुनपुर मोहनी,2466
4767.0,3,Gram Panchayat,93656,1,Kismat Khawaspur,किस्मत खवासपुर,2206
4768.0,3,Gram Panchayat,98961,2,Kita Chauhattar East,किता चौहत्तर पूर्वी,2541
4769.0,3,Gram Panchayat,98962,1,Kita Chauhattar Middle,किता चौहत्तर मध्य,2541
4770.0,3,Gram Panchayat,98963,1,Kita Chauhattar West,किता चौहत्तर पश्चिमी,2541
4771.0,3,Gram Panchayat,96028,1,Kiyajori,कियाजोरी,2353
4772.0,3,Gram Panchayat,100262,1,Klyanpur Basti East,कल्याणपुर बस्ती  पूर्वी,2628
4773.0,3,Gram Panchayat,96829,2,Kochadhaman,कोचाधमन,2406
4774.0,3,Gram Panchayat,238509,1, Kochahasa Panchayat,कोचहसा पंचायत,6806
4775.0,3,Gram Panchayat,98172,1,Kochara,कोचरा,2485
4776.0,3,Gram Panchayat,93881,1,Kocharh,कोचर्ह,2216
4777.0,3,Gram Panchayat,101492,2,Kochgama,कोचगामा,2708
4778.0,3,Gram Panchayat,98458,1,Kochgawan,कोचगॉव,2509
4779.0,3,Gram Panchayat,238528,1,Kodmarae Panchayat,कोदमरई पंचायत,6808
4780.0,3,Gram Panchayat,94523,2,Kodwar,कोदवार,2256
4781.0,3,Gram Panchayat,96055,1,Kodwaria,कोदवरिया,2355
4782.0,3,Gram Panchayat,96700,2,Koela,कोयला,2399
4783.0,3,Gram Panchayat,96272,2,Kohari,कोहारी,2370
4784.0,3,Gram Panchayat,99595,1,Kohila,कोहिला,2584
4785.0,3,Gram Panchayat,96220,2,Kohra,कोहरा,2366
4786.0,3,Gram Panchayat,95333,1,Koila Asthan,कोयलास्थान,2307
4787.0,3,Gram Panchayat,95965,1,Koila Deva,कोयला देवा,2348
4788.0,3,Gram Panchayat,99329,1,Koilahara,कोईलहारा,2564
4789.0,3,Gram Panchayat,97527,1,Koilakh,कोईलख,2450
4790.0,3,Gram Panchayat,97834,1,Koili,कोइली,2468
4791.0,3,Gram Panchayat,101055,1,Koili,कोइली,2680
4792.0,3,Gram Panchayat,99701,1,Koilisimra (East),कोयली सिमरा (पूर्वी),2590
4793.0,3,Gram Panchayat,99700,1,Koili Simra (West),कोयली सिमरा (पश्चिम),2590
4794.0,3,Gram Panchayat,93946,1,Koilwan,कोइल्वान,2220
4795.0,3,Gram Panchayat,95937,1,Koini,कोइनी,2346
4796.0,3,Gram Panchayat,101232,3,Koirigawan,कोइरीगाँवा,2690
4797.0,3,Gram Panchayat,101075,1,Koiriya Pipra,कोइरिया पीपरा,2681
4798.0,3,Gram Panchayat,98779,1,Koirpatti,कोइरपट्टी,2527
4799.0,3,Gram Panchayat,96175,1,Kokarsha,कोकरसा,2363
4800.0,3,Gram Panchayat,98480,2,Kolahua Chautarwa,कोल्हुआ चौतरवा,2510
4801.0,3,Gram Panchayat,95596,1,Kolauna,कॉलौना,2325
4802.0,3,Gram Panchayat,98139,1,Kolawan,कोलावन,2483
4803.0,3,Gram Panchayat,94068,1,Kolbujurg,कोल बुजुर्ग,2226
4804.0,3,Gram Panchayat,97090,2,Kolhaiptti Dumariya,कोल्हायपट्टी डुमरिया,2425
4805.0,3,Gram Panchayat,96056,1,Kolhana,कोल्हाना,2355
4806.0,3,Gram Panchayat,98930,1,Kolhar,कोल्हर,2538
4807.0,3,Gram Panchayat,94203,2,Kolhasar,कोल्हासार,2234
4808.0,3,Gram Panchayat,96040,1,Kolhua,कोल्हुआ,2354
4809.0,3,Gram Panchayat,96261,3,Kolhua,कोल्हुआ,2369
4810.0,3,Gram Panchayat,98019,1,Kolhua,कोल्हुआ,2475
4811.0,3,Gram Panchayat,100907,1,Kolhua Thikha,कोल्हुआ ठीकहाँ,2669
4812.0,3,Gram Panchayat,95535,1,Kolhu Bar,कोल्हुबार,2321
4813.0,3,Gram Panchayat,94899,1,Kolodihari,कोलोडिहरी,2280
4814.0,3,Gram Panchayat,96850,1,Koltha,कोल्था,2407
4815.0,3,Gram Panchayat,96758,1,Kolwara,कोलवारा,2402
4816.0,3,Gram Panchayat,98042,1,Konand,कोणंद,2476
4817.0,3,Gram Panchayat,98402,1,Konandpur,कोनन्दपुर,2505
4818.0,3,Gram Panchayat,99935,1,Konar,कोनार,2608
4819.0,3,Gram Panchayat,95647,1,Konch,कोंच,2328
4820.0,3,Gram Panchayat,95584,1,Konchi,कोन्ची,2324
4821.0,3,Gram Panchayat,100763,1,Kondha,कोंध,2656
4822.0,3,Gram Panchayat,99061,2,Kondi,कोंदी,2546
4823.0,3,Gram Panchayat,95858,1,Konhwa,कोन्हवा,2342
4824.0,3,Gram Panchayat,98366,1,Konibar,कोनीवर,2503
4825.0,3,Gram Panchayat,99936,2,Konki,कोनकी,2608
4826.0,3,Gram Panchayat,100088,1,Kopa,कोपा,2619
4827.0,3,Gram Panchayat,100035,1,Koparia,कोपरिया,2616
4828.0,3,Gram Panchayat,97305,1,Korahia,कोरहिया,2437
4829.0,3,Gram Panchayat,94408,2,Korai,कोरई,2247
4830.0,3,Gram Panchayat,98065,1,Korai,कोरेयै,2478
4831.0,3,Gram Panchayat,99124,1,Koraiya,कोरैया,2551
4832.0,3,Gram Panchayat,94900,2,Koran Dihari,कोरनडिहरी,2280
4833.0,3,Gram Panchayat,95030,1,Koransarai,कोराणसरै,2290
4834.0,3,Gram Panchayat,95648,1,Korap,कोराप,2328
4835.0,3,Gram Panchayat,98824,1,Korari,कोरारी,2531
4836.0,3,Gram Panchayat,101300,1,Korari Kala,कोड़ारी कला,2694
4837.0,3,Gram Panchayat,98157,1,Korawan,कोरवाण,2484
4838.0,3,Gram Panchayat,95831,1,Koreya,कोरेय,2340
4839.0,3,Gram Panchayat,100753,3,Koreya,कोरेयॉ,2655
4840.0,3,Gram Panchayat,100506,2,Koreyan,कोरेयां,2641
4841.0,3,Gram Panchayat,94910,2,Kori,कोरी,2281
4842.0,3,Gram Panchayat,99330,1,Koria Kajraha,कौरिया कजरह,2564
4843.0,3,Gram Panchayat,97939,1,Koria Nizamat,कोरिया निज़ामत,2472
4844.0,3,Gram Panchayat,101647,1,Koria Patti East,कोरिया पट्टी पूर्वी,2718
4845.0,3,Gram Panchayat,101648,1,Koria Patti West,कोरिया पट्टी पश्चिम,2718
4846.0,3,Gram Panchayat,99083,1,Koriayawan,कोरियावन,2548
4847.0,3,Gram Panchayat,97870,1,Korigama,कोरिगामा,2469
4848.0,3,Gram Panchayat,94155,2,Koriya,कोरिया,2231
4849.0,3,Gram Panchayat,101196,1,Koriyahi,कोरियाही,2688
4850.0,3,Gram Panchayat,94409,1,Koriyama,कोरियामा,2247
4851.0,3,Gram Panchayat,95492,1,Koriyawan,करियावॉ,2318
4852.0,3,Gram Panchayat,95493,1,Kormathu,कोरमथु,2318
4853.0,3,Gram Panchayat,95261,3,Kortho East,कोर्थू पूर्वी,2303
4854.0,3,Gram Panchayat,95262,2,Kortho West,कोर्थू पश्चिमी,2303
4855.0,3,Gram Panchayat,95571,2,Korwan,कॉर्वां,2323
4856.0,3,Gram Panchayat,98427,1,Koshirukhi,काशी रुखी,2507
4857.0,3,Gram Panchayat,99535,1,Koshi Sh. Devottar,काझी हृदयनगर,2581
4858.0,3,Gram Panchayat,94664,1,Koshkipur Sahaura,कोशकीपुर सहोड़ा,2266
4859.0,3,Gram Panchayat,98114,1,Kosiyawan,कोसियवान,2481
4860.0,3,Gram Panchayat,93829,1,Koskapur North,कोसकापुर उत्तर,2213
4861.0,3,Gram Panchayat,93830,2,Koskapur South,कोसकापुर दक्षिण,2213
4862.0,3,Gram Panchayat,98356,1,Kosla,कोशला,2502
4863.0,3,Gram Panchayat,100873,2,Kosra,कोसरा,2666
4864.0,3,Gram Panchayat,98887,2,Kosut,कोसुत,2535
4865.0,3,Gram Panchayat,96377,1,Kota,कोटा,2377
4866.0,3,Gram Panchayat,100549,1,Kotawa Patti Rampur,कोटवा पट्टी रामपुर,2643
4867.0,3,Gram Panchayat,94053,1,Kotbara,कोटवारा,2225
4868.0,3,Gram Panchayat,98903,1,Kothawan,कोठवा,2536
4869.0,3,Gram Panchayat,95334,1,Kothia,कोठिया,2307
4870.0,3,Gram Panchayat,100427,1,Kothia,कोठिया,2637
4871.0,3,Gram Panchayat,100623,1,Kothia,कोठियॉ,2647
4872.0,3,Gram Panchayat,101184,1,Kothia Rai,कोठिया राई,2687
4873.0,3,Gram Panchayat,97312,1,Kothiya,कोठिया,2438
4874.0,3,Gram Panchayat,94882,2,Kothuan,कोथुआँ,2279
4875.0,3,Gram Panchayat,101299,2,Kothua Sarangpur,कोथुआ सारंगपुर,2694
4876.0,3,Gram Panchayat,95842,1,Kotia,कुटिया,2341
4877.0,3,Gram Panchayat,99319,1,Kotwa,कोटवा,2563
4878.0,3,Gram Panchayat,244450,1,Kotwa,कोटवा,2567
4879.0,3,Gram Panchayat,98837,1,Kouriya,कौड़िया,2532
4880.0,3,Gram Panchayat,94812,3,Koyal,कोयल,2275
4881.0,3,Gram Panchayat,99285,1,Koyla Belwa,कोयला बेलवा,2561
4882.0,3,Gram Panchayat,101288,1,Krishnapali,कृष्णपाली,2693
4883.0,3,Gram Panchayat,99260,1,Kritpur,कृतपुर,2560
4884.0,3,Gram Panchayat,95372,2,K. Sthan (S),के. स्थान दक्षिणी,2310
4885.0,3,Gram Panchayat,100895,1,Kuama,कुअमा,2668
4886.0,3,Gram Panchayat,93751,2,Kuari,कुआरी,2210
4887.0,3,Gram Panchayat,101041,1,Kuari Madan,कुआरी मदन,2679
4888.0,3,Gram Panchayat,100316,1,Kubauli Ram,कुबौली राम,2631
4889.0,3,Gram Panchayat,95353,1,Kuboul Dhagha,कुबौल ढांगा,2308
4890.0,3,Gram Panchayat,93851,1,Kuchaha,कुचहा,2214
4891.0,3,Gram Panchayat,95911,1,Kuchaikote,कुचायकोट,2345
4892.0,3,Gram Panchayat,99846,2,Kuchhila,कुच्छिला,2600
4893.0,3,Gram Panchayat,100624,2,Kudarbadha,कुदरबाधा,2647
4894.0,3,Gram Panchayat,99191,1,Kudarkat,कुदर्कट,2556
4895.0,3,Gram Panchayat,96318,1,Kuddi,कुडडी,2373
4896.0,3,Gram Panchayat,100212,2,Kudhwa,कुढ़वा,2625
4897.0,3,Gram Panchayat,94120,1,Kudro,कुडरो,2229
4898.0,3,Gram Panchayat,95951,1,Kuisa Khurd,कुइसा खुर्द,2347
4899.0,3,Gram Panchayat,95572,1,Kujap,कुजाप,2323
4900.0,3,Gram Panchayat,95573,1,Kujapi,कुजापी,2323
4901.0,3,Gram Panchayat,93800,1,Kujari,कुजरी,2212
4902.0,3,Gram Panchayat,95612,1,Kujesar,कुजेसर,2326
4903.0,3,Gram Panchayat,99615,1,Kukaraun East,कुकरौं पूर्वी,2585
4904.0,3,Gram Panchayat,99616,1,Kukaraun West,कुकरौं पश्चिम,2585
4905.0,3,Gram Panchayat,95050,1,Kukudha,कुकुधा,2291
4906.0,3,Gram Panchayat,98701,1,Kukura,कुकूरा,2522
4907.0,3,Gram Panchayat,96888,2,Kukurbaghi,कुकुर्बाघी,2409
4908.0,3,Gram Panchayat,97411,1,Kukurdaura,कुकुर्दौरा,2444
4909.0,3,Gram Panchayat,98289,1,Kulana,कुलना,2496
4910.0,3,Gram Panchayat,96759,1,Kulharia,कुल्हरिया,2402
4911.0,3,Gram Panchayat,97173,1,Kulharia,कुलहरिया,2431
4912.0,3,Gram Panchayat,94863,1,Kulhariya,कुलहरिया,2278
4913.0,3,Gram Panchayat,99645,2,Kulla Khash,कुल्ला खश,2587
4914.0,3,Gram Panchayat,100923,2,Kumahrar,कुम्हरार,2671
4915.0,3,Gram Panchayat,95251,2,Kumai Bhadaun,कुमैई भदौन,2302
4916.0,3,Gram Panchayat,94735,1,Kumaitha,कुमैठा,2270
4917.0,3,Gram Panchayat,96132,1,Kumar,कुमार,2360
4918.0,3,Gram Panchayat,96221,1,Kumardih,कुमरडीह,2366
4919.0,3,Gram Panchayat,96608,1,Kumari Pur,कुमारीपुर,2392
4920.0,3,Gram Panchayat,97052,1,Kumar Khand,कुमारखण्ड,2423
4921.0,3,Gram Panchayat,97357,2,Kumarkhat East,कुमारखत पूर्वी,2441
4922.0,3,Gram Panchayat,97358,1,Kumarkhat West,कुमारखत पश्चिम,2441
4923.0,3,Gram Panchayat,94379,1,Kumbhi,कुम्भी,2244
4924.0,3,Gram Panchayat,101019,1,Kumhara Bishanpur,कुम्हरा बिशनपुर,2678
4925.0,3,Gram Panchayat,96548,1,Kumhari,कुम्हडी,2388
4926.0,3,Gram Panchayat,94410,1,Kumharson,कुम्हारसों,2247
4927.0,3,Gram Panchayat,101289,2,Kumhati Bhitauli,कुम्हटी भिटौली,2693
4928.0,3,Gram Panchayat,98941,4,Kumhra,कुम्हरा,2539
4929.0,3,Gram Panchayat,101252,2,Kumkumpur,कुमकुमपुर,2691
4930.0,3,Gram Panchayat,101197,1,Kumma,कुम्मा,2688
4931.0,3,Gram Panchayat,100660,1,Kumna,कुमना,2649
4932.0,3,Gram Panchayat,101555,1,Kunaolee,कुनाओली,2712
4933.0,3,Gram Panchayat,99992,1,Kundah,कुन्डः,2613
4934.0,3,Gram Panchayat,100409,1,Kundal-I,कुंडल-I,2636
4935.0,3,Gram Panchayat,100408,1,Kundal II,कुंडल II,2636
4936.0,3,Gram Panchayat,96910,1,Kundar,कुण्डार,2411
4937.0,3,Gram Panchayat,96041,1,Kundhur,कुंधुर,2354
4938.0,3,Gram Panchayat,98702,1,Kundilpur,कुण्डिलपुर,2522
4939.0,3,Gram Panchayat,96068,1,Kundri Sankuraha,कुन्दरी सनकुरहा,2356
4940.0,3,Gram Panchayat,98428,1,Kunj,कुंज,2507
4941.0,3,Gram Panchayat,96987,1,Kunjauri,कुंजौरी,2417
4942.0,3,Gram Panchayat,98838,1,Kunwa,कुंजवां,2532
4943.0,3,Gram Panchayat,93831,1,Kupari,कुपारी,2213
4944.0,3,Gram Panchayat,97795,1,Kurahni,कुढ़नी,2466
4945.0,3,Gram Panchayat,100591,4,Kuraiya,कुरैयॅा,2645
4946.0,3,Gram Panchayat,96401,1,Kurari,कुडारी,2379
4947.0,3,Gram Panchayat,96273,1,Kurasan,कुडासन,2370
4948.0,3,Gram Panchayat,96616,1,Kuretha,कुरेठा,2393
4949.0,3,Gram Panchayat,100998,1,Kurhar,कुरहर,2676
4950.0,3,Gram Panchayat,99882,1,Kuri,कुरी,2603
4951.0,3,Gram Panchayat,99177,1,Kuria,कुरिया,2555
4952.0,3,Gram Panchayat,95764,1,Kurkihar,कुर्किहार,2337
4953.0,3,Gram Panchayat,94830,1,Kurkuri,कुरकुरी,2276
4954.0,3,Gram Panchayat,99084,1,Kurkuri,कुरकुरी,2548
4955.0,3,Gram Panchayat,94171,1,Kurma,कुर्मा,2232
4956.0,3,Gram Panchayat,94236,1,Kurma,कुर्मा,2236
4957.0,3,Gram Panchayat,94524,1,Kurma,कूर्मा,2256
4958.0,3,Gram Panchayat,93861,1,Kurmahan,कूर्माहान,2215
4959.0,3,Gram Panchayat,95511,1,Kurmawan,कूर्मावान,2319
4960.0,3,Gram Panchayat,95524,1,Kurmawan,कूर्मावान,2320
4961.0,3,Gram Panchayat,95649,1,Kurmawan,कुरमावाँ,2328
4962.0,3,Gram Panchayat,98942,3,Kurmichak,कुर्मीचक,2539
4963.0,3,Gram Panchayat,94945,1,Kurmuri,कुरमुरी,2283
4964.0,3,Gram Panchayat,96164,1,Kurre,कुर्रे,2362
4965.0,3,Gram Panchayat,100263,1,Kursaha,कुरसाहा,2628
4966.0,3,Gram Panchayat,93752,3,Kursa Kanta,कुर्साकांटा,2210
4967.0,3,Gram Panchayat,97103,1,Kursandi,कुरसंडी,2426
4968.0,3,Gram Panchayat,93738,1,Kursel,कुर्सेल,2209
4969.0,3,Gram Panchayat,96549,1,Kursel,कुरसेल,2388
4970.0,3,Gram Panchayat,95433,1,Kursomachota,कोर्सों मछैता,2313
4971.0,3,Gram Panchayat,99085,1,Kurthoul,कुरथौल,2548
4972.0,3,Gram Panchayat,95630,1,Kurwa,कुड़वा,2327
4973.0,3,Gram Panchayat,98562,1,Kurwa Mathia,कुड़वा मठिया,2515
4974.0,3,Gram Panchayat,96671,1,Kurwan,कुर्वन,2397
4975.0,3,Gram Panchayat,101233,1,Kurwan,कुडवां,2690
4976.0,3,Gram Panchayat,100485,1,Kusaiya,कुसैया,2640
4977.0,3,Gram Panchayat,93706,1,Kusamaha,कुशमाहा,2208
4978.0,3,Gram Panchayat,95875,1,Kusaundhi,कुसौंधी,2343
4979.0,3,Gram Panchayat,95525,1,Kusha Bija,कुशा बीजा,2320
4980.0,3,Gram Panchayat,101649,1,Kushaha,कुशहा,2718
4981.0,3,Gram Panchayat,95977,1,Kushahar,कुशहर,2349
4982.0,3,Gram Panchayat,100911,2,Kushahar,कुशहर,2670
4983.0,3,Gram Panchayat,101429,1,Kushahara,कुशहरा,2704
4984.0,3,Gram Panchayat,95031,1,Kushalpur,कुशलपुर,2290
4985.0,3,Gram Panchayat,94333,1,Kushamaut,कुसमहौत,2241
4986.0,3,Gram Panchayat,101493,2,Kushar,कुशहर,2708
4987.0,3,Gram Panchayat,94069,1,Kushmaha,कुशमाहा,2226
4988.0,3,Gram Panchayat,93657,1,Kusiyar Gawon,कुसियारगाँव,2206
4989.0,3,Gram Panchayat,96851,1,Kusiyari,कुसियारी,2407
4990.0,3,Gram Panchayat,93676,1,Kusmaul,कुश्मौल,2207
4991.0,3,Gram Panchayat,95133,1,Kusothar,कुशौथर,2297
4992.0,3,Gram Panchayat,101114,1,Kusumari,कुसुमारी,2684
4993.0,3,Gram Panchayat,100874,2,Kusumbha,कुसुम्भा,2666
4994.0,3,Gram Panchayat,94962,1,Kusumha,कुसुम्हों,2284
4995.0,3,Gram Panchayat,99734,2,Kusumhra,कुसुमहरा,2593
4996.0,3,Gram Panchayat,94156,2,Kusumjori,कुसुमजोरी,2231
4997.0,3,Gram Panchayat,100839,4,Kutaut,कुटौत,2662
4998.0,3,Gram Panchayat,95631,1,Kutlupur,कुतलुपुर,2327
4999.0,3,Gram Panchayat,97606,2,Kutlupur Diyara,कुतलुपुर  दियारा,2456
5000.0,3,Gram Panchayat,98459,1,Kutri,कुटरी,2509
5001.0,3,Gram Panchayat,96830,1,Kutti,कुट्टी,2406
5002.0,3,Gram Panchayat,101699,1,Kutubpur,कुतुबपुर,2720
5003.0,3,Gram Panchayat,93962,1,Kutumba,कुटुम्बा,2221
5004.0,3,Gram Panchayat,99617,1,Kuwari,कुवारी,2585
5005.0,3,Gram Panchayat,99178,1,Kuwar Pur,कूवर पुर,2555
5006.0,3,Gram Panchayat,96726,1,Labhgaun,लाभ्गौन,2400
5007.0,3,Gram Panchayat,94927,1,Lachatola Bersingha,लचटोला बेरसिंघा,2282
5008.0,3,Gram Panchayat,95990,2,Lachhawar,लक्षवार,2350
5009.0,3,Gram Panchayat,97359,2,Lachhminia,लच्हमिनिया,2441
5010.0,3,Gram Panchayat,99702,1,Lachhmipur Girdhar,लच्हमिपुर गिरधर,2590
5011.0,3,Gram Panchayat,98584,1,Lachhnauta,लछनौता,2516
5012.0,3,Gram Panchayat,95206,1,Ladaho,लदहों,2300
5013.0,3,Gram Panchayat,97412,1,Ladania,लड़निया,2444
5014.0,3,Gram Panchayat,95335,1,Ladari,लदारी,2307
5015.0,3,Gram Panchayat,97719,1,Ladaur,लदौर,2463
5016.0,3,Gram Panchayat,97796,1,Ladaura,लदौरा,2466
5017.0,3,Gram Panchayat,100213,1,Ladaura,लदौरा,2625
5018.0,3,Gram Panchayat,101881,1,Ladho,लदहो,2730
5019.0,3,Gram Panchayat,95679,2,Ladu,लाडू,2330
5020.0,3,Gram Panchayat,99536,1,Ladu Garh,लादूगढ़,2581
5021.0,3,Gram Panchayat,96760,2,Lagar,लगार,2402
5022.0,3,Gram Panchayat,94525,3,Lagma,लगमा,2256
5023.0,3,Gram Panchayat,95434,2,Lagma,लगमा,2313
5024.0,3,Gram Panchayat,100089,1,Lagma,लगमा,2619
5025.0,3,Gram Panchayat,101020,2,Lagma,लगमा,2678
5026.0,3,Gram Panchayat,96498,1,Lagua,लगुआ,2384
5027.0,3,Gram Panchayat,96499,1,Lagua Dasgram,लगुआ दसग्राम,2384
5028.0,3,Gram Panchayat,101921,2,Lagurao Vilnupur,लागुराओ विलनुपुर,2732
5029.0,3,Gram Panchayat,239369,1,Laheji,लहेजी,2697
5030.0,3,Gram Panchayat,99847,1,Laheri,लहेरी,2600
5031.0,3,Gram Panchayat,96500,1,Lahgaria,लहगरिया,2384
5032.0,3,Gram Panchayat,100851,1,Lahna,लहना,2663
5033.0,3,Gram Panchayat,94883,1,Lahthan,लहठान,2279
5034.0,3,Gram Panchayat,101076,1,Lahuria,लहुरिया,2681
5035.0,3,Gram Panchayat,95336,2,Lahwar,लहवार,2307
5036.0,3,Gram Panchayat,94677,1,Lailakh,लैलख,2267
5037.0,3,Gram Panchayat,93753,1,Lailokhar,लैलोखर,2210
5038.0,3,Gram Panchayat,101234,1,Lakari,लकड़ी,2690
5039.0,3,Gram Panchayat,101235,1,Lakari Dargah,लकड़ी दरगाह,2690
5040.0,3,Gram Panchayat,98625,1,Lakar-Sisai,लाकड़ सिसई,2518
5041.0,3,Gram Panchayat,96012,1,Lakhai,लखैय,2352
5042.0,3,Gram Panchayat,95680,1,Lakhaipur,लखापुर,2330
5043.0,3,Gram Panchayat,99646,1,Lakhana,लखना,2587
5044.0,3,Gram Panchayat,95032,1,Lakhan Dihra,लखन दिहरा,2290
5045.0,3,Gram Panchayat,98904,1,Lakhani Bigha,लखनी बिघा,2536
5046.0,3,Gram Panchayat,100452,1,Lakhanipur Mahesh Patti,लखनीपुर महेशपट्टी,2638
5047.0,3,Gram Panchayat,96150,1,Lakhan Kiyari,लखनकियारी,2361
5048.0,3,Gram Panchayat,99101,4,Lakhanpar,लखनपार,2549
5049.0,3,Gram Panchayat,100486,1,Lakhanpatti,लखनपट्टी,2640
5050.0,3,Gram Panchayat,94358,1,Lakhanpur,लखनपुर,2242
5051.0,3,Gram Panchayat,96069,1,Lakhanpur,लखनपुर,2356
5052.0,3,Gram Panchayat,96412,1,Lakhanpur,लखनपुर,2380
5053.0,3,Gram Panchayat,95661,1,Lakhan Pur,लखन पुर,2329
5054.0,3,Gram Panchayat,97763,1,Lakhan Pur,लखनपुर,2465
5055.0,3,Gram Panchayat,96242,4,Lakhapur,लाखापुर,2368
5056.0,3,Gram Panchayat,98563,1,Lakhaura,लखौरा,2515
5057.0,3,Gram Panchayat,96165,1,Lakhawar,लखावर,2362
5058.0,3,Gram Panchayat,99102,1,Lakhna North,लखना पश्चिमी,2549
5059.0,3,Gram Panchayat,94087,1,Lakhnaudi,लखनौडीह,2227
5060.0,3,Gram Panchayat,101369,2,Lakhnaura,लखनौरा,2699
5061.0,3,Gram Panchayat,98984,1,Lakhnaur-Bedauli,लखनौर-बेदौली,2542
5062.0,3,Gram Panchayat,97377,1,Lakhnaur East,लखनऔर पूर्वी,2442
5063.0,3,Gram Panchayat,97378,1,Lakhnaur West,लखनऔर पश्चिम,2442
5064.0,3,Gram Panchayat,94334,1,Lakho,लाखो,2241
5065.0,3,Gram Panchayat,96911,1,Lakho Chak,लाखो चक,2411
5066.0,3,Gram Panchayat,94204,2,Lakrama,लकरामा,2234
5067.0,3,Gram Panchayat,101368,2,Lakri,लकड़ी,2699
5068.0,3,Gram Panchayat,94088,1,Lakrikola,लकडीकोला,2227
5069.0,3,Gram Panchayat,95494,1,Lakshmipur,लक्ष्मीपुर,2318
5070.0,3,Gram Panchayat,96469,2,Lakshmipur,लक्ष्मीपुर,2383
5071.0,3,Gram Panchayat,98649,1,Lakshmipur,लक्ष्मीपुर,2520
5072.0,3,Gram Panchayat,93754,1,Lakshmi Pur,लक्ष्मीपुर,2210
5073.0,3,Gram Panchayat,94070,1,Lakshmipur Chiraiya,लक्ष्मीपुर चिरैया,2226
5074.0,3,Gram Panchayat,99125,1,Lakshmipur Pokhariya,लक्ष्मीपुर पोखरिया,2551
5075.0,3,Gram Panchayat,98915,2,Lala Bhadsara,लाला भदसारा,2537
5076.0,3,Gram Panchayat,101606,2,Lalgang Begwa Tengraha,लालगंग बेगवा टेंग्राहा,2716
5077.0,3,Gram Panchayat,95337,1,Lalganj,लालगंज,2307
5078.0,3,Gram Panchayat,101509,1,Lalganj,लालगंज,2709
5079.0,3,Gram Panchayat,99682,1,Lal Ganj,लाल गंज,2589
5080.0,3,Gram Panchayat,99039,2,Lalganj Sehra,लालगंज सेहरा,2545
5081.0,3,Gram Panchayat,98564,1,Lalgarh,लालगढ़,2515
5082.0,3,Gram Panchayat,96151,1,Lalilewar,लालीलेवार,2361
5083.0,3,Gram Panchayat,97393,2,Lalmaniya,ललमनियाँ,2443
5084.0,3,Gram Panchayat,101544,2,Lalmaniya,ललमनियाँ,2711
5085.0,3,Gram Panchayat,97940,1,Laloo Chapra,लालू छपरा,2472
5086.0,3,Gram Panchayat,98333,1,Lalpur,लालपुर,2500
5087.0,3,Gram Panchayat,97124,2,Lalpur Saro Patti,लालपुर-सरोपट्टी,2428
5088.0,3,Gram Panchayat,98673,1,Lalsaraia,लाल सरैया,2521
5089.0,3,Gram Panchayat,94928,1,Lalu Ka Dera,लालू का डेरा,2282
5090.0,3,Gram Panchayat,95832,1,Lami Chour,लमी चौर,2340
5091.0,3,Gram Panchayat,99112,1,Lanka Kachuara,लंका कछुआरा,2550
5092.0,3,Gram Panchayat,95804,1,Larauli,लरौली,2339
5093.0,3,Gram Panchayat,96184,1,Larsa,लरसा,2364
5094.0,3,Gram Panchayat,100281,1,Larua,लरुआ,2629
5095.0,3,Gram Panchayat,94335,1,Laruara,लरुआरा,2241
5096.0,3,Gram Panchayat,97137,2,Laskari,लश्करी,2429
5097.0,3,Gram Panchayat,97738,1,Laskaripur,लस्करीपुर,2464
5098.0,3,Gram Panchayat,99561,1,Lataraha,लटराहा,2582
5099.0,3,Gram Panchayat,100377,1,Latbasepura,लाटबसेपुरा,2634
5100.0,3,Gram Panchayat,99577,1,Lathi,लाठी,2583
5101.0,3,Gram Panchayat,101651,1,Latona South,लटोना दक्षिण,2718
5102.0,3,Gram Panchayat,94054,1,Latta,लट्टा,2225
5103.0,3,Gram Panchayat,94509,1,Lattipur North,लत्तीपुर उत्तर,2255
5104.0,3,Gram Panchayat,94508,2,Lattipur South,लत्तीपुर दक्षिण,2255
5105.0,3,Gram Panchayat,97010,2,Laualagan East,लौआलगान पूर्वी,2419
5106.0,3,Gram Panchayat,97011,3,Laualagan West,लौआलगान पश्चिमी,2419
5107.0,3,Gram Panchayat,96783,1,Laucha,लौछा,2403
5108.0,3,Gram Panchayat,97379,1,Laufa,लौफा,2442
5109.0,3,Gram Panchayat,101607,2,Laukaha,लोखा,2716
5110.0,3,Gram Panchayat,101630,2,Laukaha,लौकाहा,2717
5111.0,3,Gram Panchayat,97413,1,Laukahi,लौकाही,2444
5112.0,3,Gram Panchayat,98525,1,Laukariya,लौकरिया,2512
5113.0,3,Gram Panchayat,99247,1,Laukhan,लौखहन,2559
5114.0,3,Gram Panchayat,97634,1,Launa,लौना,2458
5115.0,3,Gram Panchayat,98447,1,Laund,लौंद,2508
5116.0,3,Gram Panchayat,100648,1,Lauwa,लौवॉ,2648
5117.0,3,Gram Panchayat,100527,2,Lauwa Kala,लौवां कला,2642
5118.0,3,Gram Panchayat,101824,1,Lavapur Mahnar,लवपुर महनार,2727
5119.0,3,Gram Panchayat,101825,1,Lavapur Narayan,लवपुर नारायण,2727
5120.0,3,Gram Panchayat,95741,1,Law,लाव,2336
5121.0,3,Gram Panchayat,95613,1,Lawabar,लवाबार,2326
5122.0,3,Gram Panchayat,99428,1,Lawkaria,लवकारिया,2573
5123.0,3,Gram Panchayat,101510,1,Laxaminia,लक्षमीनिया,2709
5124.0,3,Gram Panchayat,101511,1,Laxamipur Khuti,लक्षमीपुर खूटी,2709
5125.0,3,Gram Panchayat,97720,1,Laxman Nagar,लक्षमण नगर,2463
5126.0,3,Gram Panchayat,101805,2,Laxmi Narayanpur,लक्ष्मी नारायणपुर,2726
5127.0,3,Gram Panchayat,101838,1,Laxmi Narayanpur,लक्ष्मी नारायणपुर,2728
5128.0,3,Gram Panchayat,96799,2,Laxmipur,लक्ष्मीपुर,2404
5129.0,3,Gram Panchayat,96903,1,Laxmipur,लक्ष्मीपुर,2410
5130.0,3,Gram Panchayat,97456,1,Laxmipur,लक्ष्मीपुर,2446
5131.0,3,Gram Panchayat,99562,2,Laxmi Pur,लक्ष्मी पुर,2582
5132.0,3,Gram Panchayat,101782,1,Laxmipur Barhbatta,लक्ष्मीपुर बारहबट्ता,2725
5133.0,3,Gram Panchayat,97054,1,Laxmipur Bhagwati,लक्ष्मीपुर भगवती,2423
5134.0,3,Gram Panchayat,97053,1,Laxmi Pur Chandi Asthan,लक्ष्मीपुर चंडीस्थान,2423
5135.0,3,Gram Panchayat,99703,1,Laxmipur Charapatti,लक्ष्मीपुर चरापट्टी,2590
5136.0,3,Gram Panchayat,96995,1,Laxmipur Lalchand,लक्ष्मीपुर लालचंद,2418
5137.0,3,Gram Panchayat,99429,1,Laxmipur Laxmanwa,लक्ष्मीपुर लक्षमानवा,2573
5138.0,3,Gram Panchayat,98508,2,Laxmipur Rampurwa,लक्ष्मीपुर रामपुरवा,2511
5139.0,3,Gram Panchayat,98290,1,Ledaha,लेदहा,2496
5140.0,3,Gram Panchayat,100697,1,Leguar,लेजुआर,2652
5141.0,3,Gram Panchayat,99062,1,Lemuabad,लेमुआबाद,2546
5142.0,3,Gram Panchayat,98416,1,Lengura,लेंगुरा,2506
5143.0,3,Gram Panchayat,101321,1,Lilaru Aurangabad,लीलारू औरंगाबाद,2695
5144.0,3,Gram Panchayat,100410,1,Lilhaul,लिलहौल,2636
5145.0,3,Gram Panchayat,99789,2,Lilwach,लिलवछ,2597
5146.0,3,Gram Panchayat,95876,1,Line Bazar,लाईन बाजार,2343
5147.0,3,Gram Panchayat,95234,1,Loam,लोअम,2301
5148.0,3,Gram Panchayat,94089,2,Lodham,लोधम,2227
5149.0,3,Gram Panchayat,95550,1,Lodhwe North,लोधवे उत्तर,2322
5150.0,3,Gram Panchayat,95551,1,Lodhwe South,लोधवे दक्षिण,2322
5151.0,3,Gram Panchayat,94678,1,Lodipur,लोदीपुर,2267
5152.0,3,Gram Panchayat,95495,1,Lodipur,लोदीपुर,2318
5153.0,3,Gram Panchayat,98085,1,Lodipur,लोदीपुर,2479
5154.0,3,Gram Panchayat,98245,1,Lodipur,लोदीपुर,2492
5155.0,3,Gram Panchayat,100875,2,Lodipur,लोदीपुर,2666
5156.0,3,Gram Panchayat,101739,1,Lodi Pur,लोदी पुर,2723
5157.0,3,Gram Panchayat,96152,1,Loha,लोहा,2361
5158.0,3,Gram Panchayat,97330,1,Loha,लोहा,2439
5159.0,3,Gram Panchayat,96452,1,Lohagara,लोहागड़ा,2382
5160.0,3,Gram Panchayat,96798,1,Lohagara,लोहागरा,2404
5161.0,3,Gram Panchayat,100453,1,Lohagir,लोहागीर,2638
5162.0,3,Gram Panchayat,100852,1,Lohan,लोहान,2663
5163.0,3,Gram Panchayat,97313,1,Lohana North,लोहना उत्तर,2438
5164.0,3,Gram Panchayat,97314,1,Lohana South,लोहना दक्षिण,2438
5165.0,3,Gram Panchayat,94055,1,Lohara,लोहारा,2225
5166.0,3,Gram Panchayat,98140,2,Lohara,लोहारा,2483
5167.0,3,Gram Panchayat,100550,1,Lohari,लोहड़ी,2643
5168.0,3,Gram Panchayat,98383,1,Loharpura,लोहरपुरा,2504
5169.0,3,Gram Panchayat,100987,2,Lohasi,लोहसी,2675
5170.0,3,Gram Panchayat,96319,1,Lohdan,लोहदन,2373
5171.0,3,Gram Panchayat,98565,1,Lohiariya,लोहियरिया,2515
5172.0,3,Gram Panchayat,95978,1,Lohijara,लोहिजरा,2349
5173.0,3,Gram Panchayat,97693,1,Lohsari,लोह्सरी,2462
5174.0,3,Gram Panchayat,94592,1,Lokmanpur,लोकमानपुर,2261
5175.0,3,Gram Panchayat,97721,1,Loma,लोमा,2463
5176.0,3,Gram Panchayat,101783,1,Loma,लोमा,2725
5177.0,3,Gram Panchayat,96964,1,Losghani,लोसघनी,2416
5178.0,3,Gram Panchayat,94133,2,Loudiya,लौढ़िया,2230
5179.0,3,Gram Panchayat,94172,2,Loungay,लौंगाय,2232
5180.0,3,Gram Panchayat,101631,1,Lourdh,लौर्ध,2717
5181.0,3,Gram Panchayat,94100,2,Lourhia Khurd,लौढ़िया खुर्द,2228
5182.0,3,Gram Panchayat,96000,1,Luhsi,लुहसी,2351
5183.0,3,Gram Panchayat,96453,1,Lutti Pur,लुत्तीपुर,2382
5184.0,3,Gram Panchayat,95462,1,Lutua,लूटउआ,2316
5185.0,3,Gram Panchayat,101356,2,Machakna,मचकना,2698
5186.0,3,Gram Panchayat,99320,1,Machargawa,मछर्गवा,2563
5187.0,3,Gram Panchayat,99485,1,Machchhatta,मच्च्चत्ता,2578
5188.0,3,Gram Panchayat,98546,1,Machha,मच्छहाँ,2514
5189.0,3,Gram Panchayat,95878,2,Machhagar Lachhiram,मछागर लछीराम,2343
5190.0,3,Gram Panchayat,97990,2,Machhahi,मछही,2474
5191.0,3,Gram Panchayat,98839,1,Machhalpur Lai,मचहलपुर लई,2532
5192.0,3,Gram Panchayat,97157,1,Madana,मदना,2430
5193.0,3,Gram Panchayat,95574,2,Madan Bigha,मदन बीघा,2323
5194.0,3,Gram Panchayat,96965,1,Madanpur,मदनपुर,2416
5195.0,3,Gram Panchayat,97071,1,Madanpur,मदनपुर,2424
5196.0,3,Gram Panchayat,97380,1,Madanpur,मदनपुर,2442
5197.0,3,Gram Panchayat,101092,1,Madanpur,मदनपुर,2682
5198.0,3,Gram Panchayat,93658,1,Madanpur East,मदनपुर पूर्वी,2206
5199.0,3,Gram Panchayat,93659,1,Madanpur West,मदनपुर पश्चिमी,2206
5200.0,3,Gram Panchayat,100698,1,Madan Sath,मदन साठ,2652
5201.0,3,Gram Panchayat,94713,2,Madarganj,मदारगंज,2269
5202.0,3,Gram Panchayat,100951,1,Madaripur,मदारीपुर,2673
5203.0,3,Gram Panchayat,97835,1,Madaripur Karn,मदारीपुर कर्ण,2468
5204.0,3,Gram Panchayat,101947,2,Madarna,माडरणा,2734
5205.0,3,Gram Panchayat,96701,1,Madarpur,मदारपुर,2399
5206.0,3,Gram Panchayat,100507,1,Madarpur,मदारपुर,2641
5207.0,3,Gram Panchayat,100741,2,Madarpur,मदारपुर,2654
5208.0,3,Gram Panchayat,96550,2,Madhaipur,मघाईपुर,2388
5209.0,3,Gram Panchayat,98020,1,Madhaul,माधौल,2475
5210.0,3,Gram Panchayat,101140,1,Madhaul Shani,माधौल शनी,2685
5211.0,3,Gram Panchayat,97331,1,Madhepur,मधेपुर,2439
5212.0,3,Gram Panchayat,97764,1,Madhepura,मधेपुरा,2465
5213.0,3,Gram Panchayat,97432,1,Madhepur East,मधेपुर पूर्वी,2445
5214.0,3,Gram Panchayat,97433,1,Madhepur West,मधेपुर पश्चिम,2445
5215.0,3,Gram Panchayat,101170,1,Madhesara,मधेसरा,2686
5216.0,3,Gram Panchayat,101171,1,Madhiya,मढ़िया,2686
5217.0,3,Gram Panchayat,95338,1,Madho Patti,माधोपट्टी,2307
5218.0,3,Gram Panchayat,95805,1,Madhopur,माधोपुर,2339
5219.0,3,Gram Panchayat,96029,1,Madhopur,माधोपुर,2353
5220.0,3,Gram Panchayat,97394,1,Madhopur,माधोपुर,2443
5221.0,3,Gram Panchayat,98095,1,Madhopur,माधोपुर,2480
5222.0,3,Gram Panchayat,98307,1,Madhopur,माधोपुर,2497
5223.0,3,Gram Panchayat,98585,1,Madhopur,माधोपुर,2516
5224.0,3,Gram Panchayat,98674,1,Madhopur,माधोपुर,2521
5225.0,3,Gram Panchayat,98964,1,Madhopur,माधोपुर,2541
5226.0,3,Gram Panchayat,99205,1,Madhopur,माधोपुर,2557
5227.0,3,Gram Panchayat,100719,1,Madhopur,माधोपुर,2653
5228.0,3,Gram Panchayat,100820,1,Madhopur,माधोपुर,2660
5229.0,3,Gram Panchayat,100952,1,Madhopur,माधोपुर,2673
5230.0,3,Gram Panchayat,101236,1,Madhopur,माधोपुर,2690
5231.0,3,Gram Panchayat,101377,1,Madhopur,मधोपुर,2700
5232.0,3,Gram Panchayat,101512,1,Madhopur,माधोपुर,2709
5233.0,3,Gram Panchayat,100661,1,Madho Pur,माधो पुर,2649
5234.0,3,Gram Panchayat,95415,1,Madhopur Bastwara,माधोपुरबस्तवारा,2312
5235.0,3,Gram Panchayat,94714,2,Madhopur Bathani,माधोपुर बथानी,2269
5236.0,3,Gram Panchayat,100925,1,Madhopur Chhata,माधोपुर छाता,2671
5237.0,3,Gram Panchayat,100428,1,Madhopur Digharua,माधोपुर दीघरुआ,2637
5238.0,3,Gram Panchayat,97965,1,Madhopur Hajari,माधोपुर हजारी,2473
5239.0,3,Gram Panchayat,244501,1,Madhopur Madhumalti,माधोपुर मधुमालती,2577
5240.0,3,Gram Panchayat,95183,1,Madhopur Mahamdpur,माधोपुर महमदपुर,2299
5241.0,3,Gram Panchayat,101673,1,Madhopur Mahodat,माधोपुर महोदत,2719
5242.0,3,Gram Panchayat,101674,2,Madhopur Ram,माधोपुर राम,2719
5243.0,3,Gram Panchayat,96761,1,Madhowpur,माधवपुर,2402
5244.0,3,Gram Panchayat,99463,1,Madhrupur,माधोपुर,2577
5245.0,3,Gram Panchayat,98639,1,Madhua,मधुआ,2519
5246.0,3,Gram Panchayat,97072,1,Madhuban,मधुबन,2424
5247.0,3,Gram Panchayat,97139,1,Madhuban,मधुबन,2429
5248.0,3,Gram Panchayat,100953,1,Madhuban Basaha Pashchimi,मधुबन बसहा पश्चिमी,2673
5249.0,3,Gram Panchayat,100954,1,Madhuban Basaha Purvi,मधुबन बसहा पूर्वी,2673
5250.0,3,Gram Panchayat,97903,1,Madhubani,मधुबनी,2471
5251.0,3,Gram Panchayat,98640,1,Madhubani,मधुबनी,2519
5252.0,3,Gram Panchayat,99206,1,Madhubani,मधुबनी,2557
5253.0,3,Gram Panchayat,99397,1,Madhubani,मधुबनी,2570
5254.0,3,Gram Panchayat,101513,1,Madhubani,मधुबनी,2709
5255.0,3,Gram Panchayat,244465,1,Madhubani East,मधुबनी पूर्वी,2574
5256.0,3,Gram Panchayat,99363,1,Madhubani Ghat,मधुबनी घाट,2566
5257.0,3,Gram Panchayat,244467,1,Madhubani North,मधुबनी उत्तर,2574
5258.0,3,Gram Panchayat,244468,2,Madhubani South,मधुबनी दक्षिण,2574
5259.0,3,Gram Panchayat,244466,2,Madhubani West,मधुबनी पश्चिम,2574
5260.0,3,Gram Panchayat,99331,3,Madhuban North,मधुबन उत्तर,2564
5261.0,3,Gram Panchayat,99332,1,Madhuban South,मधुबन दक्षिण,2564
5262.0,3,Gram Panchayat,99167,1,Madhuban Vediban,मधुबन वेडीबन,2555
5263.0,3,Gram Panchayat,99456,1,Madhuban Vrit,मधूअहन वृत,2576
5264.0,3,Gram Panchayat,96996,2,Madhukarchak,मधुकरचक,2418
5265.0,3,Gram Panchayat,100253,1,Madhupur Sarai,मधुपुर सराय,2627
5266.0,3,Gram Panchayat,96583,1,Madhura,मधुरा,2390
5267.0,3,Gram Panchayat,99179,1,Madhurapur,मधुरपुर,2555
5268.0,3,Gram Panchayat,100214,1,Madhurapur,मधुरापुर टाँरा,2625
5269.0,3,Gram Panchayat,100394,1,Madhurapur,मधुरापुर,2635
5270.0,3,Gram Panchayat,100955,1,Madhurapur,मधुरपुर,2673
5271.0,3,Gram Panchayat,98650,1,Madhuri,मधुरी,2520
5272.0,3,Gram Panchayat,95938,1,Madhu Sarayain,मधु सरेया,2346
5273.0,3,Gram Panchayat,100999,1,Madhusudanpur Dumri Urf Mahisautha,मधुसूदानपुर डुमरी उर्फ महीसौता,2676
5274.0,3,Gram Panchayat,99040,2,Madhwan Makhmilpur,मध्वाँ मखमीलपुर,2545
5275.0,3,Gram Panchayat,97471,1,Madhwapur,माधवपुर,2447
5276.0,3,Gram Panchayat,101357,2,Madkan,मड़कन,2698
5277.0,3,Gram Panchayat,98429,1,Madra,मडरा,2507
5278.0,3,Gram Panchayat,94665,2,Madrauni,मदरौनी,2266
5279.0,3,Gram Panchayat,100264,1,Maduda Bad,मदुदाबाद,2628
5280.0,3,Gram Panchayat,96304,1,Madurna,मदुरना,2372
5281.0,3,Gram Panchayat,95952,1,Magahiya,मगहिया,2347
5282.0,3,Gram Panchayat,97055,1,Maganwara,मंगरवारा,2423
5283.0,3,Gram Panchayat,100575,1,Magarpal,मंगरपाल,2644
5284.0,3,Gram Panchayat,98965,1,Magar Pal,मगरपल,2541
5285.0,3,Gram Panchayat,99891,1,Magarwalia,मँगरवलिया,2604
5286.0,3,Gram Panchayat,96519,1,Magheli,मघैली,2386
5287.0,3,Gram Panchayat,99041,2,Mahabalipur,महाबलीपुर,2545
5288.0,3,Gram Panchayat,94998,1,Mahadah,महदः,2286
5289.0,3,Gram Panchayat,96762,1,Mahaddipur,महद्दीपुर,2402
5290.0,3,Gram Panchayat,97414,1,Mahadeo Math,महदेओ मत,2444
5291.0,3,Gram Panchayat,101077,1,Mahadeopatti,महादेव पट्टी,2681
5292.0,3,Gram Panchayat,94071,1,Mahadeopur,महादेवपुर,2226
5293.0,3,Gram Panchayat,99538,1,Mahadeo Pur,महादेवपुर,2581
5294.0,3,Gram Panchayat,96133,1,Mahadeo -Simeria,महादेव सिमेरिया,2360
5295.0,3,Gram Panchayat,96001,3,Mahaicha,महैचा,2351
5296.0,3,Gram Panchayat,98864,1,Mahajpura,महजपुरा,2533
5297.0,3,Gram Panchayat,93739,1,Mahal Gaon,महलगाँव,2209
5298.0,3,Gram Panchayat,101267,1,Mahamada,महमदा,2692
5299.0,3,Gram Panchayat,101268,1,Mahamadpur,महमदपुर,2692
5300.0,3,Gram Panchayat,101322,1,Mahamadpur,महमदपुर,2695
5301.0,3,Gram Panchayat,100625,1,Mahamad Pur,महमद पुर,2647
5302.0,3,Gram Panchayat,97871,1,Mahamadpur Balmi,महमदपुर बल्मी,2469
5303.0,3,Gram Panchayat,97722,1,Mahamadpur Sura,महम्मदपुर सूरा,2463
5304.0,3,Gram Panchayat,100626,1,Mahamda,महामदा,2647
5305.0,3,Gram Panchayat,101675,1,Mahamdabad,महामदाबाद,2719
5306.0,3,Gram Panchayat,95979,2,Mahammadpur,महम्मदपुर,2349
5307.0,3,Gram Panchayat,96551,1,Mahammadpur,मोहम्मदपुर,2388
5308.0,3,Gram Panchayat,98043,1,Mahammadpur,महम्मदपुर,2476
5309.0,3,Gram Panchayat,100699,2,Mahammdpur,महम्मदपुर,2652
5310.0,3,Gram Panchayat,94303,1,Mahana,महना,2240
5311.0,3,Gram Panchayat,98566,1,Mahana Kuli,महना कुली,2515
5312.0,3,Gram Panchayat,97798,1,Mahant Maniyari,महंथ मनियारी,2466
5313.0,3,Gram Panchayat,96088,1,Mahapur,महापुर,2357
5314.0,3,Gram Panchayat,100411,1,Mahara,महरा,2636
5315.0,3,Gram Panchayat,97158,1,Maharail,महाराल,2430
5316.0,3,Gram Panchayat,93963,2,Maharajganj,महाराजगंज,2221
5317.0,3,Gram Panchayat,100551,1,Maharajganj,महाराजगंज,2643
5318.0,3,Gram Panchayat,99539,1,Maharaj Ganj,महाराज गंज,2581
5319.0,3,Gram Panchayat,99683,1,Maharaj Pur,महाराज पुर,2589
5320.0,3,Gram Panchayat,99321,2,Maharani Bhopat,महारानी भोपत,2563
5321.0,3,Gram Panchayat,99967,2,Maharas,महारस,2611
5322.0,3,Gram Panchayat,99790,1,Maharodh,महरोढ़,2597
5323.0,3,Gram Panchayat,97434,1,Mahasingh Hasauli,महासिंह हसौली,2445
5324.0,3,Gram Panchayat,97512,1,Mahathaur Khurd,महतौर खुर्द,2449
5325.0,3,Gram Panchayat,100134,1,Mahathi South,महथी दक्षिण,2621
5326.0,3,Gram Panchayat,93895,1,Mahawar,महावर,2217
5327.0,3,Gram Panchayat,97836,1,Mahdeiya,महदेइया,2468
5328.0,3,Gram Panchayat,100412,1,Mahe,माहे,2636
5329.0,3,Gram Panchayat,101141,1,Mahesha Farakpur,महेशा फरकपुर,2685
5330.0,3,Gram Panchayat,94526,3,Maheshamunda,महेशामुंडा,2256
5331.0,3,Gram Panchayat,96784,1,Mahesh Bathana,महेश बताना,2403
5332.0,3,Gram Panchayat,94736,1,Maheshi,महेशी,2270
5333.0,3,Gram Panchayat,100135,1,Maheshi,महिषी,2621
5334.0,3,Gram Panchayat,96702,1,Maheshkhunt,महेशखूंट,2399
5335.0,3,Gram Panchayat,96912,1,Maheshleta,महेश्लेटा,2411
5336.0,3,Gram Panchayat,96435,1,Maheshpur,महेशपुर,2381
5337.0,3,Gram Panchayat,96501,1,Maheshpur,महेशपुर,2384
5338.0,3,Gram Panchayat,96512,1,Maheshpur,महेशपुर,2385
5339.0,3,Gram Panchayat,96582,3,Maheshpur,महेशपुर,2390
5340.0,3,Gram Panchayat,96966,1,Maheshpur,महेशपुर,2416
5341.0,3,Gram Panchayat,101562,3,Maheshpur,महेशपुर,2713
5342.0,3,Gram Panchayat,94359,3,Mahesh Pur,महेशपुर,2242
5343.0,3,Gram Panchayat,94715,2,Maheshpur Ghanshyamchak,महेशपुर घनश्यामचक,2269
5344.0,3,Gram Panchayat,97073,2,Maheshua,महेशुआ,2424
5345.0,3,Gram Panchayat,101652,1,Maheshuwa,महेषुवा,2718
5346.0,3,Gram Panchayat,94449,1,Maheshwara,महेशवाड़ा,2251
5347.0,3,Gram Panchayat,97661,1,Maheshwara,महेशवारा,2460
5348.0,3,Gram Panchayat,97174,1,Mahesh Wara,महेश वारा,2431
5349.0,3,Gram Panchayat,96153,1,Maheshwari,महेश्वरी,2361
5350.0,3,Gram Panchayat,97571,2,Mahgama,महगामा,2453
5351.0,3,Gram Panchayat,94173,3,Mahila Bishanpur,महिला बिशनपुर,2232
5352.0,3,Gram Panchayat,97872,1,Mahima Gopinathpur,महिमा गोपीनाथपुर,2469
5353.0,3,Gram Panchayat,95184,2,Mahinam,महिनाम,2299
5354.0,3,Gram Panchayat,96672,1,Mahinath Nagar,महीनाथ नगर,2397
5355.0,3,Gram Panchayat,96584,2,Mahinathpur,महिनाथपुर,2390
5356.0,3,Gram Panchayat,97194,1,Mahinath Pur,महीनाथ पुर,2432
5357.0,3,Gram Panchayat,97315,1,Mahinath Pur,महीनाथपुर,2438
5358.0,3,Gram Panchayat,97513,1,Mahind Bar,महिंद बार,2449
5359.0,3,Gram Panchayat,101142,1,Mahindwara,महिंद्वारा,2685
5360.0,3,Gram Panchayat,101826,1,Mahindwara,महिंद्वारा,2727
5361.0,3,Gram Panchayat,96811,3,Mahingaon,महीनगाँव,2405
5362.0,3,Gram Panchayat,94403,2,Mahipatol,महिपाटोल,2246
5363.0,3,Gram Panchayat,101784,1,Mahipura,महिपुरा,2725
5364.0,3,Gram Panchayat,98481,1,Mahipur Bhathaura,महीपुर भतौड़ा,2510
5365.0,3,Gram Panchayat,101143,1,Mahisar,महिसार,2685
5366.0,3,Gram Panchayat,99993,1,Mahisarho,महिसरहो,2613
5367.0,3,Gram Panchayat,96932,2,Mahisauna,महीसौना,2413
5368.0,3,Gram Panchayat,101785,1,Mahisaur,महीसौर,2725
5369.0,3,Gram Panchayat,95375,1,Mahisauth,महिसौथ,2310
5370.0,3,Gram Panchayat,96454,1,Mahishal,महिशाल,2382
5371.0,3,Gram Panchayat,97435,1,Mahisham,महिशाम,2445
5372.0,3,Gram Panchayat,99995,1,Mahishi North,महिषी उत्तर,2613
5373.0,3,Gram Panchayat,99994,2,Mahishi South,महिषी दक्षिण,2613
5374.0,3,Gram Panchayat,98096,2,Mahkar,महकार,2480
5375.0,3,Gram Panchayat,100067,1,Mahkhar,महखार,2618
5376.0,3,Gram Panchayat,100576,1,Mahmadpur,महम्मदपुर,2644
5377.0,3,Gram Panchayat,100764,1,Mahmad Pur,महमद पुर,2656
5378.0,3,Gram Panchayat,100882,1,Mahmadpur Katsari,महम्मदपुर कटसरी,2667
5379.0,3,Gram Panchayat,97873,1,Mahmadpur Mahmada,महमदपुर महमदा,2469
5380.0,3,Gram Panchayat,100136,1,Mahmadpur Sakra,महमदपुर सकड़ा,2621
5381.0,3,Gram Panchayat,95742,1,Mahmanna,महमन्ना,2336
5382.0,3,Gram Panchayat,98173,1,Mahmuda,महमूदा,2485
5383.0,3,Gram Panchayat,98675,1,Mahnagani,महनागन्नी,2521
5384.0,3,Gram Panchayat,98676,1,Mahnwa Rampurwa,महानवा रामपुरवा,2521
5385.0,3,Gram Panchayat,97436,1,Mahpatia,महपतिया,2445
5386.0,3,Gram Panchayat,99540,1,Mahraj Ganj-Ii,महराज गंज-II,2581
5387.0,3,Gram Panchayat,100876,1,Mahsar,महसार,2666
5388.0,3,Gram Panchayat,97360,1,Mahtha,महथा,2441
5389.0,3,Gram Panchayat,95435,1,Mahthaur,महथौर,2313
5390.0,3,Gram Panchayat,101882,1,Mahthi Dhramchand,महथी धर्मचन्द,2730
5391.0,3,Gram Panchayat,100137,1,Mahthi North,महथी उत्तर,2621
5392.0,3,Gram Panchayat,94101,2,Mahua,महुआ,2228
5393.0,3,Gram Panchayat,94002,2,Mahuaawan,महुऑव,2223
5394.0,3,Gram Panchayat,97346,1,Mahua Ekdara,महुआ एकदरा,2440
5395.0,3,Gram Panchayat,100090,1,Mahua North,महुआ उत्तरी,2619
5396.0,3,Gram Panchayat,94980,2,Mahuar,महुअर,2285
5397.0,3,Gram Panchayat,96386,2,Mahuar,महुअर,2378
5398.0,3,Gram Panchayat,96274,2,Mahuari,महुआरी,2370
5399.0,3,Gram Panchayat,101406,4,Mahuari,महुआरी,2703
5400.0,3,Gram Panchayat,101458,1,Mahuari,महुआरी,2706
5401.0,3,Gram Panchayat,96275,1,Mahuat,महुअत,2370
5402.0,3,Gram Panchayat,95953,1,Mahuawa,महुअवां,2347
5403.0,3,Gram Panchayat,99180,1,Mahuawa,महुअवा,2555
5404.0,3,Gram Panchayat,99192,1,Mahuawa,महुअवा,2556
5405.0,3,Gram Panchayat,100970,1,Mahuawa,महुअवा,2674
5406.0,3,Gram Panchayat,99207,1,Mahuawa East,महुअवा पूर्वी,2557
5407.0,3,Gram Panchayat,98509,2,Mahuawa Katharwa,महुअवा कतरवा,2511
5408.0,3,Gram Panchayat,93981,1,Mahuawan,महुआवँ,2222
5409.0,3,Gram Panchayat,95447,1,Mahuawan,महुआवॉ,2314
5410.0,3,Gram Panchayat,98651,1,Mahuawa Sagrauwa,महुआ संगरुआ,2520
5411.0,3,Gram Panchayat,244381,1,Mahuawa West,महुअवा पश्चिम,2557
5412.0,3,Gram Panchayat,98334,2,Mahudar,महुडर,2500
5413.0,3,Gram Panchayat,95765,1,Mahugain,महुगां,2337
5414.0,3,Gram Panchayat,98586,2,Mahui,महुई,2516
5415.0,3,Gram Panchayat,98750,2,Mahui,महुई,2525
5416.0,3,Gram Panchayat,94768,1,Mahuli,महुली,2272
5417.0,3,Gram Panchayat,97607,2,Mahuli,महुली,2456
5418.0,3,Gram Panchayat,98384,1,Mahuli,महुली,2504
5419.0,3,Gram Panchayat,99071,1,Mahuli,महुली,2547
5420.0,3,Gram Panchayat,95536,1,Mahuri,महुड़ी,2321
5421.0,3,Gram Panchayat,98268,1,Mahuri,महुरि,2494
5422.0,3,Gram Panchayat,94028,2,Mahuwan,महुवन,2224
5423.0,3,Gram Panchayat,95766,1,Mahuyet,महुयेट,2337
5424.0,3,Gram Panchayat,95697,1,Mai,मई,2332
5425.0,3,Gram Panchayat,97608,1,Mai,मय,2456
5426.0,3,Gram Panchayat,98222,1,Mai,मई,2490
5427.0,3,Gram Panchayat,97381,1,Maibi,माइबी,2442
5428.0,3,Gram Panchayat,94304,1,Maidababhangama,मैदा बभनगामा,2240
5429.0,3,Gram Panchayat,97694,1,Maidapur,मैदापुर,2462
5430.0,3,Gram Panchayat,98232,1,Mai Farida,मई फ़रीदा,2491
5431.0,3,Gram Panchayat,98059,1,Maijara,मैजरा,2477
5432.0,3,Gram Panchayat,97904,1,Maijhauli Khetal,मझौली खेतल,2471
5433.0,3,Gram Panchayat,97159,1,Mailam,मैलम,2430
5434.0,3,Gram Panchayat,101700,1,Maile,मैले,2720
5435.0,3,Gram Panchayat,98652,1,Mainatand,मैनाटांड,2520
5436.0,3,Gram Panchayat,98888,2,Mai Netaul,मई नेतौल,2535
5437.0,3,Gram Panchayat,238489,1,Mainpura Panchayat,मैनपुरा पंचायत,6805
5438.0,3,Gram Panchayat,96703,1,Maira,मैरा,2399
5439.0,3,Gram Panchayat,98193,1,Maira Barith,मैरा बरीत्,2487
5440.0,3,Gram Panchayat,97723,1,Maithi,मैठी,2463
5441.0,3,Gram Panchayat,93852,2,Majarakh,मजरख,2214
5442.0,3,Gram Panchayat,101556,1,Majari,माजरी,2712
5443.0,3,Gram Panchayat,99596,1,Majgama,मजगामा,2584
5444.0,3,Gram Panchayat,98587,1,Majharia,मंझरिया,2516
5445.0,3,Gram Panchayat,98738,1,Majharia,मंझरिया,2524
5446.0,3,Gram Panchayat,98677,1,Majharia Sekh,मझरिया शेख,2521
5447.0,3,Gram Panchayat,99126,1,Majhariya,मझरिया,2551
5448.0,3,Gram Panchayat,244447,1,Majhariya,मझरिया,2567
5449.0,3,Gram Panchayat,94805,2,Majhauli,मझौली,2274
5450.0,3,Gram Panchayat,97695,1,Majhauli,मझौली,2462
5451.0,3,Gram Panchayat,101701,2,Majhauli,मझौली,2720
5452.0,3,Gram Panchayat,101948,1,Majhauli,मझौली,2734
5453.0,3,Gram Panchayat,97991,1,Majhaulia,मझौलिया,2474
5454.0,3,Gram Panchayat,98678,1,Majhaulia,मझौलिया,2521
5455.0,3,Gram Panchayat,101676,1,Majhauli Mahmadpur Buzurg,मझौली महमदपुर बुज़ुर्ग,2719
5456.0,3,Gram Panchayat,100971,1,Majhauliya,मझौलिया,2674
5457.0,3,Gram Panchayat,101056,1,Majhaur,मझौर,2680
5458.0,3,Gram Panchayat,97395,1,Majhaura,मझौरा,2443
5459.0,3,Gram Panchayat,98482,1,Majhauwa,मझौवा,2510
5460.0,3,Gram Panchayat,95843,2,Majhawalia,मझवलिया,2341
5461.0,3,Gram Panchayat,95954,1,Majhawalia,मझवलिया,2347
5462.0,3,Gram Panchayat,101323,1,Majhawaliya,मझवलिया,2695
5463.0,3,Gram Panchayat,94214,1,Majhgain Darpa,मंझगांय डरपा,2235
5464.0,3,Gram Panchayat,94003,1,Majhiawan,मझियवान,2223
5465.0,3,Gram Panchayat,99771,1,Majhiawan,मझियाँव,2596
5466.0,3,Gram Panchayat,95339,1,Majhigama,मझिगामा,2307
5467.0,3,Gram Panchayat,94813,2,Majhiyaon,मझिआँव,2275
5468.0,3,Gram Panchayat,95285,1,Majhoulia,मझौलिया,2305
5469.0,3,Gram Panchayat,97837,1,Majhouliya,मझौलिया,2468
5470.0,3,Gram Panchayat,93707,1,Majhua,मझुआ,2208
5471.0,3,Gram Panchayat,93832,1,Majhua (East),मझुआ पूर्वी,2213
5472.0,3,Gram Panchayat,93833,1,Majhua (West),मझुआ पश्चिमी,2213
5473.0,3,Gram Panchayat,96305,1,Majhui,मझुई,2372
5474.0,3,Gram Panchayat,99486,1,Majhuwa Hat,मझुवा हाट,2578
5475.0,3,Gram Panchayat,99541,1,Majhuwa Prem Raj,मझुवा प्रेम राज,2581
5476.0,3,Gram Panchayat,95102,1,Majhwari,मझवारी,2295
5477.0,3,Gram Panchayat,101702,2,Majlispur,मजलिसपुर,2720
5478.0,3,Gram Panchayat,93801,1,Majlis Pur,मजलिसपुर,2212
5479.0,3,Gram Panchayat,101042,1,Majorganj,माजोरगंज,2679
5480.0,3,Gram Panchayat,99664,1,Majra,मजरा,2588
5481.0,3,Gram Panchayat,94174,2,Makaita Babura,मकैता बबुरा,2232
5482.0,3,Gram Panchayat,94545,1,Makandpur,मकन्दपुर,2257
5483.0,3,Gram Panchayat,94700,1,Makanpur,मकनपुर,2268
5484.0,3,Gram Panchayat,98460,1,Makanpur,मकनपुर,2509
5485.0,3,Gram Panchayat,101459,1,Makariar,मकरियार,2706
5486.0,3,Gram Panchayat,96222,1,Makarpur,मकरपुर,2366
5487.0,3,Gram Panchayat,97104,1,Makdampur,मकदमपुर,2426
5488.0,3,Gram Panchayat,97816,1,Makdumpur Kodaria North,मकदूमपुर कोदरिया उत्तरी,2467
5489.0,3,Gram Panchayat,99597,1,Makeli,मकैली,2584
5490.0,3,Gram Panchayat,100681,1,Maker,मकेर,2651
5491.0,3,Gram Panchayat,101411,1,Makhanupur,मखनुपुर,2703
5492.0,3,Gram Panchayat,98292,2,Makhar,माखर,2496
5493.0,3,Gram Panchayat,96585,2,Makhdampur,मखदमपुर,2390
5494.0,3,Gram Panchayat,95743,2,Makhdumpur,मखदुमपुर,2336
5495.0,3,Gram Panchayat,98186,1,Makhdumpur,मखदुमपुर,2486
5496.0,3,Gram Panchayat,98840,1,Makhdumpur,मखदुमपुर,2532
5497.0,3,Gram Panchayat,94769,1,Makhdumpur Dumra,मखदुमपुर डुमरा,2272
5498.0,3,Gram Panchayat,97488,1,Makrampur,मोकरमपुर,2448
5499.0,3,Gram Panchayat,95186,1,Makram Pur,मकरामपुर,2299
5500.0,3,Gram Panchayat,98187,2,Makrauta,मकरौता,2486
5501.0,3,Gram Panchayat,97457,1,Maksuda,मक़सूदा,2446
5502.0,3,Gram Panchayat,100883,1,Maksudpur Kararia,मकसुदपुर कररिया,2667
5503.0,3,Gram Panchayat,97549,1,Makwa,मकवा,2451
5504.0,3,Gram Panchayat,101528,1,Maladh,मलाढ,2710
5505.0,3,Gram Panchayat,99518,1,Malahariya,मल्हरिया,2580
5506.0,3,Gram Panchayat,101198,1,Malahi,मलही,2688
5507.0,3,Gram Panchayat,98526,1,Malahi Balua,मलाही बलुआ,2512
5508.0,3,Gram Panchayat,97458,4,Malangia,मलंगिया,2446
5509.0,3,Gram Panchayat,96223,1,Malathi,मलाठी,2366
5510.0,3,Gram Panchayat,94814,1,Malaur,मलौर,2275
5511.0,3,Gram Panchayat,98256,1,Malawan,मालवान,2493
5512.0,3,Gram Panchayat,100840,1,Maldah,मालदह,2662
5513.0,3,Gram Panchayat,98703,1,Maldahiya Pokharia,मलदहिया पोखरिया,2522
5514.0,3,Gram Panchayat,94237,1,Maldih,मालडीह,2236
5515.0,3,Gram Panchayat,93934,1,Malhad,मल्हाड,2219
5516.0,3,Gram Panchayat,101632,1,Malhani,मल्हानि,2717
5517.0,3,Gram Panchayat,93947,1,Malhara,मल्हरा,2220
5518.0,3,Gram Panchayat,95614,1,Malhari,मल्हारी,2326
5519.0,3,Gram Panchayat,96639,2,Malharia,मल्हरिया,2395
5520.0,3,Gram Panchayat,99647,1,Malharia,मलहरिया,2587
5521.0,3,Gram Panchayat,95286,1,Malhi Patti North,मल्हीपट्टी उत्तरी,2305
5522.0,3,Gram Panchayat,95287,2,Malhi Patti South,मल्हीपट्टी दक्षिणी,2305
5523.0,3,Gram Panchayat,99749,1,Malhipur,मल्हीपुर,2594
5524.0,3,Gram Panchayat,94306,2,Malhipur (South),मल्हीपुर दक्षिणी,2240
5525.0,3,Gram Panchayat,96673,2,Mali,माली,2397
5526.0,3,Gram Panchayat,99443,1,Mali,माली,2575
5527.0,3,Gram Panchayat,99618,1,Mali,माली,2585
5528.0,3,Gram Panchayat,96913,2,Malia,मालीया,2411
5529.0,3,Gram Panchayat,98291,1,Malikpur Nemdarganj,मलिकपुर नेमदारगंज,2496
5530.0,3,Gram Panchayat,100215,1,Malinagar,मालीनगर,2625
5531.0,3,Gram Panchayat,96889,1,Malin Gaon,मलिन गाओं,2409
5532.0,3,Gram Panchayat,238539,1,Mali Panchayat,माली पंचायत,6807
5533.0,3,Gram Panchayat,100912,1,Malipokhar Bhinda,मालीपोखर भिंडा,2670
5534.0,3,Gram Panchayat,94411,2,Malipur,मालीपुर,2247
5535.0,3,Gram Panchayat,99229,1,Malkaunia,मालकौनिया,2558
5536.0,3,Gram Panchayat,96013,1,Mallehpur,मलयपुर,2352
5537.0,3,Gram Panchayat,96436,1,Mallikpur,मल्लिकपुर,2381
5538.0,3,Gram Panchayat,101903,1,Mallikpur,मल्लिकपुर,2731
5539.0,3,Gram Panchayat,97332,1,Malmal North,मलमल उत्तर,2439
5540.0,3,Gram Panchayat,97333,1,Malmal South,मलमल दक्षिण,2439
5541.0,3,Gram Panchayat,99501,1,Malopara,मालोपाड़ा,2579
5542.0,3,Gram Panchayat,95585,1,Malpa,मालपा,2324
5543.0,3,Gram Panchayat,94391,2,Malpur,मालपुर,2245
5544.0,3,Gram Panchayat,98997,1,Malpur,मालपुर,2543
5545.0,3,Gram Panchayat,101883,1,Malpur,मालपुर,2730
5546.0,3,Gram Panchayat,100167,2,Malpur Purwari Patti,मालपुर पुरवारी पट्टी,2623
5547.0,3,Gram Panchayat,98044,1,Malti,मल्टी,2476
5548.0,3,Gram Panchayat,100454,1,Malti,मालती,2638
5549.0,3,Gram Panchayat,94029,1,Malwan,मालवण,2224
5550.0,3,Gram Panchayat,94679,2,Mamalkha,ममलखा,2267
5551.0,3,Gram Panchayat,99134,1,Mamarkha,मामरखा,2552
5552.0,3,Gram Panchayat,99135,1,Mamarkha Tola Bhaiya,मामरखा टोला भैया,2552
5553.0,3,Gram Panchayat,98212,2,Mamurabad,मामूराबाद,2489
5554.0,3,Gram Panchayat,93896,1,Manar,मनार,2217
5555.0,3,Gram Panchayat,98905,1,Manas,मानस,2536
5556.0,3,Gram Panchayat,98751,2,Manchangwa,मनचंगवा,2525
5557.0,3,Gram Panchayat,95597,1,Manda,मण्डा,2325
5558.0,3,Gram Panchayat,98115,1,Mandachh,मंडच्छ,2481
5559.0,3,Gram Panchayat,101884,1,Mandai Dih,मंडई डीह,2730
5560.0,3,Gram Panchayat,96185,1,Mandey Bigha,मान्दे विगहा,2364
5561.0,3,Gram Panchayat,96186,1,Mandil,मान्दिल,2364
5562.0,3,Gram Panchayat,239370,1,Mandrapali,मन्डरपाली,2697
5563.0,3,Gram Panchayat,100610,1,Mane,माने,2646
5564.0,3,Gram Panchayat,100184,1,Mangalgarh,मंगलगढ़,2624
5565.0,3,Gram Panchayat,98510,2,Mangalpur Awsani,मंगलपुर औसानी,2511
5566.0,3,Gram Panchayat,98726,1,Mangalpur Gudaria,मंगलपुर गुदरिया,2523
5567.0,3,Gram Panchayat,98727,1,Mangalpur Kala,मंगलपुर कला,2523
5568.0,3,Gram Panchayat,101653,1,Manganj East,मानगंज पूर्वी,2718
5569.0,3,Gram Panchayat,101654,1,Manganj West,मानगंज पश्चिम,2718
5570.0,3,Gram Panchayat,101677,1,Manganpur,मांगनपुर,2719
5571.0,3,Gram Panchayat,95707,1,Mangarawan,मंगरवाण,2333
5572.0,3,Gram Panchayat,96111,1,Mangobandar,मांगोवंदर,2358
5573.0,3,Gram Panchayat,95083,1,Mangraon,मंगराव,2294
5574.0,3,Gram Panchayat,97529,2,Mangrauni North,मंगरौनी उत्तरी,2450
5575.0,3,Gram Panchayat,99859,1,Mangrawan,मंग्रवण,2601
5576.0,3,Gram Panchayat,96800,1,Mangura,मांगुरा,2404
5577.0,3,Gram Panchayat,99136,1,Manguraha,मांगुरहा,2552
5578.0,3,Gram Panchayat,97874,1,Mangurahatajpur,मंगुराहा ताजपुर,2469
5579.0,3,Gram Panchayat,101841,3,Mangurahi,मांगुरही,2728
5580.0,3,Gram Panchayat,97941,1,Mangurahiyan,मंगुरहियाँ,2472
5581.0,3,Gram Panchayat,100091,1,Mangwar,मंगवार,2619
5582.0,3,Gram Panchayat,99735,1,Mani,मणि,2593
5583.0,3,Gram Panchayat,94435,1,Maniappa,मनिअप्पा,2250
5584.0,3,Gram Panchayat,99291,1,Mani Chapra,मणि चपरा,2561
5585.0,3,Gram Panchayat,96276,1,Manihari,मनिहारी,2370
5586.0,3,Gram Panchayat,93982,1,Manika,मणिका,2222
5587.0,3,Gram Panchayat,97906,1,Manika Harikesh,मणिका हरिकेश,2471
5588.0,3,Gram Panchayat,97905,1,Manika Vishnudut Chand,मनिका विशुन्दत  चाँद,2471
5589.0,3,Gram Panchayat,101144,1,Manik Chauk Dakshini,माणिक चौक दक्षिणी,2685
5590.0,3,Gram Panchayat,101145,1,Manik Chauk Pashchimi,माणिक चोवोक पछिम,2685
5591.0,3,Gram Panchayat,101146,1,Manik Chauk Uttari,माणिक चोवोक उत्तरी,2685
5592.0,3,Gram Panchayat,99810,3,Manik Parasi,मानिक परासी,2598
5593.0,3,Gram Panchayat,93776,1,Manikpur,मानिकपुर,2211
5594.0,3,Gram Panchayat,95859,2,Manikpur,मानिकपुर,2342
5595.0,3,Gram Panchayat,97074,1,Manikpur,मानिकपुर,2424
5596.0,3,Gram Panchayat,97635,1,Manikpur,मानिकपुर,2458
5597.0,3,Gram Panchayat,99261,1,Manikpur,मानिकपुर,2560
5598.0,3,Gram Panchayat,100378,1,Manikpur,माणिकपुर,2634
5599.0,3,Gram Panchayat,94644,1,Manik Pur,माणिक पुर,2265
5600.0,3,Gram Panchayat,100528,1,Manikpura,मनिकपुरा,2642
5601.0,3,Gram Panchayat,101078,1,Manikpur Mushaharniya,मानिकपुर मुशहरणिया,2681
5602.0,3,Gram Panchayat,97740,1,Manikpur Narotam,माणिकपुर नरोत्तम,2464
5603.0,3,Gram Panchayat,238533,2,Manikpur Panchayat,मानिकपुर पंचायत,6808
5604.0,3,Gram Panchayat,94205,1,Maniya,मनियां,2234
5605.0,3,Gram Panchayat,95065,2,Maniya,मड़ियॉ,2293
5606.0,3,Gram Panchayat,95698,1,Maniyara,मनियारा,2332
5607.0,3,Gram Panchayat,95134,2,Maniyari,मनियारी,2297
5608.0,3,Gram Panchayat,101185,1,Maniyari,मनियारी,2687
5609.0,3,Gram Panchayat,100471,1,Maniyarpur,मनियारपुर,2639
5610.0,3,Gram Panchayat,100487,1,Maniyarpur,मनियारपुर,2640
5611.0,3,Gram Panchayat,96202,1,Maniyawan,मनियावाँ,2365
5612.0,3,Gram Panchayat,98461,1,Manjaur,मंजौर,2509
5613.0,3,Gram Panchayat,97140,2,Manjaura,मंजौरा,2429
5614.0,3,Gram Panchayat,95966,1,Manjha Gosai,मांझा गोसाई,2348
5615.0,3,Gram Panchayat,95939,1,Manjha Paschimi,मंझा पस्चिमी,2346
5616.0,3,Gram Panchayat,95940,2,Manjha Purabi,मंझा पूर्वी,2346
5617.0,3,Gram Panchayat,93862,2,Manjhar,मंझार,2215
5618.0,3,Gram Panchayat,94382,1,Manjhaul-1,मंझौल -१,2244
5619.0,3,Gram Panchayat,94380,1,Manjhaul-2,मंझौल -२,2244
5620.0,3,Gram Panchayat,94383,1,Manjhaul-3,मंझौल -३,2244
5621.0,3,Gram Panchayat,94381,1,Manjhaul-4,मंझौल -४,2244
5622.0,3,Gram Panchayat,95537,1,Manjhauli,मंझौली,2321
5623.0,3,Gram Panchayat,95615,1,Manjhauli,मंझौली,2326
5624.0,3,Gram Panchayat,98802,1,Manjhauli,मंझौली,2529
5625.0,3,Gram Panchayat,99910,1,Manjhauli,मँझौली,2606
5626.0,3,Gram Panchayat,97596,2,Manjhgayn,मंझगाय,2455
5627.0,3,Gram Panchayat,95708,1,Manjhiawan,मांझियवान,2333
5628.0,3,Gram Panchayat,98335,1,Manjhila,मांझिला,2500
5629.0,3,Gram Panchayat,95650,2,Manjhiyawan,मंझियावाँ,2328
5630.0,3,Gram Panchayat,99500,2,Manjhok,मंझौक,2579
5631.0,3,Gram Panchayat,96224,1,Manjhos,मंझोस,2366
5632.0,3,Gram Panchayat,101475,3,Manjhwalia,मझवलिया,2707
5633.0,3,Gram Panchayat,96070,1,Manjhway,मंझवे,2356
5634.0,3,Gram Panchayat,96134,1,Manjosh,मंजोश,2360
5635.0,3,Gram Panchayat,244456,1,Mankararya,मानकरारिया,2567
5636.0,3,Gram Panchayat,99398,1,Mankarwa,मानकारवा,2570
5637.0,3,Gram Panchayat,95416,1,Mankauli,मनिकौली,2312
5638.0,3,Gram Panchayat,93677,1,Mannulah Patti,मनुल्लाहपट्टी,2207
5639.0,3,Gram Panchayat,96609,2,Manohar Pur,मनोहरपुर,2392
5640.0,3,Gram Panchayat,100529,1,Manopali,मनोपाली,2642
5641.0,3,Gram Panchayat,101858,1,Manora,मनोरा,2729
5642.0,3,Gram Panchayat,95207,1,Manor Bhauram,मनौरा भौराम,2300
5643.0,3,Gram Panchayat,100508,1,Manorpur Jhakhari,मनोरपुर झखरी,2641
5644.0,3,Gram Panchayat,99996,1,Manovar,मनोवर,2613
5645.0,3,Gram Panchayat,97216,1,Manpaur,मंपौर,2433
5646.0,3,Gram Panchayat,101079,1,Manpaur,मंपौर,2681
5647.0,3,Gram Panchayat,97125,1,Manpur,मानपुर,2428
5648.0,3,Gram Panchayat,98547,1,Manpur,मानपुर,2514
5649.0,3,Gram Panchayat,99736,1,Manpur,मानपुर,2593
5650.0,3,Gram Panchayat,100429,1,Manpura,मानपुरा,2637
5651.0,3,Gram Panchayat,100577,1,Manpura,मनपुरा,2644
5652.0,3,Gram Panchayat,101214,1,Manpur Pateji,मानपुर पतेजी,2689
5653.0,3,Gram Panchayat,97415,1,Mansapur,मानसपुर,2444
5654.0,3,Gram Panchayat,95252,1,Mansara,मनसारा,2302
5655.0,3,Gram Panchayat,94284,1,Manser Pur,मनसेरपुर,2239
5656.0,3,Gram Panchayat,99445,1,Mansingha North,मानसिंघा उत्तर,2575
5657.0,3,Gram Panchayat,99444,1,Mansingha South,मानसिंघा  दक्षिण,2575
5658.0,3,Gram Panchayat,101786,1,Mansinghpur Bijhrauli,मानसिंघपुर बिझरौली,2725
5659.0,3,Gram Panchayat,98931,1,Mansing Pur,मानसिंगपुर,2538
5660.0,3,Gram Panchayat,94426,1,Mansurchak,मंसूरचक,2249
5661.0,3,Gram Panchayat,101717,1,Mansurpur Halaiya,मंसूरपुर हलैया,2721
5662.0,3,Gram Panchayat,101764,1,Manua,मनुआँ,2724
5663.0,3,Gram Panchayat,100592,1,Manupur,मानुपुर,2645
5664.0,3,Gram Panchayat,98704,1,Manwa Parsi,मनवा परसी,2522
5665.0,3,Gram Panchayat,100857,1,Mapho,माफो,2664
5666.0,3,Gram Panchayat,100702,1,Marahan,मरहॉ,2652
5667.0,3,Gram Panchayat,96122,1,Maraiya,मडैया,2359
5668.0,3,Gram Panchayat,98998,2,Maranchi (North),मरांची (उत्तरी),2543
5669.0,3,Gram Panchayat,98999,3,Maranchi (South),मरांची (दक्षिणी),2543
5670.0,3,Gram Panchayat,100185,1,Maranchi Ujagar,मराँची उजागर,2624
5671.0,3,Gram Panchayat,96617,1,Marangi,मरंगी,2393
5672.0,3,Gram Panchayat,100775,1,Marar,माड़र,2657
5673.0,3,Gram Panchayat,96727,2,Marar North,मरर उत्तर,2400
5674.0,3,Gram Panchayat,96728,2,Marar South,मरर सौथ,2400
5675.0,3,Gram Panchayat,101301,3,Marasra,मडसरा,2694
5676.0,3,Gram Panchayat,101545,2,Marauna North,मरौना उत्तर,2711
5677.0,3,Gram Panchayat,101546,3,Marauna South,मरौना दक्षिण,2711
5678.0,3,Gram Panchayat,96437,1,Marbatpur,मर्वतपुर,2381
5679.0,3,Gram Panchayat,99072,1,Marchi,मरची,2547
5680.0,3,Gram Panchayat,97195,1,Marhiya,मढ़िया,2432
5681.0,3,Gram Panchayat,100282,1,Maricha,मरीचा,2629
5682.0,3,Gram Panchayat,100530,1,Maricha,मरीचा,2642
5683.0,3,Gram Panchayat,101172,1,Marpa,मरपा,2686
5684.0,3,Gram Panchayat,100150,1,Marthua,मरथुआ,2622
5685.0,3,Gram Panchayat,98430,1,Marui,मरुई,2507
5686.0,3,Gram Panchayat,101885,1,Marui,मरुई,2730
5687.0,3,Gram Panchayat,101199,1,Maruki,मरुकी,2688
5688.0,3,Gram Panchayat,97160,1,Marukiya,मरुकिया,2430
5689.0,3,Gram Panchayat,94511,3,Marwa East,मड़वा पूरव,2255
5690.0,3,Gram Panchayat,97992,1,Marwan Urf Ajijragar,मरवन उर्फ अज़ीज़ नगर,2474
5691.0,3,Gram Panchayat,98022,1,Marwapakar,मरवा पाकर,2475
5692.0,3,Gram Panchayat,94510,2,Marwa West,मड़वा पश्चिम,2255
5693.0,3,Gram Panchayat,94963,1,Masadh,मसाढ़,2284
5694.0,3,Gram Panchayat,98932,1,Masadhi,मसाढ़ी,2538
5695.0,3,Gram Panchayat,95019,1,Masahariya,मसाहरिया,2289
5696.0,3,Gram Panchayat,95368,1,Masankhon,मसानखोन,2309
5697.0,3,Gram Panchayat,96387,1,Masarhi,मसाढ़ी,2378
5698.0,3,Gram Panchayat,99042,2,Masaudha Jalpura,मसौढ़ा जलपुरा,2545
5699.0,3,Gram Panchayat,96335,2,Masaurha,मसौढ़ा,2374
5700.0,3,Gram Panchayat,98357,1,Masaurha,मसौढा,2502
5701.0,3,Gram Panchayat,94737,1,Masdi,मसदी,2270
5702.0,3,Gram Panchayat,95312,1,Massa,मस्सा,2306
5703.0,3,Gram Panchayat,98767,1,Maswas,मसवास,2526
5704.0,3,Gram Panchayat,97572,1,Matadih,माताडीह,2453
5705.0,3,Gram Panchayat,99704,1,Mataili Khemchandra,मटैली खेमचंद्रा,2590
5706.0,3,Gram Panchayat,101949,1,Mataiya,मटैया,2734
5707.0,3,Gram Panchayat,95552,1,Mataso,मातसो,2322
5708.0,3,Gram Panchayat,97075,1,Mathahi,मठाही,2424
5709.0,3,Gram Panchayat,98627,1,Mathia,मठिया,2518
5710.0,3,Gram Panchayat,98752,1,Mathia,मठिया,2525
5711.0,3,Gram Panchayat,101399,1,Mathia,मथिया,2702
5712.0,3,Gram Panchayat,95033,1,Mathila,माथीला,2290
5713.0,3,Gram Panchayat,95914,1,Mathiya Hardo,मठिया हरदो,2345
5714.0,3,Gram Panchayat,99262,1,Math Lohiyar,मत लोहियार,2560
5715.0,3,Gram Panchayat,101718,1,Mathna Milik,मथना मिलिक,2721
5716.0,3,Gram Panchayat,99598,2,Mathour,मथौर,2584
5717.0,3,Gram Panchayat,101703,1,Mathura,मथुरा,2720
5718.0,3,Gram Panchayat,94864,2,Mathurapur,मथुरापुर,2278
5719.0,3,Gram Panchayat,94527,2,Mathura Pur,मथुरा पुर,2256
5720.0,3,Gram Panchayat,96135,1,Mathura Pur,मथुरापुर,2360
5721.0,3,Gram Panchayat,97662,1,Mathurapur Bujurg,मथुरापुर बुजूर्ग,2460
5722.0,3,Gram Panchayat,245368,3,Mathurapur Kahtarwa,मथुरापुर कहतरवा,2670
5723.0,3,Gram Panchayat,99772,1,Mathuri,मथुरी,2596
5724.0,3,Gram Panchayat,99306,1,Mathya,मत्या,2562
5725.0,3,Gram Panchayat,96123,1,Matia,मटिया,2359
5726.0,3,Gram Panchayat,93708,1,Matiari,मटियारी,2208
5727.0,3,Gram Panchayat,98588,1,Matiariya,मटीयरिया,2516
5728.0,3,Gram Panchayat,95681,1,Matihani,मटिहानी,2330
5729.0,3,Gram Panchayat,99563,1,Matihani,मटिहानी,2582
5730.0,3,Gram Panchayat,94436,1,Matihani - I,मटिहानी-१,2250
5731.0,3,Gram Panchayat,94437,1,Matihani - II,मटिहानी-२,2250
5732.0,3,Gram Panchayat,95879,2,Matihani Nain,मटिहानी नैन,2343
5733.0,3,Gram Panchayat,100703,1,Matiyar,मटियार,2652
5734.0,3,Gram Panchayat,93740,1,Matiyari,मटियारी,2209
5735.0,3,Gram Panchayat,96873,2,Matiyari,मटियारी,2408
5736.0,3,Gram Panchayat,99263,1,Matiyariya,मटियरिया,2560
5737.0,3,Gram Panchayat,100972,1,Matiyar Kala,मटियार कला,2674
5738.0,3,Gram Panchayat,93964,1,Matpa,मटपा,2221
5739.0,3,Gram Panchayat,97437,1,Matras,मटरस,2445
5740.0,3,Gram Panchayat,95084,1,Matukipur,मटकीपुर,2294
5741.0,3,Gram Panchayat,94788,1,Matuk Pur,मटुक पुर,2273
5742.0,3,Gram Panchayat,95915,1,Matya Khas,मतेया खास,2345
5743.0,3,Gram Panchayat,95744,1,Mau,मउ,2336
5744.0,3,Gram Panchayat,95390,1,Maubehat,माँउबेहट,2311
5745.0,3,Gram Panchayat,100973,2,Maudah,मौदह,2674
5746.0,3,Gram Panchayat,101886,3,Maudah Bujurg,मौदह बुज़ुर्ग,2730
5747.0,3,Gram Panchayat,101887,1,Maudah Chatur,मौदह चतुर,2730
5748.0,3,Gram Panchayat,94412,2,Maujiharisingh,मौजिहरिसिंह,2247
5749.0,3,Gram Panchayat,98933,1,Mauji Pur,मौजीपुर,2538
5750.0,3,Gram Panchayat,100552,1,Mauna,मौना,2643
5751.0,3,Gram Panchayat,100631,2,Mauzam Pur,मौजमपुर,2647
5752.0,3,Gram Panchayat,96831,1,Mazgama,मज़गामा,2406
5753.0,3,Gram Panchayat,95967,1,Mazirwan Kala,मजिरवां कला,2348
5754.0,3,Gram Panchayat,96832,1,Mazkuri,मज़कूरी,2406
5755.0,3,Gram Panchayat,101931,2,Mazrohi Urf Saharia,मजरौही उर्फ सहरिया,2733
5756.0,3,Gram Panchayat,99791,1,Medani Pur,मेदनी पुर,2597
5757.0,3,Gram Panchayat,99288,1,Medan Sirsiya,मेदान सिरसिया,2561
5758.0,3,Gram Panchayat,99519,2,Meenapur,मीनापुर,2580
5759.0,3,Gram Panchayat,99208,1,Meerpur,मीरपुर,2557
5760.0,3,Gram Panchayat,94421,1,Meghaul,मेघौल,2248
5761.0,3,Gram Panchayat,97489,1,Meghaul,मेघौल,2448
5762.0,3,Gram Panchayat,96655,1,Meghauna,मेघौना,2396
5763.0,3,Gram Panchayat,97217,1,Meghbon,मेघबों,2433
5764.0,3,Gram Panchayat,98067,1,Meghi Ngawan,मेघि न्गावान,2478
5765.0,3,Gram Panchayat,99457,1,Meghua,मेघुआ,2576
5766.0,3,Gram Panchayat,93882,1,Meh,मेह,2216
5767.0,3,Gram Panchayat,101115,1,Mehasia,मेहासिया,2684
5768.0,3,Gram Panchayat,101529,1,Meha Simar,मेहा सिमर,2710
5769.0,3,Gram Panchayat,94360,2,Mehdouli,मेहदौली,2242
5770.0,3,Gram Panchayat,98589,1,Mehnaul,मेहनौल,2516
5771.0,3,Gram Panchayat,100455,1,Mehsari,महिसारी,2638
5772.0,3,Gram Panchayat,100877,3,Mehuns,मेहुस,2666
5773.0,3,Gram Panchayat,98483,1,Mehura,मेहुड़ा,2510
5774.0,3,Gram Panchayat,95135,1,Meknabeda,मेकना बैदा,2297
5775.0,3,Gram Panchayat,99000,1,Mekra,मेकरा,2543
5776.0,3,Gram Panchayat,99086,1,Menpura Anda,मेनपूरा अंडा,2548
5777.0,3,Gram Panchayat,99044,2,Mera Patouna,मेरा पतौना,2545
5778.0,3,Gram Panchayat,96306,1,Merh,मेढ़,2372
5779.0,3,Gram Panchayat,245367,2,Mesaudha,मेसौढा,2668
5780.0,3,Gram Panchayat,98347,1,Meskaur,मेसकौर,2501
5781.0,3,Gram Panchayat,101026,1,Methaura,मेथौरा,2678
5782.0,3,Gram Panchayat,96345,2,Meuda,मेउडा,2375
5783.0,3,Gram Panchayat,98213,1,Meyar,मेयर,2489
5784.0,3,Gram Panchayat,98246,3,Meyar,मेयर,2492
5785.0,3,Gram Panchayat,95553,2,Meyari,मेयारी,2322
5786.0,3,Gram Panchayat,98068,1,Mhammadpur,म्हंमदपुर,2478
5787.0,3,Gram Panchayat,93802,1,Miapur,मियांपुर,2212
5788.0,3,Gram Panchayat,96683,1,Middle Borne,मिड्ल बॉर्न,2398
5789.0,3,Gram Panchayat,100897,1,Minapur Balha,मीनापुर बलहा,2668
5790.0,3,Gram Panchayat,97888,1,Mira Pur,मीरापुर,2470
5791.0,3,Gram Panchayat,96136,1,Mircha- Pathak Chak,मिर्चा पाठकचक,2360
5792.0,3,Gram Panchayat,93777,1,Mirdaul,मिरदौल,2211
5793.0,3,Gram Panchayat,96057,1,Mirgaganj,मिर्जागंज,2355
5794.0,3,Gram Panchayat,94738,1,Mirhatti,मिरहट्टी,2270
5795.0,3,Gram Panchayat,96277,1,Miria,मिरियां,2370
5796.0,3,Gram Panchayat,94102,1,Mirjapur,मिर्ज़ापुर,2228
5797.0,3,Gram Panchayat,94238,1,Mirjapur,मिर्जापुर,2236
5798.0,3,Gram Panchayat,96852,1,Mirjapur,मिर्जापुर,2407
5799.0,3,Gram Panchayat,98158,1,Mirjapur,मिर्जापुर,2484
5800.0,3,Gram Panchayat,95288,1,Mirja Pur,मिर्ज़ापुर,2305
5801.0,3,Gram Panchayat,101655,1,Mirjawa,मिर्जवा,2718
5802.0,3,Gram Panchayat,93834,1,Mirjpur,मिर्ज़ापुर,2213
5803.0,3,Gram Panchayat,101269,1,Mirjumala,मिरजुमला,2692
5804.0,3,Gram Panchayat,98257,1,Mirnagar,मीरनगर,2493
5805.0,3,Gram Panchayat,93935,1,Mirpur,मीरपुर,2219
5806.0,3,Gram Panchayat,100628,1,Mirpur Juara,मीरपुर जुआरा,2647
5807.0,3,Gram Panchayat,101922,1,Mirpur Patadh,मीरपुर पातढ़,2732
5808.0,3,Gram Panchayat,101842,1,Mirza Nagar,मिर्ज़ा नगर,2728
5809.0,3,Gram Panchayat,93709,1,Mirzapur,मिर्ज़ापुर,2208
5810.0,3,Gram Panchayat,98348,1,Mirzapur,मिर्ज़ापुर,2501
5811.0,3,Gram Panchayat,100674,1,Mirzapur,मिर्जापुर,2650
5812.0,3,Gram Panchayat,100720,1,Mirzapur,मिर्ज़ापुर,2653
5813.0,3,Gram Panchayat,101027,1,Mirzapur,मिर्ज़ापुर,2678
5814.0,3,Gram Panchayat,100629,1,Mirza Pur,मिर्ज़ा पुर,2647
5815.0,3,Gram Panchayat,97609,2,Mirzapur Bardah,मिर्ज़ापुर बरदह,2456
5816.0,3,Gram Panchayat,245369,3,Mirzapur Dhobahi,मिर्ज़ापुर धोबाहीं,2670
5817.0,3,Gram Panchayat,97993,1,Mishraulia,मिश्रौलिया,2474
5818.0,3,Gram Panchayat,101028,1,Mishraulia,मिश्हरौलिया,2678
5819.0,3,Gram Panchayat,101859,1,Mishraulia Afzalpur,मिश्हरौलिया अफ़ज़ालपुर,2729
5820.0,3,Gram Panchayat,99209,1,Mishrauliya,मिश्हरौलिया,2557
5821.0,3,Gram Panchayat,97175,1,Misraulia,मिसरौलिया,2431
5822.0,3,Gram Panchayat,99137,1,Misraulia,मिसरौलिया,2552
5823.0,3,Gram Panchayat,98803,1,Missi,मिस्सी,2529
5824.0,3,Gram Panchayat,100630,1,Mithe Pur,मीठे पुर,2647
5825.0,3,Gram Panchayat,95166,1,Mithunia,मिटुनिआ,2298
5826.0,3,Gram Panchayat,96278,1,Miu-Sukharipur,मींव सुखारीपुर,2370
5827.0,3,Gram Panchayat,101678,1,Miya Bairo,मिया बैरो,2719
5828.0,3,Gram Panchayat,101476,1,Miya Ke Bhatkan,मिया के भटकन,2707
5829.0,3,Gram Panchayat,98527,1,Miyapur,मियांपुर,2512
5830.0,3,Gram Panchayat,94946,1,Moap Kala,मोअप कला,2283
5831.0,3,Gram Panchayat,94947,1,Moap Khurd,मोअप खुर्द,2283
5832.0,3,Gram Panchayat,100036,1,Mobarakpur,मोबारकपुर,2616
5833.0,3,Gram Panchayat,100704,1,Mobarakpur,मुबारकपुर,2652
5834.0,3,Gram Panchayat,98906,1,Mobarakpur-Raghurampur,मोबारक़पुर-रघुरामपुर,2536
5835.0,3,Gram Panchayat,95512,2,Mocharim,मोछारिं,2319
5836.0,3,Gram Panchayat,96235,1,Modan Ganj,मोदनगंज गोविंदपुर,2367
5837.0,3,Gram Panchayat,95807,1,Mogal Biraicha,मोगल बिरैचा,2339
5838.0,3,Gram Panchayat,99619,1,Mogalia Puran Daha (East),मोगलिया पुराण दहा (पूर्वी),2585
5839.0,3,Gram Panchayat,99620,1,Mogalia Purndaha West,मोगलिया पुरन्दाहा पश्चिम,2585
5840.0,3,Gram Panchayat,98804,1,Mogal Pura,मोगलपूरा,2529
5841.0,3,Gram Panchayat,100787,2,Mohabbat Parsa,मोहब्बत परसा,2658
5842.0,3,Gram Panchayat,97942,1,Mohabbatpur,मोहब्बतपुर,2472
5843.0,3,Gram Panchayat,100862,2,Mohabbatpur,मोहब्बतपुर,2665
5844.0,3,Gram Panchayat,96921,1,Mohaddinagar,मोहद्दीनगर,2412
5845.0,3,Gram Panchayat,98679,1,Mohaddipur,महोदीपुर,2521
5846.0,3,Gram Panchayat,95806,2,Mohadipur Pakdiya,मोहदिपुर पकडिया,2339
5847.0,3,Gram Panchayat,101514,1,Mohamad Ganj,महामड गंज,2709
5848.0,3,Gram Panchayat,96785,1,Mohamadnagar,मोहमदनगर,2403
5849.0,3,Gram Panchayat,97218,1,Mohamadpur,मोहमदपुर,2433
5850.0,3,Gram Panchayat,99938,1,Mohamadpur,मोहम्मदपुर,2608
5851.0,3,Gram Panchayat,100317,1,Mohamad Pur Koari,मोहमदपुर कोआरी,2631
5852.0,3,Gram Panchayat,101740,2,Mohamadpur Pojha,मोहमदपुर पोझहा,2723
5853.0,3,Gram Panchayat,96967,1,Mohammadpur,मोहम्मदपुर,2416
5854.0,3,Gram Panchayat,100068,1,Mohammadpur,मोहम्मदपुर,2618
5855.0,3,Gram Panchayat,101950,2,Mohammadpur,मोहम्मदपुर,2734
5856.0,3,Gram Panchayat,97889,1,Mohammadpur Badal,मोहम्मदपुर बदल,2470
5857.0,3,Gram Panchayat,97817,2,Mohammad Pur Khaje,मोहम्मदपुर खाजे,2467
5858.0,3,Gram Panchayat,97799,1,Mohammadpur Mobarak,मोहम्मदपुर मोबारक,2466
5859.0,3,Gram Panchayat,95808,1,Mohammad Pur Nilami,महम्मदपुर नीलमी,2339
5860.0,3,Gram Panchayat,97818,1,Mohammadpur Subey,मोहम्मदपुर सूबे,2467
5861.0,3,Gram Panchayat,96470,1,Mohana Chandpur,मोहना चांदपुर,2383
5862.0,3,Gram Panchayat,98174,1,Mohanchak,मोहंचक,2485
5863.0,3,Gram Panchayat,99542,1,Mohania Chakala,मोहनिया चकला,2581
5864.0,3,Gram Panchayat,101186,1,Mohani Mandal,मोहनी मंडल,2687
5865.0,3,Gram Panchayat,99648,1,Mohani Tikapur,मोहनी टीकापुर,2587
5866.0,3,Gram Panchayat,94269,1,Mohanpur,मोहनपुर,2238
5867.0,3,Gram Panchayat,94337,6,Mohanpur,मोहनपुर,2241
5868.0,3,Gram Panchayat,94555,1,Mohanpur,मोहनपुर,2258
5869.0,3,Gram Panchayat,94646,1,Mohanpur,मोहनपुर,2265
5870.0,3,Gram Panchayat,96124,1,Mohanpur,मोहनपुर,2359
5871.0,3,Gram Panchayat,96618,1,Mohanpur,मोहनपुर,2393
5872.0,3,Gram Panchayat,96935,1,Mohanpur,मोहनपुर,2414
5873.0,3,Gram Panchayat,96997,1,Mohanpur,मोहनपुर,2418
5874.0,3,Gram Panchayat,99979,2,Mohanpur,मोहनपुर,2612
5875.0,3,Gram Panchayat,100012,1,Mohanpur,मोहनपुर,2614
5876.0,3,Gram Panchayat,100069,1,Mohanpur,मोहनपुर,2618
5877.0,3,Gram Panchayat,100254,1,Mohanpur,मोहनपुर,2627
5878.0,3,Gram Panchayat,100898,2,Mohanpur,मोहनपुर,2668
5879.0,3,Gram Panchayat,101904,1,Mohanpur,मोहनपुर,2731
5880.0,3,Gram Panchayat,94528,3,Mohanpur Goughatta,मेहनपुर गोघट्टा,2256
5881.0,3,Gram Panchayat,94645,1,Mohan Pur Madhu Ban,मोहन पुर मधु बन,2265
5882.0,3,Gram Panchayat,99737,1,Mohini,मोहिनी,2593
5883.0,3,Gram Panchayat,101057,1,Mohini,मोहिनी,2680
5884.0,3,Gram Panchayat,100265,1,Mohiuddinnagar North,मोहीउद्दीननगर उत्तर,2628
5885.0,3,Gram Panchayat,100330,2,Mohiuddin Nagar Rosera East,मोहिउद्दीननगर पूर्वी,2632
5886.0,3,Gram Panchayat,100266,1,Mohiuddinnagar South,मोहीउद्दीननगर दक्षिण,2628
5887.0,3,Gram Panchayat,100331,3,Mohiuddinnagar Urf Rosera West,मोहिउद्दीननगर पश्चिम,2632
5888.0,3,Gram Panchayat,98462,1,Mohiuddinpur,मोहिउद्दीनपुर,2509
5889.0,3,Gram Panchayat,100488,1,Mohiuddinpur,मोहीउद्दिनपुर,2640
5890.0,3,Gram Panchayat,98934,1,Mohiuddin Pur,मोहिउद्दीनपुर,2538
5891.0,3,Gram Panchayat,101787,1,Mohiuddinpur Garahi,मोहीउद्दिनपुर गरही,2725
5892.0,3,Gram Panchayat,95118,1,Mohiudinpur Pakri,मोहिउद्दीनपुर पकड़ी,2296
5893.0,3,Gram Panchayat,97943,1,Mohjamma,मोहजम्मा,2472
5894.0,3,Gram Panchayat,100267,1,Mohmadipur,मोहमदिपुर,2628
5895.0,3,Gram Panchayat,101827,2,Mohmadpur,मोहमदपुर,2727
5896.0,3,Gram Panchayat,100318,1,Mohmadpur Deopar,महमदपुर देवपार,2631
5897.0,3,Gram Panchayat,93835,1,Mohni,मोहनी,2213
5898.0,3,Gram Panchayat,98175,1,Mojaphra,मोजाफरा,2485
5899.0,3,Gram Panchayat,99925,1,Mokar,मोकर,2607
5900.0,3,Gram Panchayat,96289,1,Mokaram,मोकरम,2371
5901.0,3,Gram Panchayat,96279,1,Mokari,मोकरी,2370
5902.0,3,Gram Panchayat,94361,2,Mokhtiyarpur,मोख्तियारपुर,2242
5903.0,3,Gram Panchayat,100168,1,Mokhtiyarpur Salkhani,मोख्तियारपुर सलखन्नी,2623
5904.0,3,Gram Panchayat,100092,1,Mokma,मोकमा,2619
5905.0,3,Gram Panchayat,101253,2,Molnapur,मोलनापुर,2691
5906.0,3,Gram Panchayat,98935,1,Momin Pur,मोमिन्दपुर,2538
5907.0,3,Gram Panchayat,101270,1,Morakhas,मोरा खास,2692
5908.0,3,Gram Panchayat,94215,1,Morama Bangaon,मोरामा बनगांव,2235
5909.0,3,Gram Panchayat,95513,1,Mora Mardana,मोरा मर्दाना,2319
5910.0,3,Gram Panchayat,95514,1,Mora Tal,मोरा टाल,2319
5911.0,3,Gram Panchayat,98233,1,Moratalao,मोरतलाओ,2491
5912.0,3,Gram Panchayat,99738,1,Morauna,मोरौना,2593
5913.0,3,Gram Panchayat,98431,1,Morawan,मोरमा,2507
5914.0,3,Gram Panchayat,100354,1,Mordewa,मोरदिवा,2633
5915.0,3,Gram Panchayat,99001,4,Mor (East),मोर(पूर्बी),2543
5916.0,3,Gram Panchayat,95554,3,Morhe,मोरहे,2322
5917.0,3,Gram Panchayat,98889,2,Moriyawan,मोरियावाँ,2535
5918.0,3,Gram Panchayat,98866,2,Moriyawa Shivgadh,मोरियावाॅ शिवगढ़,2533
5919.0,3,Gram Panchayat,96933,1,Morma,मोर्मा,2413
5920.0,3,Gram Panchayat,95273,1,Moro,मोरो,2304
5921.0,3,Gram Panchayat,100319,1,Morsand,मोरसंड,2631
5922.0,3,Gram Panchayat,101147,1,Morsand,मोरसंद,2685
5923.0,3,Gram Panchayat,96520,2,Morsanda,मोरसंडा,2386
5924.0,3,Gram Panchayat,97012,1,Morsanda,मोरसंड़ा,2419
5925.0,3,Gram Panchayat,97875,1,Morsandi,मोरसंडी,2469
5926.0,3,Gram Panchayat,100283,1,Morwa North,मोरवा उत्तरी,2629
5927.0,3,Gram Panchayat,100284,2,Morwa South,मोरवा दक्षिणी,2629
5928.0,3,Gram Panchayat,99002,3,Mor (West),मोर(पश्चिमी),2543
5929.0,3,Gram Panchayat,94307,2,Mosadpur,मोसादपुर,2240
5930.0,3,Gram Panchayat,98463,1,Mosama,मोसमा,2509
5931.0,3,Gram Panchayat,98952,1,Mosim Pur,मोसिमपुर,2540
5932.0,3,Gram Panchayat,99812,1,Motha,मोथा,2598
5933.0,3,Gram Panchayat,94206,2,Mothawari,मोथावाड़ी,2234
5934.0,3,Gram Panchayat,100332,1,Mothipur,मोतीपुर,2632
5935.0,3,Gram Panchayat,96812,1,Motihara Taluka,मोतिहारा तालुका,2405
5936.0,3,Gram Panchayat,98780,1,Motipur,मोतीपुर,2527
5937.0,3,Gram Panchayat,101594,1,Motipur,मोतीपुर,2715
5938.0,3,Gram Panchayat,95119,3,Moti Pur,मोतीपुर,2296
5939.0,3,Gram Panchayat,100632,2,Motirajpur,मोतीराजपुर,2647
5940.0,3,Gram Panchayat,100472,1,Moudhaneshpur North,मऊ धनेशपुर उत्तर,2639
5941.0,3,Gram Panchayat,100473,1,Moudhaneshpur South,मऊ धनेशपुर दक्षिण,2639
5942.0,3,Gram Panchayat,96833,2,Moudho,मोढ़ो,2406
5943.0,3,Gram Panchayat,99883,2,Moudihan,मौडिहां,2603
5944.0,3,Gram Panchayat,101530,1,Moujaha,मौजहा,2710
5945.0,3,Gram Panchayat,100186,1,Mouji,मौजी,2624
5946.0,3,Gram Panchayat,96042,1,Moura,मौरा,2354
5947.0,3,Gram Panchayat,97111,1,Moura Jharkaha,मौरा झरकाहा,2427
5948.0,3,Gram Panchayat,97112,2,Moura Kabiyahi,मौरा कबियाही,2427
5949.0,3,Gram Panchayat,99043,2,Mouri Piyarpura,मौरी पियरपुरा,2545
5950.0,3,Gram Panchayat,100721,1,Mubarakpur,मुबारकपुर,2653
5951.0,3,Gram Panchayat,98134,3,Mudhari,मुढारी,2483
5952.0,3,Gram Panchayat,97598,2,Mudheri,मुढ़ेरी,2455
5953.0,3,Gram Panchayat,99045,2,Mudika,मुडीका,2545
5954.0,3,Gram Panchayat,95034,1,Mugaon,मुगाओं,2290
5955.0,3,Gram Panchayat,99347,1,Muhamadpur,मुहमदपुर,2565
5956.0,3,Gram Panchayat,96368,1,Mujan,मुजान,2376
5957.0,3,Gram Panchayat,100578,1,Mujauna,मुजौना,2644
5958.0,3,Gram Panchayat,97472,1,Mukhiapatti,मुखियापट्टी,2447
5959.0,3,Gram Panchayat,96378,2,Mukhraon,मुखरॉव,2377
5960.0,3,Gram Panchayat,100627,2,Mukimpur,मुकिमपुर,2647
5961.0,3,Gram Panchayat,100788,2,Mukrera,मुकरेड़ा,2658
5962.0,3,Gram Panchayat,97840,1,Muksudpur,मकसूदपुर,2468
5963.0,3,Gram Panchayat,94815,2,Mukund Pur,मुकुन्दपुर,2275
5964.0,3,Gram Panchayat,101788,1,Mukundpur Bhath,मुकुंदपुर भात,2725
5965.0,3,Gram Panchayat,96438,1,Mukuria,मुकुरिया,2381
5966.0,3,Gram Panchayat,99564,1,Mulkiya,मूल्किया,2582
5967.0,3,Gram Panchayat,94004,1,Mungia,मूँगिया,2223
5968.0,3,Gram Panchayat,99502,2,Mungra Piyaji,मुंगरा पियाजी,2579
5969.0,3,Gram Panchayat,99813,1,Munji,मुंजी,2598
5970.0,3,Gram Panchayat,97675,2,Munni Baingari,मुन्नी बैनगरी,2461
5971.0,3,Gram Panchayat,99138,1,Mura,मुरा,2552
5972.0,3,Gram Panchayat,97597,1,Murade,मुरादे,2455
5973.0,3,Gram Panchayat,96640,2,Muradpur,मुरादपुर,2395
5974.0,3,Gram Panchayat,100013,1,Muradpur,मुरादपुर,2614
5975.0,3,Gram Panchayat,101029,1,Muradpur,मुरादपुर,2678
5976.0,3,Gram Panchayat,100430,1,Muradpur Bangra,मुरादपुर बंगरा,2637
5977.0,3,Gram Panchayat,95313,1,Muraitha,मुरैठा,2306
5978.0,3,Gram Panchayat,95020,1,Murar,मुरार,2289
5979.0,3,Gram Panchayat,238512,1,Murarhi Panchayat,मुरारी पंचायत,6806
5980.0,3,Gram Panchayat,93853,1,Murari Pur,मुरारीपुर,2214
5981.0,3,Gram Panchayat,101400,1,Murarpatti,मुरार्पत्ती,2702
5982.0,3,Gram Panchayat,99264,1,Murar Pur,मुरार पुर,2560
5983.0,3,Gram Panchayat,101932,1,Murauatpur,मुरौतपुर,2733
5984.0,3,Gram Panchayat,98069,1,Muraura,मुरौरा,2478
5985.0,3,Gram Panchayat,97219,1,Mureth,मूरेत्,2433
5986.0,3,Gram Panchayat,96176,1,Murgaon,मुरगाँव,2363
5987.0,3,Gram Panchayat,98045,1,Murgia Chak,मुर्गिया चक,2476
5988.0,3,Gram Panchayat,97176,1,Murhadi,मुर्हाड़ी,2431
5989.0,3,Gram Panchayat,98417,1,Murhaina,मुरहैना,2506
5990.0,3,Gram Panchayat,94556,1,Murhan Jamin,मुरहन जमीन,2258
5991.0,3,Gram Panchayat,96243,2,Murhara,मुरहारा,2368
5992.0,3,Gram Panchayat,97076,1,Murho,मुरहो,2424
5993.0,3,Gram Panchayat,95235,1,Muria,मुरिया,2301
5994.0,3,Gram Panchayat,99726,1,Muriar,मुडियार,2592
5995.0,3,Gram Panchayat,101392,1,Muriyari,मुड़ियारी,2701
5996.0,3,Gram Panchayat,99414,1,Murla,मुरला,2572
5997.0,3,Gram Panchayat,94666,1,Murli,मुरली,2266
5998.0,3,Gram Panchayat,101608,1,Murli,मुरली,2716
5999.0,3,Gram Panchayat,99980,2,Murlibasantpur,मुरलीबसंतपुर,2612
6000.0,3,Gram Panchayat,99127,1,Murtiya,मूर्तिया,2551
6001.0,3,Gram Panchayat,100937,2,Musachak,मूसचक,2672
6002.0,3,Gram Panchayat,93710,1,Musahari,मुसहरी,2208
6003.0,3,Gram Panchayat,95844,1,Musahari,मुसेहरी,2341
6004.0,3,Gram Panchayat,95682,1,Musaila,मुसैइला,2330
6005.0,3,Gram Panchayat,96586,1,Musapur,मुसापुर,2390
6006.0,3,Gram Panchayat,100379,2,Musapur,मुसापुर,2634
6007.0,3,Gram Panchayat,100553,1,Musepur,मुसेपुर,2643
6008.0,3,Gram Panchayat,97907,1,Mushahari Radha Nagar,मुशहरी राधा नगर,2471
6009.0,3,Gram Panchayat,98567,1,Mushahari Senwaria,मुसहरी सेनुअरिया,2515
6010.0,3,Gram Panchayat,98841,1,Mushepur,मुशेपुर,2532
6011.0,3,Gram Panchayat,100138,1,Mushtafapur,मुस्तफापुर,2621
6012.0,3,Gram Panchayat,95745,1,Musi,मूसी,2336
6013.0,3,Gram Panchayat,101324,1,Mustafabad,मुस्तफ़ाबाद,2695
6014.0,3,Gram Panchayat,97741,1,Mustafapur,मुस्तफापुर,2464
6015.0,3,Gram Panchayat,96187,1,Muther,मुठेर,2364
6016.0,3,Gram Panchayat,97676,1,Mutlupur,मुतलुपुर,2461
6017.0,3,Gram Panchayat,98214,1,Muzaffarpur,मुज़फ़्फ़रपुर,2489
6018.0,3,Gram Panchayat,97316,1,Nabani,नवानी,2438
6019.0,3,Gram Panchayat,95021,1,Nachap,नाछाप,2289
6020.0,3,Gram Panchayat,99939,1,Nad,नाद,2608
6021.0,3,Gram Panchayat,99046,1,Nadahari Kodahari,नदहरी कोदहरी,2545
6022.0,3,Gram Panchayat,95253,1,Nadai,नदैई,2302
6023.0,3,Gram Panchayat,94999,1,Nadaon,नादाओं,2286
6024.0,3,Gram Panchayat,95526,1,Nadarpur,नदरपुर,2320
6025.0,3,Gram Panchayat,98985,2,Nadaul,नदौल,2542
6026.0,3,Gram Panchayat,95598,1,Nadaura,नदौरा,2325
6027.0,3,Gram Panchayat,238532,3,Nadaura Panchayat,नदौरा पंचायत,6808
6028.0,3,Gram Panchayat,98814,1,Nadawan,नाडवान,2530
6029.0,3,Gram Panchayat,98484,1,Nadda,नड्डा,2510
6030.0,3,Gram Panchayat,97091,1,Nadhi,नाढ़ी,2425
6031.0,3,Gram Panchayat,95436,1,Nadiami Kurson,नदियामी,2313
6032.0,3,Gram Panchayat,98215,1,Nadiauna,नदियौना,2489
6033.0,3,Gram Panchayat,94557,1,Nadiyama,नदियामा,2258
6034.0,3,Gram Panchayat,100109,1,Nado,नादो,2620
6035.0,3,Gram Panchayat,98890,2,Nadwa,नदवाँ,2535
6036.0,3,Gram Panchayat,100169,1,Nagargama,नगरगामा,2623
6037.0,3,Gram Panchayat,94816,1,Nagari,नगरी,2275
6038.0,3,Gram Panchayat,100803,1,Nagarmira,नजरमीरा,2659
6039.0,3,Gram Panchayat,98201,1,Nagarnausa,नगरनौसा,2488
6040.0,3,Gram Panchayat,94601,2,Nagarpara East,नगरपरा पूर्वी,2262
6041.0,3,Gram Panchayat,94602,1,Nagarpara North,नगरपरा उत्तर,2262
6042.0,3,Gram Panchayat,94603,1,Nagarpara South,नगरपरा दक्षिण,2262
6043.0,3,Gram Panchayat,95555,1,Nagawa,नगवा,2322
6044.0,3,Gram Panchayat,97220,1,Nagbas,नाग्बास,2433
6045.0,3,Gram Panchayat,99139,1,Nagdaha,नागदहा,2552
6046.0,3,Gram Panchayat,97221,1,Nagdah Balain,नागदाः बालाईन,2433
6047.0,3,Gram Panchayat,98867,1,Naghar,नगहर,2533
6048.0,3,Gram Panchayat,95085,1,Nagpur,नागपुर,2294
6049.0,3,Gram Panchayat,100754,1,Nagra,नगरा,2655
6050.0,3,Gram Panchayat,94628,2,Nagrah,नगरह,2264
6051.0,3,Gram Panchayat,101860,1,Nagwa,नगवा,2729
6052.0,3,Gram Panchayat,95599,1,Nagwan,नगवॉ,2325
6053.0,3,Gram Panchayat,95616,1,Nagwan,नगवाँ,2326
6054.0,3,Gram Panchayat,238508,1,Nagwan Panchayat,नगवां  पंचायत,6806
6055.0,3,Gram Panchayat,97765,1,Nagwara,नगवारा,2465
6056.0,3,Gram Panchayat,97396,2,Nahari,नहरी,2443
6057.0,3,Gram Panchayat,97288,1,Naharnia,नाहरणिया,2436
6058.0,3,Gram Panchayat,99997,2,Naharwar,नाहरवार,2613
6059.0,3,Gram Panchayat,97244,1,Nahas Rupauli North,नाहस रुपौली उत्तर,2434
6060.0,3,Gram Panchayat,97245,1,Nahas Rupauli South,नाहस रुपौली दक्षिण,2434
6061.0,3,Gram Panchayat,99927,1,Nahauna,नहौना,2607
6062.0,3,Gram Panchayat,98247,2,Nahub,नहूब,2492
6063.0,3,Gram Panchayat,95575,2,Naili,नैली,2323
6064.0,3,Gram Panchayat,95699,1,Naili,नैली,2332
6065.0,3,Gram Panchayat,96236,1,Naima,नईमा,2367
6066.0,3,Gram Panchayat,95236,1,Nainaghat,नैनाघाट,2301
6067.0,3,Gram Panchayat,100554,1,Naini,नैनी,2643
6068.0,3,Gram Panchayat,98248,2,Nai Pokhar,नई पोखर,2492
6069.0,3,Gram Panchayat,96154,1,Naiyadih,नैयाडीह,2361
6070.0,3,Gram Panchayat,96125,1,Najari,नजारी,2359
6071.0,3,Gram Panchayat,99128,1,Nakardei,नकारदेई,2551
6072.0,3,Gram Panchayat,97599,2,Naki,नाकि,2455
6073.0,3,Gram Panchayat,99073,1,Nakta Diyara,नकटा दियारा,2547
6074.0,3,Gram Panchayat,93803,1,Nakta Khurd,नकटाखुर्द,2212
6075.0,3,Gram Panchayat,100187,1,Nakuni,नकुनी,2624
6076.0,3,Gram Panchayat,96503,2,Nalsar,नलसर,2384
6077.0,3,Gram Panchayat,100217,1,Namapur,नामापुर,2625
6078.0,3,Gram Panchayat,98269,1,Nanand,ननंद,2494
6079.0,3,Gram Panchayat,95662,1,Nanauk,नानौक,2329
6080.0,3,Gram Panchayat,97161,1,Nanaur,ननौर,2430
6081.0,3,Gram Panchayat,95340,3,Nanaura,ननौरा,2307
6082.0,3,Gram Panchayat,95538,1,Nandai,नन्दई,2321
6083.0,3,Gram Panchayat,95035,1,Nandan,नंदन,2290
6084.0,3,Gram Panchayat,101656,1,Nandana,नान्दना,2718
6085.0,3,Gram Panchayat,99503,1,Nandania,नन्दनियाँ,2579
6086.0,3,Gram Panchayat,93836,1,Nandanpur,नंदनपुर,2213
6087.0,3,Gram Panchayat,96307,3,Nandgaon,नन्दगाँव,2372
6088.0,3,Gram Panchayat,94529,2,Nandlal Pur,नन्दलाल पुर,2256
6089.0,3,Gram Panchayat,97841,1,Nandna,नंदना,2468
6090.0,3,Gram Panchayat,96943,1,Nand Nama,नन्द नामा,2415
6091.0,3,Gram Panchayat,100938,1,Nandwara,नंड़वारा,2672
6092.0,3,Gram Panchayat,99390,1,Nanfarwa,ननफरवा,2569
6093.0,3,Gram Panchayat,94749,1,Nanour,ननौर,2271
6094.0,3,Gram Panchayat,101059,1,Nanpur Dakshini,नानपुर दक्षिणी,2680
6095.0,3,Gram Panchayat,101058,1,Nanpur Uttari,नानपुर उत्तरी,2680
6096.0,3,Gram Panchayat,100974,1,Naraha,नराहा,2674
6097.0,3,Gram Panchayat,101187,1,Naraha,नराहा,2687
6098.0,3,Gram Panchayat,99746,3,Naraina,नरैना,2594
6099.0,3,Gram Panchayat,94392,1,Narain Pipar,नारायण पीपर,2245
6100.0,3,Gram Panchayat,98279,1,Naraiyanpur,नरायंपुर,2495
6101.0,3,Gram Panchayat,101401,1,Narakatia,नरकटिया,2702
6102.0,3,Gram Panchayat,101080,1,Naranga Dakshini,नारंगा दक्षिणी,2681
6103.0,3,Gram Panchayat,101081,1,Naranga Uttari,नारंगा उत्तरी,2681
6104.0,3,Gram Panchayat,100633,2,Naraon,नरॉव,2647
6105.0,3,Gram Panchayat,97347,2,Narar East,नरार पूर्वी,2440
6106.0,3,Gram Panchayat,97334,2,Narar West,नरार पश्चिम,2439
6107.0,3,Gram Panchayat,97908,1,Narauli,नरौली,2471
6108.0,3,Gram Panchayat,95454,1,Narawat,नरावत,2315
6109.0,3,Gram Panchayat,244452,2,Narawbhar,नरावभर,2567
6110.0,3,Gram Panchayat,94103,1,Narayanpur,नारायणपुर,2228
6111.0,3,Gram Panchayat,94884,1,Narayanpur,नारायणपुर,2279
6112.0,3,Gram Panchayat,96244,3,Narayanpur,नारायणपुर,2368
6113.0,3,Gram Panchayat,96610,1,Narayanpur,नारायणपुर,2392
6114.0,3,Gram Panchayat,99741,3,Narayanpur,नरायणपूर,2594
6115.0,3,Gram Panchayat,100821,1,Narayanpur,नारायणपुर,2660
6116.0,3,Gram Panchayat,94750,1,Narayan Pur,नारायण पुर,2271
6117.0,3,Gram Panchayat,95051,1,Narayan Pur,नारायण पुर,2291
6118.0,3,Gram Panchayat,95539,1,Narayan Pur,नारायणपुर,2321
6119.0,3,Gram Panchayat,101923,1,Narayanpur Buzurg,नारायणपुर बुज़ुर्ग,2732
6120.0,3,Gram Panchayat,94567,2,Narayanpur Laxmipur,नारायणपुर लक्ष्मीपुर,2259
6121.0,3,Gram Panchayat,94865,1,Narbirpur,नरबिरपुर,2278
6122.0,3,Gram Panchayat,97105,2,Nardah,नरदह,2426
6123.0,3,Gram Panchayat,98358,1,Nardiganj,नारदीगंज,2502
6124.0,3,Gram Panchayat,97416,1,Narendrapur,नरेंद्रपुर,2444
6125.0,3,Gram Panchayat,101477,2,Narendrapur,नरेन्द्रपुर,2707
6126.0,3,Gram Panchayat,94789,2,Nargada,नर्गडा,2273
6127.0,3,Gram Panchayat,238515,1,Narga Panchayat,नरगा पंचायत,6806
6128.0,3,Gram Panchayat,100139,1,Narhan,नरहन,2621
6129.0,3,Gram Panchayat,101430,2,Narhan,नरहन,2704
6130.0,3,Gram Panchayat,96388,2,Narhan-Jamurana,नरहन-जमुरना,2378
6131.0,3,Gram Panchayat,244482,1,Narhan Panapur,नरहन पनपुर,2576
6132.0,3,Gram Panchayat,94362,1,Narhari Pur,नरहरिपुर,2242
6133.0,3,Gram Panchayat,100722,1,Narhar Pur,नरहरपुर,2653
6134.0,3,Gram Panchayat,98367,1,Narhat,नरहट,2503
6135.0,3,Gram Panchayat,98916,2,Narhi Pirhi,नरही पिरही,2537
6136.0,3,Gram Panchayat,97417,1,Narhiya North,नारहिया उत्तर,2444
6137.0,3,Gram Panchayat,97418,1,Narhiya South,नारहिया दक्षिण,2444
6138.0,3,Gram Panchayat,95254,1,Nari,नारी,2302
6139.0,3,Gram Panchayat,97876,1,Nariar,नरीयार,2469
6140.0,3,Gram Panchayat,101789,1,Nari Khurd,नारी खुर्द,2725
6141.0,3,Gram Panchayat,99193,1,Narkatia,नरकटिया,2556
6142.0,3,Gram Panchayat,95354,1,Narkatia Bhandara,नरकटिया भंडरिया,2308
6143.0,3,Gram Panchayat,97696,1,Narkatiya,नरकटिया,2462
6144.0,3,Gram Panchayat,97697,1,Narma,नरमा,2462
6145.0,3,Gram Panchayat,95120,2,Narma Navnagar,नवानगर नरमा,2296
6146.0,3,Gram Panchayat,98023,1,Narngi Jiwnath,नरगी जीवनाथ,2475
6147.0,3,Gram Panchayat,100151,1,Narpa,नरपा,2622
6148.0,3,Gram Panchayat,97490,1,Narpati Nagar,नरपति नगर,2448
6149.0,3,Gram Panchayat,98097,2,Narsanda,नरसंडा,2480
6150.0,3,Gram Panchayat,95274,1,Narsara,नरसरा,2304
6151.0,3,Gram Panchayat,96988,1,Narthua Bhagipur,नरथुआ भागीपुर,2417
6152.0,3,Gram Panchayat,97317,1,Naruar,नरुआर,2438
6153.0,3,Gram Panchayat,99848,2,Narwar,नरवर,2600
6154.0,3,Gram Panchayat,100926,1,Narwara,नरवारा,2671
6155.0,3,Gram Panchayat,98116,1,Naryanpur,नारयाणपुर,2481
6156.0,3,Gram Panchayat,100705,1,Nasira,नसीरा,2652
6157.0,3,Gram Panchayat,100579,1,Natha Chhapra,नाथा छपरा,2644
6158.0,3,Gram Panchayat,94790,1,Nathmal Pur,नथमल पुर,2273
6159.0,3,Gram Panchayat,93778,1,Nathpur,नाथपुर,2211
6160.0,3,Gram Panchayat,99565,2,Nathpur,नाथपुर,2582
6161.0,3,Gram Panchayat,99705,1,Nath Pur,नाथ पुर,2590
6162.0,3,Gram Panchayat,101460,1,Nathu Chhap,नाथुछाप,2706
6163.0,3,Gram Panchayat,100237,2,Natthudwar,नत्थूद्वार,2626
6164.0,3,Gram Panchayat,96786,1,Natuapara,नटुआपारा,2403
6165.0,3,Gram Panchayat,97270,1,Naua Bakhar,नौआ बखार,2435
6166.0,3,Gram Panchayat,100381,2,Nauachak,नौआचक,2634
6167.0,3,Gram Panchayat,96030,1,Nauadih,नौवाडीह,2353
6168.0,3,Gram Panchayat,95617,1,Naudiha,नौडिहा,2326
6169.0,3,Gram Panchayat,95633,1,Naudiha,नौडीहा,2327
6170.0,3,Gram Panchayat,95556,2,Naudiha Jhurang,नौदिहा झुरंग,2322
6171.0,3,Gram Panchayat,95557,1,Naudiha Sultanpur,नौदिहा सुल्तानपुर,2322
6172.0,3,Gram Panchayat,93863,1,Naugarh,नौगढ,2215
6173.0,3,Gram Panchayat,99868,1,Nauhatta,नौहत्ता,2602
6174.0,3,Gram Panchayat,96853,2,Naukatta,नौकट्टा,2407
6175.0,3,Gram Panchayat,100016,1,Naula,नौला,2614
6176.0,3,Gram Panchayat,99543,1,Naulakhi,नौलखी,2581
6177.0,3,Gram Panchayat,94005,2,Naur,नाउर,2223
6178.0,3,Gram Panchayat,95663,1,Nauranga,नौरंगा,2329
6179.0,3,Gram Panchayat,99003,2,Nauranga Jalalpur,नौरंगा जलालपुर,2543
6180.0,3,Gram Panchayat,98753,1,Naurangia Done,नौरंगिया दोन,2525
6181.0,3,Gram Panchayat,98511,2,Naurangiya Dardri,नौरंगिया दरदरी,2511
6182.0,3,Gram Panchayat,96188,1,Nauru,नौरू,2364
6183.0,3,Gram Panchayat,95845,1,Nautan,नवतन,2341
6184.0,3,Gram Panchayat,100723,1,Nautan,नौतन,2653
6185.0,3,Gram Panchayat,101402,1,Nautan,नौतन,2702
6186.0,3,Gram Panchayat,98680,1,Nautan Khurd,नौतन खुर्द,2521
6187.0,3,Gram Panchayat,98705,2,Nautanwa,नौतनवा,2522
6188.0,3,Gram Panchayat,101531,2,Nauwabakhar,नौवाबाखर,2710
6189.0,3,Gram Panchayat,99849,3,Nauwan,नौवाँ,2600
6190.0,3,Gram Panchayat,98815,3,Navada,नरौदा,2530
6191.0,3,Gram Panchayat,97222,1,Nav Karhi,नव करहि,2433
6192.0,3,Gram Panchayat,96611,2,Nawabganj,नवाबगंज,2392
6193.0,3,Gram Panchayat,93779,1,Nawab Ganj,नवाबगंज,2211
6194.0,3,Gram Panchayat,95187,1,Nawada,नवादा,2299
6195.0,3,Gram Panchayat,95767,1,Nawada,नवादा,2337
6196.0,3,Gram Panchayat,95809,2,Nawada,नवादा,2339
6197.0,3,Gram Panchayat,97438,1,Nawada,नवादा,2445
6198.0,3,Gram Panchayat,99140,2,Nawada,नवादा,2552
6199.0,3,Gram Panchayat,100611,1,Nawada,नवादा,2646
6200.0,3,Gram Panchayat,100662,1,Nawada,नवादा,2649
6201.0,3,Gram Panchayat,100744,1,Nawada,नवादा,2654
6202.0,3,Gram Panchayat,94964,2,Nawada Ben,नवादा बेन,2284
6203.0,3,Gram Panchayat,94216,1,Nawada Kharouni,नवादा खरौनी,2235
6204.0,3,Gram Panchayat,96002,1,Nawada Parsauni,नवादा पर्सौनी,2351
6205.0,3,Gram Panchayat,95527,1,Nawadih,नवाडीह,2320
6206.0,3,Gram Panchayat,98336,1,Nawadih,नावाडीह,2500
6207.0,3,Gram Panchayat,99900,1,Nawadih,नावाडीह,2605
6208.0,3,Gram Panchayat,244451,1,Nawadih,नवाडीह,2567
6209.0,3,Gram Panchayat,96031,1,Nawadih Silfari,नावाडीह सिल्फरी,2353
6210.0,3,Gram Panchayat,97610,3,Nawagarhi North,नौवागढ़ी उत्त्तरी,2456
6211.0,3,Gram Panchayat,97611,3,Nawagarhi South,नौवागढ़ी  दक्षिणी,2456
6212.0,3,Gram Panchayat,98606,1,Nawalpur,नवलपुर,2517
6213.0,3,Gram Panchayat,101237,2,Nawalpur,नवलपुर,2690
6214.0,3,Gram Panchayat,95515,1,Nawan,नवान,2319
6215.0,3,Gram Panchayat,95066,1,Nawanagar,नावानगर,2293
6216.0,3,Gram Panchayat,101704,2,Nawanagar,नवानगर,2720
6217.0,3,Gram Panchayat,99023,1,Nawdiha,नवडीहा,2544
6218.0,3,Gram Panchayat,99024,1,Nawhi,नवही,2544
6219.0,3,Gram Panchayat,94450,2,Nawkothi,नावकोठी,2251
6220.0,3,Gram Panchayat,99364,1,Nawrangia,नवरंगिया,2566
6221.0,3,Gram Panchayat,99333,1,Nawrangia Madhopur,नवरंगिया माधोपुर,2564
6222.0,3,Gram Panchayat,93678,1,Naya Bhargama,नया भरगामा,2207
6223.0,3,Gram Panchayat,94115,6,Nayagaon,नयागांव,2229
6224.0,3,Gram Panchayat,94739,1,Nayagaon,नयागाँव,2270
6225.0,3,Gram Panchayat,97663,2,Nayagaon,नयागाँव,2460
6226.0,3,Gram Panchayat,100804,1,Nayagaon,नयागांव,2659
6227.0,3,Gram Panchayat,101447,1,Nayagaon,नयागांव,2705
6228.0,3,Gram Panchayat,100884,2,Nayagaon (E),नयागॉव पूर्वी,2667
6229.0,3,Gram Panchayat,101934,1,Nayagaon East,नयागाओं पूर्वी,2733
6230.0,3,Gram Panchayat,95341,1,Naya Gaon East,नयागांव पूर्वी,2307
6231.0,3,Gram Panchayat,98512,2,Nayagaon Rampur,नयागाँव रामपुर,2511
6232.0,3,Gram Panchayat,100885,2,Nayagaon (W),नयागॉव पश्चिमी,2667
6233.0,3,Gram Panchayat,95342,1,Naya Gaon West,नयागांव पश्चिमी,2307
6234.0,3,Gram Panchayat,101933,1,Naya Gaon West,नयागाओं पश्चिम,2733
6235.0,3,Gram Panchayat,97141,1,Nayanagar,नयानगर,2429
6236.0,3,Gram Panchayat,100188,1,Naya Nagar,नयानगर,2624
6237.0,3,Gram Panchayat,98432,1,Nazardih,नजरडीह,2507
6238.0,3,Gram Panchayat,96834,1,Nazarpur,नज़रपुर,2406
6239.0,3,Gram Panchayat,97459,2,Nazirpur,नाजिरपुर,2446
6240.0,3,Gram Panchayat,100456,1,Nazir Pur,नाजिरपुर,2638
6241.0,3,Gram Panchayat,94339,1,Neema,नीमा,2241
6242.0,3,Gram Panchayat,95528,1,Neema,नीमा,2320
6243.0,3,Gram Panchayat,95558,1,Neemi,नीमि,2322
6244.0,3,Gram Panchayat,96245,2,Nehalpur,नेहालपुर,2368
6245.0,3,Gram Panchayat,95391,1,Nehara West,नेहरा पश्चिमी,2311
6246.0,3,Gram Panchayat,95392,1,Nehra East,नेहरा पूर्वी,2311
6247.0,3,Gram Panchayat,98141,2,Nehusa,नेहूसा,2483
6248.0,3,Gram Panchayat,94791,1,Nekham Tola,नेखां टोला,2273
6249.0,3,Gram Panchayat,97944,1,Neknamepur,नेकनामपुर,2472
6250.0,3,Gram Panchayat,93983,1,Nema Anjan,नेमा अंजान,2222
6251.0,3,Gram Panchayat,98359,1,Nenaura,ननौरा,2502
6252.0,3,Gram Panchayat,98842,1,Neora,नेउरा,2532
6253.0,3,Gram Panchayat,96346,2,Neoras,नेवरास,2375
6254.0,3,Gram Panchayat,95746,1,Nepa,नेपा,2336
6255.0,3,Gram Panchayat,96203,1,Nerthua,नेरथुआ,2365
6256.0,3,Gram Panchayat,98046,1,Nerut,नेरुट,2476
6257.0,3,Gram Panchayat,95208,1,Neuri,नेउरी,2300
6258.0,3,Gram Panchayat,95275,1,Neyam Chhatouna,नेयाम छतौना,2304
6259.0,3,Gram Panchayat,238534,1,Nidhwan Panchayat,निधवॉ पंचायत,6808
6260.0,3,Gram Panchayat,100285,1,Nikaspur,निकसपुर,2629
6261.0,3,Gram Panchayat,100457,1,Nikas Pur,निकसपुर,2638
6262.0,3,Gram Panchayat,101431,2,Nikhti Kala,निखती कला,2704
6263.0,3,Gram Panchayat,101888,2,Nilo Rukundpur,निलो रुकुन्दपुर,2730
6264.0,3,Gram Panchayat,96612,5,Nima,नीमा,2392
6265.0,3,Gram Panchayat,95167,1,Nimaithi,निमैठी,2298
6266.0,3,Gram Panchayat,96439,1,Nimaul,निमोल,2381
6267.0,3,Gram Panchayat,94981,1,Nimej,निमेज,2285
6268.0,3,Gram Panchayat,94134,1,Nimiya,निमियां,2230
6269.0,3,Gram Panchayat,96112,1,Nim Nawada,निमनवादा,2358
6270.0,3,Gram Panchayat,99163,1,Nimoia East,नीमोईया पूर्वी,2554
6271.0,3,Gram Panchayat,99164,1,Nimoia West,नीमोईया पश्चिम,2554
6272.0,3,Gram Panchayat,98891,1,Nimra,निमड़ा,2535
6273.0,3,Gram Panchayat,95941,1,Nimuiyan,निमुइयाँ,2346
6274.0,3,Gram Panchayat,94308,2,Ninga,नींगा,2240
6275.0,3,Gram Panchayat,99566,1,Nipania,निपणिया,2582
6276.0,3,Gram Panchayat,100649,1,Nipaniya,निपनियॉ,2648
6277.0,3,Gram Panchayat,94490,3,Nipaniya Madhurapur,निपनियाँ मधुरापुर,2254
6278.0,3,Gram Panchayat,98216,1,Nirdur,निर्डूर,2489
6279.0,3,Gram Panchayat,101494,1,Nirmali,निर्मली,2708
6280.0,3,Gram Panchayat,101563,1,Nirmali,निर्मली,2713
6281.0,3,Gram Panchayat,96684,1,Nirpur,नीरपुर,2398
6282.0,3,Gram Panchayat,97560,1,Nirpur,नीरपुर,2452
6283.0,3,Gram Panchayat,98270,1,Nirpur,नीरपुर,2494
6284.0,3,Gram Panchayat,99621,1,Nirpur,नीरपुर,2585
6285.0,3,Gram Panchayat,100356,1,Nirpur,नीरपुर,2633
6286.0,3,Gram Panchayat,101889,1,Nirpur,नीरपुर,2730
6287.0,3,Gram Panchayat,100413,1,Nirpur Bhararia,निरपुर भररिया,2636
6288.0,3,Gram Panchayat,96787,1,Nisandra,निसंद्रा,2403
6289.0,3,Gram Panchayat,94615,1,Nisf Ambe,निस्फ़ अम्बे,2263
6290.0,3,Gram Panchayat,98986,3,Nishiyawan,निशियावां,2542
6291.0,3,Gram Panchayat,95417,2,Nista,निस्ता,2312
6292.0,3,Gram Panchayat,96552,2,Nista,निस्ता,2388
6293.0,3,Gram Panchayat,99487,1,Nitendar,निटेंदर,2578
6294.0,3,Gram Panchayat,95103,3,Niyazipur,नियज़ीपुर,2295
6295.0,3,Gram Panchayat,99635,1,Nizgehuma,निज़गेहुँआ,2586
6296.0,3,Gram Panchayat,98047,1,Noanwan,नोअंवान,2476
6297.0,3,Gram Panchayat,96246,1,Noawan,नोआवाँ,2368
6298.0,3,Gram Panchayat,98060,1,Nohsa,नोहसा,2477
6299.0,3,Gram Panchayat,99087,1,Nohsa,नोहसा,2548
6300.0,3,Gram Panchayat,97644,1,Nonaji,नोनाजी,2459
6301.0,3,Gram Panchayat,94886,1,Nonar,नोनार,2279
6302.0,3,Gram Panchayat,96389,1,Nonar,नोनार,2378
6303.0,3,Gram Panchayat,99430,2,Noneya Dih,नोनेया डीह,2573
6304.0,3,Gram Panchayat,244454,1,Noneya North,नोनेया उत्तर,2567
6305.0,3,Gram Panchayat,244453,1,Noneya South,नोनेया दक्षिण,2567
6306.0,3,Gram Panchayat,96944,1,Nongarh,नोंगार्ह,2415
6307.0,3,Gram Panchayat,99739,2,Nonhar,नोंहार,2593
6308.0,3,Gram Panchayat,96204,1,Nonhi,नोनही,2365
6309.0,3,Gram Panchayat,95747,1,Noni,नोनी,2336
6310.0,3,Gram Panchayat,99348,1,Nonimal,नोनीमल,2565
6311.0,3,Gram Panchayat,98385,1,Nonoura,ननौरा,2504
6312.0,3,Gram Panchayat,99884,1,Nonsari,नोनसरी,2603
6313.0,3,Gram Panchayat,94285,1,Noorjamma Pur,नूरजमापुर,2239
6314.0,3,Gram Panchayat,94309,1,Noorpur,नूरपुर,2240
6315.0,3,Gram Panchayat,94616,3,Noorpur,नूरपुर,2263
6316.0,3,Gram Panchayat,98217,1,Noorsarai,नूरसरा,2489
6317.0,3,Gram Panchayat,99274,1,North Gawandhara,उत्तर गावंधारा,2561
6318.0,3,Gram Panchayat,95690,1,North Kajoor,उत्तर काजूर,2331
6319.0,3,Gram Panchayat,238491,3,North Kaler Panchayat,उत्तरी कलेर पंचायत,6805
6320.0,3,Gram Panchayat,96414,1,North Karimullapur,उत्तरी करीमुल्लापुर,2380
6321.0,3,Gram Panchayat,96596,4,North Muradpur,उत्तरी मुरादपुर,2391
6322.0,3,Gram Panchayat,94982,2,North Nainijor,उत्तर नैनिजोर,2285
6323.0,3,Gram Panchayat,93984,1,North Umga,उत्तर उमगा,2222
6324.0,3,Gram Panchayat,94372,2,Noula,नौला,2243
6325.0,3,Gram Panchayat,95036,1,Nuaon,नुआओं,2290
6326.0,3,Gram Panchayat,96379,1,Nuaon,नुऑव,2377
6327.0,3,Gram Panchayat,96014,1,Numar,नुमर,2352
6328.0,3,Gram Panchayat,97677,1,Nunfara,नूनफारा,2461
6329.0,3,Gram Panchayat,98987,1,Nura,नूरा,2542
6330.0,3,Gram Panchayat,97246,1,Nurchak,नूरचक,2434
6331.0,3,Gram Panchayat,94030,1,Obra,ओबरा,2224
6332.0,3,Gram Panchayat,94530,1,Ogari,ओगरी,2256
6333.0,3,Gram Panchayat,98433,1,Ohari,ओहारी,2507
6334.0,3,Gram Panchayat,98048,1,Oiyav,ओईयव,2476
6335.0,3,Gram Panchayat,99346,2,Ojhlpur,ओझिलपुर,2565
6336.0,3,Gram Panchayat,95136,1,Ojhoul,ओझौल,2297
6337.0,3,Gram Panchayat,100047,2,Okahi,ओकाही,2617
6338.0,3,Gram Panchayat,96237,1,Okari,बिशुनपुर ओकरी,2367
6339.0,3,Gram Panchayat,99265,1,Olanha Mehta Tola,ओलान्हा मेहता टोला,2560
6340.0,3,Gram Panchayat,94647,1,Olapur,ओलापुर,2265
6341.0,3,Gram Panchayat,96730,1,Olapur Gangore,ओलापुर गंगोरे,2400
6342.0,3,Gram Panchayat,100724,1,Olhanpur,ओल्हनपुर,2653
6343.0,3,Gram Panchayat,96936,1,Olipur,ओलीपुर,2414
6344.0,3,Gram Panchayat,101148,1,Olipur Sarhachiya,ओलीपुर सरहचिया,2685
6345.0,3,Gram Panchayat,100864,1,Onama,ओनामा,2665
6346.0,3,Gram Panchayat,98049,1,Onda,ऑंडा,2476
6347.0,3,Gram Panchayat,98117,1,Ope,ओपे,2481
6348.0,3,Gram Panchayat,93864,2,Ora,ओरा,2215
6349.0,3,Gram Panchayat,97573,1,Orabagicha,ओराबग़ीचा,2453
6350.0,3,Gram Panchayat,98386,1,Oraina,ओरैना,2504
6351.0,3,Gram Panchayat,98360,1,Ordo,ओडो,2502
6352.0,3,Gram Panchayat,94217,1,Orhara,ओड़हारा,2235
6353.0,3,Gram Panchayat,94531,1,Oriup,ओरियप,2256
6354.0,3,Gram Panchayat,101657,1,Orlaha,ओर्लाहा,2718
6355.0,3,Gram Panchayat,101461,1,Orma Makund,ओरमा मुकुंद,2706
6356.0,3,Gram Panchayat,94806,1,Osai,ओसाई,2274
6357.0,3,Gram Panchayat,98892,1,Pabhera,पभेड़ा,2535
6358.0,3,Gram Panchayat,94384,1,Pabra,पवड़ा,2244
6359.0,3,Gram Panchayat,97491,2,Pachadhi,पचाढ़ी,2448
6360.0,3,Gram Panchayat,101043,1,Pachaharwa,पचहरवा,2679
6361.0,3,Gram Panchayat,97439,1,Pachahi,पचही,2445
6362.0,3,Gram Panchayat,100776,1,Pachalakh,पचलख,2657
6363.0,3,Gram Panchayat,94340,1,Pachamba,पचम्बा,2241
6364.0,3,Gram Panchayat,95529,1,Pacharatan,पचारतन,2320
6365.0,3,Gram Panchayat,98317,1,Pacharha,पचाड़ा,2498
6366.0,3,Gram Panchayat,245300,1,Pachaura,पचौरा,2483
6367.0,3,Gram Panchayat,98070,3,Pachauri,पचौरी,2478
6368.0,3,Gram Panchayat,96674,1,Pachaut,पचौत,2397
6369.0,3,Gram Panchayat,100823,2,Pachbhinda,पचभिण्डा,2660
6370.0,3,Gram Panchayat,94457,1,Pachbir,पंचवीर,2252
6371.0,3,Gram Panchayat,98293,1,Pachganwa,पचगावाँ,2496
6372.0,3,Gram Panchayat,93741,1,Pachhiyari Pipra,पिछियारी पिपरा,2209
6373.0,3,Gram Panchayat,93837,1,Pachira,पचीरा,2213
6374.0,3,Gram Panchayat,101462,1,Pachlakhi,पचलखी,2706
6375.0,3,Gram Panchayat,100988,2,Pachnaur,पचनौर,2675
6376.0,3,Gram Panchayat,99233,1,Pach Pakari,पच पकरी,2558
6377.0,3,Gram Panchayat,100634,1,Pachpatia,पचपतिया,2647
6378.0,3,Gram Panchayat,95880,2,Pach Phera,पंचफेरा,2343
6379.0,3,Gram Panchayat,96347,1,Pachpokhari,पचपोखरी,2375
6380.0,3,Gram Panchayat,100956,1,Pachra Nimahi,पचरा नीमाहि,2673
6381.0,3,Gram Panchayat,100822,1,Pachraur,पचरौर,2660
6382.0,3,Gram Panchayat,99151,1,Pachrukha East,पचृखा पूर्वी,2553
6383.0,3,Gram Panchayat,99150,2,Pachrukha Middle,पचृखा मिड्ल,2553
6384.0,3,Gram Panchayat,244379,1,Pachrukha West,पचृखा पश्चिम,2553
6385.0,3,Gram Panchayat,97177,1,Pachrukhi,पचृखी,2431
6386.0,3,Gram Panchayat,98294,1,Pachrukhi,पचरुखी,2496
6387.0,3,Gram Panchayat,100777,2,Pachrukhi,पचरुखी,2657
6388.0,3,Gram Panchayat,101412,2,Pachrukhi,पचरुखी,2703
6389.0,3,Gram Panchayat,100939,1,Pachtaki Yadu,पछतकी यदु,2672
6390.0,3,Gram Panchayat,101239,2,Padarauna Khurd,पड़रौना,2690
6391.0,3,Gram Panchayat,101340,2,Padari,पडरी,2696
6392.0,3,Gram Panchayat,97361,1,Padma,पद्मा,2441
6393.0,3,Gram Panchayat,99391,1,Padumker,पदुंकेर,2569
6394.0,3,Gram Panchayat,99940,1,Paduri,पडरी,2608
6395.0,3,Gram Panchayat,97877,1,Pagahia,पगहियाँ,2469
6396.0,3,Gram Panchayat,95168,1,Paghari,पघारी,2298
6397.0,3,Gram Panchayat,95846,1,Pagra,पगरा,2341
6398.0,3,Gram Panchayat,100171,2,Pagra,पगड़ा,2623
6399.0,3,Gram Panchayat,96290,1,Paharia,पहडियॉ,2371
6400.0,3,Gram Panchayat,96854,1,Paharkatta,पहाड़कट्टा,2407
6401.0,3,Gram Panchayat,94286,2,Paharpur,पहाड़पुर,2239
6402.0,3,Gram Panchayat,98337,1,Paharpur,पहाड़पुर,2500
6403.0,3,Gram Panchayat,100070,1,Paharpur,पहारपूर,2618
6404.0,3,Gram Panchayat,95559,1,Pahar Pur,पहर पुर,2322
6405.0,3,Gram Panchayat,97967,1,Paharpur Manorath,पहारपूर मनोरथ,2473
6406.0,3,Gram Panchayat,101905,4,Paharpur Paschimi,पहाड़पुर  पश्चिम,2731
6407.0,3,Gram Panchayat,101906,2,Paharpur Purvi,पहाड़पुर पूर्वी,2731
6408.0,3,Gram Panchayat,101828,1,Paharpur Vishunpur,पहारपूर विशुनपुर,2727
6409.0,3,Gram Panchayat,101765,1,Pahetiya,पहेतिया,2724
6410.0,3,Gram Panchayat,238481,1,Pahleja Panchayat,पहलेजा पंचायत,6805
6411.0,3,Gram Panchayat,99773,1,Pahleza,पहलेजा,2596
6412.0,3,Gram Panchayat,95586,1,Pahra,पहरा,2324
6413.0,3,Gram Panchayat,94451,2,Pahsara East,पहसारा  पूर्वी,2251
6414.0,3,Gram Panchayat,94452,1,Pahsara West,पहसारा पश्चिम,2251
6415.0,3,Gram Panchayat,97766,1,Pahsaul,पहसौल,2465
6416.0,3,Gram Panchayat,93838,2,Pahunsra,पहुंसरा,2213
6417.0,3,Gram Panchayat,93755,2,Pahusi,पहुंसी,2210
6418.0,3,Gram Panchayat,95496,2,Paibigha,पाई विगहा,2318
6419.0,3,Gram Panchayat,95104,1,Paigambarpur,पैगम्बरपुर,2295
6420.0,3,Gram Panchayat,95343,1,Paigambarpur,पैगम्बरपुर,2307
6421.0,3,Gram Panchayat,97842,1,Paigambarpur,पैगम्बरपुर,2468
6422.0,3,Gram Panchayat,100531,1,Paigambar Pur,पैगम्बर पुर,2642
6423.0,3,Gram Panchayat,97994,1,Paigamberpur,पैगम्बरपुर,2474
6424.0,3,Gram Panchayat,97742,1,Paigamber Pur Kolhua,पैगम्बरपुर  कोल्हुआ,2464
6425.0,3,Gram Panchayat,100509,1,Paiga Mitrasen,पैग मित्रसेन,2641
6426.0,3,Gram Panchayat,98943,3,Paijna,पैजना,2539
6427.0,3,Gram Panchayat,98295,1,Paijuna,पैजुना,2496
6428.0,3,Gram Panchayat,93679,1,Paikapaar,पैकपार,2207
6429.0,3,Gram Panchayat,96706,1,Paikat,पैंकात,2399
6430.0,3,Gram Panchayat,95968,2,Paikaulee Baddo,पैकौली बद्दो,2348
6431.0,3,Gram Panchayat,93660,1,Paiktola,पैकटोला,2206
6432.0,3,Gram Panchayat,95393,1,Paiktol Jatuka,जैतुका पैकटोल,2311
6433.0,3,Gram Panchayat,98513,2,Paikwaliya Marjadpur,पैकवलिया मर्जादपुर,2511
6434.0,3,Gram Panchayat,99103,1,Paimar,पैमार,2549
6435.0,3,Gram Panchayat,100879,1,Pain,पैन,2666
6436.0,3,Gram Panchayat,97013,2,Paina,पैना,2419
6437.0,3,Gram Panchayat,98843,1,Painal,पैनाल,2532
6438.0,3,Gram Panchayat,98464,1,Paingari,पैन्गरी,2509
6439.0,3,Gram Panchayat,94175,1,Pair,पैर,2232
6440.0,3,Gram Panchayat,96155,1,Pairamatihana,पैरामटिहाना,2361
6441.0,3,Gram Panchayat,94701,1,Pair Dominia Mal,पैर डोमिनिया माल,2268
6442.0,3,Gram Panchayat,96089,1,Pairgaha,पैरगाहा,2357
6443.0,3,Gram Panchayat,95394,1,Paithan Kabai,पैठान कबइ,2311
6444.0,3,Gram Panchayat,95942,1,Paithan Patti,पैठान पट्टी,2346
6445.0,3,Gram Panchayat,98234,1,Paithna,पैठना,2491
6446.0,3,Gram Panchayat,96380,2,Pajaraon,पजरॉव,2377
6447.0,3,Gram Panchayat,99450,1,Pajiyarwa,पजियारवा,2575
6448.0,3,Gram Panchayat,95369,1,Pakahi Jhajhra,पकाही झाझरा,2309
6449.0,3,Gram Panchayat,98142,1,Pakar,पाकर,2483
6450.0,3,Gram Panchayat,97878,1,Pakari,पकड़ी,2469
6451.0,3,Gram Panchayat,239371,1,Pakari,पकरी,2697
6452.0,3,Gram Panchayat,99194,1,Pakaria,पकरिया,2556
6453.0,3,Gram Panchayat,99727,1,Pakaria,पकडिया,2592
6454.0,3,Gram Panchayat,97819,1,Pakari Pakohi,पकड़ी पकोही,2467
6455.0,3,Gram Panchayat,94239,1,Pakariya,पकरिया,2236
6456.0,3,Gram Panchayat,98728,1,Pakariya,पकड़ीया,2523
6457.0,3,Gram Panchayat,101302,2,Pakawaliya,पकवलीया,2694
6458.0,3,Gram Panchayat,97800,1,Pakhahin,पकाहीं,2466
6459.0,3,Gram Panchayat,98528,1,Pakhnaha Dumariya,पखनाहा डुमरिया,2512
6460.0,3,Gram Panchayat,99415,1,Pakhnahia,पखनहिया,2572
6461.0,3,Gram Panchayat,94532,1,Pakki Sarai,पक्की सराय,2256
6462.0,3,Gram Panchayat,94629,3,Pakra,पकरा,2264
6463.0,3,Gram Panchayat,96707,1,Pakrail,पकरैल,2399
6464.0,3,Gram Panchayat,93804,1,Pakri,पकरी,2212
6465.0,3,Gram Panchayat,94792,1,Pakri,पकरी,2273
6466.0,3,Gram Panchayat,95600,1,Pakri,पकरी,2325
6467.0,3,Gram Panchayat,101240,2,Pakri,पकड़ी,2690
6468.0,3,Gram Panchayat,98404,2,Pakribarawan North,पकरीबरावॉ उतरी,2505
6469.0,3,Gram Panchayat,98403,2,Pakribarawan South,पकरीबरावॉ दक्षिणी,2505
6470.0,3,Gram Panchayat,97968,1,Pakri Basarat,पकरी बसारत,2473
6471.0,3,Gram Panchayat,99283,2,Pakri Dixit,पकरी दीक्षित,2561
6472.0,3,Gram Panchayat,95618,1,Pakriguria,पकरी गुरिया,2326
6473.0,3,Gram Panchayat,99210,1,Pakri Kapoor,पकरी केपर,2557
6474.0,3,Gram Panchayat,101116,1,Pakri Mathwa,पकरी मत्वा,2684
6475.0,3,Gram Panchayat,94491,1,Pakthaul,पकठौल,2254
6476.0,3,Gram Panchayat,101358,1,Pakwaliya,पकवलिया,2698
6477.0,3,Gram Panchayat,99431,1,Palanwa Jagdhar,पलनवा जगधर,2573
6478.0,3,Gram Panchayat,93780,1,Palasi,पलासी,2211
6479.0,3,Gram Panchayat,96788,1,Palasmani,पलासमनी,2403
6480.0,3,Gram Panchayat,98071,2,Palat Pura,पलट पूरा,2478
6481.0,3,Gram Panchayat,96904,1,Pali,पाली,2410
6482.0,3,Gram Panchayat,97223,1,Pali,पाली,2433
6483.0,3,Gram Panchayat,98338,1,Pali,पाली,2500
6484.0,3,Gram Panchayat,98368,1,Pali Khurd,पाली खुर्द,2503
6485.0,3,Gram Panchayat,97335,1,Palimohan,पालिमोहन,2439
6486.0,3,Gram Panchayat,95012,1,Paliya,पलिया,2288
6487.0,3,Gram Panchayat,95748,2,Paluhar,पलुहड़,2336
6488.0,3,Gram Panchayat,95601,1,Paluhara,पलुहारा,2325
6489.0,3,Gram Panchayat,100027,1,Pama,पामा,2615
6490.0,3,Gram Panchayat,98176,1,Panahar,पनाहार,2485
6491.0,3,Gram Panchayat,95463,1,Pananiya,पननिया,2316
6492.0,3,Gram Panchayat,96369,1,Panapur,पानापुर,2376
6493.0,3,Gram Panchayat,97843,1,Panapur,पानापुर,2468
6494.0,3,Gram Panchayat,100858,1,Panapur,पानापुर,2664
6495.0,3,Gram Panchayat,97743,1,Panapur Habeli,पानापुर हवेली,2464
6496.0,3,Gram Panchayat,101766,1,Panapur Langa,पानापुर लंगा,2724
6497.0,3,Gram Panchayat,99266,1,Panapur Ranjita,पनपुर रंजीता,2560
6498.0,3,Gram Panchayat,95497,1,Panari,पनारी,2318
6499.0,3,Gram Panchayat,96855,1,Panasi,पानासी,2407
6500.0,3,Gram Panchayat,100048,1,Panchgachhiya,पंचगच्छिया,2617
6501.0,3,Gram Panchayat,100865,1,Panchi,पॉची,2665
6502.0,3,Gram Panchayat,98177,1,Panchlowa,पंचलोवा,2485
6503.0,3,Gram Panchayat,95276,1,Panchobh,पंचोभ,2304
6504.0,3,Gram Panchayat,100612,2,Panchua,पंचुआ,2646
6505.0,3,Gram Panchayat,99063,1,Pandarak East,पूर्वी पंडाराख,2546
6506.0,3,Gram Panchayat,99064,1,Pandarak West,पश्चिमी पंडाराख,2546
6507.0,3,Gram Panchayat,96247,1,Pandaul,पण्डौल,2368
6508.0,3,Gram Panchayat,101060,1,Pandaul Buzurg,पंडौल बुज़ुर्ग,2680
6509.0,3,Gram Panchayat,97492,1,Pandaul (East),पंडौल (पूर्वी),2448
6510.0,3,Gram Panchayat,97493,1,Pandaul (Middle),पंडौल (मिड्ल),2448
6511.0,3,Gram Panchayat,100975,1,Pandaul Urf Panth Pakar,पंडौल उर्फ पंत पाकर,2674
6512.0,3,Gram Panchayat,97494,2,Pandaul (West),पंडौल (पश्चिम),2448
6513.0,3,Gram Panchayat,97945,1,Pandeh,पनदेह,2472
6514.0,3,Gram Panchayat,98339,1,Pandey Gangaut,पांडेगंगोट,2500
6515.0,3,Gram Panchayat,95000,1,Pandeypatti,पाण्डेयपत्टी,2286
6516.0,3,Gram Panchayat,101303,2,Pandeypur,पाण्डेयपुर,2694
6517.0,3,Gram Panchayat,99401,1,Panditpur,पंडितपुर,2571
6518.0,3,Gram Panchayat,96189,1,Pandui,पण्डुई,2364
6519.0,3,Gram Panchayat,101432,2,Panjwar,पंजवर,2704
6520.0,3,Gram Panchayat,94104,1,Panjwara,पंजवारा,2228
6521.0,3,Gram Panchayat,100841,1,Pank,पांक,2662
6522.0,3,Gram Panchayat,95540,1,Pankara,पनकरा,2321
6523.0,3,Gram Panchayat,100172,1,Panr,पाँड,2623
6524.0,3,Gram Panchayat,96015,1,Panro,पाड़ो,2352
6525.0,3,Gram Panchayat,98296,1,Panti,पांति,2496
6526.0,3,Gram Panchayat,99432,1,Pantoka,पांतोका,2573
6527.0,3,Gram Panchayat,94948,1,Panwari,पंवारी,2283
6528.0,3,Gram Panchayat,98218,1,Paparnousa,पापर्नौसा,2489
6529.0,3,Gram Panchayat,101413,1,Papaur,पपौर,2703
6530.0,3,Gram Panchayat,94310,2,Paprour,पापरौर,2240
6531.0,3,Gram Panchayat,95709,1,Paraiya Khurd,परैया खुर्द,2333
6532.0,3,Gram Panchayat,97671,3,Paramjivwar Tarajiwar,परमजीवर ताराजीवर,2460
6533.0,3,Gram Panchayat,96032,1,Paranchi,परांची,2353
6534.0,3,Gram Panchayat,95105,2,Parari,परारि,2295
6535.0,3,Gram Panchayat,99228,1,Parari,परारि,2558
6536.0,3,Gram Panchayat,99982,1,Parari,पड़री,2612
6537.0,3,Gram Panchayat,93854,1,Pararia,पररिया,2214
6538.0,3,Gram Panchayat,94241,1,Parariya,पड़रिया,2236
6539.0,3,Gram Panchayat,95893,1,Parariya,पड़रिया,2344
6540.0,3,Gram Panchayat,96998,2,Parariya,पड़रिया,2418
6541.0,3,Gram Panchayat,99892,1,Parariya,पड़रिया,2604
6542.0,3,Gram Panchayat,100093,1,Parariya,पररिया,2619
6543.0,3,Gram Panchayat,93865,2,Pararwan,परारवान,2215
6544.0,3,Gram Panchayat,94648,2,Parasbanna,प्रसबन्ना,2265
6545.0,3,Gram Panchayat,93866,1,Paras Dih,पारस दीह,2215
6546.0,3,Gram Panchayat,238505,2,Parasi Panchayat,परासी पंचायत,6804
6547.0,3,Gram Panchayat,94845,1,Parasiya,परसिया,2277
6548.0,3,Gram Panchayat,99860,1,Parasiya,परसिया,2601
6549.0,3,Gram Panchayat,99622,1,Parasmani,पारसमणि,2585
6550.0,3,Gram Panchayat,100580,1,Paratappur,प्रतापपुर,2644
6551.0,3,Gram Panchayat,98297,1,Parato Karhari,परतो करहरी,2496
6552.0,3,Gram Panchayat,97224,1,Paraul,परौल,2433
6553.0,3,Gram Panchayat,101370,1,Parauli,पडौली,2699
6554.0,3,Gram Panchayat,96166,1,Parawan,परावन,2362
6555.0,3,Gram Panchayat,94568,1,Parbatta,पर्वत्ता,2259
6556.0,3,Gram Panchayat,97636,2,Parbhara,पढ़भारा,2458
6557.0,3,Gram Panchayat,96553,1,Parbheli,पर्भेली,2388
6558.0,3,Gram Panchayat,96415,2,Pardiara,पारदियारा,2380
6559.0,3,Gram Panchayat,98844,1,Parev,परेव,2532
6560.0,3,Gram Panchayat,99211,1,Parewa,परेवा,2557
6561.0,3,Gram Panchayat,94680,1,Parghari,परघरी,2267
6562.0,3,Gram Panchayat,94218,1,Parghari-Lakra,पड़घड़ी लकड़ा,2235
6563.0,3,Gram Panchayat,97580,1,Parham,पड़हम,2454
6564.0,3,Gram Panchayat,96291,1,Parhauti,पढ़ौती,2371
6565.0,3,Gram Panchayat,96320,1,Parhi,पाढी,2373
6566.0,3,Gram Panchayat,100189,1,Paridah,परिदह,2624
6567.0,3,Gram Panchayat,101007,1,Parigama,परिगामा,2677
6568.0,3,Gram Panchayat,94270,1,Parihara,परिहारा,2238
6569.0,3,Gram Panchayat,101082,1,Parihar Dakshini,परिहार दक्षिणी,2681
6570.0,3,Gram Panchayat,93839,1,Parihari,परिहारी,2213
6571.0,3,Gram Panchayat,97531,1,Pariharpur,परिहारपुर,2450
6572.0,3,Gram Panchayat,101083,2,Parihar Uttari,परिहार उत्तरी,2681
6573.0,3,Gram Panchayat,101547,5,Parikonch,परिकोंच,2711
6574.0,3,Gram Panchayat,97561,1,Pariya,पड़िया,2452
6575.0,3,Gram Panchayat,238510,1,Pariyari Panchayat,परियरी पंचायत,6806
6576.0,3,Gram Panchayat,97225,2,Parjuar,पारजुआर,2433
6577.0,3,Gram Panchayat,97226,1,Parkauli,पार्कौली,2433
6578.0,3,Gram Panchayat,96856,1,Parlabari,परलाबाड़ी,2407
6579.0,3,Gram Panchayat,98361,1,Parman,परमा,2502
6580.0,3,Gram Panchayat,93840,1,Parmanandpur,परमानंदपुर,2213
6581.0,3,Gram Panchayat,94242,1,Parmanandpur,परमानंदपुर,2236
6582.0,3,Gram Panchayat,101495,1,Parmanandpur,परमानन्दपुर,2708
6583.0,3,Gram Panchayat,94287,4,Parmanand Pur,परमानन्दपुर,2239
6584.0,3,Gram Panchayat,97056,1,Parmanand Pur,परमानंदपुर,2423
6585.0,3,Gram Panchayat,95067,1,Parmanpur,परमानपुर,2293
6586.0,3,Gram Panchayat,94342,1,Parna,परना,2241
6587.0,3,Gram Panchayat,98072,1,Paroha,परोहा,2478
6588.0,3,Gram Panchayat,101030,1,Paroha,परोहा,2678
6589.0,3,Gram Panchayat,97946,1,Paroo [N],पारू उत्तरी,2472
6590.0,3,Gram Panchayat,97947,1,Paroo [S],पारू दक्षिणी,2472
6591.0,3,Gram Panchayat,94393,1,Parora,परोड़ा,2245
6592.0,3,Gram Panchayat,99665,1,Parora,परोरा,2588
6593.0,3,Gram Panchayat,98706,1,Paroraha,परोरहां,2522
6594.0,3,Gram Panchayat,100458,1,Paroria,परोरिया,2638
6595.0,3,Gram Panchayat,100190,1,Paroriya,परोड़िया,2624
6596.0,3,Gram Panchayat,94373,1,Parra,पर्रा,2243
6597.0,3,Gram Panchayat,95209,1,Parri,पररी,2300
6598.0,3,Gram Panchayat,97113,1,Parsa,परसा,2427
6599.0,3,Gram Panchayat,97318,1,Parsa,परसा,2438
6600.0,3,Gram Panchayat,98681,1,Parsa,परसा,2521
6601.0,3,Gram Panchayat,100395,1,Parsa,परसा,2635
6602.0,3,Gram Panchayat,100510,1,Parsa,परसा,2641
6603.0,3,Gram Panchayat,101084,1,Parsa,परसा,2681
6604.0,3,Gram Panchayat,98485,1,Parsa Banchahari,परसा बंचहरी,2510
6605.0,3,Gram Panchayat,93742,1,Parsadpur,प्रसादपुर,2209
6606.0,3,Gram Panchayat,101659,1,Parsagarhi North,परसागरही उत्तर,2718
6607.0,3,Gram Panchayat,101658,1,Parsa Gharhi South,परसा घरही दक्षिण,2718
6608.0,3,Gram Panchayat,97397,1,Parsahi East,परसाही पूर्वी,2443
6609.0,3,Gram Panchayat,97398,2,Parsahi West,परसाही पश्चिमी,2443
6610.0,3,Gram Panchayat,101532,2,Parsamadho,परसामाधो,2710
6611.0,3,Gram Panchayat,97271,1,Parsa (N),परसा उत्तर,2435
6612.0,3,Gram Panchayat,100613,1,Parsa Purvi,परसा पूर्वी,2646
6613.0,3,Gram Panchayat,97272,1,Parsa (S),परसा दक्षिण,2435
6614.0,3,Gram Panchayat,97227,2,Parsauna,पारसौना,2433
6615.0,3,Gram Panchayat,100778,1,Parsauna,परसौना,2657
6616.0,3,Gram Panchayat,99433,1,Parsauna Tapsi,पारसौना तापसी,2573
6617.0,3,Gram Panchayat,95790,1,Parsauni,परसौनी,2338
6618.0,3,Gram Panchayat,98754,2,Parsauni,परसौनी,2525
6619.0,3,Gram Panchayat,100940,1,Parsauni,पारसौनी,2672
6620.0,3,Gram Panchayat,244459,1,Parsauni,परस्वाणी,2567
6621.0,3,Gram Panchayat,100899,1,Parsauni Baij,परसौनी बैज,2668
6622.0,3,Gram Panchayat,99349,1,Parsauni Dewajit,पारसौनी देवजीत,2565
6623.0,3,Gram Panchayat,99392,1,Parsauni Kapoor,पारसौनी केपर,2569
6624.0,3,Gram Panchayat,96003,2,Parsauni Khash,पर्सौनी खाश,2351
6625.0,3,Gram Panchayat,101093,1,Parsauni Khirodhar,पारसौनी खिरोधर,2682
6626.0,3,Gram Panchayat,101094,1,Parsauni Mailwar,पारसौनी मैलवर,2682
6627.0,3,Gram Panchayat,97247,1,Parsauni North,पारसौनी उत्तर,2434
6628.0,3,Gram Panchayat,97248,1,Parsauni South,पारसौनी दक्षिण,2434
6629.0,3,Gram Panchayat,99270,1,Parsauni Wazid,पारसौनी वाज़िद,2561
6630.0,3,Gram Panchayat,100614,1,Parsa Utari,परसा उतरी,2646
6631.0,3,Gram Panchayat,95651,1,Parsawan,परसावां,2328
6632.0,3,Gram Panchayat,99065,2,Parsawan,परसावाँ,2546
6633.0,3,Gram Panchayat,95464,1,Parsawan Khurd,परसवन खुर्द,2316
6634.0,3,Gram Panchayat,93841,1,Parshahat,परसाहाट,2213
6635.0,3,Gram Panchayat,94649,2,Parshurampur,परशुरामपुर,2265
6636.0,3,Gram Panchayat,94929,1,Parsonda,परसोंडा,2282
6637.0,3,Gram Panchayat,98768,1,Parsouni,परसौनी,2526
6638.0,3,Gram Panchayat,97879,1,Parsouninath,पारसौनीनाथ,2469
6639.0,3,Gram Panchayat,101095,1,Parsurampur,परसुरामपुर,2682
6640.0,3,Gram Panchayat,93965,1,Parta,परता,2221
6641.0,3,Gram Panchayat,99350,2,Partapur,परतापुर,2565
6642.0,3,Gram Panchayat,98118,1,Parthu,परतु,2481
6643.0,3,Gram Panchayat,99104,1,Parthu,पारथु,2549
6644.0,3,Gram Panchayat,94911,1,Parura,पंडुरा,2281
6645.0,3,Gram Panchayat,99861,1,Paruri,परूरी,2601
6646.0,3,Gram Panchayat,97306,1,Parwa Belhi,परवा बेलही,2437
6647.0,3,Gram Panchayat,93711,1,Parwaha,परवाहा,2208
6648.0,3,Gram Panchayat,97440,1,Parwalpur,परवलपुर,2445
6649.0,3,Gram Panchayat,97092,1,Parwa Navtol,परवा नवटोल,2425
6650.0,3,Gram Panchayat,98325,1,Parwati,पार्वती,2499
6651.0,3,Gram Panchayat,96402,1,Pasain,पसाई,2379
6652.0,3,Gram Panchayat,101633,1,Pasarna-Parsoni,पसारना-पर्सोनि,2717
6653.0,3,Gram Panchayat,94817,1,Pasaur,पसौर,2275
6654.0,3,Gram Panchayat,245371,1,Paschim Bari Nagar,पश्चिमी बारीनगर,2383
6655.0,3,Gram Panchayat,239376,1,Paschimi Harihans,पश्चिमी हरिहांस,2698
6656.0,3,Gram Panchayat,96745,1,Paschimi Thatha,पस्चिमी तथा,2401
6657.0,3,Gram Panchayat,98729,1,Pashchimi Nautan,नौतन (पश्चिमी),2523
6658.0,3,Gram Panchayat,98568,1,Pashchmi Turhapatti,पश्चिमी तुरहापट्टी,2515
6659.0,3,Gram Panchayat,96708,1,Pasraha,पासराहा,2399
6660.0,3,Gram Panchayat,100028,1,Pastpar,पस्तपर,2615
6661.0,3,Gram Panchayat,99998,1,Pastwar,पास्तवर,2613
6662.0,3,Gram Panchayat,100941,1,Patahi,पातही,2672
6663.0,3,Gram Panchayat,100989,1,Patahi,पातही,2675
6664.0,3,Gram Panchayat,99393,1,Patahi East,पातही पूर्वी,2569
6665.0,3,Gram Panchayat,97909,1,Patahin,पताहीं,2471
6666.0,3,Gram Panchayat,99394,1,Patahi West,पातही पश्चिम,2569
6667.0,3,Gram Panchayat,100460,1,Pataili East,पतैली पूर्वी,2638
6668.0,3,Gram Panchayat,100459,1,Pataili West,पतैली पश्चिम,2638
6669.0,3,Gram Panchayat,97581,1,Patam(East),पाटम (पूर्वी),2454
6670.0,3,Gram Panchayat,97582,1,Patam(West),पाटम (पश्चिम),2454
6671.0,3,Gram Panchayat,99416,1,Patani,पटनी,2572
6672.0,3,Gram Panchayat,95210,1,Pataniya,पटनियाँ,2300
6673.0,3,Gram Panchayat,101215,2,Patar,पतार,2689
6674.0,3,Gram Panchayat,100029,1,Patarghat,पतरघट,2615
6675.0,3,Gram Panchayat,99941,1,Patari,पताढ़ी,2608
6676.0,3,Gram Panchayat,98235,1,Patasang,पटसंग,2491
6677.0,3,Gram Panchayat,100957,1,Patdaura,पटडौरा,2673
6678.0,3,Gram Panchayat,100140,1,Patelia,पतैलिया,2621
6679.0,3,Gram Panchayat,101378,1,Paterha,पटेढ़ा,2700
6680.0,3,Gram Panchayat,95768,1,Pater Mangrawa,पेटर मंग्रवा,2337
6681.0,3,Gram Panchayat,96890,1,Patesari,पटेसरी,2409
6682.0,3,Gram Panchayat,101200,1,Pathanpura,पथनपुरा,2688
6683.0,3,Gram Panchayat,93743,2,Patharabari,पथराबाड़ी,2209
6684.0,3,Gram Panchayat,101565,2,Pathara Dakshin,पथरा दक्षिण,2713
6685.0,3,Gram Panchayat,101660,1,Patharagour Dhoe,पथरागौर धोए,2718
6686.0,3,Gram Panchayat,93781,1,Patharaha,पथराहा,2211
6687.0,3,Gram Panchayat,101564,2,Pathara Uttar,पथरा उत्तर,2713
6688.0,3,Gram Panchayat,96801,2,Patharghatti,पथरघट्टी,2404
6689.0,3,Gram Panchayat,98893,1,Patharhat,पथरहट,2535
6690.0,3,Gram Panchayat,96629,1,Pathawar,पथरवार,2394
6691.0,3,Gram Panchayat,94186,1,Pathdda,पथड्डा,2233
6692.0,3,Gram Panchayat,94105,2,Pathra,पथरा,2228
6693.0,3,Gram Panchayat,97362,1,Pathrahi,पत्राहि,2441
6694.0,3,Gram Panchayat,96891,1,Pathria,पथरिया,2409
6695.0,3,Gram Panchayat,98249,1,Pathroura,पात्रौरा,2492
6696.0,3,Gram Panchayat,98486,1,Patilar,पतिलार,2510
6697.0,3,Gram Panchayat,97698,1,Patiyasha,पटियासा,2462
6698.0,3,Gram Panchayat,95894,1,Pat Khauli,पटखौली,2344
6699.0,3,Gram Panchayat,96835,1,Patkoi Kala,पटकोई कला,2406
6700.0,3,Gram Panchayat,98907,1,Patla Pur,पतलापुर पान,2536
6701.0,3,Gram Panchayat,95479,1,Patluka,पतलुका,2317
6702.0,3,Gram Panchayat,99273,1,Patna,पटना,2561
6703.0,3,Gram Panchayat,95289,1,Pator,पटोर,2305
6704.0,3,Gram Panchayat,95277,1,Patori,पटोरी,2304
6705.0,3,Gram Panchayat,97126,1,Patori,पटोरी,2428
6706.0,3,Gram Panchayat,100049,1,Patori,पटोरी,2617
6707.0,3,Gram Panchayat,99774,1,Patpura,पतपुरा,2596
6708.0,3,Gram Panchayat,99567,1,Patraha,पतराहा,2582
6709.0,3,Gram Panchayat,96043,1,Patsanda,पत्संडा,2354
6710.0,3,Gram Panchayat,97678,1,Patsara,पटसारा,2461
6711.0,3,Gram Panchayat,95530,1,Patti,पट्टी,2320
6712.0,3,Gram Panchayat,97880,1,Patti Aswari,पट्टी असवारी,2469
6713.0,3,Gram Panchayat,98868,1,Patut,पतुत,2533
6714.0,3,Gram Panchayat,97532,1,Patwara North,पटवारा उत्तर,2450
6715.0,3,Gram Panchayat,97533,1,Patwara South,पटवारा दक्षिण,2450
6716.0,3,Gram Panchayat,96709,1,Paura,पौरा,2399
6717.0,3,Gram Panchayat,98387,1,Paura,पौरा,2504
6718.0,3,Gram Panchayat,101806,3,Paura Madan Singh,पौरा मदन सिंग,2726
6719.0,3,Gram Panchayat,93883,1,Pauthu,पौतु,2216
6720.0,3,Gram Panchayat,94056,1,Pauthu,पौथू,2225
6721.0,3,Gram Panchayat,98073,1,Pawa,पावा,2478
6722.0,3,Gram Panchayat,98271,1,Pawadih,पावादीह,2494
6723.0,3,Gram Panchayat,93915,1,Pawai,पवई,2218
6724.0,3,Gram Panchayat,94072,1,Pawai,पवई,2226
6725.0,3,Gram Panchayat,96587,1,Pawai,पवई,2390
6726.0,3,Gram Panchayat,94751,1,Pawana,पवना,2271
6727.0,3,Gram Panchayat,99862,1,Pawani,पावनी,2601
6728.0,3,Gram Panchayat,94752,1,Pawar,पवांर,2271
6729.0,3,Gram Panchayat,95013,1,Pawni,पावनी,2288
6730.0,3,Gram Panchayat,238498,1,Payarechak Panchayat,प्यारेचक पंचायत,6804
6731.0,3,Gram Panchayat,93805,1,Pechaili,पेचैली,2212
6732.0,3,Gram Panchayat,101790,1,Peerapur,पीरपुर,2725
6733.0,3,Gram Panchayat,96554,1,Pelagarh,पेलागढ़,2388
6734.0,3,Gram Panchayat,94901,1,Perhap,पेरहाप,2280
6735.0,3,Gram Panchayat,100805,1,Permanand Pur,परमानन्द पुर,2659
6736.0,3,Gram Panchayat,101595,1,Permanand Pur,पेरमाणंद पुर,2715
6737.0,3,Gram Panchayat,99088,1,Persa,परसा,2548
6738.0,3,Gram Panchayat,98548,1,Persawna,परसौना,2514
6739.0,3,Gram Panchayat,98362,1,Pes,पेश,2502
6740.0,3,Gram Panchayat,98236,1,Peshaur,पेशौर,2491
6741.0,3,Gram Panchayat,96033,1,Pethar Pahri,पेटरपहड़ी,2353
6742.0,3,Gram Panchayat,99750,2,Pewandi,पेवन्दी,2594
6743.0,3,Gram Panchayat,239368,1,Phalpura,फालपुरा,2697
6744.0,3,Gram Panchayat,99399,1,Phanhara,फंहारा,2570
6745.0,3,Gram Panchayat,93782,1,Pharahi,फरही,2211
6746.0,3,Gram Panchayat,97196,1,Phent,फेंट,2432
6747.0,3,Gram Panchayat,93867,2,Phesar,फेसर,2215
6748.0,3,Gram Panchayat,94458,1,Phoolmlik,फुलमलिक,2252
6749.0,3,Gram Panchayat,101951,2,Phulad,फुलाद,2734
6750.0,3,Gram Panchayat,98786,1,Phulelpur Meaura,फुलेलपुर मेउरा,2528
6751.0,3,Gram Panchayat,97289,1,Phulhar,फूलहर,2436
6752.0,3,Gram Panchayat,96619,1,Phulhara,फुलहारा,2393
6753.0,3,Gram Panchayat,100414,1,Phulhara,फुलहारा,2636
6754.0,3,Gram Panchayat,100886,2,Phulkahan,फूलकाहॅा,2667
6755.0,3,Gram Panchayat,101433,1,Phulwaria,फुलवारिया,2704
6756.0,3,Gram Panchayat,100678,2,Phulwariya,फुलवरीया,2651
6757.0,3,Gram Panchayat,94965,1,Piania,पिअनियॉ,2284
6758.0,3,Gram Panchayat,96813,3,Pichhla,पिछला,2405
6759.0,3,Gram Panchayat,94494,1,Pidhauli,पिढौली,2254
6760.0,3,Gram Panchayat,96126,1,Pidron,पीडरौन,2359
6761.0,3,Gram Panchayat,97473,1,Pihwara,पीह्वारा,2447
6762.0,3,Gram Panchayat,97534,1,Pilakhwar,पिलखवार,2450
6763.0,3,Gram Panchayat,98223,2,Pilichh,पिलिच्च,2490
6764.0,3,Gram Panchayat,97890,1,Pilkhi Gay Patti,पिलखी गजपति,2470
6765.0,3,Gram Panchayat,101661,1,Piluwaha,पिलउवहा,2718
6766.0,3,Gram Panchayat,101304,1,Pinarthu Khurd,पिनर्थु खुर्द,2694
6767.0,3,Gram Panchayat,95344,1,Pindaruch,पिंडारुच,2307
6768.0,3,Gram Panchayat,96440,1,Pindhal,पिंढाल,2381
6769.0,3,Gram Panchayat,96205,1,Pinjora,पिंजौरा,2365
6770.0,3,Gram Panchayat,238527,1,Pinjrawan Panchayat,पिंजरावॉ पंचायत,6808
6771.0,3,Gram Panchayat,100842,4,Pinjri,पिंजड़ी,2662
6772.0,3,Gram Panchayat,99869,2,Pipardih,पिपरडीह,2602
6773.0,3,Gram Panchayat,96937,1,Pipariya,पिपरिया,2414
6774.0,3,Gram Panchayat,93712,1,Pipra,पिपरा,2208
6775.0,3,Gram Panchayat,93884,1,Pipra,पीपरा,2216
6776.0,3,Gram Panchayat,94006,2,Pipra,पीपरा,2223
6777.0,3,Gram Panchayat,95810,1,Pipra,पिपरा,2339
6778.0,3,Gram Panchayat,96685,1,Pipra,पीपरा,2398
6779.0,3,Gram Panchayat,99141,1,Pipra,पीपरा,2552
6780.0,3,Gram Panchayat,99544,1,Pipra,पिपरा,2581
6781.0,3,Gram Panchayat,101414,1,Pipra,पिपरा,2703
6782.0,3,Gram Panchayat,93966,1,Pipra Bagahi,पिपरा बगाही,2221
6783.0,3,Gram Panchayat,93806,1,Pipra Bijwara,पिपरा बिजवार,2212
6784.0,3,Gram Panchayat,101085,1,Pipra Bishan Pur,पीपरा बिशन पुर,2681
6785.0,3,Gram Panchayat,94311,4,Pipra Dewas,पीपरा देवस,2240
6786.0,3,Gram Panchayat,94495,1,Pipra Dodraj,पिपरा दोदराज,2254
6787.0,3,Gram Panchayat,97844,1,Piprahan Asli,पिपराहाँ असली,2468
6788.0,3,Gram Panchayat,97363,2,Piprahi,पिपराहि,2441
6789.0,3,Gram Panchayat,98608,2,Piprahia,पिपरहिया,2517
6790.0,3,Gram Panchayat,94807,2,Pipra Jagdish,पिपरा जगदीश,2274
6791.0,3,Gram Panchayat,97142,1,Pipra Karauti,पिपरा करौती,2429
6792.0,3,Gram Panchayat,99282,1,Pipra Khem,पीपरा खेम,2561
6793.0,3,Gram Panchayat,101609,1,Pipra Khurd,पीपरा खुर्द,2716
6794.0,3,Gram Panchayat,101634,1,Pipra Khurd,पीपरा खुर्द,2717
6795.0,3,Gram Panchayat,96764,1,Pipralatif,पिपरालतीफ,2402
6796.0,3,Gram Panchayat,98607,1,Pipra Nawrangia,पिपरा नौरंगिया,2517
6797.0,3,Gram Panchayat,101173,1,Pipra Parsain,पीपरा परसाईं,2686
6798.0,3,Gram Panchayat,100958,1,Piprarhi,पीप्रारही,2673
6799.0,3,Gram Panchayat,98739,1,Piprasi,पिपरासी,2524
6800.0,3,Gram Panchayat,97319,1,Pipraulia,पिपरौलिया,2438
6801.0,3,Gram Panchayat,97290,1,Pipraun,पिपरौं,2436
6802.0,3,Gram Panchayat,93985,1,Pipraura,पिपरौरा,2222
6803.0,3,Gram Panchayat,97679,2,Pirapur,पिरापुर,2461
6804.0,3,Gram Panchayat,101741,1,Pirapur Mathura,पिरपुर मथुरा,2723
6805.0,3,Gram Panchayat,98653,1,Pirari,पिरारी,2520
6806.0,3,Gram Panchayat,100581,1,Piraridih,पिरारीडीह,2644
6807.0,3,Gram Panchayat,100635,1,Pirauna,पिरौना,2647
6808.0,3,Gram Panchayat,100532,1,Pirauta Khas,पिरौटा खास,2642
6809.0,3,Gram Panchayat,97178,1,Pirhi,पीरहि,2431
6810.0,3,Gram Panchayat,100682,2,Pir Maker,पीर मकेर,2651
6811.0,3,Gram Panchayat,96521,1,Pirmokam,पीरमोकाम,2386
6812.0,3,Gram Panchayat,97038,1,Pirnagar,पीरनगर,2422
6813.0,3,Gram Panchayat,96675,1,Pirnagara,पीरनगरा,2397
6814.0,3,Gram Panchayat,101742,2,Piroi Shamsuddin,पिरोई शम्सुद्दीन,2723
6815.0,3,Gram Panchayat,97273,1,Piroj Gadh,पिरोज गढ़,2435
6816.0,3,Gram Panchayat,97474,1,Pirokhar,पिरोखर,2447
6817.0,3,Gram Panchayat,94771,2,Pirouta,पिरौटा,2272
6818.0,3,Gram Panchayat,94651,1,Pirpainti,पीरपैंती,2265
6819.0,3,Gram Panchayat,95137,1,Pirri,पिररी,2297
6820.0,3,Gram Panchayat,93986,1,Pirthu,पिर्तु,2222
6821.0,3,Gram Panchayat,93948,1,Piru,पीरू,2220
6822.0,3,Gram Panchayat,93987,1,Pirwan,पीरवान,2222
6823.0,3,Gram Panchayat,98936,1,Pitamberpur,पीताम्बरपुर,2538
6824.0,3,Gram Panchayat,100533,1,Pithauri,पिठौरी,2642
6825.0,3,Gram Panchayat,101463,1,Pithauri,पिठौरी,2706
6826.0,3,Gram Panchayat,94558,2,Pithna,पिथना,2258
6827.0,3,Gram Panchayat,93783,1,Pithoura,पिठौरा,2211
6828.0,3,Gram Panchayat,239364,1,Piyaur,पियौर,2697
6829.0,3,Gram Panchayat,94057,1,Pogar,पोगर,2225
6830.0,3,Gram Panchayat,95264,1,Pohadi Bela,पोहद्दी बेला,2303
6831.0,3,Gram Panchayat,95188,1,Pohadi West,पोहद्दी पश्चिमी,2299
6832.0,3,Gram Panchayat,96137,1,Pohe,पोहे,2360
6833.0,3,Gram Panchayat,101935,2,Pohiyar Buzurg,पोहियर बुज़ुर्ग,2733
6834.0,3,Gram Panchayat,93868,1,Poiwan,पोइवान,2215
6835.0,3,Gram Panchayat,96034,1,Pojha,पोझा,2353
6836.0,3,Gram Panchayat,100927,2,Pojhiyan,पोझिया,2671
6837.0,3,Gram Panchayat,99323,1,Pokhara,पोखरा,2563
6838.0,3,Gram Panchayat,101379,1,Pokhara,पोखरा,2700
6839.0,3,Gram Panchayat,99863,1,Pokharaha,पोखरहा,2601
6840.0,3,Gram Panchayat,100357,1,Pokharaira,पोखरैरा,2633
6841.0,3,Gram Panchayat,95437,1,Pokhar Bhinda,पोखरभिंडा,2313
6842.0,3,Gram Panchayat,93661,1,Pokharia,पोखरिया,2206
6843.0,3,Gram Panchayat,94288,3,Pokharia,पोखरिया,2239
6844.0,3,Gram Panchayat,100824,2,Pokherara,पोखरेरा,2660
6845.0,3,Gram Panchayat,94983,1,Pokhraha,पोखरहा,2285
6846.0,3,Gram Panchayat,93869,2,Pokhrahan,पोखरण,2215
6847.0,3,Gram Panchayat,98024,1,Pokhraira,पोखरैरा,2475
6848.0,3,Gram Panchayat,101000,1,Pokhraira,पोखरैरा,2676
6849.0,3,Gram Panchayat,95211,1,Pokhram North,पोखराम उत्तरी,2300
6850.0,3,Gram Panchayat,97093,1,Pokhram Parmanandpur,पोखराम परमानंदपुर,2425
6851.0,3,Gram Panchayat,95212,1,Pokhram South,पोखराम दक्षिणी,2300
6852.0,3,Gram Panchayat,98405,1,Poksi,पोकसी,2505
6853.0,3,Gram Panchayat,93784,1,Posdaha,पोसदाहा,2211
6854.0,3,Gram Panchayat,101117,1,Posua Patania,पोसुआ पटनिया,2684
6855.0,3,Gram Panchayat,94753,1,Poswan,पोसवां,2271
6856.0,3,Gram Panchayat,93713,1,Pothia,पोठिया,2208
6857.0,3,Gram Panchayat,94716,2,Pothia,पोठिया,2269
6858.0,3,Gram Panchayat,96522,1,Pothia,पोठिया,2386
6859.0,3,Gram Panchayat,99488,1,Pothia Gangeli,पोतिया गंगेली,2578
6860.0,3,Gram Panchayat,99666,2,Pothiya Rampur,पोठिया रामपुर,2588
6861.0,3,Gram Panchayat,99105,1,Potthhi,पोठही,2549
6862.0,3,Gram Panchayat,94240,2,Poukari,पौकरी,2236
6863.0,3,Gram Panchayat,95290,1,Pouram,पौरम,2305
6864.0,3,Gram Panchayat,98143,3,Powari,पोवारी,2483
6865.0,3,Gram Panchayat,97910,1,Prahladpur,प्रहलादपुर,2471
6866.0,3,Gram Panchayat,96630,1,Pranpur,प्राणपुर,2394
6867.0,3,Gram Panchayat,97441,1,Prasad,प्रसाद,2445
6868.0,3,Gram Panchayat,101086,1,Prasandi,प्रसंदी,2681
6869.0,3,Gram Panchayat,97969,1,Prasauni Raisi,परसौनी रईसी,2473
6870.0,3,Gram Panchayat,94533,2,Prashsthdih,प्रसस्तडीह,2256
6871.0,3,Gram Panchayat,96922,1,Pratappur,प्रतापपुर,2412
6872.0,3,Gram Panchayat,95943,1,Pratap Pur,प्रताप पुर,2346
6873.0,3,Gram Panchayat,101679,1,Prataptand East,प्रतापटांड पूर्वी,2719
6874.0,3,Gram Panchayat,101680,1,Prataptand West,प्रतापटांड पश्चिम,2719
6875.0,3,Gram Panchayat,95138,1,Premjiwar,प्रेमजीवर,2297
6876.0,3,Gram Panchayat,101149,1,Prem Nagar,प्रेम नगर,2685
6877.0,3,Gram Panchayat,98159,1,Puna,पूना,2484
6878.0,3,Gram Panchayat,99075,1,Punadih,पूनाडीह,2547
6879.0,3,Gram Panchayat,95710,1,Puna Kala,पूना कला,2333
6880.0,3,Gram Panchayat,94630,1,Punama Pratap Nagar,पूनमा प्रताप नगर,2264
6881.0,3,Gram Panchayat,100358,1,Punas,पुनास,2633
6882.0,3,Gram Panchayat,244480,1,Punas Lahladpur,पुनस लहलादपुर,2576
6883.0,3,Gram Panchayat,98369,1,Punaul,पुनौल,2503
6884.0,3,Gram Panchayat,95265,1,Punhad,पुनहद,2303
6885.0,3,Gram Panchayat,96225,3,Punhada,पुनहदा,2366
6886.0,3,Gram Panchayat,98370,1,Punthar,पुन्थर,2503
6887.0,3,Gram Panchayat,95749,1,Pura,पूरा,2336
6888.0,3,Gram Panchayat,95770,1,Pura,पूरा,2337
6889.0,3,Gram Panchayat,95944,1,Puraina,पुरैना,2346
6890.0,3,Gram Panchayat,98769,1,Puraina,पुरैना,2526
6891.0,3,Gram Panchayat,100880,3,Puraina,पुरैना,2666
6892.0,3,Gram Panchayat,97057,2,Puraini,पुरैनी,2423
6893.0,3,Gram Panchayat,97106,1,Puraini,पुरैनी,2426
6894.0,3,Gram Panchayat,98128,1,Puraini,पुरैनी,2482
6895.0,3,Gram Panchayat,101807,5,Purainia,पुरैनिया,2726
6896.0,3,Gram Panchayat,94578,2,Puraini North,पुरैनी उत्तरी,2260
6897.0,3,Gram Panchayat,94579,2,Puraini South,पुरैनी दक्षिणी,2260
6898.0,3,Gram Panchayat,94580,2,Puraini Tola Sonu Chak,पुरैनी टोला सोनू चक,2260
6899.0,3,Gram Panchayat,98654,1,Purainiya,पुरैनिया,2520
6900.0,3,Gram Panchayat,99195,2,Purainiya,पुरैनिया,2556
6901.0,3,Gram Panchayat,98707,2,Purainiya Harsari,पुरैनिया हरसरी,2522
6902.0,3,Gram Panchayat,238507,1,Purainiya Shekha Panchayat,पुरैनियॉ शेखा पंचायत,6806
6903.0,3,Gram Panchayat,99520,1,Puranaganj,पुरानागंज,2580
6904.0,3,Gram Panchayat,96836,1,Purandaha,पुरन्दाहा,2406
6905.0,3,Gram Panchayat,101174,1,Purandaha Rajawara Pashchim,पुरन्दाहा राजवारा पश्चिम,2686
6906.0,3,Gram Panchayat,101175,1,Purandaha Rajawara Purvi,पुरन्दाहा राजवारा पूर्वी,2686
6907.0,3,Gram Panchayat,99434,1,Purandra,पुरंदरा,2573
6908.0,3,Gram Panchayat,98908,1,Purani Panapur,पुरानी पानापुर,2536
6909.0,3,Gram Panchayat,238518,1,Puran Panchayat,पुराण पंचायत,6806
6910.0,3,Gram Panchayat,101808,2,Puran Tand,पुराण टांड,2726
6911.0,3,Gram Panchayat,96471,1,Purbi Bari Nagar,पूर्वी बारीनगर,2383
6912.0,3,Gram Panchayat,96044,1,Purbi Guguldih,पुर्बी गुगुलदीह,2354
6913.0,3,Gram Panchayat,98730,1,Purbi Nautan,नौतन पूर्वी,2523
6914.0,3,Gram Panchayat,96746,1,Purbi Thatha,पूरबी तथा,2401
6915.0,3,Gram Panchayat,98569,1,Purbi Turha Patti,पूर्वी तुरहापट्टी,2515
6916.0,3,Gram Panchayat,93949,1,Purhara,पुरहरा,2220
6917.0,3,Gram Panchayat,100050,1,Purikh,पुरिख,2617
6918.0,3,Gram Panchayat,95916,2,Purkhas,पुरखास,2345
6919.0,3,Gram Panchayat,101809,1,Purkhauli,पुरखौली,2726
6920.0,3,Gram Panchayat,100489,1,Purnahi,पूर्नाही,2640
6921.0,3,Gram Panchayat,99248,2,Purnahiya,पूर्णहिया,2559
6922.0,3,Gram Panchayat,97336,1,Pursolia,पुरसौलिया,2439
6923.0,3,Gram Panchayat,96058,1,Pursunda,पुरसंडा,2355
6924.0,3,Gram Panchayat,100675,2,Purushotampur,पुरुषोत्तमपुर,2650
6925.0,3,Gram Panchayat,100238,2,Purushotampur Annu,परुषोतमपुर  अन्नू,2626
6926.0,3,Gram Panchayat,100218,2,Purusottampur,पुरुषोत्तमपुर,2625
6927.0,3,Gram Panchayat,98845,1,Purusottampur Painathi,पुरूषोतमपुर पैनाती,2532
6928.0,3,Gram Panchayat,101352,1,Purvi Harihans,पूर्वी हरिहांस,2698
6929.0,3,Gram Panchayat,100556,2,Purvi Telpa,पूर्वी तेलपा,2643
6930.0,3,Gram Panchayat,100152,2,Pusaho,पुसहो,2622
6931.0,3,Gram Panchayat,94650,2,Pyalapur,प्यालापुर,2265
6932.0,3,Gram Panchayat,98129,2,Pyarepur,प्यारेपुर,2482
6933.0,3,Gram Panchayat,95791,1,Pyaripur,प्यारेपुर,2338
6934.0,3,Gram Panchayat,101241,2,Rachhopali,राछोपाली,2690
6935.0,3,Gram Panchayat,94344,3,Rachiyahi,रचियाही,2241
6936.0,3,Gram Panchayat,95314,1,Radai (N),राधी उत्तरी,2306
6937.0,3,Gram Panchayat,101201,1,Radhaur,राधौर,2688
6938.0,3,Gram Panchayat,95315,1,Radhi East,राधी पूर्वी,2306
6939.0,3,Gram Panchayat,95316,1,Radhi South,राधी दक्षिणी,2306
6940.0,3,Gram Panchayat,99142,1,Radhiya,रधिया,2552
6941.0,3,Gram Panchayat,97845,1,Raghai,रघई,2468
6942.0,3,Gram Panchayat,97249,1,Raghauli,रघौली,2434
6943.0,3,Gram Panchayat,97250,1,Raghepura,रघेपुरा,2434
6944.0,3,Gram Panchayat,94593,1,Raghopur,राघोपुर,2261
6945.0,3,Gram Panchayat,94617,1,Raghopur,राघोपुर,2263
6946.0,3,Gram Panchayat,97846,1,Raghopur,राघोपुर,2468
6947.0,3,Gram Panchayat,99212,1,Raghopur,राघोपुर,2557
6948.0,3,Gram Panchayat,101597,1,Raghopur,राघोपुर,2715
6949.0,3,Gram Panchayat,97535,1,Raghopur Balath,राघोपुर बलाट,2450
6950.0,3,Gram Panchayat,95396,3,Raghopur East,राघोपुर पूर्वी,2311
6951.0,3,Gram Panchayat,101890,2,Raghopur Narsanda,राघोपुर नरसंडा,2730
6952.0,3,Gram Panchayat,95395,1,Raghopur North,राघोपुर उत्तरी,2311
6953.0,3,Gram Panchayat,101907,3,Raghopur Paschimi,राघोपुर पश्चिम,2731
6954.0,3,Gram Panchayat,101908,3,Raghopur Purvi,राघोपुर पूर्वी,2731
6955.0,3,Gram Panchayat,95397,3,Raghopur South,राघोपुर दक्षिणी,2311
6956.0,3,Gram Panchayat,95398,2,Raghopur West,राघोपुर पश्चिमी,2311
6957.0,3,Gram Panchayat,95602,1,Raghunath Khap,रघुनाथ खाप,2325
6958.0,3,Gram Panchayat,94135,2,Raghunathpur,रघुनाथपुर,2230
6959.0,3,Gram Panchayat,94984,1,Raghunathpur,रघुनाथपुर,2285
6960.0,3,Gram Panchayat,97094,1,Raghunathpur,रघुनाथपुर,2425
6961.0,3,Gram Panchayat,97948,1,Raghunathpur,रघुनाथपुर,2472
6962.0,3,Gram Panchayat,99292,1,Raghunathpur,रघुनाथपुर,2561
6963.0,3,Gram Panchayat,99417,1,Raghunathpur,रघुनाथपुर,2572
6964.0,3,Gram Panchayat,99578,2,Raghunathpur,रघुनाथपुर,2583
6965.0,3,Gram Panchayat,100094,1,Raghunathpur,रघुनाथपुर,2619
6966.0,3,Gram Panchayat,101434,1,Raghunath Pur,रघुनाथ पुर,2704
6967.0,3,Gram Panchayat,94460,1,Raghunathpur Barari,रघुनाथपुर बरारी,2252
6968.0,3,Gram Panchayat,97995,2,Raghunathpur Donma,रघुनाथपुर दोनवां,2474
6969.0,3,Gram Panchayat,101681,2,Raghunathpur Imadpur,रघुनाथपुर इमादपुर,2719
6970.0,3,Gram Panchayat,94459,1,Raghunath Pur Karari,रघुनाथपुर करारी,2252
6971.0,3,Gram Panchayat,97801,1,Raghunathpur Madhuban,रघुनाथपुर मधुबन,2466
6972.0,3,Gram Panchayat,93680,1,Raghunathpur North,रघुनाथपुर उत्तरी,2207
6973.0,3,Gram Panchayat,93681,1,Raghunathpur South,रघुनाथपुर दक्षिणी,2207
6974.0,3,Gram Panchayat,97536,1,Raghuni Dehat,रघुनी देहट,2450
6975.0,3,Gram Panchayat,97550,1,Rahamatpur,रहमतपुर,2451
6976.0,3,Gram Panchayat,96523,3,Rahata,रहटा,2386
6977.0,3,Gram Panchayat,93756,1,Rahat Mina,रहटमीना,2210
6978.0,3,Gram Panchayat,94289,4,Rahatpur,रहाटपुर,2239
6979.0,3,Gram Panchayat,97460,2,Rahika,रहिका,2446
6980.0,3,Gram Panchayat,93714,1,Rahikpur Tilamohan,रहिकपुर ठिलामोहन,2208
6981.0,3,Gram Panchayat,101705,1,Rahimapur,रहीमपुर,2720
6982.0,3,Gram Panchayat,101952,1,Rahimpur,रहीमपुर,2734
6983.0,3,Gram Panchayat,96731,1,Rahimpur Dakshin,रहीमपुर दक्षिण,2400
6984.0,3,Gram Panchayat,96732,2,Rahimpur Madhya,रहीमपुर मॅढिया,2400
6985.0,3,Gram Panchayat,98816,1,Rahimpur Rupas,रहीमपुर रुपस,2530
6986.0,3,Gram Panchayat,96733,1,Rahimpur Uttar,रहीमपुर उत्तरी,2400
6987.0,3,Gram Panchayat,100396,1,Rahiyar North,रहियार उत्तर,2635
6988.0,3,Gram Panchayat,100397,1,Rahiyar South,रहियार दक्षिण,2635
6989.0,3,Gram Panchayat,97058,1,Rahta,रहटा,2423
6990.0,3,Gram Panchayat,100398,1,Rahtauli,रहटौली,2635
6991.0,3,Gram Panchayat,94461,1,Rahua,रहुआ,2252
6992.0,3,Gram Panchayat,100490,1,Rahua East,रोहुआ पूर्वी,2640
6993.0,3,Gram Panchayat,97442,1,Rahua Sangram,रहुआ संग्राम,2445
6994.0,3,Gram Panchayat,100491,1,Rahua West,रोहुआ पश्चिमी,2640
6995.0,3,Gram Panchayat,99667,1,Rahuwa,राहुआ,2588
6996.0,3,Gram Panchayat,98487,1,Raibari Mahuawa,रायबारी महुअवा,2510
6997.0,3,Gram Panchayat,99504,1,Raiber,रायबेर,2579
6998.0,3,Gram Panchayat,97114,1,Raibhir,रायभीर,2427
6999.0,3,Gram Panchayat,99066,2,Raili,रैली,2546
7000.0,3,Gram Panchayat,101150,1,Rain Bishuni,रैन बिशुनी,2685
7001.0,3,Gram Panchayat,94604,1,Raipur,रायपुर,2262
7002.0,3,Gram Panchayat,96513,1,Raipur,रॉयपुर,2385
7003.0,3,Gram Panchayat,100461,1,Raipur,रायपुर,2638
7004.0,3,Gram Panchayat,100492,1,Raipur,रायपुर,2640
7005.0,3,Gram Panchayat,96113,1,Raipura,रायपुरा,2358
7006.0,3,Gram Panchayat,100071,1,Raipura,रैपुरा,2618
7007.0,3,Gram Panchayat,100511,1,Raipura,रायपूरा,2641
7008.0,3,Gram Panchayat,100557,1,Raipur Bingawan,रायपुर विन्दगॉवा,2643
7009.0,3,Gram Panchayat,100382,2,Raipur Buzurg,रायपुर बुज़ुर्ग,2634
7010.0,3,Gram Panchayat,99942,1,Raipur Chor,रायपुरचोर,2608
7011.0,3,Gram Panchayat,98130,1,Raitar,रैतर,2482
7012.0,3,Gram Panchayat,97320,1,Raiyam East,रैयाम पूर्वी,2438
7013.0,3,Gram Panchayat,97321,1,Raiyam West,रैयाम पश्चिमि,2438
7014.0,3,Gram Panchayat,94219,1,Rajabar,राजावर,2235
7015.0,3,Gram Panchayat,98682,1,Rajabhar,राजाभार,2521
7016.0,3,Gram Panchayat,100268,1,Raja Jan,राजाजान,2628
7017.0,3,Gram Panchayat,95438,1,Rajakhar War,राजाखरवार,2313
7018.0,3,Gram Panchayat,94453,2,Rajakpur,रजाकपुर,2251
7019.0,3,Gram Panchayat,95603,1,Rajan,राजन,2325
7020.0,3,Gram Panchayat,98448,1,Rajan,राजन,2508
7021.0,3,Gram Panchayat,99893,1,Rajandih,राजनडीह,2604
7022.0,3,Gram Panchayat,94681,1,Rajandipur,राजनदीपुर,2267
7023.0,3,Gram Panchayat,99999,1,Rajanpur,राजन्पुर,2613
7024.0,3,Gram Panchayat,239372,1,Rajanpura,राजनपुरा,2697
7025.0,3,Gram Panchayat,97996,1,Rajapakar,राजापाकर,2474
7026.0,3,Gram Panchayat,101924,1,Rajapakar North,राजापाकर उत्तर,2732
7027.0,3,Gram Panchayat,101925,1,Rajapakar South,राजापाकर दक्षिण,2732
7028.0,3,Gram Panchayat,94866,1,Rajapur,राजापुर,2278
7029.0,3,Gram Panchayat,95106,1,Rajapur,राजापुर,2295
7030.0,3,Gram Panchayat,101254,1,Rajapur,राजापुर,2691
7031.0,3,Gram Panchayat,98025,1,Raja Rampur,राजा रामपुर,2475
7032.0,3,Gram Panchayat,101706,1,Rajasan,राजसन,2720
7033.0,3,Gram Panchayat,97307,1,Rajauli,रजौली,2437
7034.0,3,Gram Panchayat,98418,1,Rajauli East,रजौली पूर्वी,2506
7035.0,3,Gram Panchayat,98419,1,Rajauli West,रजौली पश्चिमी,2506
7036.0,3,Gram Panchayat,94220,1,Rajaun,रजौन,2235
7037.0,3,Gram Panchayat,96156,1,Rajaun,रजौन,2361
7038.0,3,Gram Panchayat,94413,1,Rajaur,रजौर,2247
7039.0,3,Gram Panchayat,94345,2,Rajaura,रजौड़ा,2241
7040.0,3,Gram Panchayat,95345,1,Rajaura,रजौड़ा,2307
7041.0,3,Gram Panchayat,100399,2,Rajaur Rambhadrapur,रजौर रामभद्रपुर,2635
7042.0,3,Gram Panchayat,95399,1,Raje,राजे,2311
7043.0,3,Gram Panchayat,97971,1,Rajepur,राजेपुर,2473
7044.0,3,Gram Panchayat,99351,1,Rajepur,राजेपुर,2565
7045.0,3,Gram Panchayat,99378,1,Rajepur Nawada,राजेपुर नवादा,2568
7046.0,3,Gram Panchayat,101515,2,Rajeshwari East,राजेश्वरी पूर्वी,2709
7047.0,3,Gram Panchayat,101516,2,Rajeshwari West,राजेश्वरी पश्चिम,2709
7048.0,3,Gram Panchayat,94887,2,Rajeyan,रजेयाँ,2279
7049.0,3,Gram Panchayat,96999,1,Rajganj,राजगंज,2418
7050.0,3,Gram Panchayat,94653,1,Rajgaon,राजगाँव,2265
7051.0,3,Gram Panchayat,94652,2,Rajgaon Araji,राजगांव अराजी,2265
7052.0,3,Gram Panchayat,99623,1,Rajghat Garail,राजघाट गरैल,2585
7053.0,3,Gram Panchayat,99686,1,Rajiganj,रजिगंज,2589
7054.0,3,Gram Panchayat,98917,3,Rajipur,राजीपुर,2537
7055.0,3,Gram Panchayat,97664,1,Rajkhand North,राजखंड उत्तरी,2460
7056.0,3,Gram Panchayat,97665,1,Rajkhand South,राजखंड दक्षिणी,2460
7057.0,3,Gram Panchayat,97802,1,Rajla,राजला,2466
7058.0,3,Gram Panchayat,96090,1,Rajla Kala,रजला कला,2357
7059.0,3,Gram Panchayat,97095,1,Rajni,रजनी,2425
7060.0,3,Gram Panchayat,95418,1,Rajo,राजो,2312
7061.0,3,Gram Panchayat,94404,1,Rajopur,राजोपुर,2246
7062.0,3,Gram Panchayat,94007,1,Rajpur,राजपुर,2223
7063.0,3,Gram Panchayat,94136,2,Rajpur,राजपुर,2230
7064.0,3,Gram Panchayat,95086,1,Rajpur,राजपुर,2294
7065.0,3,Gram Panchayat,99276,2,Rajpur,राजपुर,2561
7066.0,3,Gram Panchayat,99792,1,Rajpur,राजपुर,2597
7067.0,3,Gram Panchayat,99894,2,Rajpur,राजपुर,2604
7068.0,3,Gram Panchayat,100255,2,Rajpur,राजपुर,2627
7069.0,3,Gram Panchayat,101435,1,Rajpur,राजपुर,2704
7070.0,3,Gram Panchayat,101533,1,Rajpur,राजपुर,2710
7071.0,3,Gram Panchayat,95107,1,Rajpur Kalan,राजपुर कलान,2295
7072.0,3,Gram Panchayat,95108,3,Rajpur Kalan Parsanpah,राजपुर कलान पर्संपः,2295
7073.0,3,Gram Panchayat,98708,1,Rajpur Tumkadiya,राजपुर तुमकड़िया,2522
7074.0,3,Gram Panchayat,100432,1,Rajwa,रजवा,2637
7075.0,3,Gram Panchayat,96588,1,Rajwara,रजवार,2390
7076.0,3,Gram Panchayat,97911,1,Rajwara Bhagwan,राजवारा भगवान,2471
7077.0,3,Gram Panchayat,98709,1,Rakhahi,रखही चम्पापुर,2522
7078.0,3,Gram Panchayat,97162,1,Rakhbari,रखबरी,2430
7079.0,3,Gram Panchayat,100051,1,Rakiya,रक़िया,2617
7080.0,3,Gram Panchayat,97820,1,Raksa,रक्सा,2467
7081.0,3,Gram Panchayat,245375,1,Ramai,रमई,2208
7082.0,3,Gram Panchayat,97600,3,Ramankabad East,रमनकाबाद पूर्वी,2455
7083.0,3,Gram Panchayat,97601,2,Ramankabad West,रमनकाबाद पश्चिमी,2455
7084.0,3,Gram Panchayat,101464,2,Ramapali,रामापाली,2706
7085.0,3,Gram Panchayat,100433,1,Ramapur Maheshpur,रामापुर महेशपुर,2637
7086.0,3,Gram Panchayat,94772,2,Ramapur Sandia,रामपुर साण्डिया,2272
7087.0,3,Gram Panchayat,94912,1,Ramashand,रामाषाढ,2281
7088.0,3,Gram Panchayat,100219,1,Rambhadrapur,रामभद्रपुर,2625
7089.0,3,Gram Panchayat,95139,2,Rambhadra Pur,रामभद्रपुर,2297
7090.0,3,Gram Panchayat,101598,1,Ram Bishanpur,राम बिशनपुर,2715
7091.0,3,Gram Panchayat,96938,1,Ramchandarpur,रामचनदारपुर,2414
7092.0,3,Gram Panchayat,96035,1,Ramchandra Dih,रामचंद्रडीह,2353
7093.0,3,Gram Panchayat,95991,2,Ramchandrapur,रामचन्द्रपुर,2350
7094.0,3,Gram Panchayat,100462,1,Ram Chandrapur Andhail,रामचन्द्रपुर अंधैल,2638
7095.0,3,Gram Panchayat,100650,1,Ramchaura,रामचौरा,2648
7096.0,3,Gram Panchayat,94243,1,Ramchua,रामचुआ,2236
7097.0,3,Gram Panchayat,95895,1,Ram Das Bagahi,रामदास बगही,2344
7098.0,3,Gram Panchayat,101635,1,Ramdatt Patti,रामदत्त पट्टी,2717
7099.0,3,Gram Panchayat,99636,1,Ram Deli,राम डेली,2586
7100.0,3,Gram Panchayat,100534,1,Ramdhnaw,राम धनाव,2642
7101.0,3,Gram Panchayat,99959,1,Ramdihra,रामडिहरा,2610
7102.0,3,Gram Panchayat,94439,1,Ramdiri -I,रामदीरी-१,2250
7103.0,3,Gram Panchayat,94441,1,Ramdiri-Ii,रामदीरी-२,2250
7104.0,3,Gram Panchayat,94440,1,Ramdiri -Iii,रामदीरी-३,2250
7105.0,3,Gram Panchayat,94438,1,Ramdiri -Iv,रामदीरी-४,2250
7106.0,3,Gram Panchayat,96292,2,Ramgarh,रामगढ,2371
7107.0,3,Gram Panchayat,96308,1,Ramgarh,रामगढ,2372
7108.0,3,Gram Panchayat,239377,1,Ramgarh,रामगढ,2705
7109.0,3,Gram Panchayat,101305,3,Ramgarha,रामगढ़ा,2694
7110.0,3,Gram Panchayat,99181,1,Ramgarh Mahuawa,रंगर्ह महुअवा,2555
7111.0,3,Gram Panchayat,99367,1,Ramgarhwa,रंगारहवा,2566
7112.0,3,Gram Panchayat,99418,2,Ramgarhwa,रंगारहवा,2572
7113.0,3,Gram Panchayat,93785,1,Ramghat Kosakapur,रामघाट कोशकापुर,2211
7114.0,3,Gram Panchayat,94535,1,Ramjani Pur,रमजानीपुर,2256
7115.0,3,Gram Panchayat,98026,1,Ramkrishandu Biyahi,राम कृष्ण दुबियाहीं,2475
7116.0,3,Gram Panchayat,93807,1,Ramnagar,रामनगर,2212
7117.0,3,Gram Panchayat,94008,2,Ramnagar,रामनगर,2223
7118.0,3,Gram Panchayat,95213,1,Ramnagar,रामनगर,2300
7119.0,3,Gram Panchayat,97583,3,Ramnagar,रामनगर,2454
7120.0,3,Gram Panchayat,97724,1,Ramnagar,रामनगर,2463
7121.0,3,Gram Panchayat,101567,2,Ramnagar,रामनगर,2713
7122.0,3,Gram Panchayat,97515,2,Ram Nagar,राम नगर,2449
7123.0,3,Gram Panchayat,98683,1,Ramnagar Bankat,रामनगर बनकट,2521
7124.0,3,Gram Panchayat,101108,2,Ram Nagar Bedaul,राम नगर बेडौल,2683
7125.0,3,Gram Panchayat,98787,2,Ramnagar Diyara,रामनगर दिआरा,2528
7126.0,3,Gram Panchayat,99546,1,Ramnagar Farsahimilik,रामनगर फरसाही मिलिक,2581
7127.0,3,Gram Panchayat,98788,1,Ramnagar Korari Kochhar,रामनगर करारी कछार,2528
7128.0,3,Gram Panchayat,97059,1,Ramnagar Mahesh,रामनगर महेश,2423
7129.0,3,Gram Panchayat,95189,1,Ramouli,रमौली,2299
7130.0,3,Gram Panchayat,299439,1,Rampatti,रामपट्टी,2428
7131.0,3,Gram Panchayat,97537,2,Ram Patti,रामपट्टी,2450
7132.0,3,Gram Panchayat,94009,2,Rampur,रामपुर,2223
7133.0,3,Gram Panchayat,95055,1,Rampur,रामपुर,2292
7134.0,3,Gram Panchayat,95448,1,Rampur,रामपुर,2314
7135.0,3,Gram Panchayat,95811,2,Rampur,रामपुर,2339
7136.0,3,Gram Panchayat,96226,1,Rampur,रामपुर,2366
7137.0,3,Gram Panchayat,96532,2,Rampur,रामपुर,2387
7138.0,3,Gram Panchayat,96589,2,Rampur,रामपुर,2390
7139.0,3,Gram Panchayat,96710,1,Rampur,रामपुर,2399
7140.0,3,Gram Panchayat,96968,1,Rampur,रामपुर,2416
7141.0,3,Gram Panchayat,97096,1,Rampur,रामपुर,2425
7142.0,3,Gram Panchayat,97626,1,Rampur,रामपुर,2457
7143.0,3,Gram Panchayat,98202,1,Rampur,रामपुर,2488
7144.0,3,Gram Panchayat,98655,1,Rampur,रामपुर,2520
7145.0,3,Gram Panchayat,99196,1,Rampur,रामपुर,2556
7146.0,3,Gram Panchayat,99599,1,Rampur,रामपुर,2584
7147.0,3,Gram Panchayat,99687,1,Rampur,रामपुर,2589
7148.0,3,Gram Panchayat,99829,1,Rampur,रामपुर,2599
7149.0,3,Gram Panchayat,99928,1,Rampur,रामपुर,2607
7150.0,3,Gram Panchayat,100110,1,Rampur,रामपुर,2620
7151.0,3,Gram Panchayat,100191,1,Rampur,रामपुर,2624
7152.0,3,Gram Panchayat,100725,1,Rampur,रामपुर,2653
7153.0,3,Gram Panchayat,101242,1,Rampur,रामपुर,2690
7154.0,3,Gram Panchayat,101448,1,Rampur,रामपुर,2705
7155.0,3,Gram Panchayat,101517,1,Rampur,रामपुर,2709
7156.0,3,Gram Panchayat,101568,2,Rampur,रामपुर,2713
7157.0,3,Gram Panchayat,94534,1,Ram Pur,राम पुर,2256
7158.0,3,Gram Panchayat,100636,1,Ram Pur,राम पुर,2647
7159.0,3,Gram Panchayat,95419,1,Rampura,रामपुर,2312
7160.0,3,Gram Panchayat,93682,1,Rampuraadi,रामपुर आदि,2207
7161.0,3,Gram Panchayat,96656,1,Rampur Allouli,रामपुर आल्लौली,2396
7162.0,3,Gram Panchayat,100593,4,Rampur Ami,रामपुर आमी,2645
7163.0,3,Gram Panchayat,100651,1,Rampur Atauli,रामपुर अटौली,2648
7164.0,3,Gram Panchayat,238504,1,Rampur Baina Panchayat,रामपुर बैना पंचायत,6804
7165.0,3,Gram Panchayat,97881,1,Rampur Bheriyahi,रामपुर भेरियाहीं,2469
7166.0,3,Gram Panchayat,100493,1,Rampur Bisanpur,रामपुर बिसनपुर,2640
7167.0,3,Gram Panchayat,97637,2,Rampur-Bishay,रामपुर-विषय,2458
7168.0,3,Gram Panchayat,101843,1,Rampur Chandrabhan Urf Dagru,रामपुर चंद्रभान उर्फ डगरु,2728
7169.0,3,Gram Panchayat,238524,1,Rampur Chay Panchayat,रामपुर चाय पंचायत,6806
7170.0,3,Gram Panchayat,97680,1,Rampur Dayal,रामपुर दयाल,2461
7171.0,3,Gram Panchayat,95278,1,Rampur Dih,रामपुर डीह,2304
7172.0,3,Gram Panchayat,98966,1,Rampur Diyara Tauffir,रामपुर दियारा तौफिर,2541
7173.0,3,Gram Panchayat,99004,2,Rampur Dumra,रामपुर डुमरा,2543
7174.0,3,Gram Panchayat,99089,1,Rampur Faridpur,रामपुर फरीदपुर,2548
7175.0,3,Gram Panchayat,97699,1,Rampur Jaipal,रामपुर जयपाल,2462
7176.0,3,Gram Panchayat,95014,1,Rampurkala,रामपुरकला,2288
7177.0,3,Gram Panchayat,97584,2,Rampurkala,रामपुरकला,2454
7178.0,3,Gram Panchayat,97949,1,Rampur Keso Urf Malahi,रामपुर केशो उर्फ़ मलाही,2472
7179.0,3,Gram Panchayat,99296,1,Rampur Khajuria,रामपुर खजुरिया,2562
7180.0,3,Gram Panchayat,95917,1,Rampur Khareya,रामपुर खरेयां,2345
7181.0,3,Gram Panchayat,94618,3,Rampur Khurd,रामपुर खुर्द,2263
7182.0,3,Gram Panchayat,93662,1,Rampur Kodarkatti,रामपुर कोदरकट्टी,2206
7183.0,3,Gram Panchayat,97997,1,Rampur Krishna,रामपुर कृष्णा,2474
7184.0,3,Gram Panchayat,97115,1,Rampur Lahi,रामपुर लाही,2427
7185.0,3,Gram Panchayat,95918,1,Rampur Madho,रामपुर माधो,2345
7186.0,3,Gram Panchayat,97998,1,Rampur Mani,रामपुर मणि,2474
7187.0,3,Gram Panchayat,93663,1,Rampur Mohanpur East,रामपुर मोहनपुर पूर्वी,2206
7188.0,3,Gram Panchayat,93664,1,Rampur Mohanpur West,रामपुर मोहनपुर पश्चिमी,2206
7189.0,3,Gram Panchayat,93715,1,Rampur North,रामपुर उत्तर,2208
7190.0,3,Gram Panchayat,99213,1,Rampur North,रामपुर उत्तर,2557
7191.0,3,Gram Panchayat,100663,1,Rampur Nur Nagar,रामपुर नूर नगर,2649
7192.0,3,Gram Panchayat,101033,1,Rampur Parori,रामपुर परोरी,2678
7193.0,3,Gram Panchayat,101926,1,Rampur Ratnakar,रामपुर रत्नाकर,2732
7194.0,3,Gram Panchayat,97666,1,Rampur Shambhuta,रामपुर शम्भूता,2460
7195.0,3,Gram Panchayat,101909,1,Rampur Shyamchand,रामपुर श्यामचन्द,2731
7196.0,3,Gram Panchayat,93716,1,Rampur South,रामपुर दक्षिण,2208
7197.0,3,Gram Panchayat,244382,1,Rampur South,रामपुर दक्षिण,2557
7198.0,3,Gram Panchayat,95860,1,Rampur Tengarahi,रामपुर टेंगरही,2342
7199.0,3,Gram Panchayat,99547,1,Rampur Tilak,रामपुर तिलक,2581
7200.0,3,Gram Panchayat,101306,1,Ramsapur,रामसपुर,2694
7201.0,3,Gram Panchayat,99366,1,Ram Singh Chhatauni,राम सिंग च्छतौनी,2566
7202.0,3,Gram Panchayat,96036,1,Ramsingh Dih,रामसिंहडीह,2353
7203.0,3,Gram Panchayat,100976,1,Ranauli,रणौली,2674
7204.0,3,Gram Panchayat,94137,1,Ranga,रांगा,2230
7205.0,3,Gram Panchayat,94176,2,Rangaon,रणगाँव,2232
7206.0,3,Gram Panchayat,98817,1,Rangbigha,रंगबिघा,2530
7207.0,3,Gram Panchayat,99625,1,Rangpura South,रंगपुरा दक्षिण,2585
7208.0,3,Gram Panchayat,94667,2,Rangra,रंगरा,2266
7209.0,3,Gram Panchayat,99489,1,Rangraya Laltoli,रंगराया लालतोली,2578
7210.0,3,Gram Panchayat,94654,2,Rani Diara,रानी दियारा,2265
7211.0,3,Gram Panchayat,94257,2,Rani-I,रानी-१,2237
7212.0,3,Gram Panchayat,94258,1,Rani-Ii,रानी-२,2237
7213.0,3,Gram Panchayat,94259,1,Rani-Iii,रानी-३,2237
7214.0,3,Gram Panchayat,97847,1,Rani Khaira Urf Banua,रानी खैरा उर्फ बनुआ,2468
7215.0,3,Gram Panchayat,100400,1,Raniparti,रानीपरती,2635
7216.0,3,Gram Panchayat,97060,1,Rani Pati Sukhasan,रानीपट्टी सुखासन,2423
7217.0,3,Gram Panchayat,95237,1,Ranipur,रानीपुर,2301
7218.0,3,Gram Panchayat,98178,1,Ranipur,रानीपुर,2485
7219.0,3,Gram Panchayat,99049,2,Ranipur Kurkuri,रानीपुर कुरकुरी,2545
7220.0,3,Gram Panchayat,98570,1,Ranipur Rampurwa,रानीपुर रामपुरवा,2515
7221.0,3,Gram Panchayat,94808,1,Ranisagar,रानीसागर,2274
7222.0,3,Gram Panchayat,96734,1,Rani Sakarpura,रानी सकरपूरा,2400
7223.0,3,Gram Panchayat,94090,2,Raniya Jogdiha,रैनिया जोगडीहा,2227
7224.0,3,Gram Panchayat,101034,1,Ranjeetpur Pashchim,रंजीतपुर पश्चिम,2678
7225.0,3,Gram Panchayat,101035,1,Ranjeetpur Purvi,रंजीतपुर पूर्वी,2678
7226.0,3,Gram Panchayat,100401,1,Ranna Dahiyar,दहियार रन्ना,2635
7227.0,3,Gram Panchayat,94619,3,Rannuchak Makandpur,रन्नूचक मकन्दपुर,2263
7228.0,3,Gram Panchayat,97061,1,Raouta,रौता,2423
7229.0,3,Gram Panchayat,100977,1,Rapauli Rupahara,रपौली रुपहरा,2674
7230.0,3,Gram Panchayat,95833,2,Raqba,रकबा,2340
7231.0,3,Gram Panchayat,95317,1,Rarhi West,राधी पश्चिमी,2306
7232.0,3,Gram Panchayat,100286,2,Rariahi,ररियाही,2629
7233.0,3,Gram Panchayat,94363,3,Rasalpur,रसलपुर,2242
7234.0,3,Gram Panchayat,95291,1,Rasalpur,रसूलपुर,2305
7235.0,3,Gram Panchayat,95576,2,Rasalpur,रसलपुर,2323
7236.0,3,Gram Panchayat,98219,1,Rasalpur,रसलपुर,2489
7237.0,3,Gram Panchayat,99968,2,Rasalpur,रसलपुर,2611
7238.0,3,Gram Panchayat,100959,1,Rasalpur,रसलपुर,2673
7239.0,3,Gram Panchayat,101036,1,Rasalpur,रसलपुर,2678
7240.0,3,Gram Panchayat,98349,2,Rasalpura,रसलपुरा,2501
7241.0,3,Gram Panchayat,97014,1,Rasalpur Dhuria,रसलपुर धुरिया,2419
7242.0,3,Gram Panchayat,101844,2,Rasalpur Urf Madhaul,रसलपुर उर्फ माधौल,2728
7243.0,3,Gram Panchayat,100765,1,Rasauli,रसौली,2656
7244.0,3,Gram Panchayat,95087,1,Rasen Kala,रसेन कला,2294
7245.0,3,Gram Panchayat,97348,1,Rashidpur,रशिदपुर,2440
7246.0,3,Gram Panchayat,96893,1,Rasia,रसिया,2409
7247.0,3,Gram Panchayat,95355,1,Rasiari Pauni,रसियारी पौनी,2308
7248.0,3,Gram Panchayat,94260,1,Rasid Pur,रशीदपुर,2237
7249.0,3,Gram Panchayat,96736,1,Rasounk,रसौनक,2400
7250.0,3,Gram Panchayat,100269,1,Raspur Patasia East,रासपुर पतसिया पूरब,2628
7251.0,3,Gram Panchayat,100270,1,Raspur Patasia West,रासपुर पतसिया पश्चिम,2628
7252.0,3,Gram Panchayat,100512,1,Rasulpur,रसूलपुर,2641
7253.0,3,Gram Panchayat,100616,2,Rasulpur,रसूल पुर,2646
7254.0,3,Gram Panchayat,100726,1,Rasulpur,रसूलपुर,2653
7255.0,3,Gram Panchayat,100806,1,Rasulpur,रसुलपुर,2659
7256.0,3,Gram Panchayat,101243,1,Rasulpur,रसुलपुर,2690
7257.0,3,Gram Panchayat,101307,1,Rasulpur,रसूलपुर,2694
7258.0,3,Gram Panchayat,99901,1,Rasul Pur,रसूलपुर,2605
7259.0,3,Gram Panchayat,101719,2,Rasulpur Fatah,रसूलपुर फ़तह,2721
7260.0,3,Gram Panchayat,101728,2,Rasulpur Habib,रसूलपुर हबीब,2722
7261.0,3,Gram Panchayat,101743,1,Rasulpur Korigawan,रसूलपुर कोरिगवान,2723
7262.0,3,Gram Panchayat,101845,2,Rasulpur Mobarak,रसूलपुर मोबारक,2728
7263.0,3,Gram Panchayat,101791,1,Rasulpur Purshottam,रसूलपुर पुरषोत्तम,2725
7264.0,3,Gram Panchayat,101744,2,Rasulpur Turki,रसूलपुर तुर्की,2723
7265.0,3,Gram Panchayat,94187,1,Rata,राता,2233
7266.0,3,Gram Panchayat,97602,1,Rataitha,रतैठा,2455
7267.0,3,Gram Panchayat,94271,1,Ratan,राटन,2238
7268.0,3,Gram Panchayat,98684,1,Ratanmala,रतनमाला,2521
7269.0,3,Gram Panchayat,94031,1,Ratanpur,रतनपुर,2224
7270.0,3,Gram Panchayat,95318,1,Ratanpur,रतनपुर,2306
7271.0,3,Gram Panchayat,96045,1,Ratanpur,रतनपुर,2354
7272.0,3,Gram Panchayat,97562,1,Ratanpur,रतनपुर,2452
7273.0,3,Gram Panchayat,101044,1,Ratanpur,रतनपुर,2679
7274.0,3,Gram Panchayat,101496,1,Ratanpur,रतनपुर,2708
7275.0,3,Gram Panchayat,101682,1,Ratanpura,रतनपुरा,2719
7276.0,3,Gram Panchayat,97030,1,Ratan Pura,रतनपुरा,2421
7277.0,3,Gram Panchayat,94073,1,Ratanpur Makduma,रतनपुर मकदुम्मा,2226
7278.0,3,Gram Panchayat,101569,2,Ratauli,रतौली,2713
7279.0,3,Gram Panchayat,94496,2,Ratgaon,रातगाँव,2254
7280.0,3,Gram Panchayat,97251,1,Rathaus,रथौस,2434
7281.0,3,Gram Panchayat,94754,1,Ratnarh,रतनाढ,2271
7282.0,3,Gram Panchayat,97803,1,Ratnauli,रतनौली,2466
7283.0,3,Gram Panchayat,96248,2,Ratni,रतनी,2368
7284.0,3,Gram Panchayat,94620,2,Rattipur Bariya,रत्तीपुर बैरिया,2263
7285.0,3,Gram Panchayat,96280,1,Ratwar,रतवार,2370
7286.0,3,Gram Panchayat,100220,1,Ratwara,रतवारा,2625
7287.0,3,Gram Panchayat,100960,1,Ratwara,रतवारा,2673
7288.0,3,Gram Panchayat,97667,1,Ratwara Bindwara Deoriya Pashchim,रतवारा बिन्दवारा देवरिया पश्चिमी,2460
7289.0,3,Gram Panchayat,97668,1,Ratwara Bindwara Deoriya Purvi,रतवारा बिन्दवारा देवरिया पूर्वी,2460
7290.0,3,Gram Panchayat,95498,1,Rauna,रौना,2318
7291.0,3,Gram Panchayat,95587,1,Rauna,रोउना,2324
7292.0,3,Gram Panchayat,96472,1,Raunia,रौनिया,2383
7293.0,3,Gram Panchayat,95634,1,Rauniya,रौनियाँ,2327
7294.0,3,Gram Panchayat,99505,1,Rauta,रौटा,2579
7295.0,3,Gram Panchayat,100111,1,Rauta Khem,रौटा खें,2620
7296.0,3,Gram Panchayat,96590,1,Rautara,रौतारा,2390
7297.0,3,Gram Panchayat,96857,1,Raypur,रायपुर,2407
7298.0,3,Gram Panchayat,100239,2,Rebra,रेबड़ा,2626
7299.0,3,Gram Panchayat,99850,2,Redia,रेडिया,2600
7300.0,3,Gram Panchayat,95319,2,Reorha,रेओर्हा,2306
7301.0,3,Gram Panchayat,98027,1,Repora Rampur Bali,रेपुरा रामपुर बल्ली,2475
7302.0,3,Gram Panchayat,98028,1,Repura Rampur Bisnath,रेपुरा रामपुर बिसनाथ,2475
7303.0,3,Gram Panchayat,98160,1,Reri,रेरी,2484
7304.0,3,Gram Panchayat,97039,1,Reshana,रेशना,2422
7305.0,3,Gram Panchayat,98029,1,Rewa Basantpur North,रेवा बसन्तपुर उत्तरी,2475
7306.0,3,Gram Panchayat,98030,1,Rewa Basantpur South,रेवा बसन्तपुर दक्षिणी,2475
7307.0,3,Gram Panchayat,93786,1,Rewahi,रेवाही,2211
7308.0,3,Gram Panchayat,98988,1,Rewan,रेवां,2542
7309.0,3,Gram Panchayat,98324,2,Rewara Jagdishpur,रेवारा जगदीशपुर,2499
7310.0,3,Gram Panchayat,100664,1,Rewari,रेवाड़ी,2649
7311.0,3,Gram Panchayat,101118,1,Rewasi,रेवासी,2684
7312.0,3,Gram Panchayat,95792,1,Rewathith,रेवतिथ,2338
7313.0,3,Gram Panchayat,94655,1,Rifatpur,रिफातपुर,2265
7314.0,3,Gram Panchayat,94656,1,Rifatpur Simanpur,रिफातपुर सिमानपुर,2265
7315.0,3,Gram Panchayat,101119,1,Riga First,रगा फर्स्ट,2684
7316.0,3,Gram Panchayat,101120,1,Riga Second,रगा सेकेंड,2684
7317.0,3,Gram Panchayat,101810,1,Rikhar,रिखर,2726
7318.0,3,Gram Panchayat,101380,1,Risaura,रिसौरा,2700
7319.0,3,Gram Panchayat,93967,4,Risiyp,रिसियप,2221
7320.0,3,Gram Panchayat,93885,1,Riur,रिऊर,2216
7321.0,3,Gram Panchayat,99830,1,Rivan,रीवां,2599
7322.0,3,Gram Panchayat,96555,1,Rizwanpur,रिजवानपुर,2388
7323.0,3,Gram Panchayat,98434,1,Roh,रोह,2507
7324.0,3,Gram Panchayat,238513,1,Rohai Panchayat,रोहाई पंचायत,6806
7325.0,3,Gram Panchayat,95214,1,Rohar Mahmuda,रोहार महमूदा,2300
7326.0,3,Gram Panchayat,95480,1,Rohi,रोही,2317
7327.0,3,Gram Panchayat,99152,1,Rohiniya,रोहिणिया,2553
7328.0,3,Gram Panchayat,96686,1,Rohiyar,रोहियर,2398
7329.0,3,Gram Panchayat,99902,1,Rohtas Garh,रोहतासगढ़,2605
7330.0,3,Gram Panchayat,97912,1,Rohua,रोहुआ,2471
7331.0,3,Gram Panchayat,100333,3,Rohua,रहुआ,2632
7332.0,3,Gram Panchayat,100887,1,Rohua,रोहुआ,2667
7333.0,3,Gram Panchayat,97973,1,Roop Chapra,रूप छपरा,2473
7334.0,3,Gram Panchayat,99214,2,Roophara,रूफरा,2557
7335.0,3,Gram Panchayat,95465,2,Roshan Ganj,रोशन गंज,2316
7336.0,3,Gram Panchayat,99895,1,Rotwan,रोतवाँ,2604
7337.0,3,Gram Panchayat,96657,1,Roun,रौन,2396
7338.0,3,Gram Panchayat,94657,1,Roushanpur,रौशानपुर,2265
7339.0,3,Gram Panchayat,94261,1,Rudouli,रुदौली,2237
7340.0,3,Gram Panchayat,95896,1,Rudra Pur,रुद्रपुर,2344
7341.0,3,Gram Panchayat,96281,1,Ruiya,रूईयॉ,2370
7342.0,3,Gram Panchayat,98098,1,Rukhai,रुखाई,2480
7343.0,3,Gram Panchayat,101308,2,Rukundipur,रुकुंदिपुर,2694
7344.0,3,Gram Panchayat,98937,1,Rukun Pur,रुकुनपुर,2538
7345.0,3,Gram Panchayat,99368,1,Rulahi,रूलाही,2566
7346.0,3,Gram Panchayat,98685,1,Rulhi,रूलही,2521
7347.0,3,Gram Panchayat,101151,1,Runni Saidpur Dakshini,रून्नी सैदपुर दक्षिणी,2685
7348.0,3,Gram Panchayat,101152,2,Runni Saidpur Madhya,रून्नी सैदपुर मध्य,2685
7349.0,3,Gram Panchayat,101153,1,Runni Saidpur Uttar,रून्नी सैदपुर उत्तरी,2685
7350.0,3,Gram Panchayat,99831,1,Rupaitha,रूपैठा,2599
7351.0,3,Gram Panchayat,97999,1,Rupanpatti Mathura,रुपनपट्टी मथुरापुर,2474
7352.0,3,Gram Panchayat,98805,1,Rupas Mahaji,रुपस महाजी,2529
7353.0,3,Gram Panchayat,95750,1,Rupas Pur,रूपसपुर,2336
7354.0,3,Gram Panchayat,98031,1,Rupauli,रुपौली,2475
7355.0,3,Gram Panchayat,100303,1,Rupauli,रुपौली,2630
7356.0,3,Gram Panchayat,100383,1,Rupauli Bujurg,रुपौली बुजुर्ग,2634
7357.0,3,Gram Panchayat,99548,1,Rupauli North,रुपौली उत्तर,2581
7358.0,3,Gram Panchayat,99549,1,Rupauli South,रुपौली दक्षिण,2581
7359.0,3,Gram Panchayat,99400,1,Rupauliya,रुपौलिया,2570
7360.0,3,Gram Panchayat,100360,1,Rupnarayn Pur Bela,रूप नारायणपुर बेला,2633
7361.0,3,Gram Panchayat,99334,2,Rupni,रूपणी,2564
7362.0,3,Gram Panchayat,97127,2,Rupoli,रुपौली,2428
7363.0,3,Gram Panchayat,95279,1,Rupouli,रुपौली,2304
7364.0,3,Gram Panchayat,96282,2,Ruppur,रूपपुर,2370
7365.0,3,Gram Panchayat,95068,1,Rupsagar,रुपसागर,2293
7366.0,3,Gram Panchayat,98590,1,Rupwalia,रुपौलिया,2516
7367.0,3,Gram Panchayat,97821,1,Rupwara,रूपवारा,2467
7368.0,3,Gram Panchayat,99568,1,Rustampur,रूस्तमपुर,2582
7369.0,3,Gram Panchayat,101910,1,Rustampur,रुस्तमपुर,2731
7370.0,3,Gram Panchayat,98420,1,Sabaiyatand,सवैयाटांड,2506
7371.0,3,Gram Panchayat,96138,1,Sabal -Bigha,सबलबीघा,2360
7372.0,3,Gram Panchayat,94106,1,Sabalpur,सबलपुर,2228
7373.0,3,Gram Panchayat,99076,1,Sabalpur,सबलपुर,2547
7374.0,3,Gram Panchayat,100807,1,Sabalpur Middle,सबलपुर मिडल,2659
7375.0,3,Gram Panchayat,100808,1,Sabalpur Pachami,सबलपुर पछमी,2659
7376.0,3,Gram Panchayat,100809,2,Sabalpur Purbi,सबलपुर पुरबी,2659
7377.0,3,Gram Panchayat,100810,1,Sabalpur Utri,सबलपुर उत्तरी,2659
7378.0,3,Gram Panchayat,96403,1,Sabar,सबार,2379
7379.0,3,Gram Panchayat,98272,2,Sabbait,सब्बैइट,2494
7380.0,3,Gram Panchayat,94462,1,Sabdalpur,सबदलपुर,2252
7381.0,3,Gram Panchayat,99649,2,Sabdalpur,सबदलपुर,2587
7382.0,3,Gram Panchayat,98755,1,Sabeya,सबेया,2525
7383.0,3,Gram Panchayat,96934,1,Sabik Pur,साबिक पुर,2413
7384.0,3,Gram Panchayat,98789,1,Sabnima,सबनीमा,2528
7385.0,3,Gram Panchayat,238531,1,Sachae Panchaya,सचई  पंचायत,6808
7386.0,3,Gram Panchayat,94536,1,Sadanandpur Baisa,स्दानंदपुर  बैसा,2256
7387.0,3,Gram Panchayat,101244,1,Sadarpur,सदरपुर,2690
7388.0,3,Gram Panchayat,97744,1,Sadatpur,सदातपुर,2464
7389.0,3,Gram Panchayat,95812,3,Sadaua,सदौवा,2339
7390.0,3,Gram Panchayat,98918,2,Sadaweh Dorawan,सदावेह दोरवाँ,2537
7391.0,3,Gram Panchayat,96923,2,Sadhmaf,साधमाफ,2412
7392.0,3,Gram Panchayat,100637,1,Sadh Pur,साध पुर,2647
7393.0,3,Gram Panchayat,94668,2,Sadhua Chapar,सधुआ चापर,2266
7394.0,3,Gram Panchayat,99650,1,Sadhubeli,साधुबेली,2587
7395.0,3,Gram Panchayat,95420,1,Sadhwara,सद्वारा,2312
7396.0,3,Gram Panchayat,98967,1,Sadikpur,सादिकपुर,2541
7397.0,3,Gram Panchayat,97891,1,Sadikpur Mural,सादिकपुर मुरौल,2470
7398.0,3,Gram Panchayat,100240,1,Sadipur,सादीपुर,2626
7399.0,3,Gram Panchayat,101325,1,Sadipura,सादीपुरा,2695
7400.0,3,Gram Panchayat,98847,1,Sadisopur,सदीसोपुर,2532
7401.0,3,Gram Panchayat,99751,1,Sadokhar,सदोखर,2594
7402.0,3,Gram Panchayat,94188,2,Sadpur,सादपुर,2233
7403.0,3,Gram Panchayat,94463,1,Sadpur-East,सादपुर पूर्वी,2252
7404.0,3,Gram Panchayat,94464,1,Sadpur-West,सादपुर पश्चिमी,2252
7405.0,3,Gram Panchayat,97252,1,Sadulahpur,सादुल्लाहपुर,2434
7406.0,3,Gram Panchayat,96391,2,Sadullahpur-Darwan,सदुल्लहपुर-डरवन,2378
7407.0,3,Gram Panchayat,94442,1,Safapur,सफापुर,2250
7408.0,3,Gram Panchayat,95945,2,Safapur,सफपुर,2346
7409.0,3,Gram Panchayat,99182,1,Sagar,सागर,2555
7410.0,3,Gram Panchayat,97495,1,Sagarpur,सागरपुर,2448
7411.0,3,Gram Panchayat,101272,1,Sagar Sultan Pur Dakshin,दक्षिणी सागर सुल्तानपुर,2692
7412.0,3,Gram Panchayat,101271,1,Sagar Sultan Pur Uttar,उत्तरी सागर सुल्तानपुर,2692
7413.0,3,Gram Panchayat,94422,1,Sagi,सगी,2248
7414.0,3,Gram Panchayat,96556,1,Sagrath,सागरथ,2388
7415.0,3,Gram Panchayat,100779,1,Saguni,सगुनी,2657
7416.0,3,Gram Panchayat,100535,1,Sahajitpur,सहाजितपुर,2642
7417.0,3,Gram Panchayat,100811,1,Sahapur Diara,शाहपुर दियारा,2659
7418.0,3,Gram Panchayat,94902,1,Sahar,सहार,2280
7419.0,3,Gram Panchayat,99668,1,Sahara,सहारा,2588
7420.0,3,Gram Panchayat,97475,1,Sahar North,सहर उत्तर,2447
7421.0,3,Gram Panchayat,97476,1,Sahar South,सहर दक्षिण,2447
7422.0,3,Gram Panchayat,101216,2,Sahasaraon,सहसरॉव,2689
7423.0,3,Gram Panchayat,101273,1,Sahasaraon,सहसराँव,2692
7424.0,3,Gram Panchayat,93665,1,Sahasmal,सहासमल,2206
7425.0,3,Gram Panchayat,95320,1,Sahaspur,सहसपुर,2306
7426.0,3,Gram Panchayat,95215,1,Sahasram,सहसराम,2300
7427.0,3,Gram Panchayat,101683,1,Sahatha,सहता,2719
7428.0,3,Gram Panchayat,101121,1,Sahbajpur,साहबाजपुर,2684
7429.0,3,Gram Panchayat,93717,1,Sahbazpur,सहबाजपुर,2208
7430.0,3,Gram Panchayat,101936,1,Sahdei Buzurg,सहदेइ बुज़ुर्ग,2733
7431.0,3,Gram Panchayat,101768,2,Sahdullahpur Satan,सहदुल्लाहपुर सातन,2724
7432.0,3,Gram Panchayat,94138,1,Sahebganj,साहबगंज,2230
7433.0,3,Gram Panchayat,96620,2,Sahebnagar,साहेबनगर,2393
7434.0,3,Gram Panchayat,94465,1,Sahebpur Kamal East,साहेबपुर कमाल पूर्वी,2252
7435.0,3,Gram Panchayat,94466,1,Sahebpur Kamal West,साहेबपुर कमाल पश्चिमी,2252
7436.0,3,Gram Panchayat,97669,2,Sahila Balli,सहिला बल्ली,2460
7437.0,3,Gram Panchayat,97700,1,Sahila Rampur,सहिला रामपुर,2462
7438.0,3,Gram Panchayat,99759,1,Sahi Naun,सही नौन,2595
7439.0,3,Gram Panchayat,100474,1,Sahit,साहिट,2639
7440.0,3,Gram Panchayat,95771,1,Sahiya,सहिया,2337
7441.0,3,Gram Panchayat,95109,2,Sahiyar,सहियर,2295
7442.0,3,Gram Panchayat,100978,1,Sahiyara,सहियारा,2674
7443.0,3,Gram Panchayat,96631,1,Sahja,सहजा,2394
7444.0,3,Gram Panchayat,97145,1,Sahjadpur,शहजादपुर,2429
7445.0,3,Gram Panchayat,94930,1,Sahjauli,सहजौली,2282
7446.0,3,Gram Panchayat,101415,2,Sahlour,सहलौर,2703
7447.0,3,Gram Panchayat,95216,1,Saho,साहो,2300
7448.0,3,Gram Panchayat,96167,1,Sahobigha,साहोबिगहा,2362
7449.0,3,Gram Panchayat,95455,1,Sahora,सहोरा,2315
7450.0,3,Gram Panchayat,96059,1,Sahora,सहोड़ा,2355
7451.0,3,Gram Panchayat,99550,2,Sahoriya Subhay Milik,सहुरिया सुभाय मिलिक,2581
7452.0,3,Gram Panchayat,94346,1,Sahpur,साहपुर,2241
7453.0,3,Gram Panchayat,100434,1,Sahpur Baghauni,शाहपुर बघौनी,2637
7454.0,3,Gram Panchayat,100095,1,Sahsaul,सहसौल,2619
7455.0,3,Gram Panchayat,96658,1,Sahsi,साहसी,2396
7456.0,3,Gram Panchayat,97077,1,Sahugarh -1,साहुगढ़ -1,2424
7457.0,3,Gram Panchayat,97078,1,Sahugarh -2,साहुगढ़ -2,2424
7458.0,3,Gram Panchayat,96392,1,Sahuka,सहुका,2378
7459.0,3,Gram Panchayat,239363,1,Sahuli,सहुली,2697
7460.0,3,Gram Panchayat,94313,3,Sahuri,सहुरी,2240
7461.0,3,Gram Panchayat,94394,1,Sahuri,सहुरी,2245
7462.0,3,Gram Panchayat,99969,1,Sahuriya,सहुरिया,2611
7463.0,3,Gram Panchayat,100112,1,Sahuriya East,सहुरिया पूर्वी,2620
7464.0,3,Gram Panchayat,100113,1,Sahuriya West,सहुरिया पश्चिम,2620
7465.0,3,Gram Panchayat,98350,2,Sahwajpur Saray,सहवाजपूर सराय,2501
7466.0,3,Gram Panchayat,100652,2,Sahwan,सहवॉ,2648
7467.0,3,Gram Panchayat,101911,1,Saidabad,सैदाबाद,2731
7468.0,3,Gram Panchayat,98869,1,Saidabad Kanpa,सैदाबाद कनपा,2533
7469.0,3,Gram Panchayat,96206,1,Saidabad Parsain,सैदाबाद परसाईन,2365
7470.0,3,Gram Panchayat,98371,1,Saidapur Gowasa,सैदापुर गौवासा,2503
7471.0,3,Gram Panchayat,101792,2,Said Mohammad Urf Salha,साईड मोहम्मद उर्फ सॅल्हा,2725
7472.0,3,Gram Panchayat,94546,2,Saidpur,सैदपुर,2257
7473.0,3,Gram Panchayat,96747,1,Saidpur,सैदपुर,2401
7474.0,3,Gram Panchayat,100221,1,Saidpur,सैदपुर,2625
7475.0,3,Gram Panchayat,96939,1,Saidpura,सैदपुरा,2414
7476.0,3,Gram Panchayat,101326,1,Saidpura,सैदपुरा,2695
7477.0,3,Gram Panchayat,94443,1,Saidpur Ama,सैदपुर एमा,2250
7478.0,3,Gram Panchayat,101891,1,Saidpur Dumra,सैदपुर डुमरा,2730
7479.0,3,Gram Panchayat,101707,2,Saidpur Ganesh,सैदपुर गणेश,2720
7480.0,3,Gram Panchayat,93718,1,Saifganj,सैफगंज,2208
7481.0,3,Gram Panchayat,95466,1,Saif Ganj,सैफ गंज,2316
7482.0,3,Gram Panchayat,97745,1,Sain,साईन,2464
7483.0,3,Gram Panchayat,94177,1,Sainchak,सैनचक,2232
7484.0,3,Gram Panchayat,101861,2,Saine,साइने,2729
7485.0,3,Gram Panchayat,97516,1,Saini,सैनी,2449
7486.0,3,Gram Panchayat,94581,2,Saino,सैनो,2260
7487.0,3,Gram Panchayat,99793,1,Saiser,सैसड़,2597
7488.0,3,Gram Panchayat,96238,1,Saista Bad,साईस्ताबाद,2367
7489.0,3,Gram Panchayat,95190,1,Sajaupura,सज्जनपुरा,2299
7490.0,3,Gram Panchayat,95191,1,Sajhuar,सझुआर,2299
7491.0,3,Gram Panchayat,94702,3,Sajour,सजौर,2268
7492.0,3,Gram Panchayat,97551,2,Sajua,सजुआ,2451
7493.0,3,Gram Panchayat,100584,1,Sajuannupur Matihar,सज्जनपुर मटिहान,2644
7494.0,3,Gram Panchayat,94867,1,Sakaddi,सकड्डी,2278
7495.0,3,Gram Panchayat,94221,1,Sakahara,सकहारा,2235
7496.0,3,Gram Panchayat,101478,3,Sakara,सकरा,2707
7497.0,3,Gram Panchayat,94385,1,Sakarbasa,सकरबासा,2244
7498.0,3,Gram Panchayat,98179,1,Sakari,सकरी,2485
7499.0,3,Gram Panchayat,98299,1,Sakarpura,सकरपुरा,2496
7500.0,3,Gram Panchayat,100192,1,Sakarpura,सकरपुरा,2624
7501.0,3,Gram Panchayat,97079,2,Sakarpura Betauna,सकरपुरा बेतौना,2424
7502.0,3,Gram Panchayat,100141,1,Sakhmohan,साखमोहन,2621
7503.0,3,Gram Panchayat,96894,1,Sakhua Dali,सखुआ डाली,2409
7504.0,3,Gram Panchayat,100153,1,Sakhwa,सखवा,2622
7505.0,3,Gram Panchayat,95499,2,Sakir Bigha,साकीर विगहा,2318
7506.0,3,Gram Panchayat,99814,1,Sakla,सकला,2598
7507.0,3,Gram Panchayat,99090,1,Sakraicha,सकरैचा,2548
7508.0,3,Gram Panchayat,96473,1,Sakraili,सकरैली,2383
7509.0,3,Gram Panchayat,99419,1,Sakrar,सकरार्,2572
7510.0,3,Gram Panchayat,98075,2,Sakraul,सक्रौल,2478
7511.0,3,Gram Panchayat,98656,1,Sakraul,सकरौल,2520
7512.0,3,Gram Panchayat,98000,1,Sakra Wajid,सकरा वाजिद,2474
7513.0,3,Gram Panchayat,96348,3,Sakri,सकरी,2375
7514.0,3,Gram Panchayat,97496,2,Sakri East,सकरी पूर्वी,2448
7515.0,3,Gram Panchayat,238482,2, Sakri Khurd Panchayat,सकरी खुर्द पंचायत,6805
7516.0,3,Gram Panchayat,238476,2,Sakri Panchayat,सकरी पंचायत,6804
7517.0,3,Gram Panchayat,97497,1,Sakri West,सकरी पश्चिम,2448
7518.0,3,Gram Panchayat,96676,2,Sakrohar,सकारोहर,2397
7519.0,3,Gram Panchayat,98825,1,Saksohara West,पश्चिमी सकसोहरा,2531
7520.0,3,Gram Panchayat,98826,1,Saksohra East,पूर्वी सकसोहरा,2531
7521.0,3,Gram Panchayat,98488,2,Salaha Bariyarwa,सलहा बरियरवा,2510
7522.0,3,Gram Panchayat,100154,1,Salaha Bujurg,सलहा बुजुर्ग,2622
7523.0,3,Gram Panchayat,100155,1,Salaha Chandan,सलहा चंदन,2622
7524.0,3,Gram Panchayat,95266,2,Salahpur Lagma,लगमा,2303
7525.0,3,Gram Panchayat,93988,1,Salaiya,सलैया,2222
7526.0,3,Gram Panchayat,95620,1,Salaiya,सलैया,2326
7527.0,3,Gram Panchayat,95560,1,Salaiya Kala,सलैया कला,2322
7528.0,3,Gram Panchayat,98875,2,Salarpur,सलारपुर,2534
7529.0,3,Gram Panchayat,94290,1,Salechak,सालेह्चक,2239
7530.0,3,Gram Panchayat,95919,2,Salehpur,सलेहपुर,2345
7531.0,3,Gram Panchayat,96524,1,Salehpur,सालेहपुर,2386
7532.0,3,Gram Panchayat,98099,2,Salehpur,सालेहपुर,2480
7533.0,3,Gram Panchayat,94074,1,Salempur,सलेमपुर,2226
7534.0,3,Gram Panchayat,94658,1,Salempur,सलेमपुर,2265
7535.0,3,Gram Panchayat,97477,1,Salempur,सलेमपुर,2447
7536.0,3,Gram Panchayat,97498,1,Salempur,सलेमपुर,2448
7537.0,3,Gram Panchayat,99402,1,Salempur,सलेमपुर,2571
7538.0,3,Gram Panchayat,100928,1,Salempur,सलेमपुर,2671
7539.0,3,Gram Panchayat,101953,1,Salempur,सलेमपुर,2734
7540.0,3,Gram Panchayat,95814,1,Salempur East,सलेमपुर पूर्वी,2339
7541.0,3,Gram Panchayat,96969,2,Salempur East,सलेमपुर पूर्वी,2416
7542.0,3,Gram Panchayat,94537,3,Salempur Saini,सलेमपुर सैनी,2256
7543.0,3,Gram Panchayat,95813,1,Salempur West,सलेमपुर पश्चिम,2339
7544.0,3,Gram Panchayat,97228,1,Salha,सॅल्हा,2433
7545.0,3,Gram Panchayat,101937,2,Salha,सॅल्हा,2733
7546.0,3,Gram Panchayat,94472,1,Salha Saidpur Barari-I,सैदपुर सलहा बरारी-१,2253
7547.0,3,Gram Panchayat,94473,2,Salha Saidpur Barari-Ii,सैदपुर सलहा बरारी-२,2253
7548.0,3,Gram Panchayat,100727,1,Salimapur,सलिमापुर,2653
7549.0,3,Gram Panchayat,100037,1,Salkhua,सलखुआ,2616
7550.0,3,Gram Panchayat,96441,1,Salmari,सालमारी,2381
7551.0,3,Gram Panchayat,94559,1,Salpur,सालपुर,2258
7552.0,3,Gram Panchayat,96349,2,Salthua,सलथुआ,2375
7553.0,3,Gram Panchayat,95169,1,Samadhpura,समधपुरा,2298
7554.0,3,Gram Panchayat,98435,1,Samahrigadh,सम्हडीगढ़,2507
7555.0,3,Gram Panchayat,95088,1,Samahuta,समहुता,2294
7556.0,3,Gram Panchayat,98389,1,Samai,समाय,2504
7557.0,3,Gram Panchayat,99249,1,Samanpur,समाणपुर,2559
7558.0,3,Gram Panchayat,99832,1,Samardiha,समरडिहाँ,2599
7559.0,3,Gram Panchayat,99929,1,Samardiha,समरडीहा,2607
7560.0,3,Gram Panchayat,94427,1,Samasa-1,समसा-१,2249
7561.0,3,Gram Panchayat,94428,1,Samasa-Ii,समसा-२,2249
7562.0,3,Gram Panchayat,100843,2,Samas Bujurg,सामसबुजुर्ग,2662
7563.0,3,Gram Panchayat,96712,1,Samaspur,समसपुर,2399
7564.0,3,Gram Panchayat,101846,1,Samaspura,समसपुरा,2728
7565.0,3,Gram Panchayat,94467,1,Samastipur,समस्तीपुर,2252
7566.0,3,Gram Panchayat,99290,1,Sambhu Chak,सम्भू चक,2561
7567.0,3,Gram Panchayat,97229,1,Samda,संदा,2433
7568.0,3,Gram Panchayat,96789,1,Samesar,समेसर,2403
7569.0,3,Gram Panchayat,100038,1,Samhar Khurd,संहार खुर्द,2616
7570.0,3,Gram Panchayat,100666,2,Samhota,सम्होता,2649
7571.0,3,Gram Panchayat,99794,1,Samhuti,समहुती,2597
7572.0,3,Gram Panchayat,99903,1,Samohta,समहुता,2605
7573.0,3,Gram Panchayat,94454,1,Samsa,समसा,2251
7574.0,3,Gram Panchayat,94091,1,Samukhiya,समुखिया,2227
7575.0,3,Gram Panchayat,98944,1,Samya Garh,सम्यागढ़,2539
7576.0,3,Gram Panchayat,94773,1,Sanadiya,सनदिया,2272
7577.0,3,Gram Panchayat,95421,1,Sanahpur,सनहपुर,2312
7578.0,3,Gram Panchayat,100836,1,Sanaiya,सनैया,2661
7579.0,3,Gram Panchayat,93968,1,Sanda,संडा,2221
7580.0,3,Gram Panchayat,95751,2,Sanda,सण्डा,2336
7581.0,3,Gram Panchayat,98180,1,Sanda,संदा,2485
7582.0,3,Gram Panchayat,98894,1,Sanda,साण्डा,2535
7583.0,3,Gram Panchayat,96591,1,Sandalpur,संदलपुर,2390
7584.0,3,Gram Panchayat,244959,1,Sandalpur,संदलपुर,2252
7585.0,3,Gram Panchayat,94913,1,Sandesh,संदेश,2281
7586.0,3,Gram Panchayat,98188,1,Sandh,सान्ध,2486
7587.0,3,Gram Panchayat,100558,2,Sandha,साढा,2643
7588.0,3,Gram Panchayat,94121,1,Sanga,सांगा,2229
7589.0,3,Gram Panchayat,95920,2,Sangawadih,संगवाडीह,2345
7590.0,3,Gram Panchayat,97274,2,Sangi,संगी,2435
7591.0,3,Gram Panchayat,97322,1,Sangram,संग्राम,2438
7592.0,3,Gram Panchayat,96914,1,Sangram Pur,संग्राम पुर,2411
7593.0,3,Gram Panchayat,244461,1,Sangrampur East,संग्रामपुर पूर्वी,2574
7594.0,3,Gram Panchayat,244462,1,Sangrampur West,संग्रामपुर पश्चिम,2574
7595.0,3,Gram Panchayat,94468,1,Sanha-East,सनहा पूर्वी,2252
7596.0,3,Gram Panchayat,94469,1,Sanha-North,सन्हा पूर्वी,2252
7597.0,3,Gram Panchayat,94717,2,Sanhaula,सन्हौला,2269
7598.0,3,Gram Panchayat,94582,3,Sanhauli,सन्हौली,2260
7599.0,3,Gram Panchayat,94470,1,Sanha-West,सन्हा पश्चिमी,2252
7600.0,3,Gram Panchayat,101327,2,Sani Basantpur,सानी बसंतपुर,2695
7601.0,3,Gram Panchayat,94364,1,Sanjat,संजात,2242
7602.0,3,Gram Panchayat,94222,1,Sanjha Shyampur,संझा श्यामपुर,2235
7603.0,3,Gram Panchayat,99911,1,Sanjhauli,संझौली,2606
7604.0,3,Gram Panchayat,99651,1,Sanjheli,सांझेली,2587
7605.0,3,Gram Panchayat,101274,1,Sankar Pur,शंकरपुर,2692
7606.0,3,Gram Panchayat,244500,1,Sankar Saraiya South,शंकर सराया दक्षिण,2577
7607.0,3,Gram Panchayat,97499,1,Sankorth,संकोर्थ,2448
7608.0,3,Gram Panchayat,94718,2,Sanokhar,सनोखर,2269
7609.0,3,Gram Panchayat,94122,3,Sanpdahar,सांपडहर,2229
7610.0,3,Gram Panchayat,98449,1,Sanrh Majhagawan,सांढ मझगॉवा,2508
7611.0,3,Gram Panchayat,93897,1,Sansa,संसा,2217
7612.0,3,Gram Panchayat,101436,1,Santhi,सांती,2704
7613.0,3,Gram Panchayat,97323,1,Sant Nagar,संतनगर,2438
7614.0,3,Gram Panchayat,98514,2,Santpur Sohriya,संतपुर सोहरिया,2511
7615.0,3,Gram Panchayat,100667,1,Sanwari,संवरी,2649
7616.0,3,Gram Panchayat,99464,1,Sapahi,सपहि,2577
7617.0,3,Gram Panchayat,98756,1,Sapahi-Madhubani,सपही मधुबनी,2525
7618.0,3,Gram Panchayat,97107,1,Sapardah,सपरदह,2426
7619.0,3,Gram Panchayat,97349,1,Sarabe,सराबे,2440
7620.0,3,Gram Panchayat,101465,1,Sarabe,सरावें,2706
7621.0,3,Gram Panchayat,95815,1,Sarafra,सरफरा,2339
7622.0,3,Gram Panchayat,98968,1,Sarai,सराय,2541
7623.0,3,Gram Panchayat,99216,1,Saraigadh,सराईगढ़,2557
7624.0,3,Gram Panchayat,94793,1,Saraiya,सरैया,2273
7625.0,3,Gram Panchayat,96293,1,Saraiya,सरैयॉ,2371
7626.0,3,Gram Panchayat,97974,1,Saraiya,सरैया,2473
7627.0,3,Gram Panchayat,98032,2,Saraiya,सरैया,2475
7628.0,3,Gram Panchayat,99960,2,Saraiya,सरैया,2610
7629.0,3,Gram Panchayat,100825,1,Saraiya Ratnakar,सरेया रत्नाकर,2660
7630.0,3,Gram Panchayat,95239,2,Saramahmad,सारा महमद,2301
7631.0,3,Gram Panchayat,101381,1,Sarangpur,सरंगपुर,2700
7632.0,3,Gram Panchayat,100287,1,Sarangpur East,सारंगपुर पूर्वी,2629
7633.0,3,Gram Panchayat,100288,1,Sarangpur West,सारंगपुर पश्चिम,2629
7634.0,3,Gram Panchayat,98909,1,Sarari,सरारी,2536
7635.0,3,Gram Panchayat,101811,1,Sararia,सररिया,2726
7636.0,3,Gram Panchayat,101328,1,Sarari Dakshin,सरारी दक्षिण,2695
7637.0,3,Gram Panchayat,101331,1,Sarari Uttar,सरारी उत्तर,2695
7638.0,3,Gram Panchayat,94560,2,Sarath Daharpur,सारथ डहरपुर,2258
7639.0,3,Gram Panchayat,94703,2,Sarauni,सरौनी,2268
7640.0,3,Gram Panchayat,97040,1,Sarauni,सरौनी कला,2422
7641.0,3,Gram Panchayat,98340,1,Sarauni,सरौनी,2500
7642.0,3,Gram Panchayat,100096,1,Sarauni Madhepura,सरौनी मधेपुरा,2619
7643.0,3,Gram Panchayat,97275,1,Sarauti,सरौती,2435
7644.0,3,Gram Panchayat,101416,1,Sarauti,सरौती,2703
7645.0,3,Gram Panchayat,99795,1,Sarawan,सरॉव,2597
7646.0,3,Gram Panchayat,99851,1,Saraya,सरेयाँ,2600
7647.0,3,Gram Panchayat,101275,1,Saraya Parauli,सराय पड़ौली,2692
7648.0,3,Gram Panchayat,101912,3,Saraypur Urf Diwan Tok,सरायपुर उर्फ दिवान टोक,2731
7649.0,3,Gram Panchayat,100845,2,Sarba,सर्वा,2662
7650.0,3,Gram Panchayat,95635,2,Sarbahda,सरबहदा,2327
7651.0,3,Gram Panchayat,98076,1,Sarbahdi,सरबाहडी,2478
7652.0,3,Gram Panchayat,99970,1,Sarbela,सरबेला,2611
7653.0,3,Gram Panchayat,94683,1,Sardho,सरधो,2267
7654.0,3,Gram Panchayat,100072,1,Sardiha,सर्दीहा,2618
7655.0,3,Gram Panchayat,98050,1,Sare,सारे,2476
7656.0,3,Gram Panchayat,96157,1,Sarebad,सारेबाद,2361
7657.0,3,Gram Panchayat,95700,1,Saren,सरेन,2332
7658.0,3,Gram Panchayat,95015,1,Sarenja,सारेन्जा,2288
7659.0,3,Gram Panchayat,99143,1,Sareya,सरेया,2552
7660.0,3,Gram Panchayat,100536,2,Sareya,सरेया,2642
7661.0,3,Gram Panchayat,244446,1,Sareya East,सरेया पूर्वी,2567
7662.0,3,Gram Panchayat,95816,2,Sareya Narendra,सरेया नरेन्द्र,2339
7663.0,3,Gram Panchayat,101255,2,Sareyan Shrikant,सारेया श्रीकान्त,2691
7664.0,3,Gram Panchayat,244445,1,Sareya West,सरेया पश्चिम,2567
7665.0,3,Gram Panchayat,93916,1,Sarganwan,सरगनवान,2218
7666.0,3,Gram Panchayat,98770,1,Sargatia,सरगटिया,2526
7667.0,3,Gram Panchayat,100638,1,Sargatti,सरगट्टी,2647
7668.0,3,Gram Panchayat,97670,1,Sarhachiya,सरहचियाँ,2460
7669.0,3,Gram Panchayat,101290,1,Sarharwa,सरहरवा,2693
7670.0,3,Gram Panchayat,101610,4,Sariagarh,सरायगढ़,2716
7671.0,3,Gram Panchayat,99395,1,Saria Gopal,सरिया गोपाल,2569
7672.0,3,Gram Panchayat,96456,1,Sarif Nagar,शरीफ नगर,2382
7673.0,3,Gram Panchayat,97500,1,Sarisaw Pahi (E),सरिसबपाही (पूर्वी),2448
7674.0,3,Gram Panchayat,97501,2,Sarisaw Pahi (W),सरिसबपाही (पश्चिमी),2448
7675.0,3,Gram Panchayat,98686,1,Sariswa,सरिसवा,2521
7676.0,3,Gram Panchayat,97950,1,Sariya,सरैया,2472
7677.0,3,Gram Panchayat,95346,1,Sarjapur,सरजापुर,2307
7678.0,3,Gram Panchayat,98308,1,Sarkanda,सरकंडा,2497
7679.0,3,Gram Panchayat,98818,1,Sarkatti Saidpur,सरकट्टी सैदपुर,2530
7680.0,3,Gram Panchayat,96262,1,Sarki,सड़की,2369
7681.0,3,Gram Panchayat,98001,1,Sarmastpur,सरमस्तपुर,2474
7682.0,3,Gram Panchayat,101829,1,Sarmastpur,सरमस्तपुर,2727
7683.0,3,Gram Panchayat,94931,1,Sarna,सरना,2282
7684.0,3,Gram Panchayat,101291,1,Sarna,सरना,2693
7685.0,3,Gram Panchayat,97574,1,Sarobag,सारोबाग,2453
7686.0,3,Gram Panchayat,96263,3,Sarodag,सारोदाग,2369
7687.0,3,Gram Panchayat,96858,1,Sarogora,सरोगोरा,2407
7688.0,3,Gram Panchayat,100073,1,Saroja,सरोजा,2618
7689.0,3,Gram Panchayat,101548,2,Sarojabela,सरोजाबेला,2711
7690.0,3,Gram Panchayat,99293,1,Sarotar East,सरोतर पूर्वी,2562
7691.0,3,Gram Panchayat,99294,1,Sarotar West,सरोतर पश्चिम,2562
7692.0,3,Gram Panchayat,96037,1,Saroun,सरौन,2353
7693.0,3,Gram Panchayat,238502,1,Sarouti Panchayat,सरौती पंचायत,6804
7694.0,3,Gram Panchayat,97179,1,Sarra-Sanpatahi,सररा-संपटाही,2431
7695.0,3,Gram Panchayat,101466,1,Sarsar,सरसर,2706
7696.0,3,Gram Panchayat,100915,2,Sarsaula Khurd,सरसौला खूर्द,2670
7697.0,3,Gram Panchayat,94032,1,Sarsauli,सरसौली,2224
7698.0,3,Gram Panchayat,99637,1,Sarsauni,सरसौनी,2586
7699.0,3,Gram Panchayat,96687,1,Sarsawa,सरसावा,2398
7700.0,3,Gram Panchayat,99627,1,Sarsi,सरसी,2585
7701.0,3,Gram Panchayat,99050,2,Sarsi Pipardahan,सरसी  पिपरदाहाँ,2545
7702.0,3,Gram Panchayat,95691,1,Sarsu,सरसू,2331
7703.0,3,Gram Panchayat,98100,3,Sartha,सरथा,2483
7704.0,3,Gram Panchayat,94966,1,Sarthua,सरथुआ,2284
7705.0,3,Gram Panchayat,94123,1,Sarua,सरुआ,2229
7706.0,3,Gram Panchayat,95847,2,Sarupai,सरुपाई,2341
7707.0,3,Gram Panchayat,95481,2,Sarwan,सरवाँ,2317
7708.0,3,Gram Panchayat,95921,1,Sasamusa,सासामुसा,2345
7709.0,3,Gram Panchayat,101188,1,Sasaula,सासौला,2687
7710.0,3,Gram Panchayat,98259,2,Sasaura,सासौरा,2493
7711.0,3,Gram Panchayat,96350,1,Sasna,ससना,2375
7712.0,3,Gram Panchayat,101497,4,Satanpatti,सातनपट्टी,2708
7713.0,3,Gram Panchayat,100463,1,Satan Pur,सातनपुर,2638
7714.0,3,Gram Panchayat,98121,4,Sataua,सतौआ,2482
7715.0,3,Gram Panchayat,98806,2,Satbhaiya Ram Nagar,सतभैया रामनगर,2529
7716.0,3,Gram Panchayat,97180,1,Satghara,सतघरा,2431
7717.0,3,Gram Panchayat,97539,1,Satghara,सतघरा,2450
7718.0,3,Gram Panchayat,94429,1,Satha,साठा,2249
7719.0,3,Gram Panchayat,98629,1,Sathi,साठी,2518
7720.0,3,Gram Panchayat,100766,1,Satjora,सतजोरा,2656
7721.0,3,Gram Panchayat,96802,2,Satkauwa,सतकौआ,2404
7722.0,3,Gram Panchayat,99669,1,Satkodaria,सतकोदरिया,2588
7723.0,3,Gram Panchayat,97462,1,Satlakha,सतलखा,2446
7724.0,3,Gram Panchayat,100495,1,Satmalpur,सतमलपुर,2640
7725.0,3,Gram Panchayat,98895,1,Satparsa,सतपरसा,2535
7726.0,3,Gram Panchayat,100052,1,Sattar,सत्ता र,2617
7727.0,3,Gram Panchayat,100017,1,Sattour,सत्तौर,2614
7728.0,3,Gram Panchayat,100537,2,Satua,सतुआ,2642
7729.0,3,Gram Panchayat,101329,1,Satwar,सतवार,2695
7730.0,3,Gram Panchayat,100990,1,Sauli Rupauli,सौली रुपौली,2675
7731.0,3,Gram Panchayat,98465,1,Saur,सौर,2509
7732.0,3,Gram Panchayat,98740,1,Sauraha,सौराहा,2524
7733.0,3,Gram Panchayat,97463,1,Saurath,सौराठ,2446
7734.0,3,Gram Panchayat,96766,1,Saurh North,सौंठ उत्तरी,2402
7735.0,3,Gram Panchayat,96767,1,Saurh South,सौंठ दक्षिणी,2402
7736.0,3,Gram Panchayat,96514,1,Sauria,सौरिया,2385
7737.0,3,Gram Panchayat,99638,1,Sautha,सौता,2586
7738.0,3,Gram Panchayat,99026,1,Savar Chak,साबरचक,2544
7739.0,3,Gram Panchayat,99335,1,Sawagia,सवगिया,2564
7740.0,3,Gram Panchayat,94395,1,Sawant,सावंत,2245
7741.0,3,Gram Panchayat,96336,1,Sawath,सावठ,2374
7742.0,3,Gram Panchayat,95449,2,Sawnkala,सांवकला,2314
7743.0,3,Gram Panchayat,99295,3,Sebhuapur,सेभुआपुर,2562
7744.0,3,Gram Panchayat,94949,1,Sedhan,सेधान,2283
7745.0,3,Gram Panchayat,98341,1,Sekhodewra,सेखोदेवरा,2500
7746.0,3,Gram Panchayat,100496,2,Sekhopur,शेखोपुर,2640
7747.0,3,Gram Panchayat,98919,3,Selhauri Belhauri,सेल्हौरी बेल्हौरी,2537
7748.0,3,Gram Panchayat,97197,1,Selibeli,सेलीबेलि,2432
7749.0,3,Gram Panchayat,97308,1,Selra,सेलरा,2437
7750.0,3,Gram Panchayat,95922,1,Semara,सेमरा,2345
7751.0,3,Gram Panchayat,98515,2,Semara Kathkuiya,सेमरा कठकुइयां,2511
7752.0,3,Gram Panchayat,98549,1,Semarbari,सेमरवारी,2514
7753.0,3,Gram Panchayat,98710,1,Semari,सेमरी,2522
7754.0,3,Gram Panchayat,99760,1,Semari,सेमरी,2595
7755.0,3,Gram Panchayat,99833,1,Semari,सेमरी,2599
7756.0,3,Gram Panchayat,100745,1,Semari,सेमरी,2654
7757.0,3,Gram Panchayat,101403,1,Semaria,सेमरिया,2702
7758.0,3,Gram Panchayat,94794,2,Semaria Pararia,सेमरीया पररिया,2273
7759.0,3,Gram Panchayat,95955,1,Semariya,सेमरिया,2347
7760.0,3,Gram Panchayat,95992,1,Semra,सेमरा,2350
7761.0,3,Gram Panchayat,99215,1,Semra,सेम्रा,2557
7762.0,3,Gram Panchayat,101393,2,Semra,सेमरा,2701
7763.0,3,Gram Panchayat,99458,1,Semrahan,सेमरहन,2576
7764.0,3,Gram Panchayat,98741,1,Semra Labedaha,सेमरा लबेदहा,2524
7765.0,3,Gram Panchayat,94818,2,Semraon,सेमराँव,2275
7766.0,3,Gram Panchayat,99153,1,Semra Tola Bhola,सेमरा टोला भोला,2553
7767.0,3,Gram Panchayat,95883,1,Semraw,सेमराव,2343
7768.0,3,Gram Panchayat,101767,3,Senduari,सेंदुआरी,2724
7769.0,3,Gram Panchayat,99834,1,Senduwar,सेन्दुआर,2599
7770.0,3,Gram Panchayat,98687,1,Senuaria,सेनुवरिया,2521
7771.0,3,Gram Panchayat,98711,2,Serahawa,सेरहवा,2522
7772.0,3,Gram Panchayat,96249,1,Sesamba,सेसम्बा,2368
7773.0,3,Gram Panchayat,96190,1,Sevnan,सेवनन,2364
7774.0,3,Gram Panchayat,96046,1,Sewa,सेवा,2354
7775.0,3,Gram Panchayat,99961,1,Sewahi,सेवहि,2610
7776.0,3,Gram Panchayat,101394,1,Sewatapur,सेवतापुर,2701
7777.0,3,Gram Panchayat,94755,1,Sewatha,सेवथा,2271
7778.0,3,Gram Panchayat,95541,1,Sewra,सेवरा,2321
7779.0,3,Gram Panchayat,95692,1,Sewtar,सेवतार,2331
7780.0,3,Gram Panchayat,96525,2,Shabda,शब्दा,2386
7781.0,3,Gram Panchayat,95664,1,Shadi Pur,शादी पुर,2329
7782.0,3,Gram Panchayat,99521,3,Shadipur Bhutaha,शादीपुर भुतहा,2580
7783.0,3,Gram Panchayat,98989,1,Shahabad,शाहाबाद,2542
7784.0,3,Gram Panchayat,96659,1,Shaharbani,शहरबानी,2396
7785.0,3,Gram Panchayat,238521,1,Shahar Telpa Panchayat,शहर तेलपा  पंचायत,6806
7786.0,3,Gram Panchayat,95238,2,Shahbajpur,सहबाजपुर,2301
7787.0,3,Gram Panchayat,96370,2,Shahbazpur,शाहबाजपुर,2376
7788.0,3,Gram Panchayat,97913,1,Shahbazpur,शाहबाजपुर,2471
7789.0,3,Gram Panchayat,101708,1,Shahdullahpur,शहदुल्लहपुर,2720
7790.0,3,Gram Panchayat,101812,1,Shahdullahpur,शहदुल्लहपुर,2726
7791.0,3,Gram Panchayat,99579,2,Shahidganj,शहीदगंज,2583
7792.0,3,Gram Panchayat,98874,3,Shahjahanpur,शाहजहाँपुर,2534
7793.0,3,Gram Panchayat,94583,1,Shahjangi,शाहजंगी,2260
7794.0,3,Gram Panchayat,101684,1,Shahmiya Rohua,शाहमिया रोहुआ,2719
7795.0,3,Gram Panchayat,94396,1,Shahpur,शाहपुर,2245
7796.0,3,Gram Panchayat,96168,1,Shahpur,शाहपुर,2362
7797.0,3,Gram Panchayat,97041,1,Shahpur,शाहपुर,2422
7798.0,3,Gram Panchayat,97230,1,Shahpur,शाहपुर,2433
7799.0,3,Gram Panchayat,97746,1,Shahpur,शाहपुर,2464
7800.0,3,Gram Panchayat,98466,1,Shahpur,शाहपुर,2509
7801.0,3,Gram Panchayat,99870,1,Shahpur,शाहपुर,2602
7802.0,3,Gram Panchayat,100018,1,Shahpur,शाहपुर,2614
7803.0,3,Gram Panchayat,100097,1,Shahpur,शाहपुर,2619
7804.0,3,Gram Panchayat,94386,3,Shah Pur,शाहपुर,2244
7805.0,3,Gram Panchayat,96457,1,Shah Pur,सहपुर,2382
7806.0,3,Gram Panchayat,96597,2,Shahpurdharmi,शाहपुरधर्मी,2391
7807.0,3,Gram Panchayat,101720,1,Shahpur Khurd,शाहपुर खुर्द,2721
7808.0,3,Gram Panchayat,97804,1,Shahpur Mircha,शाहपुर मरीचा,2466
7809.0,3,Gram Panchayat,101611,2,Shahpur Prithvi Patti,शाहपुर पृथ्वीपट्टी,2716
7810.0,3,Gram Panchayat,100979,2,Shahpur Shitalpatti,शाहपुर शीतलपट्टी,2674
7811.0,3,Gram Panchayat,94605,1,Shahzadpur,शहज़ादपुर,2262
7812.0,3,Gram Panchayat,100812,1,Shaidpur,शैदपुर,2659
7813.0,3,Gram Panchayat,97805,1,Shakri Saraiya,सकरी सरैया,2466
7814.0,3,Gram Panchayat,100415,1,Shalepur,शालेपुर,2636
7815.0,3,Gram Panchayat,101417,1,Shambhopur,शम्भोपुर,2703
7816.0,3,Gram Panchayat,101685,1,Shambhopur Kowari,शम्भोपुर कॉवरी,2719
7817.0,3,Gram Panchayat,97464,1,Shambhuar,शम्भुआड़,2446
7818.0,3,Gram Panchayat,93898,1,Shamshernagar,शमशेरनगर,2217
7819.0,3,Gram Panchayat,100665,2,Shankardih,शंकरडीह,2649
7820.0,3,Gram Panchayat,94950,1,Shankar Dih,शंकर दीह,2283
7821.0,3,Gram Panchayat,94621,2,Shankarpur,शंकरपुर,2263
7822.0,3,Gram Panchayat,94684,2,Shankarpur,शंकरपुर,2267
7823.0,3,Gram Panchayat,97612,2,Shankarpur,शंकरपुर,2456
7824.0,3,Gram Panchayat,93683,1,Shankar Pur,शंकरपुर,2207
7825.0,3,Gram Panchayat,93757,2,Shankar Pur,शंकरपुर,2210
7826.0,3,Gram Panchayat,95422,1,Shankar Pur,शंकरपुर,2312
7827.0,3,Gram Panchayat,100402,1,Shankar Pur,शंकरपुर,2635
7828.0,3,Gram Panchayat,99465,1,Shankar Saraiya North,शंकर सराया उत्तर,2577
7829.0,3,Gram Panchayat,94347,3,Shankh,सांख,2241
7830.0,3,Gram Panchayat,96004,1,Shankhe Khash,शंखे खश,2351
7831.0,3,Gram Panchayat,93666,1,Sharanpur,शरनपुर,2206
7832.0,3,Gram Panchayat,97701,1,Sharfuddinpur,शर्फुद्दीनपुर,2462
7833.0,3,Gram Panchayat,100929,2,Sharifnagar,शरीफनगर,2671
7834.0,3,Gram Panchayat,96945,1,Sharma,शर्मा,2415
7835.0,3,Gram Panchayat,100193,1,Shasan,शासन,2624
7836.0,3,Gram Panchayat,95946,1,Shekh Parsa,शेख पर्सा,2346
7837.0,3,Gram Panchayat,97914,1,Shekhpur,शेखपुर,2471
7838.0,3,Gram Panchayat,96557,1,Shekhpura,शेखपुरा,2388
7839.0,3,Gram Panchayat,97000,2,Shekhpura,शेखपुरा,2418
7840.0,3,Gram Panchayat,98372,1,Shekhpura,शेखपुरा,2503
7841.0,3,Gram Panchayat,100513,1,Shekhpura,शेखपुरा,2641
7842.0,3,Gram Panchayat,239374,2,Shekhpura,शेखपुरा,2697
7843.0,3,Gram Panchayat,95347,1,Shekhpur Dani,शेखपुरदानी,2307
7844.0,3,Gram Panchayat,95517,2,Shekhwara,शेखवारा,2319
7845.0,3,Gram Panchayat,99943,1,Sheosagar,शिवसागर,2608
7846.0,3,Gram Panchayat,95980,1,Sher,शेर,2349
7847.0,3,Gram Panchayat,96713,1,Sherchakla,शेरचकला,2399
7848.0,3,Gram Panchayat,101295,3,Sherhi,शेरही,2694
7849.0,3,Gram Panchayat,97915,1,Sherpur,शेरपुर,2471
7850.0,3,Gram Panchayat,100475,1,Sherpur Dhepura,शेरपुर ढ़ेपुरा,2639
7851.0,3,Gram Panchayat,98969,2,Sherpur East,शेरपुर पूर्वी,2541
7852.0,3,Gram Panchayat,100559,1,Sherpur Gheghata,शेरपुर घेघटा,2643
7853.0,3,Gram Panchayat,101848,1,Sherpur Manikpur,शेरपुर मानिकपुर,2728
7854.0,3,Gram Panchayat,95439,1,Sherpur Narayanpur,शेरपुर नारायणपुर,2313
7855.0,3,Gram Panchayat,238537,1,Sherpur Panchayat,शेरपुर पंचायत,6807
7856.0,3,Gram Panchayat,98970,2,Sherpur West,शेरपुर पश्चिम,2541
7857.0,3,Gram Panchayat,97747,1,Sherukahi,शेरुकाहीं,2464
7858.0,3,Gram Panchayat,94444,1,Shihma,सिहमा,2250
7859.0,3,Gram Panchayat,96505,1,Shikarpur,शिकारपुर,2384
7860.0,3,Gram Panchayat,96558,2,Shikarpur,शिकारपुर,2388
7861.0,3,Gram Panchayat,98712,2,Shikarpur,शिकारपुर,2522
7862.0,3,Gram Panchayat,98771,1,Shikar Pur,शिकारपुर,2526
7863.0,3,Gram Panchayat,100728,1,Shilhauri,शिल्हौड़ी,2653
7864.0,3,Gram Panchayat,98630,1,Shiopur Satwaria,सिहपुर सतवरिया,2518
7865.0,3,Gram Panchayat,98732,1,Shioraj Pur,शिवराजपुर,2523
7866.0,3,Gram Panchayat,96924,1,Shirkhandi,शीरखंडी,2412
7867.0,3,Gram Panchayat,99448,1,Shirpur North,शिरपुर उत्तर,2575
7868.0,3,Gram Panchayat,95793,1,Shirsha Manpur,सिरसा मानपुर,2338
7869.0,3,Gram Panchayat,99506,1,Shishabari,शीशाबाड़ी,2579
7870.0,3,Gram Panchayat,95240,2,Shisho East,सिसो पूर्वी,2301
7871.0,3,Gram Panchayat,95241,2,Shisho West,सिसो पश्चिमी,2301
7872.0,3,Gram Panchayat,101813,2,Shital Bhakurahar,शीतल भाकुरहर,2726
7873.0,3,Gram Panchayat,96442,1,Shitalmani,शीतलमणी,2381
7874.0,3,Gram Panchayat,96443,1,Shitalpur,शितलपुर,2381
7875.0,3,Gram Panchayat,96859,2,Shitalpur,शितलपुर,2407
7876.0,3,Gram Panchayat,99286,1,Shitalpur,शीतलपुर,2561
7877.0,3,Gram Panchayat,100706,2,Shitalpur,शीतलपुर,2652
7878.0,3,Gram Panchayat,98591,1,Shitthi,सीठी,2516
7879.0,3,Gram Panchayat,100305,1,Shiura,शिउरा,2630
7880.0,3,Gram Panchayat,97163,1,Shiva,शिवा,2430
7881.0,3,Gram Panchayat,96506,1,Shivanandpur,शिवानंदपुर,2384
7882.0,3,Gram Panchayat,101382,1,Shivdah,शिवदह,2700
7883.0,3,Gram Panchayat,97725,1,Shiv Daha,शिवदाहा,2463
7884.0,3,Gram Panchayat,97767,1,Shivdas Pur,शिवदासपुर,2465
7885.0,3,Gram Panchayat,97575,1,Shivkund,शिवकुण्ड,2453
7886.0,3,Gram Panchayat,98225,1,Shivnagar,शिवनगर,2490
7887.0,3,Gram Panchayat,95752,1,Shiv Nagar,शिवनगर,2336
7888.0,3,Gram Panchayat,99420,1,Shiv Nagar,शिव नगर,2572
7889.0,3,Gram Panchayat,99005,2,Shivnar,शिवनार,2543
7890.0,3,Gram Panchayat,94809,2,Shivpur,शिवपुर,2274
7891.0,3,Gram Panchayat,94846,1,Shiv Pur,शिव पुर,2277
7892.0,3,Gram Panchayat,101534,1,Shivpuri,शिवपुरी,2710
7893.0,3,Gram Panchayat,95192,1,Shivram,शिवराम,2299
7894.0,3,Gram Panchayat,99835,1,Shiwan,शिवन,2599
7895.0,3,Gram Panchayat,99740,1,Shiwpur,शिवपुर,2593
7896.0,3,Gram Panchayat,96321,1,Shiwrampur,शिवरामपुर,2373
7897.0,3,Gram Panchayat,99896,1,Shiyawak,सियाँवक,2604
7898.0,3,Gram Panchayat,100243,2,Shobhan,शोभन,2626
7899.0,3,Gram Panchayat,98819,1,Shohari,शोहारी,2530
7900.0,3,Gram Panchayat,99091,1,Shorampur,शोरमपुर,2548
7901.0,3,Gram Panchayat,96971,1,Shree Kishun,श्री किशुन,2416
7902.0,3,Gram Panchayat,101202,1,Shrikhandi Bhitta Pashchimi,श्रीखंदी भित्ता पश्चिमी,2688
7903.0,3,Gram Panchayat,99887,2,Shrikhinda,श्रीखिंडा,2603
7904.0,3,Gram Panchayat,97613,4,Shrimatpur,श्रीमतपुर,2456
7905.0,3,Gram Panchayat,94659,1,Shrimatpur Gopalichak,श्रीमतपुर गोपालीचक,2265
7906.0,3,Gram Panchayat,94660,2,Shrimatpur Hujurnagar,श्रीमतपुर हुजुरनगर,2265
7907.0,3,Gram Panchayat,94387,1,Shripur,श्रीपुर,2244
7908.0,3,Gram Panchayat,99250,1,Shripur,श्रीपुर,2559
7909.0,3,Gram Panchayat,99582,2,Shripur Milik,श्रीपुर मिलिक,2583
7910.0,3,Gram Panchayat,95292,1,Shri Rampur,श्रीरामपुर,2305
7911.0,3,Gram Panchayat,97822,1,Shubhankar Pur,शुभंकरपुर,2467
7912.0,3,Gram Panchayat,96660,1,Shumbha,शुंभा,2396
7913.0,3,Gram Panchayat,99129,1,Shyampur,श्यामपुर,2551
7914.0,3,Gram Panchayat,100888,1,Shyampur,श्यामपुर,2667
7915.0,3,Gram Panchayat,94538,2,Shyam Pur,श्याम पुर,2256
7916.0,3,Gram Panchayat,98733,1,Shyampur Kotaraha,श्यामपुर कोतराहा,2523
7917.0,3,Gram Panchayat,96768,2,Siadatpur Aguani,सियादतपुर अगुवानी,2402
7918.0,3,Gram Panchayat,97540,2,Sibipatti,शिवीपट्टी,2450
7919.0,3,Gram Panchayat,97364,2,Sidhap Kala,सीधाप कला,2441
7920.0,3,Gram Panchayat,95293,1,Sidhouli,सिधौली,2305
7921.0,3,Gram Panchayat,97365,1,Sidhpa,सिधपा,2441
7922.0,3,Gram Panchayat,95621,1,Sidhpur,सिद्धपुर,2326
7923.0,3,Gram Panchayat,101359,1,Sidhwal,सीधवल,2698
7924.0,3,Gram Panchayat,96139,1,Sighauri,सिझौडी,2360
7925.0,3,Gram Panchayat,99717,1,Sighia,सिघिया,2591
7926.0,3,Gram Panchayat,99051,1,Sigodi,सिगोडी,2545
7927.0,3,Gram Panchayat,96458,3,Sihagaon,सिहागाँव,2382
7928.0,3,Gram Panchayat,94397,1,Sihama,सिहमा,2245
7929.0,3,Gram Panchayat,98920,1,Sihi,सिही,2537
7930.0,3,Gram Panchayat,100156,1,Sihma,सिहमा,2622
7931.0,3,Gram Panchayat,100054,1,Sihoul,सिहौल,2617
7932.0,3,Gram Panchayat,94606,2,Sihpur East,सीहपुर पूर्वी,2262
7933.0,3,Gram Panchayat,97062,1,Sihpur Gadhiya,सिहपुर गढ़िया,2423
7934.0,3,Gram Panchayat,94607,1,Sihpur West,सीहपुर पश्चिम,2262
7935.0,3,Gram Panchayat,94058,1,Sihuli,सीहुली,2225
7936.0,3,Gram Panchayat,94178,1,Sijhat Baliyas,सिझत बलियास,2232
7937.0,3,Gram Panchayat,96393,2,Sijhua,सिझुआ,2378
7938.0,3,Gram Panchayat,94124,1,Sikandarpur,सिकंदरपुर,2229
7939.0,3,Gram Panchayat,96250,2,Sikandarpur,सिकंदरपुर,2368
7940.0,3,Gram Panchayat,96309,1,Sikandarpur,सिकन्दरपुर,2372
7941.0,3,Gram Panchayat,98848,1,Sikandarpur,सिकंदरपुर,2532
7942.0,3,Gram Panchayat,99688,2,Sikandarpur,सिकन्दरपुर,2589
7943.0,3,Gram Panchayat,101245,2,Sikandarpur,सिकन्दरपुर,2690
7944.0,3,Gram Panchayat,94951,1,Sikarhatta,सिकरहट्टा,2283
7945.0,3,Gram Panchayat,99815,1,Sikaria,सिकरियां,2598
7946.0,3,Gram Panchayat,96191,1,Sikariya,सिकरिया,2364
7947.0,3,Gram Panchayat,100813,1,Sikarpur,सिकारपुर,2659
7948.0,3,Gram Panchayat,95089,1,Sikathi,सिकठी,2294
7949.0,3,Gram Panchayat,96283,1,Sikathi,सिकठी,2370
7950.0,3,Gram Panchayat,101383,1,Sikatia,सिकटिया,2700
7951.0,3,Gram Panchayat,95956,1,Sikatiya,सिकटिया,2347
7952.0,3,Gram Panchayat,96474,1,Sikkat,सिक्कट,2383
7953.0,3,Gram Panchayat,96559,1,Sikorna,सिकोरना,2388
7954.0,3,Gram Panchayat,95016,1,Sikraul,सिक्रौल,2288
7955.0,3,Gram Panchayat,95069,1,Sikraul,सिकरौल,2293
7956.0,3,Gram Panchayat,99944,1,Sikraur,सिकरौर,2608
7957.0,3,Gram Panchayat,98772,1,Sikta,सिकटा,2526
7958.0,3,Gram Panchayat,93758,1,Siktia,सिकटिया,2210
7959.0,3,Gram Panchayat,97400,1,Siktiyahi,सिक्टियाही,2443
7960.0,3,Gram Panchayat,99945,1,Silari,सिलारी,2608
7961.0,3,Gram Panchayat,94719,3,Silhan Khajuriya,सिल्हन खजुरिया,2269
7962.0,3,Gram Panchayat,94157,2,Siljori,सिलजोरी,2231
7963.0,3,Gram Panchayat,93684,1,Simarbani,सिमरबनी,2207
7964.0,3,Gram Panchayat,94010,1,Simaree Dhamanee,सिमरी धमनी,2223
7965.0,3,Gram Panchayat,100476,1,Simari,सिमरी,2639
7966.0,3,Gram Panchayat,93744,1,Simaria,सिमरिया,2209
7967.0,3,Gram Panchayat,101662,1,Simaria,सिमरिया,2718
7968.0,3,Gram Panchayat,100222,1,Simaria Bhindi,सिमरिया भिन्डी,2625
7969.0,3,Gram Panchayat,94314,2,Simaria-I,सिमरिया-१,2240
7970.0,3,Gram Panchayat,94315,1,Simaria-Ii,सिमरिया-२,2240
7971.0,3,Gram Panchayat,96592,1,Simaria North,सिमरिया उत्तरी,2390
7972.0,3,Gram Panchayat,96593,1,Simaria South,सिमरिया दक्षिणी,2390
7973.0,3,Gram Panchayat,94932,2,Simariya,सिमरिया,2282
7974.0,3,Gram Panchayat,95604,2,Simaru,सिमारु,2325
7975.0,3,Gram Panchayat,101892,2,Simarwara,सिमरवारा,2730
7976.0,3,Gram Panchayat,95652,2,Simra,सिमरा,2328
7977.0,3,Gram Panchayat,97681,1,Simra Chak Srinath,सिमरा चकश्रीनाथ,2461
7978.0,3,Gram Panchayat,97324,1,Simrah,सिमरा,2438
7979.0,3,Gram Panchayat,96661,1,Simraha,सिमराहा,2396
7980.0,3,Gram Panchayat,95140,1,Simra Nehal Pur,सिमरा नेहालपुर,2297
7981.0,3,Gram Panchayat,95110,1,Simri,सिमरी,2295
7982.0,3,Gram Panchayat,95423,1,Simri,सिमरी,2312
7983.0,3,Gram Panchayat,97253,2,Simri,सिमरी,2434
7984.0,3,Gram Panchayat,97541,1,Simri,सिमरी,2450
7985.0,3,Gram Panchayat,95753,1,Simuara,सीमुआरा,2336
7986.0,3,Gram Panchayat,93899,1,Sinduar,सिन्दुआर,2217
7987.0,3,Gram Panchayat,95683,1,Sinduar,सिन्दुआर,2330
7988.0,3,Gram Panchayat,95884,1,Singaha,सिंगहा,2343
7989.0,3,Gram Panchayat,98489,2,Singari Pipariya,सिंगाड़ी पिपरिया,2510
7990.0,3,Gram Panchayat,98876,2,Singariyawan,सिंगरियावाँ,2534
7991.0,3,Gram Panchayat,99421,1,Singasani,सिंगासांई,2572
7992.0,3,Gram Panchayat,97254,1,Singaso,सिंघासो,2434
7993.0,3,Gram Panchayat,101001,1,Singhachauri,सिंघाचौरी,2676
7994.0,3,Gram Panchayat,96989,1,Singhar,सिंहार,2417
7995.0,3,Gram Panchayat,98971,1,Singhara,सिंघारा,2541
7996.0,3,Gram Panchayat,98921,1,Singhara Kopa,सिंघाड़ा कोपा,2537
7997.0,3,Gram Panchayat,101849,1,Singhara North,सिंघारा उत्तर,2728
7998.0,3,Gram Panchayat,101850,1,Singhara South,सिंघारा दक्षिण,2728
7999.0,3,Gram Panchayat,95701,1,Singhaul,सिंघौल,2332
8000.0,3,Gram Panchayat,96444,1,Singhaul,सिंघौल,2381
8001.0,3,Gram Panchayat,100362,1,Singhea Khurd,सिंघिया खुर्द,2633
8002.0,3,Gram Panchayat,97585,3,Singhia,सिंघिया,2454
8003.0,3,Gram Panchayat,100143,1,Singhia Bujurg North,सिंघिया बुजुर्ग उत्तर,2621
8004.0,3,Gram Panchayat,100142,1,Singhia Bujurg South,सिंघिया बुजुर्ग दक्षिण,2621
8005.0,3,Gram Panchayat,96814,1,Singhia Kulamani,सिंघिया कुलामनी,2405
8006.0,3,Gram Panchayat,96803,1,Singhi Mari,सिंघी मारी,2404
8007.0,3,Gram Panchayat,94223,1,Singhnan,सिंहनान,2235
8008.0,3,Gram Panchayat,99707,2,Singhpur Deera,सिंघपुर डीरा,2590
8009.0,3,Gram Panchayat,101176,1,Singhwahini,सिंघवाहिनी,2686
8010.0,3,Gram Panchayat,97256,2,Singia East,सिंघिया पूर्वी,2434
8011.0,3,Gram Panchayat,97255,2,Singia West,सिंघिया पश्चिमी,2434
8012.0,3,Gram Panchayat,97542,2,Singion,सिंगियौन,2450
8013.0,3,Gram Panchayat,97097,1,Singiyan,सिंगियान,2425
8014.0,3,Gram Panchayat,100980,1,Singrahiya,सिनगरहिया,2674
8015.0,3,Gram Panchayat,98077,1,Singthu,सिंगतु,2478
8016.0,3,Gram Panchayat,94795,1,Sinha,सिन्हा,2273
8017.0,3,Gram Panchayat,95280,1,Sinuara,सिनुआरा,2304
8018.0,3,Gram Panchayat,94539,1,Sinya,सिया,2256
8019.0,3,Gram Panchayat,96284,1,Sio,सिवों,2370
8020.0,3,Gram Panchayat,99951,1,Siobahar,सिओबाहार,2609
8021.0,3,Gram Panchayat,95947,1,Sipah Khash,सिपाह खश,2346
8022.0,3,Gram Panchayat,99984,1,Sirade Patti,सिरादेयपट्टी,2612
8023.0,3,Gram Panchayat,99379,1,Siraha,सिराहा,2568
8024.0,3,Gram Panchayat,101122,1,Sirahi,सिराही,2684
8025.0,3,Gram Panchayat,98002,1,Sirajabad,सिराजाबाद,2474
8026.0,3,Gram Panchayat,101123,1,Sirauli First,सिरौली फर्स्ट,2684
8027.0,3,Gram Panchayat,101124,1,Sirauli Second,सिरौली सेकेंड,2684
8028.0,3,Gram Panchayat,99217,1,Sirauna,सिरौना,2557
8029.0,3,Gram Panchayat,96310,1,Sirbit,सिरबिट,2372
8030.0,3,Gram Panchayat,98450,1,Sirdalla,सिरदला,2508
8031.0,3,Gram Panchayat,95456,1,Sirh,सीर्ह,2315
8032.0,3,Gram Panchayat,96322,4,Sirhira,सिरहिरा,2373
8033.0,3,Gram Panchayat,95923,1,Sirisiya,सिरिसिया,2345
8034.0,3,Gram Panchayat,98571,1,Sirisiya,सिरिसिया,2515
8035.0,3,Gram Panchayat,98773,1,Sirisiya,सिरिसिया,2526
8036.0,3,Gram Panchayat,97198,1,Siriyapur,सीरीयापुर,2432
8037.0,3,Gram Panchayat,95684,1,Siriyawan,सीरियवान,2330
8038.0,3,Gram Panchayat,101154,1,Sirkhiriya,सिरखीरिया,2685
8039.0,3,Gram Panchayat,98101,2,Sirnawan,सिरनावॉ,2480
8040.0,3,Gram Panchayat,96569,1,Sirnia East,सिरिनिया पूर्वी,2389
8041.0,3,Gram Panchayat,96570,1,Sirnia West,सिरिनिया पश्चिमी,2389
8042.0,3,Gram Panchayat,98421,1,Sirodabar,सिरोडाबर,2506
8043.0,3,Gram Panchayat,99451,1,Sirpur South,सिरपुर दक्षिण,2575
8044.0,3,Gram Panchayat,101814,1,Sirsa Biran,सिरसा बीरन,2726
8045.0,3,Gram Panchayat,99369,2,Sirsa Mal,सिरसा मल,2566
8046.0,3,Gram Panchayat,101309,2,Sirsawan,सिरसांव,2694
8047.0,3,Gram Panchayat,99507,1,Sirsi,सिरसी,2579
8048.0,3,Gram Panchayat,101061,1,Sirsi,सिरसी,2680
8049.0,3,Gram Panchayat,93685,1,Sirsia Hanumanganj,सिरसिया हनुमानगंज,2207
8050.0,3,Gram Panchayat,93686,1,Sirsia Kala,सिरसिया कला,2207
8051.0,3,Gram Panchayat,100425,2,Sirsiya,सिरसिया,2637
8052.0,3,Gram Panchayat,101087,1,Sirsiya,सिरसिया,2681
8053.0,3,Gram Panchayat,99130,1,Sirsiya Kala,सिरसिया कला,2551
8054.0,3,Gram Panchayat,100000,2,Sirwar Birwar,सीरवार बीरवार,2613
8055.0,3,Gram Panchayat,95834,1,Sisai,सिसाई,2340
8056.0,3,Gram Panchayat,98641,1,Sisai,सिसई,2519
8057.0,3,Gram Panchayat,100538,1,Sisai,सिसई,2642
8058.0,3,Gram Panchayat,101330,1,Sisai,सिसई,2695
8059.0,3,Gram Panchayat,97291,1,Sisauni,सिसौनी,2436
8060.0,3,Gram Panchayat,96394,2,Sisaura,सिसौड़ा,2378
8061.0,3,Gram Panchayat,95924,1,Sisawa,सिसवा,2345
8062.0,3,Gram Panchayat,96475,1,Sisia,शिशिया,2383
8063.0,3,Gram Panchayat,99885,1,Sisirita,सिसिरिता,2603
8064.0,3,Gram Panchayat,101549,1,Sisonee,सिसौनी,2711
8065.0,3,Gram Panchayat,99435,1,Siswa,सिसवा,2573
8066.0,3,Gram Panchayat,98609,1,Siswa Bairagi,सिसवा बैरागी,2517
8067.0,3,Gram Panchayat,98490,1,Siswa Basantpur,सिसवा बसंतपुर,2510
8068.0,3,Gram Panchayat,98610,2,Siswa Bhumihar,सिसवा भूमिहार,2517
8069.0,3,Gram Panchayat,99154,1,Siswa East,सिसवा पूर्वी,2553
8070.0,3,Gram Panchayat,244458,1,Siswa East,सिसवा पूर्वी,2567
8071.0,3,Gram Panchayat,101449,1,Siswa Kala,सिसवा कला,2705
8072.0,3,Gram Panchayat,99272,1,Siswa Kharar,सिसवा खरार,2561
8073.0,3,Gram Panchayat,98611,2,Siswa Mangalpur,सिसवा मंगलपुर,2517
8074.0,3,Gram Panchayat,98631,1,Siswania,सिसवनिया,2518
8075.0,3,Gram Panchayat,95636,1,Siswar,सिसवर,2327
8076.0,3,Gram Panchayat,96351,1,Siswar,सिसवार,2375
8077.0,3,Gram Panchayat,97518,1,Siswar,सिस्वर,2449
8078.0,3,Gram Panchayat,98529,1,Siswa Saraiya,सिसवा सरैया,2512
8079.0,3,Gram Panchayat,99278,1,Siswa Sob,सिसवा सॉब,2561
8080.0,3,Gram Panchayat,244380,2,Siswa West,सिसवा पश्चिम,2553
8081.0,3,Gram Panchayat,244457,1,Siswa West,सिसवा पश्चिम,2567
8082.0,3,Gram Panchayat,100789,1,Sitab Diyara,सिताब दियारा,2658
8083.0,3,Gram Panchayat,100594,1,Sitalpur,सीतलपुर,2645
8084.0,3,Gram Panchayat,101709,1,Sitalpur Kamalpur,सीतलपुर कमालपुर,2720
8085.0,3,Gram Panchayat,100075,1,Sitanabad North,सीतनाबाद उत्तरी,2618
8086.0,3,Gram Panchayat,100076,1,Sitanabad South,सीतनाबाद दक्षिण,2618
8087.0,3,Gram Panchayat,100039,1,Situaha,सितुआहा,2616
8088.0,3,Gram Panchayat,98436,1,Siur,सिऊर,2507
8089.0,3,Gram Panchayat,100271,1,Sivaisingh Pur,सिवैसिंगपुर,2628
8090.0,3,Gram Panchayat,100242,1,Siwaisingpur,सिवैसिंगपुर,2626
8091.0,3,Gram Panchayat,94819,1,Siyadih,सियाडीह,2275
8092.0,3,Gram Panchayat,100853,1,Siyani,सियानी,2663
8093.0,3,Gram Panchayat,101467,2,Siyari,सियारी,2706
8094.0,3,Gram Panchayat,94847,1,Siyaruwa,सियरुवा,2277
8095.0,3,Gram Panchayat,94075,1,Sobhanpur,शोभानपुर कटोरिया,2226
8096.0,3,Gram Panchayat,100781,1,Sobhepur,सोभेपुर,2657
8097.0,3,Gram Panchayat,101341,2,Sohagara,सोहगरा,2696
8098.0,3,Gram Panchayat,95885,2,Sohagpur,सोहागपुर,2343
8099.0,3,Gram Panchayat,95665,1,Sohai Pur,सोहै पुर,2329
8100.0,3,Gram Panchayat,93808,1,Sohan Dar,सोहन्दर,2212
8101.0,3,Gram Panchayat,97257,2,Sohas,सोहांस,2434
8102.0,3,Gram Panchayat,101518,1,Sohatha,सोहता,2709
8103.0,3,Gram Panchayat,96526,1,Sohatha North,सोहथा उत्तरी,2386
8104.0,3,Gram Panchayat,96527,1,Sohatha South,सोहथा दक्षिणी,2386
8105.0,3,Gram Panchayat,100157,1,Sohma,सोहमा,2622
8106.0,3,Gram Panchayat,94796,1,Sohra,सोहरा,2273
8107.0,3,Gram Panchayat,96251,2,Sohraiya,सोहरैया,2368
8108.0,3,Gram Panchayat,101793,2,Sohrathi,सोहराती,2725
8109.0,3,Gram Panchayat,98757,1,Sohsa,सोहसा,2525
8110.0,3,Gram Panchayat,238488,2,Sohsa Panchayat,सोहसा पंचायत,6805
8111.0,3,Gram Panchayat,95711,1,Solara.,सोलरा,2333
8112.0,3,Gram Panchayat,96227,1,Solhanda,सोलहंडा,2366
8113.0,3,Gram Panchayat,98713,1,Somgarh,सोमगढ़,2522
8114.0,3,Gram Panchayat,100223,1,Somnaha,सोमनाहा,2625
8115.0,3,Gram Panchayat,101342,1,Sonahula,सोनहुला,2696
8116.0,3,Gram Panchayat,93787,1,Sonapur,सोनापुर,2211
8117.0,3,Gram Panchayat,94445,1,Sonapur,सोनापुर,2250
8118.0,3,Gram Panchayat,100746,1,Sonauli,सोनौली,2654
8119.0,3,Gram Panchayat,97465,1,Sonaur,सनौर,2446
8120.0,3,Gram Panchayat,94011,1,Sonaura,सोनौरा,2223
8121.0,3,Gram Panchayat,95666,1,Sonaut,सोनऔट,2329
8122.0,3,Gram Panchayat,99077,1,Sonawa Pur,सोनवापुर,2547
8123.0,3,Gram Panchayat,95001,1,Sonbarsa,सोनबरसा,2286
8124.0,3,Gram Panchayat,95817,1,Sonbarsa,सोनबरसा,2339
8125.0,3,Gram Panchayat,99816,1,Sonbarsa,सोनबरसा,2598
8126.0,3,Gram Panchayat,100707,1,Sonbarsa,सोनबरसा,2652
8127.0,3,Gram Panchayat,100930,2,Sonbarsa,सोनबर्षा,2671
8128.0,3,Gram Panchayat,101177,1,Sonbarsa,सोनबरसा,2686
8129.0,3,Gram Panchayat,95070,1,Sonbarsha,सोनवर्षा,2293
8130.0,3,Gram Panchayat,97116,1,Sonbarsha,सोनवर्षा,2427
8131.0,3,Gram Panchayat,99267,1,Sonbarsha,सोनबरशा,2560
8132.0,3,Gram Panchayat,238538,1,Sonbhdra Panchayat,सोनभद्र पंचायत,6807
8133.0,3,Gram Panchayat,99580,2,Sondeep Milik,सोनदीप मिलिक,2583
8134.0,3,Gram Panchayat,101276,1,Sondhani,सोन्धानी,2692
8135.0,3,Gram Panchayat,101745,1,Sondho Dullah,सोंधो दुल्लाह,2723
8136.0,3,Gram Panchayat,94107,1,Sondiha North,सोंडीहा उत्तरी,2228
8137.0,3,Gram Panchayat,94108,1,Sondiha South,सोंडीहा दक्षिणी,2228
8138.0,3,Gram Panchayat,97292,1,Sonei,सोनेई,2436
8139.0,3,Gram Panchayat,100289,1,Songer,सोंगर,2629
8140.0,3,Gram Panchayat,96285,2,Sonhan,सोनहन,2370
8141.0,3,Gram Panchayat,99946,1,Sonhar,सोनहर,2608
8142.0,3,Gram Panchayat,93950,1,Sonhathu,सोंहतु,2220
8143.0,3,Gram Panchayat,95925,1,Sonhula Gokhul,सोनहुला गोखुल,2345
8144.0,3,Gram Panchayat,94033,1,Sonhuli,सोनहुली,2224
8145.0,3,Gram Panchayat,98119,1,Soniyawan,सोनियावान,2481
8146.0,3,Gram Panchayat,98922,2,Soniyawan,सोनियावाँ,2537
8147.0,3,Gram Panchayat,98758,2,Sonkhar,सोनखर,2525
8148.0,3,Gram Panchayat,95242,1,Sonki,सोनकी पंचायत,2301
8149.0,3,Gram Panchayat,94414,2,Sonma,सोनमा,2247
8150.0,3,Gram Panchayat,99581,1,Sonma,सोनमा,2583
8151.0,3,Gram Panchayat,98896,1,Sonmai,सोनमई,2535
8152.0,3,Gram Panchayat,97181,1,Sonmati,सोनमति,2431
8153.0,3,Gram Panchayat,96158,1,Sono,सोनो,2361
8154.0,3,Gram Panchayat,97768,1,Sonpur,सोनपुर,2465
8155.0,3,Gram Panchayat,94967,1,Sonpura,सोनपुरा,2284
8156.0,3,Gram Panchayat,100077,1,Sonpura,सोनपुरा,2618
8157.0,3,Gram Panchayat,95217,1,Sonpur Paghari,सोनपुर पघारी,2300
8158.0,3,Gram Panchayat,98238,1,Sonsa,सोंसा,2491
8159.0,3,Gram Panchayat,98318,1,Sonsa,सोनसा,2498
8160.0,3,Gram Panchayat,98390,1,Sonsihari,सोनसिहारी,2504
8161.0,3,Gram Panchayat,96837,1,Sontha,सोनथा,2406
8162.0,3,Gram Panchayat,94561,2,Sonudih Satjori,सोनूडीह सतजोरी,2258
8163.0,3,Gram Panchayat,100334,2,Sonupur North,सोनुपुर उत्तर,2632
8164.0,3,Gram Panchayat,94820,3,Sonvarsha,सोनवर्षा,2275
8165.0,3,Gram Panchayat,244449,1,Sonwal,सोनवाल,2567
8166.0,3,Gram Panchayat,97806,1,Sonwarsa,सोनबर्षा,2466
8167.0,3,Gram Panchayat,238493,2,Sonwarsa Panchayat,सोनवर्षा  पंचायत,6804
8168.0,3,Gram Panchayat,94012,1,Soree,सॉरी,2223
8169.0,3,Gram Panchayat,101862,1,Sorhattha,सोरहत्ता,2729
8170.0,3,Gram Panchayat,100224,2,Sormar,सोरमार,2625
8171.0,3,Gram Panchayat,98239,1,Sosandi,सोसांदी,2491
8172.0,3,Gram Panchayat,100477,1,Sothgama,सोठगामा,2639
8173.0,3,Gram Panchayat,97293,1,Soth Gaon,सोत गाओं,2436
8174.0,3,Gram Panchayat,99886,2,Sotwa,सोतवा,2603
8175.0,3,Gram Panchayat,96323,1,Soukhara,सौखरा,2373
8176.0,3,Gram Panchayat,93759,1,Sourgaon,सौरगाँव,2210
8177.0,3,Gram Panchayat,99289,1,South Gawandara,दक्षिण गावाँडरा,2561
8178.0,3,Gram Panchayat,95693,1,South Kajoor,दक्षिण काजूर,2331
8179.0,3,Gram Panchayat,238490,3,South Kaler Panchayat,दक्षिणी कलेर पंचायत,6805
8180.0,3,Gram Panchayat,96417,2,South Karimullapur,दक्षिणी करीमुल्लापुर,2380
8181.0,3,Gram Panchayat,94092,1,South Kateli,दक्षिणी कटेली,2227
8182.0,3,Gram Panchayat,96598,3,South Muradpur,दक्षिणी मुरादपुर,2391
8183.0,3,Gram Panchayat,94985,1,South Nainijor,दक्षिण नैनिजोर,2285
8184.0,3,Gram Panchayat,93989,1,South Umga,दक्षिण उमगा,2222
8185.0,3,Gram Panchayat,95037,1,Sowan,सोवन,2290
8186.0,3,Gram Panchayat,245363,3,Sowreji,सवरेजी,2343
8187.0,3,Gram Panchayat,98849,1,Sri Chandpur,श्री चन्दपुर,2532
8188.0,3,Gram Panchayat,95653,1,Srigawan,श्रीगाँव,2328
8189.0,3,Gram Panchayat,101203,1,Sri Khandi Bhitta Purvi,श्रीखंदी भित्ता पूर्वी,2688
8190.0,3,Gram Panchayat,94139,2,Srinagar,श्रीनगर,2230
8191.0,3,Gram Panchayat,97031,1,Srinagar,श्रीनगर,2421
8192.0,3,Gram Panchayat,98781,1,Srinagar,श्री नगर,2527
8193.0,3,Gram Panchayat,100639,1,Sripal Basant,श्रीपाल बसंत,2647
8194.0,3,Gram Panchayat,101578,1,Sripur,सृपुर,2714
8195.0,3,Gram Panchayat,95500,1,Sri Pur,श्री पुर,2318
8196.0,3,Gram Panchayat,100241,2,Sripurgahar East,श्रीपुरगाहर पूर्वी,2626
8197.0,3,Gram Panchayat,100244,1,Sripurgahar West,श्रीपुरगाहर पश्चिमी,2626
8198.0,3,Gram Panchayat,97502,1,Sripurhati (M),श्रीपुरहाटी  (मध्य),2448
8199.0,3,Gram Panchayat,97503,1,Sripurhati (N),श्रीपुरहाटी (उत्तरी),2448
8200.0,3,Gram Panchayat,97504,1,Sripurhati (S),श्रीपुरहाटी  (दक्षिणी),2448
8201.0,3,Gram Panchayat,99522,2,Sripur Malahtoli,श्रीपुर मल्लाह टोली,2580
8202.0,3,Gram Panchayat,95720,2,Sri Ram Pur,श्री राम पुर,2334
8203.0,3,Gram Panchayat,98326,1,Subhanpur,सुभानपुर,2499
8204.0,3,Gram Panchayat,97276,2,Sudai Ra Toli,सुदाई रा टोली,2435
8205.0,3,Gram Panchayat,98145,1,Sudari,सुदरी,2483
8206.0,3,Gram Panchayat,96507,2,Sudhani,सुधानी,2384
8207.0,3,Gram Panchayat,98181,1,Sudhi,सुधि,2485
8208.0,3,Gram Panchayat,99523,1,Sugaba Mahanadpur,सुगवा महानंदपुर,2580
8209.0,3,Gram Panchayat,98774,1,Sugaha Bhawanipur,सुगहा भवानीपुर,2526
8210.0,3,Gram Panchayat,99449,1,Suganw North,सुगांव उत्तर,2575
8211.0,3,Gram Panchayat,99452,1,Suganw South,सुगांव दक्षिण,2575
8212.0,3,Gram Panchayat,96228,1,Sugaon,सुगाँव,2366
8213.0,3,Gram Panchayat,97519,1,Suga Patti,सुगा पट्टी,2449
8214.0,3,Gram Panchayat,98714,2,Sugauli,सुगौली,2522
8215.0,3,Gram Panchayat,97543,1,Sugauna North,सुगौना उत्तर,2450
8216.0,3,Gram Panchayat,97544,1,Sugauna South,सुगौना दक्षिण,2450
8217.0,3,Gram Panchayat,95376,1,Sughrain,सुघ्रैन,2310
8218.0,3,Gram Panchayat,98309,3,Sughri,सुघडी,2497
8219.0,3,Gram Panchayat,100916,3,Sugia Katsari,सुगिया कटसरी,2670
8220.0,3,Gram Panchayat,100115,1,Suhath,सुहात,2620
8221.0,3,Gram Panchayat,93969,2,Suhi,सुहि,2221
8222.0,3,Gram Panchayat,94933,1,Suhiya,सुहिया,2282
8223.0,3,Gram Panchayat,99092,1,Suitha,सुइथा,2548
8224.0,3,Gram Panchayat,94349,1,Suja,सुजा,2241
8225.0,3,Gram Panchayat,96476,1,Sujapur,सुजापुर,2383
8226.0,3,Gram Panchayat,98953,2,Sukarbeg Chak,सुकरबेग चक,2540
8227.0,3,Gram Panchayat,94547,2,Sukatia Bazar,सुकटिया बाजार,2257
8228.0,3,Gram Panchayat,245364,1,Sukeshna West,सुखसेना पूर्वी,2582
8229.0,3,Gram Panchayat,101579,1,Sukha Nagar,सूखा नगर,2714
8230.0,3,Gram Panchayat,96477,1,Sukhasan,सुखासन,2383
8231.0,3,Gram Panchayat,97042,1,Sukhasan,सुखासन,2422
8232.0,3,Gram Panchayat,97080,1,Sukhasan,सुखासन,2424
8233.0,3,Gram Panchayat,97129,1,Sukhasan,सुखासन,2428
8234.0,3,Gram Panchayat,101535,3,Sukhasan,सुखासन,2710
8235.0,3,Gram Panchayat,97325,1,Sukhet,सुखेत,2438
8236.0,3,Gram Panchayat,98657,1,Sukhlahi,सुखलाही,2520
8237.0,3,Gram Panchayat,101636,1,Sukhpur-Solhani,सुखपुर-सोलहनि,2717
8238.0,3,Gram Panchayat,94888,2,Sukhrauli,सुखरौली,2279
8239.0,3,Gram Panchayat,93809,1,Sukhsaina,सुखसैना,2212
8240.0,3,Gram Panchayat,99569,2,Sukhsena,सुखसेना,2582
8241.0,3,Gram Panchayat,97350,1,Sukki,सुक्की,2440
8242.0,3,Gram Panchayat,99453,1,Sukul Pakar,सुकुल पाकर,2575
8243.0,3,Gram Panchayat,96207,1,Suleman Pur,सुलेमानपुर,2365
8244.0,3,Gram Panchayat,94076,1,Sultanpur,सुल्तानपुर,2226
8245.0,3,Gram Panchayat,101769,1,Sultanpur,सुल्तानपुर,2724
8246.0,3,Gram Panchayat,101938,1,Sultanpur,सुल्तानपुर,2733
8247.0,3,Gram Panchayat,100174,1,Sultanpur Ghataho,सुल्तानपुर घटहो,2623
8248.0,3,Gram Panchayat,96229,1,Sumera,सुमेरा,2366
8249.0,3,Gram Panchayat,97807,1,Sumera,सुमेरा,2466
8250.0,3,Gram Panchayat,97443,1,Sundar Birajeet,सुन्दर विराजीत,2445
8251.0,3,Gram Panchayat,244443,2,Sundarpatti,सुन्दरपट्टी,2568
8252.0,3,Gram Panchayat,101246,2,Sundarpur,सुन्दरपुर,2690
8253.0,3,Gram Panchayat,94774,2,Sundarpur Barja,सुन्दरपुर बरजा,2272
8254.0,3,Gram Panchayat,97466,1,Sundar Pur Bhitthi,सुन्दरपुर भिट्ठी,2446
8255.0,3,Gram Panchayat,99308,1,Sundarpur East,सुन्दरपुर पूर्वी,2562
8256.0,3,Gram Panchayat,97682,1,Sundarpur Ratwara,सुन्दरपुर रतवारा,2461
8257.0,3,Gram Panchayat,99307,1,Sundarpur West,सुन्दरपुर पश्चिम,2562
8258.0,3,Gram Panchayat,96838,1,Sunder Bari,सनडर बारी,2406
8259.0,3,Gram Panchayat,98865,4,Sunderpur Chauthiyan,सुन्दरपुर चौठियाँ,2533
8260.0,3,Gram Panchayat,98240,1,Supasang,सुपासंग,2491
8261.0,3,Gram Panchayat,95218,1,Supaul,सुपौल,2300
8262.0,3,Gram Panchayat,95981,2,Supauli,सुपौली,2349
8263.0,3,Gram Panchayat,101418,1,Supauli,सुपौली,2703
8264.0,3,Gram Panchayat,101851,2,Supaul Taria,सुपौल तरिया,2728
8265.0,3,Gram Panchayat,99583,2,Supouli,सुपौली,2583
8266.0,3,Gram Panchayat,100194,1,Suraha Basantpur,सुरहा बसंतपुर,2624
8267.0,3,Gram Panchayat,99584,1,Suraiti,सुरैती,2583
8268.0,3,Gram Panchayat,96177,1,Suraj Pur,सूरजपुर,2363
8269.0,3,Gram Panchayat,99952,1,Suraj Pura,सूरज पूरा,2609
8270.0,3,Gram Panchayat,96946,1,Surari Imam Nagar,सुरारि इमाम नगर,2415
8271.0,3,Gram Panchayat,100539,1,Suraudha,सुरौधा,2642
8272.0,3,Gram Panchayat,99404,1,Suraypur,सूर्यपुर,2571
8273.0,3,Gram Panchayat,100931,2,Surgahi,सुरगाही,2671
8274.0,3,Gram Panchayat,100144,1,Surouli,सुरौली,2621
8275.0,3,Gram Panchayat,96192,1,Surungapur,सुरंगापुर भवानीचक,2364
8276.0,3,Gram Panchayat,101419,2,Surwala,सुरवाला,2703
8277.0,3,Gram Panchayat,98530,1,Suryapur,सूर्यापुर,2512
8278.0,3,Gram Panchayat,98775,1,Suryapur,सूर्यापुर,2526
8279.0,3,Gram Panchayat,101580,3,Suryapur,सुर्यापुर,2714
8280.0,3,Gram Panchayat,101256,2,Suryapura,सूर्यपूरा,2691
8281.0,3,Gram Panchayat,94140,1,Surykana- Beldiha,सुर्यकाना बेलडीहा,2230
8282.0,3,Gram Panchayat,95170,1,Susari Turki,सुसारी तुर्की,2298
8283.0,3,Gram Panchayat,97726,1,Susta,सुस्ता,2463
8284.0,3,Gram Panchayat,97916,1,Susta,सुस्ता,2471
8285.0,3,Gram Panchayat,100585,2,Sutihar,सुतिहार,2644
8286.0,3,Gram Panchayat,101088,1,Sutihara,सुतिहरा,2681
8287.0,3,Gram Panchayat,98972,1,Suwarmarwah,सुअरमरवाँ,2541
8288.0,3,Gram Panchayat,100145,1,Tabhaka,टभका,2621
8289.0,3,Gram Panchayat,101343,2,Tadawa Khurd,टड़वा खुर्द,2696
8290.0,3,Gram Panchayat,98531,1,Tadhwa Nandpur,तध्वानन्दपुर,2512
8291.0,3,Gram Panchayat,94179,1,Tahirpur Goura,ताहिरपुर गौरा,2232
8292.0,3,Gram Panchayat,96560,1,Taiyabpur,तयबपुर,2388
8293.0,3,Gram Panchayat,98086,1,Tajnipur,तजनीपुर,2479
8294.0,3,Gram Panchayat,94291,3,Tajpur,ताजपुर,2239
8295.0,3,Gram Panchayat,96973,1,Tajpur,ताजपुर,2416
8296.0,3,Gram Panchayat,100708,1,Tajpur,ताजपुर,2652
8297.0,3,Gram Panchayat,100917,1,Taj Pur,ताजपुर,2670
8298.0,3,Gram Panchayat,101852,1,Tajpur Buzurg,ताजपुर बुज़ुर्ग,2728
8299.0,3,Gram Panchayat,99303,1,Tajpur Pathkauliya,ताजपुर पठकौलिया,2562
8300.0,3,Gram Panchayat,101384,1,Takipur,तकीपुर,2700
8301.0,3,Gram Panchayat,94365,3,Takiya,तकिया,2242
8302.0,3,Gram Panchayat,100755,3,Takiya,तकिया,2655
8303.0,3,Gram Panchayat,93951,1,Tal,टाल,2220
8304.0,3,Gram Panchayat,99490,1,Talbari,तलबरी,2578
8305.0,3,Gram Panchayat,99336,2,Talimpur,तालिमपुर,2564
8306.0,3,Gram Panchayat,93788,1,Tamganj,तामगंज,2211
8307.0,3,Gram Panchayat,98642,1,Tamkuha,तमकुहा,2519
8308.0,3,Gram Panchayat,97098,2,Tamot Parsa,तमौटा परसा,2425
8309.0,3,Gram Panchayat,97382,1,Tamuria,तमुरिया,2442
8310.0,3,Gram Panchayat,94013,1,Tandwa,टंडवा,2223
8311.0,3,Gram Panchayat,95729,1,Tankuppa,तानकुप्‍पा,2335
8312.0,3,Gram Panchayat,94889,1,Tar,तार,2279
8313.0,3,Gram Panchayat,100683,2,Tara Amanour,तारा अमनौर,2651
8314.0,3,Gram Panchayat,99524,1,Tarabari,ताराबाड़ी,2580
8315.0,3,Gram Panchayat,96804,1,Tara Bari Padampur,तारा बारी पदमपुर,2404
8316.0,3,Gram Panchayat,100307,2,Tara Dhamoun,तारा धमौन,2630
8317.0,3,Gram Panchayat,97478,1,Taraia,तरैया,2447
8318.0,3,Gram Panchayat,96381,1,Taraitha,तरैथा,2377
8319.0,3,Gram Panchayat,94141,1,Taraiya,तरैया,2230
8320.0,3,Gram Panchayat,100826,1,Taraiya,तरैया,2660
8321.0,3,Gram Panchayat,95141,1,Taralahi,तारालाही,2297
8322.0,3,Gram Panchayat,93746,1,Taran,तारण,2209
8323.0,3,Gram Panchayat,98851,1,Tara Nagar,तारानगर,2532
8324.0,3,Gram Panchayat,97614,1,Tarapur Diyara,तारापुर दियारा,2456
8325.0,3,Gram Panchayat,93900,1,Tarar,तरार,2217
8326.0,3,Gram Panchayat,94720,2,Tarar,ताड़र,2269
8327.0,3,Gram Panchayat,93901,1,Tarari,तरारी,2217
8328.0,3,Gram Panchayat,94952,1,Tarari,तरारी,2283
8329.0,3,Gram Panchayat,93667,1,Tarauna Bhojpur,तरौना भोजपुर,2206
8330.0,3,Gram Panchayat,97917,1,Taraura,तरौरा,2471
8331.0,3,Gram Panchayat,95772,1,Tarawan,तरावाण,2337
8332.0,3,Gram Panchayat,94562,2,Tarchha Damuchak,तरछा दामुचक,2258
8333.0,3,Gram Panchayat,94077,1,Tardih,तारडीह,2226
8334.0,3,Gram Panchayat,97444,1,Tardiha,तरडीहा,2445
8335.0,3,Gram Panchayat,94196,5,Targachha,तरगच्छा,2234
8336.0,3,Gram Panchayat,99570,1,Tarhi,तर्हि,2582
8337.0,3,Gram Panchayat,101437,1,Tari,तारी,2704
8338.0,3,Gram Panchayat,100078,1,Tariyama,तरियामा,2618
8339.0,3,Gram Panchayat,100932,2,Tariyani Chhapra,तरियानी छपरा,2671
8340.0,3,Gram Panchayat,95193,1,Tarouni,तरौनी,2299
8341.0,3,Gram Panchayat,98945,1,Tartar,तारतर,2539
8342.0,3,Gram Panchayat,95467,1,Tarwan,तरवान,2316
8343.0,3,Gram Panchayat,100514,1,Tarwar,तरवार,2641
8344.0,3,Gram Panchayat,101420,2,Tarwara,तरवारा,2703
8345.0,3,Gram Panchayat,96895,1,Tatpaua,तत्पौआ,2409
8346.0,3,Gram Panchayat,95400,1,Tatuar,टटुआर,2311
8347.0,3,Gram Panchayat,98759,2,Taulaha,तौलाहा,2525
8348.0,3,Gram Panchayat,99600,1,Tauli,टोली,2584
8349.0,3,Gram Panchayat,93936,1,Teap,तेआप,2219
8350.0,3,Gram Panchayat,99491,1,Teerpara,तीर्परा,2578
8351.0,3,Gram Panchayat,96445,1,Teghara,तेघरा,2381
8352.0,3,Gram Panchayat,96839,1,Tegharia,तेघरिया,2406
8353.0,3,Gram Panchayat,97182,1,Teghra,तेघरा,2431
8354.0,3,Gram Panchayat,99601,1,Teghra,तेघरा,2584
8355.0,3,Gram Panchayat,101385,1,Teghra,टेघड़ा,2700
8356.0,3,Gram Panchayat,97063,1,Tegraha Sikiyaha,टेंगराहा सिकियाहा,2423
8357.0,3,Gram Panchayat,97769,1,Tehwara,तेहवारा,2465
8358.0,3,Gram Panchayat,94034,1,Tejpura,तेजपुरा,2224
8359.0,3,Gram Panchayat,100729,1,Tejpurwa,तेजपुरवा,2653
8360.0,3,Gram Panchayat,244448,1,Tejpurwa,तेजपुरवा,2567
8361.0,3,Gram Panchayat,101893,2,Teknari,टेकनारी,2730
8362.0,3,Gram Panchayat,100790,1,Tekniwas,टेकनिवास,2658
8363.0,3,Gram Panchayat,95426,1,Tektar,टेकटार,2312
8364.0,3,Gram Panchayat,101581,1,Tekuna,तेकुना,2714
8365.0,3,Gram Panchayat,95702,1,Telari,तेलारी,2332
8366.0,3,Gram Panchayat,96688,1,Telaunchh,टेलौंचह्,2398
8367.0,3,Gram Panchayat,94721,3,Telaundha,तेलौन्धा,2269
8368.0,3,Gram Panchayat,99904,1,Telcup,तेलकप,2605
8369.0,3,Gram Panchayat,94594,1,Telghi,तेलघी,2261
8370.0,3,Gram Panchayat,100001,1,Telhar,तेलहर,2613
8371.0,3,Gram Panchayat,93970,1,Telhara,तेलहारा,2221
8372.0,3,Gram Panchayat,98120,1,Telhara,तेलहरा,2481
8373.0,3,Gram Panchayat,99236,1,Telhara Kala,तेलहरा कला,2558
8374.0,3,Gram Panchayat,97603,1,Teliadih,तेलियाडीह,2455
8375.0,3,Gram Panchayat,96677,1,Telihar,तेलिहार,2397
8376.0,3,Gram Panchayat,94093,1,Teliya,तेलिया,2227
8377.0,3,Gram Panchayat,94142,2,Teliya Kumri,तेलिया कुमरी,2230
8378.0,3,Gram Panchayat,94189,1,Teliya Pahar,तेलिया पहाड़,2233
8379.0,3,Gram Panchayat,239365,1,Telkathu,टेल्कतु,2697
8380.0,3,Gram Panchayat,98146,1,Telmar,टेलमर,2483
8381.0,3,Gram Panchayat,98632,1,Telpur,तेलपुर,2518
8382.0,3,Gram Panchayat,101637,1,Telwa,तेलवा,2717
8383.0,3,Gram Panchayat,96091,1,Telwa Bazar,टेलवा बाज़ार,2357
8384.0,3,Gram Panchayat,100002,1,Telwa East,तेलवा पूर्वी,2613
8385.0,3,Gram Panchayat,100003,1,Telwa West,तेलवा पश्चिम,2613
8386.0,3,Gram Panchayat,97043,1,Tema Bhela,टेमा भेला,2422
8387.0,3,Gram Panchayat,96769,3,Temtha Karari,तेमथा करारी,2402
8388.0,3,Gram Panchayat,93886,1,Tengara,टेंगरा,2216
8389.0,3,Gram Panchayat,97064,1,Tengraha Parihari,टेंगराहा परिहारी,2423
8390.0,3,Gram Panchayat,97848,1,Tengrari,टेंगरारी,2468
8391.0,3,Gram Panchayat,100560,1,Tenua,तेनुआ,2643
8392.0,3,Gram Panchayat,99796,1,Tenuaj,तेनुअज,2597
8393.0,3,Gram Panchayat,97683,1,Tepri Urf Hasan Nagar,तेपरीअलिस हसंनगर,2461
8394.0,3,Gram Panchayat,101913,1,Terasiya,तेरसिया,2731
8395.0,3,Gram Panchayat,238486,1,Teri Panchayat,टेरी पंचायत,6805
8396.0,3,Gram Panchayat,98491,2,Tesrahiya Bathuwariya,टेसरहिया बथुवरिया,2510
8397.0,3,Gram Panchayat,95685,1,Teswar,तेस्वर,2330
8398.0,3,Gram Panchayat,101247,1,Tetahali,तेतहली,2690
8399.0,3,Gram Panchayat,96561,1,Tetalia,तेतलिया,2388
8400.0,3,Gram Panchayat,95694,1,Tetar,तेतर,2331
8401.0,3,Gram Panchayat,96739,1,Tetarabad,तेटराबाद,2400
8402.0,3,Gram Panchayat,96947,1,Tetarhat,तेतरहाट,2415
8403.0,3,Gram Panchayat,94405,2,Tetari,तेतरी,2246
8404.0,3,Gram Panchayat,94631,3,Tetari,तेतरी,2264
8405.0,3,Gram Panchayat,98351,1,Tetaria,तेतरिया,2501
8406.0,3,Gram Panchayat,99459,1,Tetaria,तेतरिया,2576
8407.0,3,Gram Panchayat,100272,1,Tetar Pur,तेतारपुर,2628
8408.0,3,Gram Panchayat,97645,1,Tetia,टेटिया,2459
8409.0,3,Gram Panchayat,99728,1,Tet Rarh,तेतराढ़,2592
8410.0,3,Gram Panchayat,98078,1,Tetrawan,टेट्रवाण,2478
8411.0,3,Gram Panchayat,95457,2,Tetua,टेटुआ,2315
8412.0,3,Gram Panchayat,100846,2,Teus,तेउस,2662
8413.0,3,Gram Panchayat,96815,2,Teusa,टेउसा,2405
8414.0,3,Gram Panchayat,101386,1,Tewtha,तेवथा,2700
8415.0,3,Gram Panchayat,98300,1,Teyar,तेयार,2496
8416.0,3,Gram Panchayat,96038,2,Thadhi,ठाढ़ी,2353
8417.0,3,Gram Panchayat,101570,2,Thadhi Bhawanipur,ठाढ़ी भवानीपुर,2713
8418.0,3,Gram Panchayat,100336,1,Thahar Basarhia,ठाहर बसढ़िया,2632
8419.0,3,Gram Panchayat,100320,1,Thahra,ठहरा,2631
8420.0,3,Gram Panchayat,98782,1,Thakraha,ठकराहाँ,2527
8421.0,3,Gram Panchayat,94821,1,Thakuri,ठकुरी,2275
8422.0,3,Gram Panchayat,101663,1,Thalhagarhia North,तलहागरहिया उत्तर,2718
8423.0,3,Gram Panchayat,95281,1,Thalwara,थलवारा,2304
8424.0,3,Gram Panchayat,96159,1,Thamhan,थमहन,2361
8425.0,3,Gram Panchayat,99628,1,Thari Rajo,थारी राजो,2585
8426.0,3,Gram Panchayat,98280,1,Tharthari,थरथरी,2495
8427.0,3,Gram Panchayat,99380,1,Tharwitia,तरविटिया,2568
8428.0,3,Gram Panchayat,101770,1,Thathan Buzurg,थाथन बुज़ुर्ग,2724
8429.0,3,Gram Panchayat,99602,1,Thathol,ठाठोल,2584
8430.0,3,Gram Panchayat,95171,1,Thathopur,ठाठोपुर,2298
8431.0,3,Gram Panchayat,96071,1,Thegua,थेगुआ,2356
8432.0,3,Gram Panchayat,95440,1,Thengaha,थेंगाहा,2313
8433.0,3,Gram Panchayat,93855,2,Thengapur Pipara,ठेंगापुर पिपरा,2214
8434.0,3,Gram Panchayat,94014,1,Thengo,ठेंगो,2223
8435.0,3,Gram Panchayat,101479,2,Thephan,ठेपहाँ,2707
8436.0,3,Gram Panchayat,98467,1,Thera,ठेरा,2509
8437.0,3,Gram Panchayat,97882,1,Thikaha,ठिकहाँ,2469
8438.0,3,Gram Panchayat,99836,1,Thorson,ठोरसन,2599
8439.0,3,Gram Panchayat,101571,1,Thumha,थुमहा,2713
8440.0,3,Gram Panchayat,101155,1,Thumma,तुम्मा,2685
8441.0,3,Gram Panchayat,101519,1,Thuthi,तूती,2709
8442.0,3,Gram Panchayat,96689,1,Thuthi Mohan Pur,तूती मोहन पुर,2398
8443.0,3,Gram Panchayat,99405,1,Tikaita Gobindpur,टिकैता गोविन्दापुर,2571
8444.0,3,Gram Panchayat,95142,1,Tikapatti,टिकापट्टी,2297
8445.0,3,Gram Panchayat,97615,2,Tikarampur,टीकारामपुर,2456
8446.0,3,Gram Panchayat,101156,1,Tikauli,टीकौली,2685
8447.0,3,Gram Panchayat,99370,1,Tikuliya,टिकुलिया,2566
8448.0,3,Gram Panchayat,95468,1,Tilaiya,तिलैया,2316
8449.0,3,Gram Panchayat,94224,1,Tilakpur,तिलकपुर,2235
8450.0,3,Gram Panchayat,94740,2,Tilakpur,तिलकपुर,2270
8451.0,3,Gram Panchayat,101157,2,Tilak Tajpur,तिलक ताजपुर,2685
8452.0,3,Gram Panchayat,94890,1,Tilath,तिलाठ,2279
8453.0,3,Gram Panchayat,95377,1,Tilkeshwar,तिलकेश्वर,2310
8454.0,3,Gram Panchayat,99872,1,Tilokhar,तिलोखर,2602
8455.0,3,Gram Panchayat,95588,1,Tilori,टिलोरी,2324
8456.0,3,Gram Panchayat,99962,1,Tilouthu East,तिलौथू पूर्वी,2610
8457.0,3,Gram Panchayat,99963,1,Tilouthu West,तिलौथू पश्चिमी,2610
8458.0,3,Gram Panchayat,95654,1,Tineri,तिनेरी,2328
8459.0,3,Gram Panchayat,98990,1,Tineri,तिनेरी,2542
8460.0,3,Gram Panchayat,99197,1,Tinkoni,तिनकोणी,2556
8461.0,3,Gram Panchayat,94669,2,Tintanga Diyara North,तिनटंगा दियारा उत्तर,2266
8462.0,3,Gram Panchayat,94670,1,Tintanga Diyara South,तिनटंगा दियारा दक्षिण,2266
8463.0,3,Gram Panchayat,94548,2,Tintanga Karari,तिनटंगा करारी,2257
8464.0,3,Gram Panchayat,96860,2,Tipijhari,टीपीझाड़ी,2407
8465.0,3,Gram Panchayat,100225,1,Tira,तिरा,2625
8466.0,3,Gram Panchayat,93719,1,Tiraskund,तिरसकुण्ड,2208
8467.0,3,Gram Panchayat,95861,1,Tirbirwa,तिरविरवा,2342
8468.0,3,Gram Panchayat,97183,1,Tirhuta,तिरहुता,2431
8469.0,3,Gram Panchayat,100116,1,Tiri,तिरी,2620
8470.0,3,Gram Panchayat,96178,1,Tirra,तिर्रा,2363
8471.0,3,Gram Panchayat,101894,2,Tisiauta Dharmpur,तिसिऔता धर्मपुर,2730
8472.0,3,Gram Panchayat,97258,2,Tisi Narsam North,तीसी नरसाम उत्त्तरी,2434
8473.0,3,Gram Panchayat,97259,1,Tisi Narsam South,तीसी नरसाम दक्षिणी,2434
8474.0,3,Gram Panchayat,101480,2,Titra,तितरा,2707
8475.0,3,Gram Panchayat,99873,1,Tiura,तिउरा,2602
8476.0,3,Gram Panchayat,98079,1,Tiuri,तिउरी,2478
8477.0,3,Gram Panchayat,95913,2,Tiwari Matihaniya,तिवारी मटिहनिया,2345
8478.0,3,Gram Panchayat,94810,1,Tiyar,तियर,2274
8479.0,3,Gram Panchayat,101292,1,Tiyar,तियर,2693
8480.0,3,Gram Panchayat,95090,1,Tiyara,तियरा,2294
8481.0,3,Gram Panchayat,99871,2,Tiyra Khurd,तियरा खुर्द,2602
8482.0,3,Gram Panchayat,94015,1,Tol,टोल,2223
8483.0,3,Gram Panchayat,99422,1,Tola Brita Baria,टोला ब्रिटा बैरिया,2572
8484.0,3,Gram Panchayat,98658,1,Tola Chaparia,टोला छपरिया,2520
8485.0,3,Gram Panchayat,95926,1,Tola Sipaya,टोला सिपाया,2345
8486.0,3,Gram Panchayat,96974,1,Toralpur,टोरालपुर,2416
8487.0,3,Gram Panchayat,96294,1,Tori,टोड़ी,2371
8488.0,3,Gram Panchayat,100767,1,Totaha Jagatpur,टोटहॉ जगतपुर,2656
8489.0,3,Gram Panchayat,100595,1,Trilok Chak,त्रिलोक चक,2645
8490.0,3,Gram Panchayat,96005,1,Trilokpur,त्रिलोकपुर,2351
8491.0,3,Gram Panchayat,98946,3,Trimuhan,त्रिमुहान,2539
8492.0,3,Gram Panchayat,100756,2,Tujarpur,तुजारपुर,2655
8493.0,3,Gram Panchayat,101536,3,Tulapatti,तुलापट्टी,2710
8494.0,3,Gram Panchayat,101572,2,Tullapatti,तुलापट्टी,2713
8495.0,3,Gram Panchayat,96805,1,Tulsia,तुलसिया,2404
8496.0,3,Gram Panchayat,97081,2,Tulsibari Rajpur Maliya,तुलसीबाड़ी राजपुर मलिया,2424
8497.0,3,Gram Panchayat,98102,2,Tulsigarh,तुलसीगढ़,2480
8498.0,3,Gram Panchayat,94595,1,Tulsipur,तुलसीपुर,2261
8499.0,3,Gram Panchayat,97001,2,Tulsiya,तुलसिया,2418
8500.0,3,Gram Panchayat,95121,1,Tumaul Suhath Lahta,लहटा तुमौल सुहथ,2296
8501.0,3,Gram Panchayat,99905,1,Tumba,तुम्बा,2605
8502.0,3,Gram Panchayat,98532,1,Tumkariya,तुमकरिया,2512
8503.0,3,Gram Panchayat,95267,1,Tumoul,तुमौल,2303
8504.0,3,Gram Panchayat,98080,1,Tungi,टुँगी,2478
8505.0,3,Gram Panchayat,98319,1,Tungi,तूँगी,2498
8506.0,3,Gram Panchayat,98572,1,Tunia Bishunpur,तुनिया विशुनपुर,2515
8507.0,3,Gram Panchayat,244498,1,Turkaulia East,तुर्कौलिया पूर्वी,2577
8508.0,3,Gram Panchayat,244497,2,Turkaulia Middle,तुर्कौलिया मिड्ल,2577
8509.0,3,Gram Panchayat,99466,2,Turkaulia West,तुर्कौलिया पश्चिम,2577
8510.0,3,Gram Panchayat,100981,1,Turkauliya,तुर्कौलिया,2674
8511.0,3,Gram Panchayat,97849,1,Turki East,तुर्की पूर्वी,2468
8512.0,3,Gram Panchayat,97850,1,Turki West,तुर्की पश्चिम,2468
8513.0,3,Gram Panchayat,97231,1,Tyoth,त्योत,2433
8514.0,3,Gram Panchayat,94035,1,U.B.,उ.ब.,2224
8515.0,3,Gram Panchayat,96169,1,Uber,उबेर,2362
8516.0,3,Gram Panchayat,99551,1,Ubhayram Chakla,अभय राम चकला,2581
8517.0,3,Gram Panchayat,95927,1,Uchakaganw,उचकागांव,2345
8518.0,3,Gram Panchayat,96006,1,Uchakaganw,उचकागंव,2351
8519.0,3,Gram Panchayat,95219,1,Uchati,उछटी,2300
8520.0,3,Gram Panchayat,96252,1,Uchita,उचिटा,2368
8521.0,3,Gram Panchayat,95637,2,Uchouli,उचौली,2327
8522.0,3,Gram Panchayat,99912,1,Udai Pur,उडाई पुर,2606
8523.0,3,Gram Panchayat,97505,1,Udaipur Bithuar,उदैपुर बिठुआर,2448
8524.0,3,Gram Panchayat,96311,1,Udairampur,उदयरामपुर,2372
8525.0,3,Gram Panchayat,96861,1,Udgara,उदगाड़ा,2407
8526.0,3,Gram Panchayat,101520,1,Udhampur,उधमपुर,2709
8527.0,3,Gram Panchayat,94968,1,Udwantnagar,उदवंतनगर,2284
8528.0,3,Gram Panchayat,99752,2,Ugahani,उगहनी,2594
8529.0,3,Gram Panchayat,98051,1,Uganwan,उगंवान,2476
8530.0,3,Gram Panchayat,95143,1,Ughara,उघरा,2297
8531.0,3,Gram Panchayat,95144,1,Ughra Mahapara,उघरा महपारा,2297
8532.0,3,Gram Panchayat,95401,1,Ujan,उजान,2311
8533.0,3,Gram Panchayat,100158,1,Ujan,उजान,2622
8534.0,3,Gram Panchayat,99268,1,Ujjain Lohiyar,उज्जैन लोहियर,2560
8535.0,3,Gram Panchayat,95378,3,Ujua Simartoka,उजुआ सिमरटोका,2310
8536.0,3,Gram Panchayat,98406,1,Ukaura,उकौंड़ा,2505
8537.0,3,Gram Panchayat,101421,1,Ukhai,उखई,2703
8538.0,3,Gram Panchayat,98923,1,Ular Sorampur,उलार सोरमपुर,2537
8539.0,3,Gram Panchayat,99947,1,Ulho,उल्हो,2608
8540.0,3,Gram Panchayat,99874,2,Ulli Banahi,उल्ली बनाही,2602
8541.0,3,Gram Panchayat,95002,2,Umarpur,उमारपुर,2286
8542.0,3,Gram Panchayat,96562,2,Unaso Pachgachhi,उनासो पचगाची,2388
8543.0,3,Gram Panchayat,97702,1,Unsar,उनसर,2462
8544.0,3,Gram Panchayat,95052,1,Unwas,उनवास,2291
8545.0,3,Gram Panchayat,98451,1,Upardih,उपरडीह,2508
8546.0,3,Gram Panchayat,93937,1,Uphara,उफारा,2219
8547.0,3,Gram Panchayat,101729,2,Uphraul,उफ़्रौल,2722
8548.0,3,Gram Panchayat,96975,3,Urain,उरैं,2416
8549.0,3,Gram Panchayat,95379,1,Usari,उसरी,2310
8550.0,3,Gram Panchayat,95667,1,Usari,उसरी,2329
8551.0,3,Gram Panchayat,95794,1,Usari,उसरी,2338
8552.0,3,Gram Panchayat,96371,1,Usari,उसरी,2376
8553.0,3,Gram Panchayat,99761,2,Usari,उसरी,2595
8554.0,3,Gram Panchayat,101345,2,Usari Buzurg,उसरी बुज़ुर्ग,2697
8555.0,3,Gram Panchayat,238480,1,Usari Panchayat,उसरी पंचायत,6805
8556.0,3,Gram Panchayat,98938,1,Usfa,उसफा,2538
8557.0,3,Gram Panchayat,94596,1,Usmanpur,उसमानपुर,2261
8558.0,3,Gram Panchayat,98790,1,Usmanpur,उस्मानपुर,2528
8559.0,3,Gram Panchayat,97951,1,Usti,उस्ती,2472
8560.0,3,Gram Panchayat,94563,3,Ustu,उस्तु,2258
8561.0,3,Gram Panchayat,95730,2,Utali Bara,उतली बारा,2335
8562.0,3,Gram Panchayat,98087,1,Utarthu,उतरतु,2479
8563.0,3,Gram Panchayat,94848,1,Utarwari Jangal Mahal,उतरवारी जंगल महल,2277
8564.0,3,Gram Panchayat,100040,1,Uteshra,उटेशरा,2616
8565.0,3,Gram Panchayat,95655,1,Utren,उतरैन,2328
8566.0,3,Gram Panchayat,94849,1,Uttar Daha,उत्तर दहा,2277
8567.0,3,Gram Panchayat,99888,2,Uttari Baraon,उतरी बरावं,2603
8568.0,3,Gram Panchayat,96478,1,Uttari Bhandartal,उत्तरी भंडारतल,2383
8569.0,3,Gram Panchayat,98573,1,Uttari Ghogha,उत्तरी घोघा,2515
8570.0,3,Gram Panchayat,96613,1,Uttari Kantakosh,उत्तरी कांटाकोश,2392
8571.0,3,Gram Panchayat,94190,1,Uttari Kojhi,उत्तरी कोझी,2233
8572.0,3,Gram Panchayat,96632,1,Uttari Lalganj,उत्तरी लालगंज,2394
8573.0,3,Gram Panchayat,98533,1,Uttari Patjirawa,उतरी पटजिरवा,2512
8574.0,3,Gram Panchayat,98734,1,Uttari Telua,तेल्हुआ (उत्तरी),2523
8575.0,3,Gram Panchayat,96740,1,Uttar Marar,उत्तर मरर,2400
8576.0,3,Gram Panchayat,98241,1,Uttar Nawan,उत्तर नवान,2491
8577.0,3,Gram Panchayat,96208,1,Uttar Serthu,उत्तरसेरथु,2365
8578.0,3,Gram Panchayat,97479,1,Uttra,उत्तरा,2447
8579.0,3,Gram Panchayat,101954,1,Vaishali,वैशाली,2734
8580.0,3,Gram Panchayat,100828,2,Varuna,वरुणा,2661
8581.0,3,Gram Panchayat,99406,1,Veer Chapra,विरछपरा,2571
8582.0,3,Gram Panchayat,101914,2,Veerpur,वीरपुर,2731
8583.0,3,Gram Panchayat,93971,1,Verma,वर्मा,2221
8584.0,3,Gram Panchayat,99238,1,Vijayee,विजयी,2559
8585.0,3,Gram Panchayat,99708,1,Vijay Mohanpur,विजय मोहनपुर,2590
8586.0,3,Gram Panchayat,100004,1,Virgaon,वीर्गाओं,2613
8587.0,3,Gram Panchayat,93687,1,Vishahariya,विषहरिया,2207
8588.0,3,Gram Panchayat,100566,3,Vishambharpur,विश्वम्भरपुर,2644
8589.0,3,Gram Panchayat,96479,1,Vishanpur,बिशनपुर,2383
8590.0,3,Gram Panchayat,101489,2,Vishanpur Shivram,विशनपुर शिवराम,2708
8591.0,3,Gram Panchayat,99169,1,Vishunpura,विशुनपुरा,2555
8592.0,3,Gram Panchayat,101721,1,Vishunpur Arra,विशुनपुर अररा,2721
8593.0,3,Gram Panchayat,101927,1,Vishunpur Balbhdra Urf Gauspur,विशुनपुर बलभद्रा उर्फ गौसपुर,2732
8594.0,3,Gram Panchayat,101794,1,Vishunpur Bedauliya,विशुनपुर बेडौलिया,2725
8595.0,3,Gram Panchayat,101853,2,Vishunpur Hiraram Urf Paharpur,विशुनपुर हीराराम उर्फ पहारपूर,2728
8596.0,3,Gram Panchayat,97703,1,Vishunpur Jagdish,विशुनपुर जगदीश,2462
8597.0,3,Gram Panchayat,101771,1,Vishunpur Vasant Urf Shubhai,विशुनपुर वसंत उर्फ शुभई,2724
8598.0,3,Gram Panchayat,100933,2,Vishwmbharpur,विश्वम्भरपुर,2671
8599.0,3,Gram Panchayat,100920,2,Vrindavan,वृन्दावन,2671
8600.0,3,Gram Panchayat,95071,1,Waina,वैना,2293
8601.0,3,Gram Panchayat,100290,1,Wajidpur Karnal,बजितपुर करनैल,2629
8602.0,3,Gram Panchayat,238478,2,Walidad Panchayat,वलिदाद पंचायत,6805
8603.0,3,Gram Panchayat,93990,1,War,वॉर,2222
8604.0,3,Gram Panchayat,100419,1,Wari,वारी,2636
8605.0,3,Gram Panchayat,94158,1,Warney (North),उत्तरी वारने,2231
8606.0,3,Gram Panchayat,94159,2,Warney (South),दक्षिणी वारने,2231
8607.0,3,Gram Panchayat,98870,1,Wazirpur,वजीरपुर,2533
8608.0,3,Gram Panchayat,94850,1,West Ayar,पश्चिम आयर,2277
8609.0,3,Gram Panchayat,96690,1,West Borne,पश्चिमर्न बॉर्न,2398
8610.0,3,Gram Panchayat,93917,1,West Kataki,पचहमी केतकी,2218
8611.0,3,Gram Panchayat,96230,1,W. Saren,पश्चिमी सरेन,2366
8612.0,3,Gram Panchayat,95862,1,Yadopur,यादोपुर,2342
8613.0,3,Gram Panchayat,95863,2,Yadopur Dukhharan,यादोपुर दुखःहरण,2342
8614.0,3,Gram Panchayat,101008,1,Yadupatti,यदूपट्टी,2677
8615.0,3,Gram Panchayat,98852,1,Yamunapur,यमुनापुर,2532
8616.0,3,Gram Panchayat,98516,2,Yamunapur Tarbalia,यमुनापुर टडवलिया,2511
8617.0,3,Gram Panchayat,99269,2,Yodo Pur,योडो पुर,2560
8618.0,3,Gram Panchayat,94986,1,Yogia,योगिया,2285
8619.0,3,Gram Panchayat,95321,1,Yogiara,जोगियारा,2306
8620.0,3,Gram Panchayat,98161,1,Yogi Pur,योगी पुर,2484
8621.0,3,Gram Panchayat,101815,1,Yusufpur,युसूफपुर,2726
8622.0,3,Gram Panchayat,97616,3,Zafarnagar,जाफरनगर,2456
8623.0,3,Gram Panchayat,101483,1,Ziradei,जीरादेई,2707
"Oct 3, 2026, 1:03 AM",,,,,,,
