{"type":"FeatureCollection","name":"MAUSAM Bihar block boundaries","features":[{"type":"Feature","id":"1963","geometry":{"type":"Polygon","coordinates":[[[84.90792039528095,25.29108629238292],[84.89330255680257,25.280772343677437],[84.88862484848948,25.26833493494435],[84.89359491357214,25.263177960591605],[84.88716306464164,25.25498747191372],[84.86903694492845,25.235876331665317],[84.87079108554586,25.223742274364742],[84.8649439501545,25.22010205717457],[84.85968152830229,25.224652328662287],[84.85646560383704,25.230112654447545],[84.84652547367173,25.2313260601776],[84.82869171072811,25.230112654447545],[84.81348915871058,25.221012111472113],[84.81173501809317,25.21706854284943],[84.79214711453214,25.223742274364742],[84.77460570835808,25.2249556800948],[84.76700443234932,25.219798705742058],[84.75531016156661,25.2207087600396],[84.75414073448835,25.216158488551883],[84.74332353401434,25.2143383799568],[84.73455283092731,25.203114376953767],[84.72578212784028,25.205541188413882],[84.72899805230553,25.212821622794227],[84.72256620337504,25.216765191416915],[84.72929040907509,25.222528868634686],[84.73689168508385,25.222528868634686],[84.74946302617526,25.229809303015028],[84.74946302617526,25.236483034530345],[84.75764901572316,25.238606494557946],[84.76320379434495,25.23041600588006],[84.77431335158852,25.231022708745087],[84.77548277866678,25.23678638596286],[84.78659233591036,25.2376964402604],[84.79068533068431,25.25013384899349],[84.78600762237123,25.258931040536403],[84.76612736204062,25.25711093194132],[84.76466557819279,25.263784663456633],[84.75384837771878,25.26348131202412],[84.74683181524915,25.26985169210692],[84.73747639862299,25.262267906294063],[84.73718404185342,25.253470714751145],[84.72519741430115,25.256200877643774],[84.7219814898359,25.262571257726577],[84.71233371644017,25.262267906294063],[84.6974235211922,25.25498747191372],[84.69069931549215,25.25802098623886],[84.68689867748778,25.25984109483395],[84.69216109934,25.272581854999547],[84.70677893781838,25.27318855786458],[84.70794836489665,25.282289100840007],[84.72665919814898,25.286232669462695],[84.72607448460985,25.296849969600697],[84.71847320860108,25.29715332103321],[84.70824072166621,25.305040458278583],[84.7021012295053,25.315051055551553],[84.71730378152282,25.322634841364412],[84.72665919814898,25.33385884436744],[84.73426047415774,25.35388003891339],[84.73484518769688,25.36176717615876],[84.74741652878829,25.381788370704705],[84.76583500527106,25.372687827729276],[84.77372863804938,25.36722750194402],[84.77519042189722,25.361463824726247],[84.78279169790598,25.35812695896859],[84.7889311900669,25.361463824726247],[84.80179488792788,25.362070527591275],[84.8070573097801,25.372687827729276],[84.82664521334114,25.363587284753848],[84.8187515805628,25.35388003891339],[84.80647259624097,25.352363281750815],[84.80354902854529,25.340532575882758],[84.81758215348454,25.340532575882758],[84.82547578626287,25.34902641599316],[84.84038598151082,25.340835927315272],[84.8485719710587,25.340229224450244],[84.85061846844569,25.333555492934927],[84.86202038245882,25.326881761419614],[84.88014650217202,25.335982304395042],[84.89242548649386,25.3371957101251],[84.90587389789398,25.332038735772358],[84.92049173637237,25.3329487900699],[84.92166116345064,25.3287018700147],[84.91376753067232,25.302613646818468],[84.90704332497225,25.301703592520923],[84.90792039528095,25.29108629238292]]]},"properties":{"name":"Paliganj","lgd":1963,"census":"0395","district":"Patna","dist_lgd":212,"state":"Bihar","state_lgd":10,"id":"IN-BR-B-1963","source_name":"Paliganj","level":"block","mausam_level":"block","source_code":"1963","parent_code":"212","parent_id":"IN-BR-D-212","district_code":"212","state_code":"10","block_code":"1963"}},{"type":"Feature","id":"1955","geometry":{"type":"Polygon","coordinates":[[[84.92166116345064,25.3287018700147],[84.92049173637237,25.3329487900699],[84.90587389789398,25.332038735772358],[84.89242548649386,25.3371957101251],[84.88014650217202,25.335982304395042],[84.86202038245882,25.326881761419614],[84.85061846844569,25.333555492934927],[84.8485719710587,25.340229224450244],[84.84038598151082,25.340835927315272],[84.82547578626287,25.34902641599316],[84.81758215348454,25.340532575882758],[84.80354902854529,25.340532575882758],[84.80647259624097,25.352363281750815],[84.8187515805628,25.35388003891339],[84.82664521334114,25.363587284753848],[84.8070573097801,25.372687827729276],[84.80179488792788,25.362070527591275],[84.7889311900669,25.361463824726247],[84.78279169790598,25.35812695896859],[84.77519042189722,25.361463824726247],[84.77372863804938,25.36722750194402],[84.76583500527106,25.372687827729276],[84.74741652878829,25.381788370704705],[84.75560251833619,25.40939335106351],[84.76291143757538,25.416673785443855],[84.78571526560165,25.40939335106351],[84.79302418484085,25.409089999630996],[84.79214711453214,25.397259293762936],[84.81115030455405,25.39483248230282],[84.81348915871058,25.399382753790537],[84.83921655443254,25.404236376710767],[84.8433095492065,25.39756264519545],[84.85792738768488,25.394529130870307],[84.87049872877628,25.398472699492995],[84.8757611506285,25.409089999630996],[84.89037898910689,25.409696702496024],[84.89447198388083,25.40514643100831],[84.90704332497225,25.407876593900937],[84.91669109836798,25.398472699492995],[84.92253823375934,25.390888913680136],[84.92136880668107,25.382091722137222],[84.93569428838988,25.383305127867278],[84.9318936503855,25.378451504947048],[84.92487708791589,25.352969984615846],[84.93160129361594,25.3520599303183],[84.93423250454205,25.336589007260073],[84.92166116345064,25.3287018700147]]]},"properties":{"name":"Dulhin Bazar","lgd":1955,"census":"0394","district":"Patna","dist_lgd":212,"state":"Bihar","state_lgd":10,"id":"IN-BR-B-1955","source_name":"Dulhin Bazar","level":"block","mausam_level":"block","source_code":"1955","parent_code":"212","parent_id":"IN-BR-D-212","district_code":"212","state_code":"10","block_code":"1955"}},{"type":"Feature","id":"1951","geometry":{"type":"Polygon","coordinates":[[[84.91669109836798,25.398472699492995],[84.90704332497225,25.407876593900937],[84.89447198388083,25.40514643100831],[84.89037898910689,25.409696702496024],[84.8757611506285,25.409089999630996],[84.87049872877628,25.398472699492995],[84.85792738768488,25.394529130870307],[84.8433095492065,25.39756264519545],[84.83921655443254,25.404236376710767],[84.81348915871058,25.399382753790537],[84.81115030455405,25.39483248230282],[84.79214711453214,25.397259293762936],[84.79302418484085,25.409089999630996],[84.78571526560165,25.40939335106351],[84.76291143757538,25.416673785443855],[84.77343628127981,25.435481574259743],[84.7789910599016,25.448829037290373],[84.77548277866678,25.45853628313083],[84.7664197188102,25.471580394728946],[84.75618723187532,25.49129823784238],[84.75618723187532,25.494331752167522],[84.78016048697987,25.49281499500495],[84.78542290883209,25.49493845503255],[84.80822673685837,25.481287640569406],[84.81845922379324,25.49584850933009],[84.8251834294933,25.485534560624604],[84.83570827319774,25.48432115489455],[84.83717005704557,25.49493845503255],[84.8450636898239,25.49979207795278],[84.85500381998921,25.49220829213992],[84.86406687984581,25.503735646575464],[84.88745542141122,25.50464570087301],[84.89798026511565,25.50191553798038],[84.9085051088201,25.504038998007978],[84.91786052544626,25.496758563627637],[84.90704332497225,25.49008483211232],[84.903827400507,25.477344071946717],[84.914644600981,25.471580394728946],[84.92838536915069,25.459142985995857],[84.91698345513755,25.457322877400774],[84.91786052544626,25.446098874397745],[84.92867772592027,25.4451888201002],[84.92955479622896,25.440638548612487],[84.91698345513755,25.435784925692257],[84.9102592494375,25.425167625554256],[84.90908982235922,25.415157028281282],[84.91727581190712,25.40817994533345],[84.91669109836798,25.398472699492995]]]},"properties":{"name":"Bikram","lgd":1951,"census":"0393","district":"Patna","dist_lgd":212,"state":"Bihar","state_lgd":10,"id":"IN-BR-B-1951","source_name":"Bikram","level":"block","mausam_level":"block","source_code":"1951","parent_code":"212","parent_id":"IN-BR-D-212","district_code":"212","state_code":"10","block_code":"1951"}},{"type":"Feature","id":"1950","geometry":{"type":"Polygon","coordinates":[[[84.88745542141122,25.50464570087301],[84.86406687984581,25.503735646575464],[84.85500381998921,25.49220829213992],[84.8450636898239,25.49979207795278],[84.83717005704557,25.49493845503255],[84.83570827319774,25.48432115489455],[84.8251834294933,25.485534560624604],[84.81845922379324,25.49584850933009],[84.80822673685837,25.481287640569406],[84.78542290883209,25.49493845503255],[84.78016048697987,25.49281499500495],[84.75618723187532,25.494331752167522],[84.75560251833619,25.504342349440492],[84.77197449743198,25.540137818477184],[84.79302418484085,25.558945607293072],[84.79740953638436,25.565012635943358],[84.8105655910149,25.57077631316113],[84.82021336441065,25.581696964731645],[84.82225986179762,25.590797507707077],[84.81524329932799,25.592920967734678],[84.81904393733237,25.609605296522965],[84.83103056488466,25.62325611098611],[84.83336941904119,25.62810973390634],[84.84477133305433,25.632053302529023],[84.85091082521525,25.638423682611826],[84.8696216584676,25.63174995109651],[84.86845223138931,25.619312542363424],[84.87956178863288,25.617189082335823],[84.87985414540245,25.624469516716168],[84.88920956202863,25.622042705256053],[84.89096370264603,25.612335459415593],[84.89622612449824,25.61294216228062],[84.89534905418955,25.622042705256053],[84.91522931452015,25.620222596660966],[84.92224587698976,25.615975676605764],[84.92136880668107,25.605358376467763],[84.93130893684636,25.601718159277592],[84.94504970501605,25.600504753547536],[84.95498983518135,25.605661727900277],[84.96434525180752,25.59807794208742],[84.97954780382504,25.594134373464733],[84.9880261501425,25.600504753547536],[84.99679685322954,25.60020140211502],[84.99562742615126,25.592314264869646],[85.00352105892959,25.590494156274563],[84.99445799907299,25.5680461502685],[84.99094971783818,25.561979121618215],[84.97487009551196,25.5574288501305],[84.97487009551196,25.550451767182672],[84.95791340287703,25.55803555299553],[84.9482656294813,25.55864225586056],[84.94388027793778,25.566832744538445],[84.93394014777247,25.55864225586056],[84.93072422330724,25.561372418753187],[84.91201339005491,25.554091984372842],[84.90675096820269,25.5553053901029],[84.89359491357214,25.551361821480214],[84.89622612449824,25.54347468423484],[84.89184077295474,25.536194249854496],[84.88131592925029,25.539531115612156],[84.88277771309814,25.529823869771697],[84.87868471832418,25.514352946713466],[84.88745542141122,25.50464570087301]]]},"properties":{"name":"Bihta","lgd":1950,"census":"0391","district":"Patna","dist_lgd":212,"state":"Bihar","state_lgd":10,"id":"IN-BR-B-1950","source_name":"Bihta","level":"block","mausam_level":"block","source_code":"1950","parent_code":"212","parent_id":"IN-BR-D-212","district_code":"212","state_code":"10","block_code":"1950"}},{"type":"Feature","id":"1959","geometry":{"type":"Polygon","coordinates":[[[84.82635285657156,25.677252665973658],[84.83453884611946,25.680589531731318],[84.84711018721087,25.679072774568745],[84.85003375490655,25.699397320547206],[84.85295732260222,25.708801214955148],[84.85909681476315,25.71031797211772],[84.8649439501545,25.71790175793058],[84.87459172355024,25.71941851509315],[84.87751529124591,25.711531377847777],[84.90324268696787,25.72032856939069],[84.90236561665917,25.710014620685207],[84.92458473114631,25.708497863522634],[84.92575415822458,25.703644240602404],[84.93774078577687,25.702127483439835],[84.93861785608556,25.709104566387662],[84.9500197700987,25.70455429489995],[84.96025225703357,25.712441432145322],[84.9655146788858,25.71304813501035],[84.97165417104671,25.72214867798578],[84.98013251736418,25.724575489445893],[84.98188665798158,25.705160997764978],[84.99036500429904,25.705160997764978],[85.01024526462965,25.698183914817147],[85.00936819432094,25.69363364332943],[84.99825863707737,25.69211688616686],[84.98451786890769,25.68726326324663],[84.98042487413375,25.672399043053428],[84.98597965275553,25.658141525725256],[85.0061522698557,25.646614171289713],[84.9962121396904,25.632053302529023],[85.00147456154261,25.62537957101371],[84.99679685322954,25.60020140211502],[84.9880261501425,25.600504753547536],[84.97954780382504,25.594134373464733],[84.96434525180752,25.59807794208742],[84.95498983518135,25.605661727900277],[84.94504970501605,25.600504753547536],[84.93130893684636,25.601718159277592],[84.92136880668107,25.605358376467763],[84.92224587698976,25.615975676605764],[84.91522931452015,25.620222596660966],[84.89534905418955,25.622042705256053],[84.89622612449824,25.61294216228062],[84.89096370264603,25.612335459415593],[84.88920956202863,25.622042705256053],[84.87985414540245,25.624469516716168],[84.87956178863288,25.617189082335823],[84.86845223138931,25.619312542363424],[84.8696216584676,25.63174995109651],[84.85091082521525,25.638423682611826],[84.84477133305433,25.632053302529023],[84.83336941904119,25.62810973390634],[84.83103056488466,25.62325611098611],[84.82284457533676,25.621739353823536],[84.82752228364984,25.646007468424685],[84.84097069504995,25.65844487715777],[84.83307706227163,25.659961634320343],[84.82225986179762,25.6675454201332],[84.82635285657156,25.677252665973658]]]},"properties":{"name":"Maner","lgd":1959,"census":"0386","district":"Patna","dist_lgd":212,"state":"Bihar","state_lgd":10,"id":"IN-BR-B-1959","source_name":"Maner","level":"block","mausam_level":"block","source_code":"1959","parent_code":"212","parent_id":"IN-BR-D-212","district_code":"212","state_code":"10","block_code":"1959"}},{"type":"Feature","id":"1954","geometry":{"type":"Polygon","coordinates":[[[84.99445799907299,25.5680461502685],[85.00352105892959,25.590494156274563],[84.99562742615126,25.592314264869646],[84.99679685322954,25.60020140211502],[85.00147456154261,25.62537957101371],[84.9962121396904,25.632053302529023],[85.0061522698557,25.646614171289713],[84.98597965275553,25.658141525725256],[84.98042487413375,25.672399043053428],[84.98451786890769,25.68726326324663],[84.99825863707737,25.69211688616686],[85.00936819432094,25.69363364332943],[85.01024526462965,25.698183914817147],[84.99036500429904,25.705160997764978],[84.98188665798158,25.705160997764978],[84.98013251736418,25.724575489445893],[84.99416564230343,25.731552572393724],[85.00585991308614,25.73276597812378],[85.02983316819069,25.73124922096121],[85.03948094158642,25.721845326553264],[85.06491598053881,25.71304813501035],[85.0812879596346,25.711531377847777],[85.09765993873039,25.682712991758915],[85.10263000381303,25.662388445780458],[85.1093542095131,25.650254388479883],[85.10321471735217,25.649040982749828],[85.0912280897999,25.6548046599676],[85.07164018623887,25.650557739912397],[85.07134782946929,25.618705839498393],[85.07368668362584,25.587157290516906],[85.07164018623887,25.579270153271533],[85.05614527745178,25.57775339610896],[85.05380642329524,25.56925955599856],[85.04006565512555,25.564709284510844],[85.02924845465155,25.571079664593643],[85.0125841187862,25.57077631316113],[85.01053762139921,25.576236638946387],[84.99825863707737,25.574719881783817],[84.99445799907299,25.5680461502685]]]},"properties":{"name":"Dinapur","lgd":1954,"census":"0387","district":"Patna","dist_lgd":212,"state":"Bihar","state_lgd":10,"id":"IN-BR-B-1954","source_name":"Dinapur","level":"block","mausam_level":"block","source_code":"1954","parent_code":"212","parent_id":"IN-BR-D-212","district_code":"212","state_code":"10","block_code":"1954"}},{"type":"Feature","id":"1966","geometry":{"type":"Polygon","coordinates":[[[84.97487009551196,25.550451767182672],[84.97487009551196,25.5574288501305],[84.99094971783818,25.561979121618215],[84.99445799907299,25.5680461502685],[84.99825863707737,25.574719881783817],[85.01053762139921,25.576236638946387],[85.0125841187862,25.57077631316113],[85.02924845465155,25.571079664593643],[85.04006565512555,25.564709284510844],[85.05380642329524,25.56925955599856],[85.05614527745178,25.57775339610896],[85.07164018623887,25.579270153271533],[85.07368668362584,25.587157290516906],[85.08479624086941,25.585033830489305],[85.08538095440855,25.580180207569075],[85.09736758196082,25.58048355900159],[85.10321471735217,25.575326584648845],[85.11286249074791,25.575933287513873],[85.11607841521315,25.57987685613656],[85.13332746461765,25.57502323321633],[85.12806504276543,25.54711490142501],[85.1400516703177,25.538924412747125],[85.13946695677856,25.529823869771697],[85.12514147506975,25.524060192553925],[85.11344720428704,25.517083109606094],[85.11637077198273,25.506465809468093],[85.10526121473914,25.49766861792518],[85.08333445702158,25.49918537508775],[85.07573318101281,25.502825592277922],[85.06199241284313,25.504342349440492],[85.05029814206043,25.500095429385293],[85.04474336343864,25.50707251233312],[85.03831151450814,25.49979207795278],[85.03217202234723,25.50070213225032],[85.03743444419945,25.511622783820837],[85.0242783895689,25.511319432388323],[85.0125841187862,25.51526300101101],[84.9970892099991,25.51040937809078],[84.99299621522516,25.52041997536375],[84.99972042092521,25.52861046404164],[84.99416564230343,25.538924412747125],[84.98305608505984,25.5404411699097],[84.98013251736418,25.529823869771697],[84.970777100738,25.532554032664326],[84.97048474396844,25.544384738532383],[84.97487009551196,25.550451767182672]]]},"properties":{"name":"Phulwari","lgd":1966,"census":"0390","district":"Patna","dist_lgd":212,"state":"Bihar","state_lgd":10,"id":"IN-BR-B-1966","source_name":"Phulwari","level":"block","mausam_level":"block","source_code":"1966","parent_code":"212","parent_id":"IN-BR-D-212","district_code":"212","state_code":"10","block_code":"1966"}},{"type":"Feature","id":"1962","geometry":{"type":"Polygon","coordinates":[[[84.93569428838988,25.383305127867278],[84.92136880668107,25.382091722137222],[84.92253823375934,25.390888913680136],[84.91669109836798,25.398472699492995],[84.91727581190712,25.40817994533345],[84.90908982235922,25.415157028281282],[84.9102592494375,25.425167625554256],[84.91698345513755,25.435784925692257],[84.92955479622896,25.440638548612487],[84.92867772592027,25.4451888201002],[84.91786052544626,25.446098874397745],[84.91698345513755,25.457322877400774],[84.92838536915069,25.459142985995857],[84.914644600981,25.471580394728946],[84.903827400507,25.477344071946717],[84.90704332497225,25.49008483211232],[84.91786052544626,25.496758563627637],[84.9085051088201,25.504038998007978],[84.89798026511565,25.50191553798038],[84.88745542141122,25.50464570087301],[84.87868471832418,25.514352946713466],[84.88277771309814,25.529823869771697],[84.88131592925029,25.539531115612156],[84.89184077295474,25.536194249854496],[84.89622612449824,25.54347468423484],[84.89359491357214,25.551361821480214],[84.90675096820269,25.5553053901029],[84.91201339005491,25.554091984372842],[84.93072422330724,25.561372418753187],[84.93394014777247,25.55864225586056],[84.94388027793778,25.566832744538445],[84.9482656294813,25.55864225586056],[84.95791340287703,25.55803555299553],[84.97487009551196,25.550451767182672],[84.97048474396844,25.544384738532383],[84.970777100738,25.532554032664326],[84.98013251736418,25.529823869771697],[84.98305608505984,25.5404411699097],[84.99416564230343,25.538924412747125],[84.99972042092521,25.52861046404164],[84.99299621522516,25.52041997536375],[84.9970892099991,25.51040937809078],[85.0125841187862,25.51526300101101],[85.0242783895689,25.511319432388323],[85.03743444419945,25.511622783820837],[85.03217202234723,25.50070213225032],[85.02486310310803,25.503735646575464],[85.01843125417754,25.49493845503255],[85.01667711356014,25.48250104629946],[85.01901596771668,25.474917260486603],[85.0178465406384,25.44640222583026],[85.01199940524705,25.4388184400174],[85.00322870216002,25.434268168529684],[85.00001277769478,25.42759443701437],[84.98744143660338,25.430021248474485],[84.9780860199772,25.419100596903967],[84.96609939242492,25.414550325416254],[84.94183378055081,25.417280488308883],[84.9392025696247,25.38755204792248],[84.93569428838988,25.383305127867278]]]},"properties":{"name":"Naubatpur","lgd":1962,"census":"0392","district":"Patna","dist_lgd":212,"state":"Bihar","state_lgd":10,"id":"IN-BR-B-1962","source_name":"Naubatpur","level":"block","mausam_level":"block","source_code":"1962","parent_code":"212","parent_id":"IN-BR-D-212","district_code":"212","state_code":"10","block_code":"1962"}},{"type":"Feature","id":"1960","geometry":{"type":"Polygon","coordinates":[[[85.0605306289953,25.288356129490293],[85.05263699621696,25.282289100840007],[85.04532807697777,25.284109209435094],[85.03948094158642,25.276525423622235],[85.03246437911679,25.276525423622235],[85.03012552496025,25.26985169210692],[85.02047775156451,25.26985169210692],[85.0187236109471,25.26439136632166],[85.01726182709928,25.27197515213452],[85.01960068125581,25.28168239797498],[85.01492297294273,25.293209752410522],[85.00498284277742,25.294119806708068],[85.00322870216002,25.317174515579154],[84.99416564230343,25.318387921309213],[84.99299621522516,25.30928737833378],[84.98305608505984,25.307770621171212],[84.98188665798158,25.290782940950407],[84.96960767365974,25.292603049545495],[84.96171404088142,25.289266183787838],[84.94329556439865,25.289569535220352],[84.93510957485074,25.277435477919777],[84.93627900192902,25.26833493494435],[84.92546180145501,25.26924498924189],[84.91815288221582,25.275008666459662],[84.92400001760717,25.289872886652866],[84.91990702283323,25.294119806708068],[84.90792039528095,25.29108629238292],[84.90704332497225,25.301703592520923],[84.91376753067232,25.302613646818468],[84.92166116345064,25.3287018700147],[84.93423250454205,25.336589007260073],[84.93160129361594,25.3520599303183],[84.92487708791589,25.352969984615846],[84.9318936503855,25.378451504947048],[84.93569428838988,25.383305127867278],[84.9392025696247,25.38755204792248],[84.94183378055081,25.417280488308883],[84.96609939242492,25.414550325416254],[84.9780860199772,25.419100596903967],[84.98744143660338,25.430021248474485],[85.00001277769478,25.42759443701437],[85.00322870216002,25.434268168529684],[85.01199940524705,25.4388184400174],[85.01287647555576,25.434268168529684],[85.03392616296463,25.433054762799628],[85.03743444419945,25.430324599907],[85.03538794681248,25.416370434011338],[85.0523446394474,25.420920705499054],[85.06462362376924,25.41849389403894],[85.06637776438664,25.401506213818138],[85.06023827222572,25.37511463918939],[85.0523446394474,25.371171070566703],[85.04649750405605,25.36176717615876],[85.03831151450814,25.339319170152702],[85.04386629312994,25.332645438637385],[85.05526820714307,25.335375601530014],[85.06374655346053,25.334768898664986],[85.06550069407794,25.32384824709447],[85.07602553778239,25.3244549499595],[85.07894910547806,25.31323094695647],[85.0739790403954,25.305950512576125],[85.07339432685627,25.29593991530315],[85.06374655346053,25.295636563870637],[85.0605306289953,25.288356129490293]]]},"properties":{"name":"Masaurhi","lgd":1960,"census":"0396","district":"Patna","dist_lgd":212,"state":"Bihar","state_lgd":10,"id":"IN-BR-B-1960","source_name":"Masaurhi","level":"block","mausam_level":"block","source_code":"1960","parent_code":"212","parent_id":"IN-BR-D-212","district_code":"212","state_code":"10","block_code":"1960"}},{"type":"Feature","id":"1952","geometry":{"type":"Polygon","coordinates":[[[85.29733961234513,25.392709022275223],[85.28915362279723,25.39816934806048],[85.25787144845349,25.40029280808808],[85.25260902660126,25.41424697398374],[85.24530010736207,25.413336919686195],[85.24354596674468,25.405449782440822],[85.2260045605706,25.403022970980707],[85.22571220380104,25.413943622551226],[85.22103449548796,25.414853676848768],[85.22717398764888,25.423650868391682],[85.24062239904899,25.420314002634026],[85.23974532874028,25.432144708502083],[85.23477526365764,25.445795522965227],[85.24851603182732,25.4494357401554],[85.262256799997,25.44640222583026],[85.25933323230132,25.432751411367114],[85.27190457339273,25.432751411367114],[85.27512049785798,25.448829037290373],[85.2739510707797,25.46065974315843],[85.28009056294063,25.46763682610626],[85.28798419571896,25.46763682610626],[85.28944597956679,25.475827314784148],[85.30143260711907,25.474917260486603],[85.30318674773648,25.482197694866947],[85.31108038051481,25.482804397731975],[85.318389299754,25.478254126244263],[85.3166351591366,25.47188374616146],[85.31897401329313,25.46065974315843],[85.30494088835388,25.447008928695286],[85.33154535438455,25.449739091587915],[85.33651541946719,25.44367206293763],[85.33622306269763,25.430021248474485],[85.34440905224552,25.425167625554256],[85.34353198193682,25.412426865388653],[85.3391466303933,25.410000053928538],[85.3338842085411,25.401506213818138],[85.32540586222362,25.401506213818138],[85.3192663700627,25.405753133873336],[85.31341923467134,25.401506213818138],[85.30201732065821,25.406056485305854],[85.29733961234513,25.392709022275223]]]},"properties":{"name":"Daniyawan","lgd":1952,"census":"0400","district":"Patna","dist_lgd":212,"state":"Bihar","state_lgd":10,"id":"IN-BR-B-1952","source_name":"Daniyawan","level":"block","mausam_level":"block","source_code":"1952","parent_code":"212","parent_id":"IN-BR-D-212","district_code":"212","state_code":"10","block_code":"1952"}},{"type":"Feature","id":"1956","geometry":{"type":"Polygon","coordinates":[[[85.22103449548796,25.414853676848768],[85.20583194347043,25.416067082578824],[85.2043701596226,25.409089999630996],[85.19267588883989,25.40726989103591],[85.19179881853118,25.402112916683166],[85.17951983420934,25.402719619548193],[85.17484212589626,25.411213459658594],[85.18039690451805,25.424560922689228],[85.18332047221372,25.43760503428734],[85.1944300294573,25.43760503428734],[85.19852302423124,25.45428936307563],[85.20378544608346,25.4558061202382],[85.20320073254433,25.46703012324123],[85.18858289406595,25.46703012324123],[85.18565932637026,25.475827314784148],[85.18975232114421,25.490388183544834],[85.19355295914859,25.501005483682835],[85.20115423515736,25.501612186547863],[85.21050965178352,25.51465629814598],[85.22775870118801,25.522240083958838],[85.2450077505925,25.523453489688897],[85.2531937401404,25.529823869771697],[85.25816380522305,25.53862106131461],[85.26751922184923,25.54135122420724],[85.26781157861879,25.54832830715507],[85.28155234678847,25.549238361452613],[85.29324661757119,25.52800376117661],[85.30552560189302,25.51404959528095],[85.31341923467134,25.51101608095581],[85.32891414345843,25.508589269495694],[85.32862178668887,25.48735466921969],[85.32335936483665,25.473400503324033],[85.329206500228,25.466726771808716],[85.34323962516726,25.46703012324123],[85.34323962516726,25.456716174535746],[85.33242242469325,25.45489606594066],[85.33154535438455,25.449739091587915],[85.30494088835388,25.447008928695286],[85.31897401329313,25.46065974315843],[85.3166351591366,25.47188374616146],[85.318389299754,25.478254126244263],[85.31108038051481,25.482804397731975],[85.30318674773648,25.482197694866947],[85.30143260711907,25.474917260486603],[85.28944597956679,25.475827314784148],[85.28798419571896,25.46763682610626],[85.28009056294063,25.46763682610626],[85.2739510707797,25.46065974315843],[85.27512049785798,25.448829037290373],[85.27190457339273,25.432751411367114],[85.25933323230132,25.432751411367114],[85.262256799997,25.44640222583026],[85.24851603182732,25.4494357401554],[85.23477526365764,25.445795522965227],[85.23974532874028,25.432144708502083],[85.24062239904899,25.420314002634026],[85.22717398764888,25.423650868391682],[85.22103449548796,25.414853676848768]]]},"properties":{"name":"Fatuha","lgd":1956,"census":"0399","district":"Patna","dist_lgd":212,"state":"Bihar","state_lgd":10,"id":"IN-BR-B-1956","source_name":"Fatuha","level":"block","mausam_level":"block","source_code":"1956","parent_code":"212","parent_id":"IN-BR-D-212","district_code":"212","state_code":"10","block_code":"1956"}},{"type":"Feature","id":"1953","geometry":{"type":"Polygon","coordinates":[[[85.10467650120002,25.270155043539436],[85.10409178766088,25.279558937947378],[85.09093573303034,25.288356129490293],[85.07777967839979,25.27895223508235],[85.06433126699967,25.28319915513755],[85.0605306289953,25.288356129490293],[85.06374655346053,25.295636563870637],[85.07339432685627,25.29593991530315],[85.0739790403954,25.305950512576125],[85.07894910547806,25.31323094695647],[85.07602553778239,25.3244549499595],[85.06550069407794,25.32384824709447],[85.06374655346053,25.334768898664986],[85.05526820714307,25.335375601530014],[85.04386629312994,25.332645438637385],[85.03831151450814,25.339319170152702],[85.04649750405605,25.36176717615876],[85.0523446394474,25.371171070566703],[85.06023827222572,25.37511463918939],[85.06637776438664,25.401506213818138],[85.06462362376924,25.41849389403894],[85.06696247792578,25.422134111229113],[85.08508859763899,25.42274081409414],[85.09064337626077,25.42911119417694],[85.09765993873039,25.430931302772027],[85.10760006889569,25.4430653600726],[85.11490898813489,25.44245865720757],[85.11724784229142,25.436998331422313],[85.15262301140912,25.43760503428734],[85.15496186556565,25.433661465664656],[85.17396505558756,25.430324599907],[85.18039690451805,25.424560922689228],[85.17484212589626,25.411213459658594],[85.17951983420934,25.402719619548193],[85.18098161805719,25.390585562247622],[85.18565932637026,25.38269842500225],[85.1862440399094,25.373597882026818],[85.18419754252243,25.35600349894099],[85.18741346698766,25.335678952962528],[85.18098161805719,25.33234208720487],[85.18215104513546,25.324758301392013],[85.17308798527885,25.315051055551553],[85.17484212589626,25.305950512576125],[85.16080900095702,25.302916998250982],[85.14502173540035,25.310804135496355],[85.12660325891758,25.314444352686525],[85.11812491260012,25.29442315814058],[85.10906185274354,25.29381645527555],[85.10760006889569,25.286839372327723],[85.11783255583056,25.27531201789218],[85.11110835013051,25.270155043539436],[85.10467650120002,25.270155043539436]]]},"properties":{"name":"Dhanarua","lgd":1953,"census":"0397","district":"Patna","dist_lgd":212,"state":"Bihar","state_lgd":10,"id":"IN-BR-B-1953","source_name":"Dhanarua","level":"block","mausam_level":"block","source_code":"1953","parent_code":"212","parent_id":"IN-BR-D-212","district_code":"212","state_code":"10","block_code":"1953"}},{"type":"Feature","id":"1967","geometry":{"type":"Polygon","coordinates":[[[85.03217202234723,25.50070213225032],[85.03831151450814,25.49979207795278],[85.04474336343864,25.50707251233312],[85.05029814206043,25.500095429385293],[85.06199241284313,25.504342349440492],[85.07573318101281,25.502825592277922],[85.08333445702158,25.49918537508775],[85.10526121473914,25.49766861792518],[85.11637077198273,25.506465809468093],[85.13537396200462,25.501005483682835],[85.14239052447425,25.502825592277922],[85.14619116247863,25.488264723517233],[85.15583893587436,25.48735466921969],[85.16227078480485,25.482197694866947],[85.16782556342663,25.484017803462034],[85.17951983420934,25.481894343434433],[85.18098161805719,25.487658020652205],[85.18975232114421,25.490388183544834],[85.18565932637026,25.475827314784148],[85.18858289406595,25.46703012324123],[85.20320073254433,25.46703012324123],[85.20378544608346,25.4558061202382],[85.19852302423124,25.45428936307563],[85.1944300294573,25.43760503428734],[85.18332047221372,25.43760503428734],[85.18039690451805,25.424560922689228],[85.17396505558756,25.430324599907],[85.15496186556565,25.433661465664656],[85.15262301140912,25.43760503428734],[85.11724784229142,25.436998331422313],[85.11490898813489,25.44245865720757],[85.10760006889569,25.4430653600726],[85.09765993873039,25.430931302772027],[85.09064337626077,25.42911119417694],[85.08508859763899,25.42274081409414],[85.06696247792578,25.422134111229113],[85.06462362376924,25.41849389403894],[85.0523446394474,25.420920705499054],[85.03538794681248,25.416370434011338],[85.03743444419945,25.430324599907],[85.03392616296463,25.433054762799628],[85.01287647555576,25.434268168529684],[85.01199940524705,25.4388184400174],[85.0178465406384,25.44640222583026],[85.01901596771668,25.474917260486603],[85.01667711356014,25.48250104629946],[85.01843125417754,25.49493845503255],[85.02486310310803,25.503735646575464],[85.03217202234723,25.50070213225032]]]},"properties":{"name":"Punpun","lgd":1967,"census":"0398","district":"Patna","dist_lgd":212,"state":"Bihar","state_lgd":10,"id":"IN-BR-B-1967","source_name":"Punpun","level":"block","mausam_level":"block","source_code":"1967","parent_code":"212","parent_id":"IN-BR-D-212","district_code":"212","state_code":"10","block_code":"1967"}},{"type":"Feature","id":"1968","geometry":{"type":"Polygon","coordinates":[[[85.11637077198273,25.506465809468093],[85.11344720428704,25.517083109606094],[85.12514147506975,25.524060192553925],[85.13946695677856,25.529823869771697],[85.1400516703177,25.538924412747125],[85.12806504276543,25.54711490142501],[85.13332746461765,25.57502323321633],[85.15145358433085,25.57411317891879],[85.15408479525695,25.57775339610896],[85.17191855820059,25.578360098973988],[85.18039690451805,25.567439447403473],[85.19121410499206,25.563192527348274],[85.20232366223563,25.563495878780788],[85.20553958670087,25.5574288501305],[85.19998480807908,25.534677492691927],[85.1944300294573,25.53376743839438],[85.19296824560945,25.52375684112141],[85.18858289406595,25.51738646103861],[85.1862440399094,25.50555575517055],[85.19355295914859,25.501005483682835],[85.18975232114421,25.490388183544834],[85.18098161805719,25.487658020652205],[85.17951983420934,25.481894343434433],[85.16782556342663,25.484017803462034],[85.16227078480485,25.482197694866947],[85.15583893587436,25.48735466921969],[85.14619116247863,25.488264723517233],[85.14239052447425,25.502825592277922],[85.13537396200462,25.501005483682835],[85.11637077198273,25.506465809468093]]]},"properties":{"name":"Sampatchak","lgd":1968,"census":"0389","district":"Patna","dist_lgd":212,"state":"Bihar","state_lgd":10,"id":"IN-BR-B-1968","source_name":"Sampatchak","level":"block","mausam_level":"block","source_code":"1968","parent_code":"212","parent_id":"IN-BR-D-212","district_code":"212","state_code":"10","block_code":"1968"}},{"type":"Feature","id":"1965","geometry":{"type":"Polygon","coordinates":[[[85.07368668362584,25.587157290516906],[85.07134782946929,25.618705839498393],[85.07164018623887,25.650557739912397],[85.0912280897999,25.6548046599676],[85.10321471735217,25.649040982749828],[85.1093542095131,25.650254388479883],[85.12455676153061,25.63174995109651],[85.13946695677856,25.62537957101371],[85.17454976912668,25.625076219581196],[85.1879981805268,25.62264940812108],[85.2333134798098,25.604751673602735],[85.24442303705337,25.59807794208742],[85.25699437814478,25.58048355900159],[85.27278164370144,25.563799230213302],[85.28155234678847,25.549238361452613],[85.26781157861879,25.54832830715507],[85.26751922184923,25.54135122420724],[85.25816380522305,25.53862106131461],[85.2531937401404,25.529823869771697],[85.2450077505925,25.523453489688897],[85.22775870118801,25.522240083958838],[85.21050965178352,25.51465629814598],[85.20115423515736,25.501612186547863],[85.19355295914859,25.501005483682835],[85.1862440399094,25.50555575517055],[85.18858289406595,25.51738646103861],[85.19296824560945,25.52375684112141],[85.1944300294573,25.53376743839438],[85.19998480807908,25.534677492691927],[85.20553958670087,25.5574288501305],[85.20232366223563,25.563495878780788],[85.19121410499206,25.563192527348274],[85.18039690451805,25.567439447403473],[85.17191855820059,25.578360098973988],[85.15408479525695,25.57775339610896],[85.15145358433085,25.57411317891879],[85.13332746461765,25.57502323321633],[85.11607841521315,25.57987685613656],[85.11286249074791,25.575933287513873],[85.10321471735217,25.575326584648845],[85.09736758196082,25.58048355900159],[85.08538095440855,25.580180207569075],[85.08479624086941,25.585033830489305],[85.07368668362584,25.587157290516906]]]},"properties":{"name":"Patna Sadar","lgd":1965,"census":"0388","district":"Patna","dist_lgd":212,"state":"Bihar","state_lgd":10,"id":"IN-BR-B-1965","source_name":"Patna Sadar","level":"block","mausam_level":"block","source_code":"1965","parent_code":"212","parent_id":"IN-BR-D-212","district_code":"212","state_code":"10","block_code":"1965"}},{"type":"Feature","id":"1947","geometry":{"type":"Polygon","coordinates":[[[85.39177084891548,25.49706191506015],[85.3944020598416,25.504949052305523],[85.40697340093301,25.503735646575464],[85.41106639570695,25.49979207795278],[85.42773073157232,25.49979207795278],[85.43299315342453,25.510712729523295],[85.43270079665497,25.51890321820118],[85.44176385651157,25.517083109606094],[85.44965748928989,25.505252403738037],[85.47216896054661,25.49584850933009],[85.49292629118591,25.49372504930249],[85.49760399949899,25.485534560624604],[85.50549763227733,25.484017803462034],[85.50666705935559,25.49372504930249],[85.51456069213393,25.50343229514295],[85.52099254106442,25.49979207795278],[85.52771674676447,25.503735646575464],[85.54613522324723,25.504038998007978],[85.54438108262983,25.48432115489455],[85.58238746267364,25.485837912057118],[85.58004860851709,25.47795077481175],[85.56835433773438,25.470670340431404],[85.55198235863858,25.466120068943688],[85.55578299664296,25.46065974315843],[85.55782949402995,25.426684382716825],[85.57683268405184,25.42698773414934],[85.57770975436054,25.434268168529684],[85.58823459806499,25.432448059934597],[85.58764988452585,25.42274081409414],[85.59759001469115,25.423650868391682],[85.59642058761287,25.414550325416254],[85.60782250162602,25.413336919686195],[85.61103842609126,25.420314002634026],[85.61893205886959,25.420010651201512],[85.620686199487,25.42547097698677],[85.63588875150452,25.419100596903967],[85.63179575673057,25.401202862385624],[85.61659320471304,25.384518533597333],[85.61045371255213,25.380878316407163],[85.5952511605346,25.387248696489966],[85.58589574390844,25.381788370704705],[85.5835568897519,25.389978859382595],[85.57654032728227,25.39604588803288],[85.57770975436054,25.411213459658594],[85.57098554866049,25.419100596903967],[85.55695242372124,25.42425757125671],[85.54701229355594,25.41788719117391],[85.53414859569496,25.421224056931568],[85.52274668168182,25.426684382716825],[85.5183613301383,25.422437462661627],[85.50695941612517,25.42638103128431],[85.49672692919029,25.425774328419283],[85.49029508025981,25.435481574259743],[85.48795622610326,25.444885468667685],[85.4821090907119,25.44458211723517],[85.47713902562926,25.43608827712477],[85.44702627836378,25.44245865720757],[85.43942500235502,25.447008928695286],[85.43036194249842,25.445795522965227],[85.42831544511145,25.450649145885457],[85.41311289309394,25.4579295802658],[85.4025880493895,25.459142985995857],[85.40785047124172,25.466423420376202],[85.4034651196982,25.477344071946717],[85.40288040615906,25.487051317787177],[85.39410970307203,25.49008483211232],[85.39177084891548,25.49706191506015]]]},"properties":{"name":"Bakhtiarpur","lgd":1947,"census":"0402","district":"Patna","dist_lgd":212,"state":"Bihar","state_lgd":10,"id":"IN-BR-B-1947","source_name":"Bakhtiarpur","level":"block","mausam_level":"block","source_code":"1947","parent_code":"212","parent_id":"IN-BR-D-212","district_code":"212","state_code":"10","block_code":"1947"}},{"type":"Feature","id":"1958","geometry":{"type":"Polygon","coordinates":[[[85.3391466303933,25.410000053928538],[85.34353198193682,25.412426865388653],[85.34440905224552,25.425167625554256],[85.33622306269763,25.430021248474485],[85.33651541946719,25.44367206293763],[85.33154535438455,25.449739091587915],[85.33242242469325,25.45489606594066],[85.34323962516726,25.456716174535746],[85.34323962516726,25.46703012324123],[85.329206500228,25.466726771808716],[85.32335936483665,25.473400503324033],[85.32862178668887,25.48735466921969],[85.32891414345843,25.508589269495694],[85.35376446887169,25.507982566630666],[85.36692052350224,25.505859106603065],[85.37744536720668,25.49979207795278],[85.39177084891548,25.49706191506015],[85.39410970307203,25.49008483211232],[85.40288040615906,25.487051317787177],[85.4034651196982,25.477344071946717],[85.40785047124172,25.466423420376202],[85.4025880493895,25.459142985995857],[85.39907976815468,25.432751411367114],[85.39264791922419,25.431538005637055],[85.37919950782408,25.427897788446884],[85.37393708597186,25.430627951339513],[85.36750523704137,25.42152740836408],[85.36575109642396,25.412426865388653],[85.35990396103261,25.40180956525065],[85.34762497671076,25.40362967384574],[85.3391466303933,25.410000053928538]]]},"properties":{"name":"Khusrupur","lgd":1958,"census":"0401","district":"Patna","dist_lgd":212,"state":"Bihar","state_lgd":10,"id":"IN-BR-B-1958","source_name":"Khusrupur","level":"block","mausam_level":"block","source_code":"1958","parent_code":"212","parent_id":"IN-BR-D-212","district_code":"212","state_code":"10","block_code":"1958"}},{"type":"Feature","id":"1949","geometry":{"type":"Polygon","coordinates":[[[85.61045371255213,25.380878316407163],[85.61659320471304,25.384518533597333],[85.63179575673057,25.401202862385624],[85.63588875150452,25.419100596903967],[85.64670595197852,25.422134111229113],[85.66337028784388,25.423650868391682],[85.66629385553955,25.404236376710767],[85.6613237904569,25.39968610522305],[85.66337028784388,25.391798967977678],[85.67301806123962,25.395439185167852],[85.68120405078751,25.389978859382595],[85.68003462370925,25.37299117916179],[85.68295819140491,25.369654313404133],[85.69377539187892,25.37420458489185],[85.69816074342243,25.38269842500225],[85.7040078788138,25.384518533597333],[85.72359578237483,25.38360847929979],[85.72856584745747,25.37420458489185],[85.7338282693097,25.379361559244593],[85.75049260517505,25.374507936324363],[85.75107731871418,25.36237387902379],[85.75400088640987,25.348116361695617],[85.75020024840549,25.33871246728767],[85.74142954531845,25.342352684477845],[85.72973527453576,25.3414426301803],[85.72154928498784,25.345386198802988],[85.71891807406175,25.362070527591275],[85.71190151159212,25.362677230456303],[85.70371552204422,25.358733661833618],[85.70108431111811,25.349633118858186],[85.68646647263972,25.352363281750815],[85.68646647263972,25.34417279307293],[85.66834035292653,25.343869441640415],[85.66717092584827,25.3371957101251],[85.65752315245253,25.33385884436744],[85.65840022276123,25.321421435634356],[85.65489194152642,25.30989408119881],[85.64787537905679,25.31110748692887],[85.64056645981759,25.314444352686525],[85.64349002751328,25.32172478706687],[85.62770276195661,25.31960132703927],[85.62828747549575,25.331128681474812],[85.64319767074372,25.33385884436744],[85.64641359520895,25.34204933304533],[85.63208811350013,25.35327333604836],[85.63676582181321,25.361463824726247],[85.62507155103052,25.36662079907899],[85.62594862133922,25.37875485637956],[85.61045371255213,25.380878316407163]]]},"properties":{"name":"Belchchi","lgd":1949,"census":"0404","district":"Patna","dist_lgd":212,"state":"Bihar","state_lgd":10,"id":"IN-BR-B-1949","source_name":"Belchchi","level":"block","mausam_level":"block","source_code":"1949","parent_code":"212","parent_id":"IN-BR-D-212","district_code":"212","state_code":"10","block_code":"1949"}},{"type":"Feature","id":"1948","geometry":{"type":"Polygon","coordinates":[[[85.7338282693097,25.379361559244593],[85.72856584745747,25.37420458489185],[85.72359578237483,25.38360847929979],[85.7040078788138,25.384518533597333],[85.69816074342243,25.38269842500225],[85.69377539187892,25.37420458489185],[85.68295819140491,25.369654313404133],[85.68003462370925,25.37299117916179],[85.68120405078751,25.389978859382595],[85.67301806123962,25.395439185167852],[85.66337028784388,25.391798967977678],[85.6613237904569,25.39968610522305],[85.66629385553955,25.404236376710767],[85.66337028784388,25.423650868391682],[85.64670595197852,25.422134111229113],[85.65284544413944,25.43184135706957],[85.65313780090901,25.439425142882428],[85.6586925795308,25.445492171532713],[85.63705817858279,25.451862551615516],[85.63676582181321,25.461569797455972],[85.65489194152642,25.460963094590944],[85.65313780090901,25.47946753197432],[85.6469983087481,25.49857867222272],[85.65109130352204,25.50191553798038],[85.65518429829598,25.491904940707407],[85.6776957695527,25.494635103600036],[85.67915755340053,25.476434017649176],[85.69055946741368,25.485534560624604],[85.6949448189572,25.484624506327062],[85.70137666788767,25.500398780817807],[85.71307093867038,25.51040937809078],[85.7165792199052,25.51950992106621],[85.72359578237483,25.524060192553925],[85.73119705838359,25.521026678228782],[85.72885820422704,25.51586970387604],[85.73324355577056,25.50707251233312],[85.74230661562716,25.50707251233312],[85.74113718854889,25.491904940707407],[85.73061234484445,25.487658020652205],[85.72944291776618,25.48250104629946],[85.73850597762278,25.479770883406832],[85.73967540470105,25.466120068943688],[85.75020024840549,25.45489606594066],[85.75750916764468,25.457626228833288],[85.76774165457955,25.438515088584886],[85.76920343842738,25.43123465420454],[85.75136967548376,25.427291085581857],[85.74961553486635,25.41424697398374],[85.73616712346623,25.41091010822608],[85.73616712346623,25.396955942330422],[85.74230661562716,25.395742536600366],[85.7338282693097,25.379361559244593]]]},"properties":{"name":"Barh","lgd":1948,"census":"0405","district":"Patna","dist_lgd":212,"state":"Bihar","state_lgd":10,"id":"IN-BR-B-1948","source_name":"Barh","level":"block","mausam_level":"block","source_code":"1948","parent_code":"212","parent_id":"IN-BR-D-212","district_code":"212","state_code":"10","block_code":"1948"}},{"type":"Feature","id":"1946","geometry":{"type":"Polygon","coordinates":[[[85.63588875150452,25.419100596903967],[85.620686199487,25.42547097698677],[85.61893205886959,25.420010651201512],[85.61103842609126,25.420314002634026],[85.60782250162602,25.413336919686195],[85.59642058761287,25.414550325416254],[85.59759001469115,25.423650868391682],[85.58764988452585,25.42274081409414],[85.58823459806499,25.432448059934597],[85.57770975436054,25.434268168529684],[85.57683268405184,25.42698773414934],[85.55782949402995,25.426684382716825],[85.55578299664296,25.46065974315843],[85.55198235863858,25.466120068943688],[85.56835433773438,25.470670340431404],[85.58004860851709,25.47795077481175],[85.58238746267364,25.485837912057118],[85.599051798539,25.489174777814778],[85.61600849117391,25.48310774916449],[85.59554351730418,25.474310557621575],[85.62273269687397,25.46763682610626],[85.63676582181321,25.461569797455972],[85.63705817858279,25.451862551615516],[85.6586925795308,25.445492171532713],[85.65313780090901,25.439425142882428],[85.65284544413944,25.43184135706957],[85.64670595197852,25.422134111229113],[85.63588875150452,25.419100596903967]]]},"properties":{"name":"Athamalgola","lgd":1946,"census":"0403","district":"Patna","dist_lgd":212,"state":"Bihar","state_lgd":10,"id":"IN-BR-B-1946","source_name":"Athamalgola","level":"block","mausam_level":"block","source_code":"1946","parent_code":"212","parent_id":"IN-BR-D-212","district_code":"212","state_code":"10","block_code":"1946"}},{"type":"Feature","id":"1961","geometry":{"type":"Polygon","coordinates":[[[85.85778753960639,25.51101608095581],[85.88965442748928,25.500095429385293],[85.89257799518495,25.478254126244263],[85.9031028388894,25.46703012324123],[85.90514933627637,25.4579295802658],[85.89520920611106,25.459142985995857],[85.88263786501966,25.473400503324033],[85.87825251347614,25.466423420376202],[85.87825251347614,25.448525685857856],[85.87328244839348,25.439121791449914],[85.88439200563705,25.42425757125671],[85.89287035195451,25.42547097698677],[85.90017927119371,25.420314002634026],[85.90602640658507,25.430931302772027],[85.9156741799808,25.420314002634026],[85.93935507831578,25.408483296765965],[85.94929520848109,25.407573242468423],[85.95777355479855,25.412730216821167],[85.95514234387244,25.409696702496024],[86.00396592439024,25.379664910677107],[86.0016270702337,25.37299117916179],[86.01273662747728,25.362677230456303],[86.02910860657306,25.364800690483904],[86.03261688780788,25.391798967977678],[86.0469423695167,25.391495616545164],[86.04752708305583,25.384518533597333],[86.06009842414724,25.359037013266132],[86.06565320276903,25.352363281750815],[86.06886912723428,25.33780241299013],[86.06448377569076,25.33385884436744],[86.05834428352983,25.3329487900699],[86.05366657521675,25.339015818720185],[86.04021816381663,25.33385884436744],[86.03407867165572,25.321421435634356],[86.03173981749917,25.308680675468754],[86.0206302602556,25.306860566873667],[86.02033790348604,25.29654661816818],[86.00630477854679,25.297456672465724],[86.00747420562506,25.302613646818468],[86.00045764315543,25.306860566873667],[85.9744378906639,25.313534298388984],[85.95397291679417,25.317174515579154],[85.95046463555936,25.31960132703927],[85.9329232293853,25.321421435634356],[85.9329232293853,25.33021862717727],[85.94754106786368,25.373597882026818],[85.93409265646356,25.37299117916179],[85.92269074245043,25.375417990621905],[85.91918246121561,25.381181667839677],[85.90397990919809,25.38633864219242],[85.88790028687187,25.394225779437793],[85.88234550825008,25.38148501927219],[85.87532894578047,25.39392242800528],[85.86977416715868,25.390585562247622],[85.86158817761077,25.393619076572765],[85.85106333390634,25.38633864219242],[85.84521619851499,25.371171070566703],[85.8305983600366,25.373901233459335],[85.82767479234093,25.377238099216992],[85.82007351633217,25.397259293762936],[85.82358179756697,25.41364027111871],[85.83761492250622,25.428504491311912],[85.82504358141482,25.430324599907],[85.82475122464524,25.440941900045],[85.81831937571476,25.447918982992828],[85.82738243557137,25.472490449026488],[85.8469703391324,25.49857867222272],[85.85778753960639,25.51101608095581]]]},"properties":{"name":"Mokama","lgd":1961,"census":"0408","district":"Patna","dist_lgd":212,"state":"Bihar","state_lgd":10,"id":"IN-BR-B-1961","source_name":"Mokama","level":"block","mausam_level":"block","source_code":"1961","parent_code":"212","parent_id":"IN-BR-D-212","district_code":"212","state_code":"10","block_code":"1961"}},{"type":"Feature","id":"1964","geometry":{"type":"Polygon","coordinates":[[[85.73061234484445,25.333252141502413],[85.72973527453576,25.3414426301803],[85.74142954531845,25.342352684477845],[85.75020024840549,25.33871246728767],[85.75400088640987,25.348116361695617],[85.75107731871418,25.36237387902379],[85.75049260517505,25.374507936324363],[85.7338282693097,25.379361559244593],[85.74230661562716,25.395742536600366],[85.73616712346623,25.396955942330422],[85.73616712346623,25.41091010822608],[85.74961553486635,25.41424697398374],[85.75136967548376,25.427291085581857],[85.76920343842738,25.43123465420454],[85.76774165457955,25.438515088584886],[85.75750916764468,25.457626228833288],[85.75020024840549,25.45489606594066],[85.73967540470105,25.466120068943688],[85.73850597762278,25.479770883406832],[85.72944291776618,25.48250104629946],[85.73061234484445,25.487658020652205],[85.74113718854889,25.491904940707407],[85.74230661562716,25.50707251233312],[85.73324355577056,25.50707251233312],[85.72885820422704,25.51586970387604],[85.73119705838359,25.521026678228782],[85.73499769638796,25.524666895418953],[85.7455225400924,25.534677492691927],[85.76335630303603,25.543171332802327],[85.7817747795188,25.548024955722557],[85.8089639590886,25.544384738532383],[85.83732256573666,25.52648700401404],[85.83849199281494,25.517689812471122],[85.85778753960639,25.51101608095581],[85.8469703391324,25.49857867222272],[85.82738243557137,25.472490449026488],[85.81831937571476,25.447918982992828],[85.82475122464524,25.440941900045],[85.82504358141482,25.430324599907],[85.83761492250622,25.428504491311912],[85.82358179756697,25.41364027111871],[85.82007351633217,25.397259293762936],[85.82767479234093,25.377238099216992],[85.8305983600366,25.373901233459335],[85.80604039139291,25.369957664836647],[85.80516332108421,25.345082847370474],[85.81276459709298,25.3414426301803],[85.81188752678426,25.333555492934927],[85.80136268307983,25.32930857287973],[85.80136268307983,25.308984026901268],[85.79785440184502,25.306860566873667],[85.78148242274924,25.313534298388984],[85.74084483177933,25.31960132703927],[85.73996776147061,25.332645438637385],[85.73061234484445,25.333252141502413]]]},"properties":{"name":"Pandarak","lgd":1964,"census":"0406","district":"Patna","dist_lgd":212,"state":"Bihar","state_lgd":10,"id":"IN-BR-B-1964","source_name":"Pandarak","level":"block","mausam_level":"block","source_code":"1964","parent_code":"212","parent_id":"IN-BR-D-212","district_code":"212","state_code":"10","block_code":"1964"}},{"type":"Feature","id":"1957","geometry":{"type":"Polygon","coordinates":[[[85.8305983600366,25.373901233459335],[85.84521619851499,25.371171070566703],[85.85106333390634,25.38633864219242],[85.86158817761077,25.393619076572765],[85.86977416715868,25.390585562247622],[85.87532894578047,25.39392242800528],[85.88234550825008,25.38148501927219],[85.88790028687187,25.394225779437793],[85.90397990919809,25.38633864219242],[85.91918246121561,25.381181667839677],[85.92269074245043,25.375417990621905],[85.93409265646356,25.37299117916179],[85.94754106786368,25.373597882026818],[85.9329232293853,25.33021862717727],[85.9329232293853,25.321421435634356],[85.93263087261573,25.29927678106081],[85.90631876335463,25.29138964381544],[85.8966709899589,25.29290640097801],[85.8911162113371,25.290479589517894],[85.8911162113371,25.279255586514864],[85.8642193885369,25.279558937947378],[85.86480410207602,25.29381645527555],[85.84170791728017,25.291692995247953],[85.83381428450184,25.287142723760237],[85.8089639590886,25.28805277805778],[85.8072098184712,25.306557215441153],[85.80136268307983,25.308984026901268],[85.80136268307983,25.32930857287973],[85.81188752678426,25.333555492934927],[85.81276459709298,25.3414426301803],[85.80516332108421,25.345082847370474],[85.80604039139291,25.369957664836647],[85.8305983600366,25.373901233459335]]]},"properties":{"name":"Ghoswari","lgd":1957,"census":"0407","district":"Patna","dist_lgd":212,"state":"Bihar","state_lgd":10,"id":"IN-BR-B-1957","source_name":"Ghoswari","level":"block","mausam_level":"block","source_code":"1957","parent_code":"212","parent_id":"IN-BR-D-212","district_code":"212","state_code":"10","block_code":"1957"}},{"type":"Feature","id":"1888","geometry":{"type":"Polygon","coordinates":[[[85.63384225411754,26.005175564521643],[85.63179575673057,25.996075021546215],[85.63442696765668,25.9872778300033],[85.63296518380884,25.98242420708307],[85.61834734533045,25.96907674405244],[85.60723778808688,25.96786333832238],[85.6051912906999,25.97332366410764],[85.58911166837369,25.972110258377583],[85.58735752775628,25.981514152785525],[85.57829446789968,25.992131452923527],[85.56484605649956,26.002445401629014],[85.56484605649956,26.008512430279303],[85.5572447804908,26.014276107497075],[85.53561037954279,26.013062701767016],[85.53239445507755,26.00608561881919],[85.52186961137312,26.010332538874387],[85.52216196814268,26.018826378984787],[85.49497278857288,26.027623570527705],[85.48971036672067,26.01821967611976],[85.47655431209012,26.021556541877416],[85.48357087455975,26.024286704770045],[85.48971036672067,26.037937519233193],[85.49292629118591,26.054318496588966],[85.51046769735997,26.05947547094171],[85.52245432491225,26.059778822374223],[85.55169000186902,26.04218443928839],[85.55987599141692,26.041577736423363],[85.57478618666487,26.024286704770045],[85.58852695483455,26.01609621609216],[85.5952511605346,26.003052104494046],[85.60285243654337,26.002748753061528],[85.60753014485645,26.014276107497075],[85.62419448072181,26.015186161794617],[85.63384225411754,26.005175564521643]]]},"properties":{"name":"Muraul","lgd":1888,"census":"0199","district":"Muzaffarpur","dist_lgd":208,"state":"Bihar","state_lgd":10,"id":"IN-BR-B-1888","source_name":"Muraul","level":"block","mausam_level":"block","source_code":"1888","parent_code":"208","parent_id":"IN-BR-D-208","district_code":"208","state_code":"10","block_code":"1888"}},{"type":"Feature","id":"1879","geometry":{"type":"Polygon","coordinates":[[[85.70810087358774,26.087080451300512],[85.71160915482255,26.07858661119011],[85.70897794389644,26.06796931105211],[85.70342316527466,26.059778822374223],[85.70254609496595,26.046431359343593],[85.69202125126151,26.04764476507365],[85.68237347786578,26.027623570527705],[85.67652634247443,26.02944367912279],[85.65576901183512,26.018523027552273],[85.64846009259593,26.003052104494046],[85.63384225411754,26.005175564521643],[85.62419448072181,26.015186161794617],[85.60753014485645,26.014276107497075],[85.60285243654337,26.002748753061528],[85.5952511605346,26.003052104494046],[85.58852695483455,26.01609621609216],[85.57478618666487,26.024286704770045],[85.55987599141692,26.041577736423363],[85.55169000186902,26.04218443928839],[85.52245432491225,26.059778822374223],[85.53210209830799,26.076159799729997],[85.54204222847329,26.081013422650226],[85.5473046503255,26.08768715416554],[85.56513841326914,26.091630722788228],[85.57887918143882,26.09193407422074],[85.59846708499985,26.0889005598956],[85.60665307454775,26.094057534248343],[85.61600849117391,26.0952709399784],[85.6224403401044,26.0910240199232],[85.61542377763477,26.075249745432455],[85.62741040518705,26.07373298826988],[85.64173588689587,26.08010336835268],[85.64670595197852,26.074036339702396],[85.66161614722648,26.068272662484624],[85.66570914200042,26.081620125515254],[85.67126392062221,26.08404693697537],[85.67974226693967,26.07221623110731],[85.68734354294843,26.083136882677827],[85.70810087358774,26.087080451300512]]]},"properties":{"name":"Bandra","lgd":1879,"census":"0198","district":"Muzaffarpur","dist_lgd":208,"state":"Bihar","state_lgd":10,"id":"IN-BR-B-1879","source_name":"Bandra","level":"block","mausam_level":"block","source_code":"1879","parent_code":"208","parent_id":"IN-BR-D-208","district_code":"208","state_code":"10","block_code":"1879"}},{"type":"Feature","id":"1881","geometry":{"type":"Polygon","coordinates":[[[85.71307093867038,26.092844128518283],[85.71365565220952,26.089507262760627],[85.70810087358774,26.087080451300512],[85.68734354294843,26.083136882677827],[85.67974226693967,26.07221623110731],[85.67126392062221,26.08404693697537],[85.66570914200042,26.081620125515254],[85.66161614722648,26.068272662484624],[85.64670595197852,26.074036339702396],[85.64173588689587,26.08010336835268],[85.62741040518705,26.07373298826988],[85.61542377763477,26.075249745432455],[85.6224403401044,26.0910240199232],[85.61600849117391,26.0952709399784],[85.60665307454775,26.094057534248343],[85.59846708499985,26.0889005598956],[85.57887918143882,26.09193407422074],[85.56513841326914,26.091630722788228],[85.5473046503255,26.08768715416554],[85.54438108262983,26.095574291410912],[85.5511052883299,26.10012456289863],[85.54759700709508,26.109225105874057],[85.55052057479075,26.13045970615006],[85.55490592633427,26.136830086232862],[85.5554906398734,26.146840683505832],[85.5481817206342,26.155334523616236],[85.5481817206342,26.16200825513155],[85.55753713726037,26.16898533807938],[85.55578299664296,26.18991658692287],[85.5636766294213,26.199623832763326],[85.57215497573875,26.199623832763326],[85.57887918143882,26.214791404389043],[85.59086580899108,26.21054448433384],[85.58794224129542,26.19992718419584],[85.60139065269553,26.199017129898298],[85.6008059391564,26.188399829760296],[85.60928428547385,26.185366315435154],[85.620686199487,26.185366315435154],[85.62127091302614,26.176872475324753],[85.6297492593436,26.16686187805178],[85.64202824366544,26.161704903699036],[85.64173588689587,26.177782529622295],[85.64729066551766,26.183242855407553],[85.64933716290463,26.192040046950467],[85.65986200660907,26.194163506978068],[85.66541678523086,26.18657972116521],[85.67272570447005,26.183242855407553],[85.68295819140491,26.18718642403024],[85.71102444128341,26.188399829760296],[85.7183333605226,26.194163506978068],[85.72534992299222,26.192950101248012],[85.72447285268353,26.17747917818978],[85.72096457144872,26.17656912389224],[85.72125692821828,26.16413171515915],[85.74172190208802,26.160794849401494],[85.75049260517505,26.14987419783098],[85.75107731871418,26.139256897692977],[85.73879833439234,26.127122840392403],[85.72798113391835,26.12560608322983],[85.7265193500705,26.113775377361772],[85.73031998807488,26.106191591548914],[85.7165792199052,26.108921754441543],[85.71307093867038,26.1016413200612],[85.71307093867038,26.092844128518283]]]},"properties":{"name":"Gaighat","lgd":1881,"census":"0197","district":"Muzaffarpur","dist_lgd":208,"state":"Bihar","state_lgd":10,"id":"IN-BR-B-1881","source_name":"Gaighat","level":"block","mausam_level":"block","source_code":"1881","parent_code":"208","parent_id":"IN-BR-D-208","district_code":"208","state_code":"10","block_code":"1881"}},{"type":"Feature","id":"1883","geometry":{"type":"Polygon","coordinates":[[[85.72534992299222,26.192950101248012],[85.7183333605226,26.194163506978068],[85.71102444128341,26.188399829760296],[85.68295819140491,26.18718642403024],[85.67272570447005,26.183242855407553],[85.66541678523086,26.18657972116521],[85.65986200660907,26.194163506978068],[85.64933716290463,26.192040046950467],[85.64729066551766,26.183242855407553],[85.64173588689587,26.177782529622295],[85.64202824366544,26.161704903699036],[85.6297492593436,26.16686187805178],[85.62127091302614,26.176872475324753],[85.620686199487,26.185366315435154],[85.60928428547385,26.185366315435154],[85.6008059391564,26.188399829760296],[85.60139065269553,26.199017129898298],[85.58794224129542,26.19992718419584],[85.59086580899108,26.21054448433384],[85.57887918143882,26.214791404389043],[85.57215497573875,26.199623832763326],[85.5636766294213,26.199623832763326],[85.55666006695168,26.207207618576184],[85.53707216339063,26.20902772717127],[85.52596260614706,26.21661151298413],[85.52274668168182,26.22389194736447],[85.51163712443824,26.2266221102571],[85.50169699427295,26.232992490339903],[85.50169699427295,26.237542761827616],[85.51134476766867,26.239666221855217],[85.51251419474696,26.244216493342932],[85.52625496291662,26.259990767833678],[85.53561037954279,26.261507524996247],[85.5546135695647,26.25817065923859],[85.57770975436054,26.24694665623556],[85.57741739759098,26.23845281612516],[85.58326453298233,26.2372394103951],[85.58881931160411,26.252710333453333],[85.59642058761287,26.24967681912819],[85.61483906409563,26.24967681912819],[85.620686199487,26.26696785078151],[85.62770276195661,26.26787790507905],[85.62185562656526,26.28334882813728],[85.62448683749138,26.291235965382654],[85.61893205886959,26.299123102628027],[85.6215632697957,26.313987322821227],[85.62857983226533,26.318840945741456],[85.6595696498395,26.31702083714637],[85.67243334770048,26.31277391709117],[85.67798812632226,26.320054351471512],[85.69114418095282,26.3176275400114],[85.69377539187892,26.30852699703597],[85.70546966266163,26.306403537008368],[85.70546966266163,26.294876182572825],[85.71599450636606,26.289415856787567],[85.71365565220952,26.272428176566766],[85.69962252727028,26.26302428215882],[85.69640660280503,26.254833793480934],[85.7002072408094,26.250283521993218],[85.71716393344434,26.249070116263162],[85.71453272251823,26.240272924720248],[85.69991488403984,26.23905951899019],[85.69640660280503,26.226015407392072],[85.7066390897399,26.225408704527045],[85.71014737097471,26.211454538631386],[85.71862571729217,26.208724375738758],[85.71774864698347,26.201747292790927],[85.72505756622266,26.2011405899259],[85.72534992299222,26.192950101248012]]]},"properties":{"name":"Katra","lgd":1883,"census":"0196","district":"Muzaffarpur","dist_lgd":208,"state":"Bihar","state_lgd":10,"id":"IN-BR-B-1883","source_name":"Katra","level":"block","mausam_level":"block","source_code":"1883","parent_code":"208","parent_id":"IN-BR-D-208","district_code":"208","state_code":"10","block_code":"1883"}},{"type":"Feature","id":"1986","geometry":{"type":"Polygon","coordinates":[[[85.14239052447425,26.612788483847837],[85.13712810262203,26.610058320955208],[85.1347892484655,26.599137669384692],[85.1257261886089,26.593070640734407],[85.11257013397834,26.573352797620974],[85.11987905321753,26.562128794617944],[85.1318656807698,26.561522091752916],[85.13069625369154,26.554545008805086],[85.13858988646987,26.547871277289772],[85.12952682661327,26.539377437179372],[85.11783255583056,26.5399841400444],[85.10906185274354,26.53513051712417],[85.11432427459575,26.527850082743825],[85.13040389692196,26.524816568418682],[85.13303510784809,26.519962945498452],[85.1491147301743,26.51541267401074],[85.14706823278733,26.494178073734737],[85.13274275107851,26.487807693651934],[85.13391217815678,26.49599818232982],[85.12660325891758,26.49933504808748],[85.12192555060452,26.49599818232982],[85.12251026414364,26.486897639354392],[85.11403191782618,26.487807693651934],[85.11140070690007,26.497818290924908],[85.10438414443044,26.496908236627366],[85.10058350642606,26.49023450511205],[85.07690260809107,26.504492022440225],[85.06520833730838,26.508738942495423],[85.06082298576486,26.496604885194852],[85.04942107175172,26.489931153679535],[85.04211215251253,26.47901050210902],[85.0359726603516,26.484167476461764],[85.0342185197342,26.49084120797708],[85.02632488695588,26.49144791084211],[85.01930832448625,26.506008779602794],[85.02193953541236,26.516626079740796],[85.03860387127772,26.529670191338912],[85.0540987800648,26.551511494479943],[85.03801915773857,26.552421548777488],[85.04094272543426,26.56182544318543],[85.05029814206043,26.561522091752916],[85.04591279051691,26.579723177703777],[85.05000578529085,26.585790206354062],[85.0450357202082,26.591857235004348],[85.04883635821258,26.596710857924577],[85.05526820714307,26.60247453514235],[85.07427139716498,26.60247453514235],[85.07544082424324,26.611271726685267],[85.08011853255633,26.617642106768066],[85.09473637103471,26.616732052470525],[85.10613828504785,26.626742649743495],[85.11724784229142,26.625832595445953],[85.1166631287523,26.61794545820058],[85.12543383183932,26.615518646740465],[85.13215803753937,26.61794545820058],[85.14239052447425,26.612788483847837]]]},"properties":{"name":"Pakridayal","lgd":1986,"census":"0040","district":"Purbi Champaran","dist_lgd":213,"state":"Bihar","state_lgd":10,"id":"IN-BR-B-1986","source_name":"Pakridayal","level":"block","mausam_level":"block","source_code":"1986","parent_code":"213","parent_id":"IN-BR-D-213","district_code":"213","state_code":"10","block_code":"1986"}},{"type":"Feature","id":"1987","geometry":{"type":"Polygon","coordinates":[[[85.26985807600576,26.624315838283383],[85.26664215154051,26.611878429550295],[85.25933323230132,26.61218178098281],[85.26196444322744,26.59246393786938],[85.25991794584046,26.585790206354062],[85.24763896151862,26.57304944618846],[85.23448290688808,26.572139391890918],[85.23360583657937,26.56667906610566],[85.23945297197072,26.561522091752916],[85.22074213871839,26.549084683019828],[85.21664914394444,26.539074085746858],[85.21577207363573,26.546051168694685],[85.20700137054871,26.554545008805086],[85.19150646176162,26.56091538888789],[85.19209117530076,26.553028251642516],[85.17571919620497,26.55424165737257],[85.17191855820059,26.548174628722286],[85.16139371449614,26.549388034452342],[85.15876250357005,26.540590842909427],[85.15116122756127,26.527850082743825],[85.1491147301743,26.51541267401074],[85.13303510784809,26.519962945498452],[85.13040389692196,26.524816568418682],[85.11432427459575,26.527850082743825],[85.10906185274354,26.53513051712417],[85.11783255583056,26.5399841400444],[85.12952682661327,26.539377437179372],[85.13858988646987,26.547871277289772],[85.13069625369154,26.554545008805086],[85.1318656807698,26.561522091752916],[85.11987905321753,26.562128794617944],[85.11257013397834,26.573352797620974],[85.1257261886089,26.593070640734407],[85.1347892484655,26.599137669384692],[85.13712810262203,26.610058320955208],[85.14239052447425,26.612788483847837],[85.15583893587436,26.61794545820058],[85.1616860712657,26.623709135418352],[85.18478225606157,26.6352364898539],[85.18916760760507,26.622192378255782],[85.19969245130952,26.620978972525723],[85.20056952161822,26.630989569798697],[85.21401793301834,26.63189962409624],[85.22571220380104,26.635539841286413],[85.22834341472715,26.610665023820236],[85.23623704750548,26.61157507811778],[85.2450077505925,26.619765566795667],[85.24559246413165,26.625832595445953],[85.25670202137522,26.62916946120361],[85.25757909168392,26.638573355611555],[85.26459565415354,26.644337032829327],[85.27102750308403,26.630079515501155],[85.26985807600576,26.624315838283383]]]},"properties":{"name":"Patahi","lgd":1987,"census":"0041","district":"Purbi Champaran","dist_lgd":213,"state":"Bihar","state_lgd":10,"id":"IN-BR-B-1987","source_name":"Patahi","level":"block","mausam_level":"block","source_code":"1987","parent_code":"213","parent_id":"IN-BR-D-213","district_code":"213","state_code":"10","block_code":"1987"}},{"type":"Feature","id":"1988","geometry":{"type":"Polygon","coordinates":[[[85.13274275107851,26.487807693651934],[85.14706823278733,26.494178073734737],[85.1491147301743,26.51541267401074],[85.15116122756127,26.527850082743825],[85.15876250357005,26.540590842909427],[85.16139371449614,26.549388034452342],[85.17191855820059,26.548174628722286],[85.17571919620497,26.55424165737257],[85.19209117530076,26.553028251642516],[85.19150646176162,26.56091538888789],[85.20700137054871,26.554545008805086],[85.21577207363573,26.546051168694685],[85.21664914394444,26.539074085746858],[85.22278863610536,26.531490299934],[85.22308099287493,26.523603162688627],[85.21928035487055,26.52026629693097],[85.22395806318363,26.507525536765367],[85.22132685225752,26.50418867100771],[85.20086187838778,26.499031696654967],[85.18478225606157,26.49872834522245],[85.17835040713108,26.48750434221942],[85.1853669696007,26.480830610704107],[85.18419754252243,26.474763582053818],[85.17338034204842,26.475066933486335],[85.17045677435274,26.464752984780848],[85.16577906603966,26.463236227618275],[85.13888224323944,26.464752984780848],[85.14122109739597,26.472336770593706],[85.13274275107851,26.487807693651934]]]},"properties":{"name":"Phenhara","lgd":1988,"census":"0042","district":"Purbi Champaran","dist_lgd":213,"state":"Bihar","state_lgd":10,"id":"IN-BR-B-1988","source_name":"Phenhara","level":"block","mausam_level":"block","source_code":"1988","parent_code":"213","parent_id":"IN-BR-D-213","district_code":"213","state_code":"10","block_code":"1988"}},{"type":"Feature","id":"1982","geometry":{"type":"MultiPolygon","coordinates":[[[[85.04211215251253,26.47901050210902],[85.04942107175172,26.489931153679535],[85.06082298576486,26.496604885194852],[85.06520833730838,26.508738942495423],[85.07690260809107,26.504492022440225],[85.10058350642606,26.49023450511205],[85.10438414443044,26.496908236627366],[85.11140070690007,26.497818290924908],[85.11403191782618,26.487807693651934],[85.12251026414364,26.486897639354392],[85.12192555060452,26.49599818232982],[85.12660325891758,26.49933504808748],[85.13391217815678,26.49599818232982],[85.13274275107851,26.487807693651934],[85.14122109739597,26.472336770593706],[85.13888224323944,26.464752984780848],[85.16577906603966,26.463236227618275],[85.17045677435274,26.464752984780848],[85.17338034204842,26.475066933486335],[85.18419754252243,26.474763582053818],[85.18916760760507,26.46930325626856],[85.19881538100081,26.46687644480845],[85.19998480807908,26.459596010428104],[85.2143102897879,26.44867535885759],[85.20700137054871,26.425924001419013],[85.22074213871839,26.424710595688957],[85.21664914394444,26.411363132658327],[85.20904786793568,26.421070378498783],[85.19852302423124,26.428957515744155],[85.1827357586746,26.433811138664385],[85.18039690451805,26.418643567038668],[85.173672698818,26.412576538388382],[85.16490199573096,26.41652010701107],[85.15788543326133,26.406206158305583],[85.14502173540035,26.408329618333184],[85.13332746461765,26.40317264398044],[85.11549370167401,26.400139129655294],[85.117540199061,26.385274909462094],[85.11607841521315,26.379814583676836],[85.10730771212613,26.386184963759636],[85.09590579811298,26.383454800867007],[85.09502872780428,26.39255534384244],[85.08011853255633,26.399229075357752],[85.0821650299433,26.402262589682895],[85.06871661854319,26.41227318695587],[85.06930133208232,26.416823458443584],[85.08684273825638,26.41803686417364],[85.0929822304173,26.424407244256443],[85.09239751687817,26.434721192961927],[85.08333445702158,26.432901084366843],[85.05760706129962,26.452012224615245],[85.0540987800648,26.461112767590674],[85.06111534253444,26.471730067728675],[85.05205228267783,26.471123364863647],[85.05059049882999,26.478707150676506],[85.04211215251253,26.47901050210902]]],[[[85.13508160523506,26.37647771791918],[85.11929433967839,26.379511232244322],[85.1257261886089,26.393162046707467],[85.13420453492635,26.38770172092221],[85.13508160523506,26.37647771791918]]]]},"properties":{"name":"Madhuban","lgd":1982,"census":"0043","district":"Purbi Champaran","dist_lgd":213,"state":"Bihar","state_lgd":10,"id":"IN-BR-B-1982","source_name":"Madhuban","level":"block","mausam_level":"block","source_code":"1982","parent_code":"213","parent_id":"IN-BR-D-213","district_code":"213","state_code":"10","block_code":"1982"}},{"type":"Feature","id":"1994","geometry":{"type":"Polygon","coordinates":[[[85.13508160523506,26.37647771791918],[85.13420453492635,26.38770172092221],[85.1257261886089,26.393162046707467],[85.11929433967839,26.379511232244322],[85.11607841521315,26.379814583676836],[85.117540199061,26.385274909462094],[85.11549370167401,26.400139129655294],[85.13332746461765,26.40317264398044],[85.14502173540035,26.408329618333184],[85.15788543326133,26.406206158305583],[85.16490199573096,26.41652010701107],[85.173672698818,26.412576538388382],[85.18039690451805,26.418643567038668],[85.1827357586746,26.433811138664385],[85.19852302423124,26.428957515744155],[85.20904786793568,26.421070378498783],[85.21664914394444,26.411363132658327],[85.22074213871839,26.424710595688957],[85.22629691734018,26.425317298553985],[85.24763896151862,26.4171268098761],[85.25377845367953,26.418643567038668],[85.25874851876219,26.41378994411844],[85.25027017244473,26.408329618333184],[85.25260902660126,26.39983577822278],[85.26342622707527,26.39983577822278],[85.26371858384483,26.39255534384244],[85.28272177386674,26.39558885816758],[85.28330648740588,26.381634692271923],[85.29061540664506,26.37162409499895],[85.27979820617107,26.368287229241293],[85.28067527647977,26.34856938612786],[85.26547272446224,26.352512954750548],[85.25407081044911,26.350086143290433],[85.24208418289683,26.36404030918609],[85.22571220380104,26.371320743566436],[85.22044978194882,26.368590580673807],[85.21752621425314,26.381331340839406],[85.21167907886179,26.381331340839406],[85.21109436532265,26.371927446431464],[85.2043701596226,26.365860417781178],[85.19472238622686,26.36404030918609],[85.18682875344854,26.36768052637626],[85.18039690451805,26.366163769213692],[85.1581777900309,26.37374755502655],[85.15203829786998,26.368590580673807],[85.13595867554376,26.37253414929649],[85.13508160523506,26.37647771791918]]]},"properties":{"name":"Tetariya","lgd":1994,"census":"0044","district":"Purbi Champaran","dist_lgd":213,"state":"Bihar","state_lgd":10,"id":"IN-BR-B-1994","source_name":"Tetariya","level":"block","mausam_level":"block","source_code":"1994","parent_code":"213","parent_id":"IN-BR-D-213","district_code":"213","state_code":"10","block_code":"1994"}},{"type":"Feature","id":"1983","geometry":{"type":"Polygon","coordinates":[[[85.11929433967839,26.379511232244322],[85.13508160523506,26.37647771791918],[85.13595867554376,26.37253414929649],[85.15203829786998,26.368590580673807],[85.1581777900309,26.37374755502655],[85.18039690451805,26.366163769213692],[85.18682875344854,26.36768052637626],[85.19472238622686,26.36404030918609],[85.2043701596226,26.365860417781178],[85.21109436532265,26.371927446431464],[85.21167907886179,26.381331340839406],[85.21752621425314,26.381331340839406],[85.22044978194882,26.368590580673807],[85.21811092779228,26.357366577670774],[85.22103449548796,26.35069284615546],[85.22951284180542,26.354029711913117],[85.23682176104461,26.350086143290433],[85.23828354489245,26.344019114640144],[85.25699437814478,26.34492916893769],[85.26488801092312,26.34219900604506],[85.27278164370144,26.331885057339573],[85.2605026593796,26.331885057339573],[85.25670202137522,26.327031434419343],[85.25728673491435,26.296696291167912],[85.23214405273153,26.301246562655624],[85.22015742517925,26.30003315692557],[85.21752621425314,26.29457283114031],[85.20875551116612,26.29608958830288],[85.20027716484864,26.29335942541025],[85.18975232114421,26.29608958830288],[85.18858289406595,26.30367337411574],[85.19998480807908,26.303370022683225],[85.20320073254433,26.307616942738427],[85.19355295914859,26.31702083714637],[85.19589181330514,26.32551467725677],[85.18419754252243,26.331278354474545],[85.18419754252243,26.339165491719918],[85.17338034204842,26.337042031692317],[85.17630390974409,26.331278354474545],[85.16314785511355,26.328548191581916],[85.16051664418744,26.319447648606484],[85.15262301140912,26.315200728551286],[85.14239052447425,26.32308786579666],[85.13625103231333,26.313077268523685],[85.11900198290883,26.31702083714637],[85.11081599336093,26.314594025686254],[85.10350707412175,26.324604622959228],[85.09619815488256,26.320661054336544],[85.09152044656946,26.325211325824256],[85.08274974348244,26.324301271526714],[85.07573318101281,26.332795111637115],[85.05994591545615,26.342805708910088],[85.0441586498995,26.338558788854886],[85.04357393636036,26.343109060342602],[85.05789941806918,26.34583922323523],[85.061407699304,26.365253714916147],[85.07807203516936,26.361613497725976],[85.08158031640417,26.372230797863978],[85.07836439193892,26.377084420784207],[85.06900897531276,26.379814583676836],[85.05965355868659,26.376174366486662],[85.06257712638227,26.38770172092221],[85.06637776438664,26.39134193811238],[85.07164018623887,26.386791666624664],[85.07807203516936,26.388915126652265],[85.08011853255633,26.399229075357752],[85.09502872780428,26.39255534384244],[85.09590579811298,26.383454800867007],[85.10730771212613,26.386184963759636],[85.11607841521315,26.379814583676836],[85.11929433967839,26.379511232244322]]]},"properties":{"name":"Mehsi","lgd":1983,"census":"0045","district":"Purbi Champaran","dist_lgd":213,"state":"Bihar","state_lgd":10,"id":"IN-BR-B-1983","source_name":"Mehsi","level":"block","mausam_level":"block","source_code":"1983","parent_code":"213","parent_id":"IN-BR-D-213","district_code":"213","state_code":"10","block_code":"1983"}},{"type":"Feature","id":"1887","geometry":{"type":"Polygon","coordinates":[[[85.0441586498995,26.338558788854886],[85.05994591545615,26.342805708910088],[85.07573318101281,26.332795111637115],[85.08274974348244,26.324301271526714],[85.09152044656946,26.325211325824256],[85.09619815488256,26.320661054336544],[85.10350707412175,26.324604622959228],[85.11081599336093,26.314594025686254],[85.11900198290883,26.31702083714637],[85.13625103231333,26.313077268523685],[85.14239052447425,26.32308786579666],[85.15262301140912,26.315200728551286],[85.16051664418744,26.319447648606484],[85.16314785511355,26.328548191581916],[85.17630390974409,26.331278354474545],[85.17338034204842,26.337042031692317],[85.18419754252243,26.339165491719918],[85.18419754252243,26.331278354474545],[85.19589181330514,26.32551467725677],[85.19355295914859,26.31702083714637],[85.20320073254433,26.307616942738427],[85.19998480807908,26.303370022683225],[85.18858289406595,26.30367337411574],[85.18975232114421,26.29608958830288],[85.20027716484864,26.29335942541025],[85.20875551116612,26.29608958830288],[85.21752621425314,26.29457283114031],[85.20583194347043,26.27849520521705],[85.21109436532265,26.274854988026878],[85.20320073254433,26.267574553646536],[85.20086187838778,26.259990767833678],[85.2052472299313,26.246643304803047],[85.20290837577475,26.23632935609756],[85.20729372731827,26.234812598934987],[85.20787844085741,26.2266221102571],[85.20056952161822,26.219038324444245],[85.20027716484864,26.208724375738758],[85.19413767268773,26.208117672873726],[85.19150646176162,26.197500372735725],[85.1862440399094,26.191129992652925],[85.17221091497015,26.189309884057838],[85.16285549834399,26.18506296400264],[85.16841027696577,26.16777193234932],[85.16022428741788,26.166255175186752],[85.15759307649176,26.16049149796898],[85.14151345416555,26.166255175186752],[85.13537396200462,26.163525012294123],[85.1228026209132,26.16777193234932],[85.11900198290883,26.172322203837037],[85.11403191782618,26.171412149539496],[85.11227777720877,26.16200825513155],[85.1020452902739,26.161401552266522],[85.09268987364774,26.174142312432124],[85.09005866272163,26.168378635214353],[85.07544082424324,26.162311606564064],[85.05936120191703,26.16473841802418],[85.05117521236912,26.170198743809436],[85.0523446394474,26.184456261137612],[85.04678986082561,26.19992718419584],[85.03129495203852,26.207207618576184],[85.01638475679057,26.219645027309273],[85.02457074633847,26.235419301800018],[85.0152153297123,26.23996957328773],[85.01082997816879,26.249070116263162],[85.0225242489515,26.261507524996247],[85.02281660572106,26.28031531381214],[85.0359726603516,26.277888502352024],[85.03948094158642,26.293966128275283],[85.03626501712117,26.300336508358082],[85.03568030358204,26.317930891443915],[85.03158730880808,26.32308786579666],[85.0359726603516,26.334008517367174],[85.0441586498995,26.338558788854886]]]},"properties":{"name":"Motipur","lgd":1887,"census":"0188","district":"Muzaffarpur","dist_lgd":208,"state":"Bihar","state_lgd":10,"id":"IN-BR-B-1887","source_name":"Motipur","level":"block","mausam_level":"block","source_code":"1887","parent_code":"208","parent_id":"IN-BR-D-208","district_code":"208","state_code":"10","block_code":"1887"}},{"type":"Feature","id":"1886","geometry":{"type":"Polygon","coordinates":[[[85.22044978194882,26.368590580673807],[85.22571220380104,26.371320743566436],[85.24208418289683,26.36404030918609],[85.25407081044911,26.350086143290433],[85.26547272446224,26.352512954750548],[85.28067527647977,26.34856938612786],[85.28739948217982,26.35342300904809],[85.29763196911469,26.344625817505175],[85.30698738574085,26.3494794404254],[85.31721987267574,26.346749277532773],[85.32774471638017,26.348266034695346],[85.32628293253232,26.33522192309723],[85.3356383491585,26.329761597311972],[85.33446892208022,26.342502357477574],[85.33973134393244,26.34492916893769],[85.36107338811088,26.34644592610026],[85.36955173442834,26.341895654612546],[85.37510651305013,26.324907974391742],[85.37481415628056,26.313683971388713],[85.38504664321543,26.30792029417094],[85.39323263276333,26.30792029417094],[85.40171097908079,26.3176275400114],[85.40872754155042,26.314897377118772],[85.41486703371135,26.30428007698077],[85.40171097908079,26.305493482710826],[85.40317276292863,26.29517953400534],[85.39323263276333,26.291235965382654],[85.39147849214592,26.280922016677167],[85.40580397385474,26.284258882434823],[85.40931225508956,26.27273152799928],[85.42363773679837,26.28274212527225],[85.42656130449404,26.27697844805448],[85.43562436435064,26.279405259514593],[85.43036194249842,26.26696785078151],[85.44731863513336,26.27212482513425],[85.45345812729428,26.27060806797168],[85.4531657705247,26.263327633591334],[85.44761099190292,26.257563956373563],[85.44381035389854,26.250586873425732],[85.43971735912459,26.233295841772417],[85.42773073157232,26.23147573317733],[85.42422245033751,26.224498650229503],[85.41194346601566,26.222071838769388],[85.40375747646777,26.224195298796985],[85.39674091399814,26.2117578900639],[85.38036893490235,26.211151187198872],[85.3818307187502,26.216308161551616],[85.36779759381093,26.2181282701467],[85.3572727501065,26.212061241496414],[85.3555186094891,26.218431621579214],[85.340023700702,26.221768487336874],[85.34791733348034,26.227532164554646],[85.3464555496325,26.234812598934987],[85.33066828407584,26.22510535309453],[85.30347910450604,26.23420589606996],[85.29090776341464,26.23359919320493],[85.28155234678847,26.2223751902019],[85.26576508123182,26.23147573317733],[85.25699437814478,26.222678541634416],[85.24296125320554,26.221768487336874],[85.24266889643596,26.23056567887979],[85.22892812826629,26.235419301800018],[85.20729372731827,26.234812598934987],[85.20290837577475,26.23632935609756],[85.2052472299313,26.246643304803047],[85.20086187838778,26.259990767833678],[85.20320073254433,26.267574553646536],[85.21109436532265,26.274854988026878],[85.20583194347043,26.27849520521705],[85.21752621425314,26.29457283114031],[85.22015742517925,26.30003315692557],[85.23214405273153,26.301246562655624],[85.25728673491435,26.296696291167912],[85.25670202137522,26.327031434419343],[85.2605026593796,26.331885057339573],[85.27278164370144,26.331885057339573],[85.26488801092312,26.34219900604506],[85.25699437814478,26.34492916893769],[85.23828354489245,26.344019114640144],[85.23682176104461,26.350086143290433],[85.22951284180542,26.354029711913117],[85.22103449548796,26.35069284615546],[85.21811092779228,26.357366577670774],[85.22044978194882,26.368590580673807]]]},"properties":{"name":"Minapur","lgd":1886,"census":"0193","district":"Muzaffarpur","dist_lgd":208,"state":"Bihar","state_lgd":10,"id":"IN-BR-B-1886","source_name":"Minapur","level":"block","mausam_level":"block","source_code":"1886","parent_code":"208","parent_id":"IN-BR-D-208","district_code":"208","state_code":"10","block_code":"1886"}},{"type":"Feature","id":"1878","geometry":{"type":"Polygon","coordinates":[[[85.62857983226533,26.318840945741456],[85.6215632697957,26.313987322821227],[85.61893205886959,26.299123102628027],[85.62448683749138,26.291235965382654],[85.62185562656526,26.28334882813728],[85.62770276195661,26.26787790507905],[85.620686199487,26.26696785078151],[85.61483906409563,26.24967681912819],[85.59642058761287,26.24967681912819],[85.58881931160411,26.252710333453333],[85.58326453298233,26.2372394103951],[85.57741739759098,26.23845281612516],[85.57770975436054,26.24694665623556],[85.5546135695647,26.25817065923859],[85.53561037954279,26.261507524996247],[85.52625496291662,26.259990767833678],[85.52216196814268,26.25604719921099],[85.49906578334684,26.252710333453333],[85.48795622610326,26.26302428215882],[85.46427532776828,26.268484607944078],[85.44761099190292,26.257563956373563],[85.4531657705247,26.263327633591334],[85.45345812729428,26.27060806797168],[85.44731863513336,26.27212482513425],[85.43036194249842,26.26696785078151],[85.43562436435064,26.279405259514593],[85.4441027106681,26.279708610947107],[85.44819570544206,26.29093261395014],[85.45287341375514,26.290629262517623],[85.45608933822038,26.301246562655624],[85.4604746897639,26.300336508358082],[85.46339825745957,26.312470565658657],[85.46252118715087,26.320054351471512],[85.46749125223353,26.327334785851857],[85.46602946838568,26.3324917602046],[85.47801609593796,26.334918571664716],[85.47918552301623,26.34644592610026],[85.48620208548586,26.354029711913117],[85.49321864795547,26.354029711913117],[85.49497278857288,26.362523552023518],[85.50140463750338,26.362826903456032],[85.50432820519906,26.380724637974378],[85.50871355674258,26.381634692271923],[85.52011547075571,26.37435425789158],[85.54584286647767,26.369803986403863],[85.55695242372124,26.38497155802958],[85.56484605649956,26.384364855164552],[85.57624797051271,26.392858695274953],[85.58209510590406,26.384364855164552],[85.57858682466924,26.37314085216152],[85.57303204604746,26.366467120646206],[85.58677281421714,26.36040009199592],[85.59028109545196,26.355849820508205],[85.6116231396304,26.34978279185792],[85.61571613440435,26.341895654612546],[85.61483906409563,26.3324917602046],[85.62653333487835,26.33613197739477],[85.6350116811958,26.32763813728437],[85.62857983226533,26.318840945741456]]]},"properties":{"name":"Aurai","lgd":1878,"census":"0195","district":"Muzaffarpur","dist_lgd":208,"state":"Bihar","state_lgd":10,"id":"IN-BR-B-1878","source_name":"Aurai","level":"block","mausam_level":"block","source_code":"1878","parent_code":"208","parent_id":"IN-BR-D-208","district_code":"208","state_code":"10","block_code":"1878"}},{"type":"Feature","id":"1880","geometry":{"type":"Polygon","coordinates":[[[85.52245432491225,26.059778822374223],[85.51046769735997,26.05947547094171],[85.50549763227733,26.07160952824228],[85.51426833536436,26.078283259757598],[85.5002352104251,26.083136882677827],[85.50169699427295,26.094967588545884],[85.50988298382084,26.110135160171602],[85.50783648643386,26.115292134524346],[85.51368362182522,26.127426191824917],[85.49701928595987,26.130156354717545],[85.49497278857288,26.138953546260463],[85.48649444225542,26.141380357720575],[85.47509252824229,26.151087603561034],[85.46573711161612,26.152301009291094],[85.45988997622476,26.141683709153092],[85.43971735912459,26.152604360723608],[85.43708614819849,26.16322166086161],[85.42802308834189,26.164435066591665],[85.41545174725047,26.17171550097201],[85.4043421900069,26.170805446674464],[85.40785047124172,26.180816043947438],[85.39410970307203,26.18870318119281],[85.39674091399814,26.2117578900639],[85.40375747646777,26.224195298796985],[85.41194346601566,26.222071838769388],[85.42422245033751,26.224498650229503],[85.42773073157232,26.23147573317733],[85.43971735912459,26.233295841772417],[85.44381035389854,26.250586873425732],[85.44761099190292,26.257563956373563],[85.46427532776828,26.268484607944078],[85.48795622610326,26.26302428215882],[85.49906578334684,26.252710333453333],[85.52216196814268,26.25604719921099],[85.52625496291662,26.259990767833678],[85.51251419474696,26.244216493342932],[85.51134476766867,26.239666221855217],[85.50169699427295,26.237542761827616],[85.50169699427295,26.232992490339903],[85.51163712443824,26.2266221102571],[85.52274668168182,26.22389194736447],[85.52596260614706,26.21661151298413],[85.53707216339063,26.20902772717127],[85.55666006695168,26.207207618576184],[85.5636766294213,26.199623832763326],[85.55578299664296,26.18991658692287],[85.55753713726037,26.16898533807938],[85.5481817206342,26.16200825513155],[85.5481817206342,26.155334523616236],[85.5554906398734,26.146840683505832],[85.55490592633427,26.136830086232862],[85.55052057479075,26.13045970615006],[85.54759700709508,26.109225105874057],[85.5511052883299,26.10012456289863],[85.54438108262983,26.095574291410912],[85.5473046503255,26.08768715416554],[85.54204222847329,26.081013422650226],[85.53210209830799,26.076159799729997],[85.52245432491225,26.059778822374223]]]},"properties":{"name":"Bochahan","lgd":1880,"census":"0194","district":"Muzaffarpur","dist_lgd":208,"state":"Bihar","state_lgd":10,"id":"IN-BR-B-1880","source_name":"Bochahan","level":"block","mausam_level":"block","source_code":"1880","parent_code":"208","parent_id":"IN-BR-D-208","district_code":"208","state_code":"10","block_code":"1880"}},{"type":"Feature","id":"1889","geometry":{"type":"Polygon","coordinates":[[[85.51046769735997,26.05947547094171],[85.49292629118591,26.054318496588966],[85.48971036672067,26.037937519233193],[85.48357087455975,26.024286704770045],[85.47655431209012,26.021556541877416],[85.45550462468125,26.027623570527705],[85.45082691636816,26.04127438499085],[85.44030207266373,26.04339784501845],[85.43094665603756,26.033387247745477],[85.4250995206462,26.039454276395762],[85.41749824463744,26.040971033558336],[85.4142823201722,26.049161522236222],[85.40726575770258,26.05189168512885],[85.40638868739387,26.063419039564394],[85.39732562753727,26.069182716782166],[85.37686065366753,26.069182716782166],[85.3663358099631,26.07221623110731],[85.36662816673267,26.080710071217712],[85.35961160426305,26.08283353124531],[85.36224281518915,26.064025742429422],[85.3482096902499,26.06675590532205],[85.34031605747157,26.07069947394474],[85.34177784131941,26.080710071217712],[85.32979121376714,26.08404693697537],[85.32277465129752,26.08283353124531],[85.3218975809888,26.073429636837368],[85.31692751590616,26.071306176809767],[85.31400394821048,26.062812336699366],[85.30435617481476,26.064632445294453],[85.30552560189302,26.070396122512225],[85.29149247695378,26.068272662484624],[85.29587782849728,26.087383802733026],[85.29792432588425,26.09678769714097],[85.29412368787987,26.10952845730657],[85.3002631800408,26.1165055402544],[85.31283452113222,26.1228759203372],[85.32540586222362,26.125909434662347],[85.32949885699757,26.13379657190772],[85.33973134393244,26.135920031935317],[85.34791733348034,26.138953546260463],[85.34499376578466,26.14593062920829],[85.34996383086731,26.151997657858576],[85.35464153918039,26.178389232487323],[85.3373924897759,26.181726098244983],[85.32686764607146,26.180816043947438],[85.31985108360183,26.167468580916807],[85.31078802374523,26.175052366729666],[85.3175122294453,26.181726098244983],[85.318389299754,26.19992718419584],[85.30669502897129,26.201443941358413],[85.29178483372334,26.192950101248012],[85.28009056294063,26.203870752818528],[85.27073514631446,26.20690426714367],[85.26927336246663,26.216914864416644],[85.25933323230132,26.21448805295653],[85.25465552398825,26.206297564278643],[85.24062239904899,26.207814321441212],[85.23682176104461,26.196590318438183],[85.22512749026191,26.199623832763326],[85.22805105795759,26.213577998658987],[85.21898799810099,26.2160048101191],[85.21723385748358,26.224802001662017],[85.20787844085741,26.2266221102571],[85.20729372731827,26.234812598934987],[85.22892812826629,26.235419301800018],[85.24266889643596,26.23056567887979],[85.24296125320554,26.221768487336874],[85.25699437814478,26.222678541634416],[85.26576508123182,26.23147573317733],[85.28155234678847,26.2223751902019],[85.29090776341464,26.23359919320493],[85.30347910450604,26.23420589606996],[85.33066828407584,26.22510535309453],[85.3464555496325,26.234812598934987],[85.34791733348034,26.227532164554646],[85.340023700702,26.221768487336874],[85.3555186094891,26.218431621579214],[85.3572727501065,26.212061241496414],[85.36779759381093,26.2181282701467],[85.3818307187502,26.216308161551616],[85.38036893490235,26.211151187198872],[85.39674091399814,26.2117578900639],[85.39410970307203,26.18870318119281],[85.40785047124172,26.180816043947438],[85.4043421900069,26.170805446674464],[85.41545174725047,26.17171550097201],[85.42802308834189,26.164435066591665],[85.43708614819849,26.16322166086161],[85.43971735912459,26.152604360723608],[85.45988997622476,26.141683709153092],[85.46573711161612,26.152301009291094],[85.47509252824229,26.151087603561034],[85.48649444225542,26.141380357720575],[85.49497278857288,26.138953546260463],[85.49701928595987,26.130156354717545],[85.51368362182522,26.127426191824917],[85.50783648643386,26.115292134524346],[85.50988298382084,26.110135160171602],[85.50169699427295,26.094967588545884],[85.5002352104251,26.083136882677827],[85.51426833536436,26.078283259757598],[85.50549763227733,26.07160952824228],[85.51046769735997,26.05947547094171]]]},"properties":{"name":"Mushahari","lgd":1889,"census":"0200","district":"Muzaffarpur","dist_lgd":208,"state":"Bihar","state_lgd":10,"id":"IN-BR-B-1889","source_name":"Mushahari","level":"block","mausam_level":"block","source_code":"1889","parent_code":"208","parent_id":"IN-BR-D-208","district_code":"208","state_code":"10","block_code":"1889"}},{"type":"Feature","id":"1884","geometry":{"type":"Polygon","coordinates":[[[85.29149247695378,26.068272662484624],[85.30552560189302,26.070396122512225],[85.30435617481476,26.064632445294453],[85.31400394821048,26.062812336699366],[85.31692751590616,26.071306176809767],[85.3218975809888,26.073429636837368],[85.32277465129752,26.08283353124531],[85.32979121376714,26.08404693697537],[85.34177784131941,26.080710071217712],[85.34031605747157,26.07069947394474],[85.3482096902499,26.06675590532205],[85.36224281518915,26.064025742429422],[85.35961160426305,26.08283353124531],[85.36662816673267,26.080710071217712],[85.3663358099631,26.07221623110731],[85.37686065366753,26.069182716782166],[85.39732562753727,26.069182716782166],[85.40638868739387,26.063419039564394],[85.40726575770258,26.05189168512885],[85.4142823201722,26.049161522236222],[85.41749824463744,26.040971033558336],[85.4250995206462,26.039454276395762],[85.43094665603756,26.033387247745477],[85.44030207266373,26.04339784501845],[85.45082691636816,26.04127438499085],[85.45550462468125,26.027623570527705],[85.45287341375514,26.018826378984787],[85.44117914297243,26.00972583600936],[85.43445493727238,26.00123199589896],[85.42860780188101,25.98667112713827],[85.43123901280713,25.974840421270212],[85.42860780188101,25.95845944391444],[85.42539187741578,25.951785712399122],[85.41720588786788,25.950572306669066],[85.40901989831998,25.94511198088381],[85.40872754155042,25.93965165509855],[85.40171097908079,25.933584626448262],[85.39235556245463,25.936011437908377],[85.38826256768067,25.93115781498815],[85.37072116150662,25.93267457215072],[85.36399695580656,25.940865060828607],[85.35113325794558,25.94389857515375],[85.34090077101071,25.952089063831636],[85.3338842085411,25.954819226724265],[85.32102051068011,25.951482360966608],[85.31429630498005,25.94602203518135],[85.28564534156241,25.950572306669066],[85.28886126602767,25.96058290394204],[85.29003069310593,25.99941188730387],[85.2821370603276,26.006388970251702],[85.28476827125371,26.01184929603696],[85.28447591448415,26.02792692196022],[85.29061540664506,26.044611250748506],[85.28155234678847,26.046734710776107],[85.2721969301623,26.03915092496325],[85.26518036769268,26.044611250748506],[85.2596255890709,26.05340844229142],[85.26810393538835,26.05674530804908],[85.28447591448415,26.05826206521165],[85.29149247695378,26.068272662484624]]]},"properties":{"name":"Kurhani","lgd":1884,"census":"0201","district":"Muzaffarpur","dist_lgd":208,"state":"Bihar","state_lgd":10,"id":"IN-BR-B-1884","source_name":"Kurhani","level":"block","mausam_level":"block","source_code":"1884","parent_code":"208","parent_id":"IN-BR-D-208","district_code":"208","state_code":"10","block_code":"1884"}},{"type":"Feature","id":"1892","geometry":{"type":"Polygon","coordinates":[[[85.63442696765668,25.9872778300033],[85.64115117335673,25.984244315678154],[85.64056645981759,25.9766605298653],[85.63267282703927,25.970896852647524],[85.63033397288274,25.959672849644495],[85.63208811350013,25.948448846641465],[85.63588875150452,25.942078466558666],[85.64202824366544,25.941775115126152],[85.6388123192002,25.927214246365462],[85.64027410304803,25.92205727201272],[85.62536390780008,25.919630460552604],[85.6116231396304,25.928124300663004],[85.6008059391564,25.927517597797976],[85.59759001469115,25.92296732631026],[85.5826798194432,25.921753920580205],[85.56689255388653,25.926000840635407],[85.56104541849518,25.910529917577175],[85.54291929878198,25.91295672903729],[85.53677980662107,25.92145056914769],[85.5274243899949,25.920843866282663],[85.51426833536436,25.910529917577175],[85.4958498588816,25.90961986327963],[85.49263393441635,25.921147217715177],[85.486786799025,25.92691089493295],[85.47538488501185,25.930247760690605],[85.46749125223353,25.926607543500435],[85.452288700216,25.923877380607806],[85.44205621328113,25.924484083472834],[85.43328551019411,25.936921492205922],[85.42217595295054,25.937831546503464],[85.40901989831998,25.94511198088381],[85.41720588786788,25.950572306669066],[85.42539187741578,25.951785712399122],[85.42860780188101,25.95845944391444],[85.43123901280713,25.974840421270212],[85.42860780188101,25.98667112713827],[85.43445493727238,26.00123199589896],[85.44117914297243,26.00972583600936],[85.45287341375514,26.018826378984787],[85.45550462468125,26.027623570527705],[85.47655431209012,26.021556541877416],[85.48971036672067,26.01821967611976],[85.49497278857288,26.027623570527705],[85.52216196814268,26.018826378984787],[85.52186961137312,26.010332538874387],[85.53239445507755,26.00608561881919],[85.53561037954279,26.013062701767016],[85.5572447804908,26.014276107497075],[85.56484605649956,26.008512430279303],[85.56484605649956,26.002445401629014],[85.57829446789968,25.992131452923527],[85.58735752775628,25.981514152785525],[85.58911166837369,25.972110258377583],[85.6051912906999,25.97332366410764],[85.60723778808688,25.96786333832238],[85.61834734533045,25.96907674405244],[85.63296518380884,25.98242420708307],[85.63442696765668,25.9872778300033]]]},"properties":{"name":"Sakra","lgd":1892,"census":"0202","district":"Muzaffarpur","dist_lgd":208,"state":"Bihar","state_lgd":10,"id":"IN-BR-B-1892","source_name":"Sakra","level":"block","mausam_level":"block","source_code":"1892","parent_code":"208","parent_id":"IN-BR-D-208","district_code":"208","state_code":"10","block_code":"1892"}},{"type":"Feature","id":"1885","geometry":{"type":"Polygon","coordinates":[[[85.33973134393244,26.135920031935317],[85.32949885699757,26.13379657190772],[85.32540586222362,26.125909434662347],[85.31283452113222,26.1228759203372],[85.3002631800408,26.1165055402544],[85.29412368787987,26.10952845730657],[85.29792432588425,26.09678769714097],[85.29587782849728,26.087383802733026],[85.29149247695378,26.068272662484624],[85.28447591448415,26.05826206521165],[85.26810393538835,26.05674530804908],[85.2596255890709,26.05340844229142],[85.2531937401404,26.04976822510125],[85.24588482090121,26.055835253751535],[85.23740647458375,26.05735201091411],[85.21547971686617,26.06796931105211],[85.2143102897879,26.07555309686497],[85.21898799810099,26.085867045570456],[85.21284850594006,26.08617039700297],[85.20378544608346,26.092237425653256],[85.20466251639216,26.106494942981428],[85.19092174822248,26.110438511604116],[85.18887525083551,26.118932351714516],[85.18215104513546,26.123785974634746],[85.18390518575286,26.134403274772747],[85.17688862328323,26.134403274772747],[85.17425741235712,26.151087603561034],[85.16431728219183,26.15715463221132],[85.16870263373534,26.166255175186752],[85.18302811544416,26.164435066591665],[85.20583194347043,26.169288689511895],[85.21664914394444,26.182636152542525],[85.21986506840969,26.175052366729666],[85.216941500714,26.165041769456693],[85.22132685225752,26.157457983643834],[85.24179182612727,26.15442446931869],[85.24179182612727,26.145627277775777],[85.24910074536646,26.139863600558005],[85.25904087553175,26.13622338336783],[85.2713198598536,26.138953546260463],[85.28009056294063,26.136830086232862],[85.28418355771458,26.144110520613204],[85.29178483372334,26.141987060585606],[85.28681476864068,26.134403274772747],[85.28944597956679,26.130156354717545],[85.30230967742777,26.130156354717545],[85.30669502897129,26.139256897692977],[85.30260203419735,26.141987060585606],[85.30698738574085,26.15442446931869],[85.31429630498005,26.156244577913778],[85.3218975809888,26.15290771215612],[85.32218993775838,26.140470303423033],[85.33973134393244,26.135920031935317]]]},"properties":{"name":"Marwan","lgd":1885,"census":"0191","district":"Muzaffarpur","dist_lgd":208,"state":"Bihar","state_lgd":10,"id":"IN-BR-B-1885","source_name":"Marwan","level":"block","mausam_level":"block","source_code":"1885","parent_code":"208","parent_id":"IN-BR-D-208","district_code":"208","state_code":"10","block_code":"1885"}},{"type":"Feature","id":"1882","geometry":{"type":"Polygon","coordinates":[[[85.16841027696577,26.16777193234932],[85.16285549834399,26.18506296400264],[85.17221091497015,26.189309884057838],[85.1862440399094,26.191129992652925],[85.19150646176162,26.197500372735725],[85.19413767268773,26.208117672873726],[85.20027716484864,26.208724375738758],[85.20056952161822,26.219038324444245],[85.20787844085741,26.2266221102571],[85.21723385748358,26.224802001662017],[85.21898799810099,26.2160048101191],[85.22805105795759,26.213577998658987],[85.22512749026191,26.199623832763326],[85.23682176104461,26.196590318438183],[85.24062239904899,26.207814321441212],[85.25465552398825,26.206297564278643],[85.25933323230132,26.21448805295653],[85.26927336246663,26.216914864416644],[85.27073514631446,26.20690426714367],[85.28009056294063,26.203870752818528],[85.29178483372334,26.192950101248012],[85.30669502897129,26.201443941358413],[85.318389299754,26.19992718419584],[85.3175122294453,26.181726098244983],[85.31078802374523,26.175052366729666],[85.31985108360183,26.167468580916807],[85.32686764607146,26.180816043947438],[85.3373924897759,26.181726098244983],[85.35464153918039,26.178389232487323],[85.34996383086731,26.151997657858576],[85.34499376578466,26.14593062920829],[85.34791733348034,26.138953546260463],[85.33973134393244,26.135920031935317],[85.32218993775838,26.140470303423033],[85.3218975809888,26.15290771215612],[85.31429630498005,26.156244577913778],[85.30698738574085,26.15442446931869],[85.30260203419735,26.141987060585606],[85.30669502897129,26.139256897692977],[85.30230967742777,26.130156354717545],[85.28944597956679,26.130156354717545],[85.28681476864068,26.134403274772747],[85.29178483372334,26.141987060585606],[85.28418355771458,26.144110520613204],[85.28009056294063,26.136830086232862],[85.2713198598536,26.138953546260463],[85.25904087553175,26.13622338336783],[85.24910074536646,26.139863600558005],[85.24179182612727,26.145627277775777],[85.24179182612727,26.15442446931869],[85.22132685225752,26.157457983643834],[85.216941500714,26.165041769456693],[85.21986506840969,26.175052366729666],[85.21664914394444,26.182636152542525],[85.20583194347043,26.169288689511895],[85.18302811544416,26.164435066591665],[85.16870263373534,26.166255175186752],[85.16841027696577,26.16777193234932]]]},"properties":{"name":"Kanti","lgd":1882,"census":"0192","district":"Muzaffarpur","dist_lgd":208,"state":"Bihar","state_lgd":10,"id":"IN-BR-B-1882","source_name":"Kanti","level":"block","mausam_level":"block","source_code":"1882","parent_code":"208","parent_id":"IN-BR-D-208","district_code":"208","state_code":"10","block_code":"1882"}},{"type":"Feature","id":"1893","geometry":{"type":"Polygon","coordinates":[[[85.11900198290883,26.172322203837037],[85.1228026209132,26.16777193234932],[85.13537396200462,26.163525012294123],[85.14151345416555,26.166255175186752],[85.15759307649176,26.16049149796898],[85.16022428741788,26.166255175186752],[85.16841027696577,26.16777193234932],[85.16870263373534,26.166255175186752],[85.16431728219183,26.15715463221132],[85.17425741235712,26.151087603561034],[85.17688862328323,26.134403274772747],[85.18390518575286,26.134403274772747],[85.18215104513546,26.123785974634746],[85.18887525083551,26.118932351714516],[85.19092174822248,26.110438511604116],[85.20466251639216,26.106494942981428],[85.20378544608346,26.092237425653256],[85.21284850594006,26.08617039700297],[85.21898799810099,26.085867045570456],[85.2143102897879,26.07555309686497],[85.21547971686617,26.06796931105211],[85.23740647458375,26.05735201091411],[85.24588482090121,26.055835253751535],[85.2531937401404,26.04976822510125],[85.2596255890709,26.05340844229142],[85.26518036769268,26.044611250748506],[85.2721969301623,26.03915092496325],[85.28155234678847,26.046734710776107],[85.29061540664506,26.044611250748506],[85.28447591448415,26.02792692196022],[85.28476827125371,26.01184929603696],[85.27979820617107,26.007299024549244],[85.27161221662317,26.01336605319953],[85.25582495106651,26.011242593171932],[85.23974532874028,26.015186161794617],[85.2341905501185,26.003658807359074],[85.22308099287493,25.99941188730387],[85.20934022470524,26.00608561881919],[85.18887525083551,26.0021420501965],[85.18916760760507,26.005478915954157],[85.17484212589626,26.010939241739415],[85.16811792019621,26.010332538874387],[85.16197842803528,26.0042655102241],[85.15028415725257,26.003658807359074],[85.13215803753937,25.99728842727627],[85.11315484751748,26.000928644466445],[85.10496885796958,25.998805184438844],[85.10584592827828,25.981514152785525],[85.09619815488256,25.98121080135301],[85.08508859763899,25.976357178432785],[85.07924146224762,25.970896852647524],[85.06637776438664,25.974233718405184],[85.05789941806918,25.98394096424564],[85.05731470453004,25.991828101491013],[85.03392616296463,25.997895130141302],[85.01580004325143,25.994861615816156],[85.00556755631656,26.007299024549244],[84.9970892099991,26.00911913314433],[85.00235163185133,26.016399567524676],[85.0061522698557,26.030353733420334],[85.01550768648187,26.03156713915039],[85.02895609788197,26.02671351623016],[85.03071023849938,26.032173842015418],[85.03977329835598,26.033993950610505],[85.05351406652566,26.032173842015418],[85.06667012115622,26.033993950610505],[85.07017840239102,26.048858170803708],[85.07690260809107,26.049161522236222],[85.07719496486065,26.06432909386194],[85.0748561107041,26.072519582539826],[85.07836439193892,26.07706985402754],[85.08888923564336,26.077373205460052],[85.09415165749557,26.069182716782166],[85.09005866272163,26.05098163083131],[85.07982617578676,26.048858170803708],[85.08538095440855,26.04066768212582],[85.09152044656946,26.04764476507365],[85.11169306366963,26.045217953613534],[85.11549370167401,26.040971033558336],[85.12455676153061,26.041881087855877],[85.12543383183932,26.058565416644164],[85.14443702186122,26.05826206521165],[85.15291536817868,26.06705925675457],[85.14502173540035,26.07919331405514],[85.14589880570907,26.084350288407883],[85.12777268599586,26.0889005598956],[85.12689561568716,26.09830445430354],[85.1184172693697,26.104674834386344],[85.10379943089131,26.10952845730657],[85.09736758196082,26.11498878309183],[85.0994140793478,26.128032894689944],[85.10730771212613,26.136830086232862],[85.1166631287523,26.13956024912549],[85.12192555060452,26.14714403493835],[85.12338733445235,26.15715463221132],[85.11900198290883,26.172322203837037]]]},"properties":{"name":"Saraiya","lgd":1893,"census":"0190","district":"Muzaffarpur","dist_lgd":208,"state":"Bihar","state_lgd":10,"id":"IN-BR-B-1893","source_name":"Saraiya","level":"block","mausam_level":"block","source_code":"1893","parent_code":"208","parent_id":"IN-BR-D-208","district_code":"208","state_code":"10","block_code":"1893"}},{"type":"Feature","id":"1890","geometry":{"type":"Polygon","coordinates":[[[85.01638475679057,26.219645027309273],[85.03129495203852,26.207207618576184],[85.04678986082561,26.19992718419584],[85.0523446394474,26.184456261137612],[85.05117521236912,26.170198743809436],[85.05936120191703,26.16473841802418],[85.07544082424324,26.162311606564064],[85.09005866272163,26.168378635214353],[85.09268987364774,26.174142312432124],[85.1020452902739,26.161401552266522],[85.11227777720877,26.16200825513155],[85.11403191782618,26.171412149539496],[85.11900198290883,26.172322203837037],[85.12338733445235,26.15715463221132],[85.12192555060452,26.14714403493835],[85.1166631287523,26.13956024912549],[85.10730771212613,26.136830086232862],[85.0994140793478,26.128032894689944],[85.09736758196082,26.11498878309183],[85.10379943089131,26.10952845730657],[85.1184172693697,26.104674834386344],[85.12689561568716,26.09830445430354],[85.12777268599586,26.0889005598956],[85.14589880570907,26.084350288407883],[85.14502173540035,26.07919331405514],[85.15291536817868,26.06705925675457],[85.14443702186122,26.05826206521165],[85.12543383183932,26.058565416644164],[85.12455676153061,26.041881087855877],[85.11549370167401,26.040971033558336],[85.11169306366963,26.045217953613534],[85.09152044656946,26.04764476507365],[85.08538095440855,26.04066768212582],[85.07982617578676,26.048858170803708],[85.09005866272163,26.05098163083131],[85.09415165749557,26.069182716782166],[85.08888923564336,26.077373205460052],[85.07836439193892,26.07706985402754],[85.0748561107041,26.072519582539826],[85.07719496486065,26.06432909386194],[85.07690260809107,26.049161522236222],[85.07017840239102,26.048858170803708],[85.06667012115622,26.033993950610505],[85.05351406652566,26.032173842015418],[85.03977329835598,26.033993950610505],[85.03071023849938,26.032173842015418],[85.02895609788197,26.02671351623016],[85.01550768648187,26.03156713915039],[85.0061522698557,26.030353733420334],[85.00235163185133,26.016399567524676],[84.9970892099991,26.00911913314433],[84.98159430121201,26.004568861656615],[84.96843824658147,25.99455826438364],[84.96025225703357,25.996681724411243],[84.95557454872049,26.008512430279303],[84.94271085085951,26.013062701767016],[84.93569428838988,26.01821967611976],[84.93218600715508,26.03005038198782],[84.93540193162032,26.04006097926079],[84.93423250454205,26.05067827939879],[84.94329556439865,26.054015145156452],[84.94914269979,26.063722390996908],[84.94475734824648,26.07221623110731],[84.94651148886389,26.08010336835268],[84.94592677532475,26.09375418281583],[84.93978728316384,26.09891115716857],[84.94797327271172,26.103461428656285],[84.93978728316384,26.10861840300903],[84.94124906701167,26.118932351714516],[84.91961466606367,26.13652673480035],[84.90996689266792,26.154727820751205],[84.91581402805929,26.16473841802418],[84.91786052544626,26.17808588105481],[84.92955479622896,26.179905989649896],[84.93130893684636,26.17656912389224],[84.94329556439865,26.172928906702065],[84.95118919717697,26.179602638217382],[84.96229875442054,26.177175826757267],[84.96873060335103,26.18597301830018],[84.97253124135541,26.17808588105481],[84.9798401605946,26.17747917818978],[84.98597965275553,26.190219938355384],[84.98188665798158,26.194163506978068],[84.98364079859898,26.206297564278643],[84.99241150168602,26.203870752818528],[84.99884335061651,26.217521567281672],[85.00410577246873,26.221768487336874],[85.01638475679057,26.219645027309273]]]},"properties":{"name":"Paroo","lgd":1890,"census":"0189","district":"Muzaffarpur","dist_lgd":208,"state":"Bihar","state_lgd":10,"id":"IN-BR-B-1890","source_name":"Paroo","level":"block","mausam_level":"block","source_code":"1890","parent_code":"208","parent_id":"IN-BR-D-208","district_code":"208","state_code":"10","block_code":"1890"}},{"type":"Feature","id":"1980","geometry":{"type":"Polygon","coordinates":[[[84.77957577344074,26.451102170317704],[84.81027323424534,26.44200162734227],[84.81495094255843,26.4362379501245],[84.82810699718897,26.43532789582696],[84.836877700276,26.437148004422042],[84.83980126797168,26.410149726928267],[84.8342464893499,26.39831902106021],[84.82752228364984,26.394982155302554],[84.83570827319774,26.386184963759636],[84.84272483566735,26.38648831519215],[84.86202038245882,26.37920788081181],[84.87605350739807,26.378904529379295],[84.88540892402423,26.38375815229952],[84.89242548649386,26.37526431218912],[84.89184077295474,26.362826903456032],[84.89564141095912,26.355243117643177],[84.90879746558966,26.345232520370203],[84.90675096820269,26.337648734557344],[84.91522931452015,26.33795208598986],[84.91669109836798,26.32551467725677],[84.90967453589836,26.323391217229172],[84.9020732598896,26.3261213801218],[84.89622612449824,26.31702083714637],[84.88804013495036,26.29881975119551],[84.88102357248073,26.27849520521705],[84.87751529124591,26.261810876428765],[84.87196051262413,26.256957253508535],[84.86815987461975,26.25726060494105],[84.85617324706747,26.270304716539165],[84.83629298673686,26.279405259514593],[84.83219999196292,26.286382342462424],[84.82547578626287,26.282135422407222],[84.80618023947139,26.285775639597396],[84.80910380716708,26.294876182572825],[84.80939616393664,26.313077268523685],[84.80764202331923,26.320964405769057],[84.78542290883209,26.337042031692317],[84.77431335158852,26.341895654612546],[84.76788150265803,26.33734538312483],[84.76203436726668,26.34644592610026],[84.74770888555786,26.358883334833347],[84.76729678911889,26.370107337836377],[84.76846621619717,26.378297826514263],[84.75560251833619,26.381027989406892],[84.75940315634057,26.398622372492724],[84.75326366417964,26.40741956403564],[84.76437322142321,26.410756429793295],[84.76495793496235,26.41803686417364],[84.75560251833619,26.421070378498783],[84.75618723187532,26.426227352851527],[84.76437322142321,26.43987816731467],[84.76671207557976,26.45170887318273],[84.77957577344074,26.451102170317704]]]},"properties":{"name":"Kesaria","lgd":1980,"census":"0035","district":"Purbi Champaran","dist_lgd":213,"state":"Bihar","state_lgd":10,"id":"IN-BR-B-1980","source_name":"Kesaria","level":"block","mausam_level":"block","source_code":"1980","parent_code":"213","parent_id":"IN-BR-D-213","district_code":"213","state_code":"10","block_code":"1980"}},{"type":"Feature","id":"1891","geometry":{"type":"Polygon","coordinates":[[[85.03158730880808,26.32308786579666],[85.03568030358204,26.317930891443915],[85.03626501712117,26.300336508358082],[85.03948094158642,26.293966128275283],[85.0359726603516,26.277888502352024],[85.02281660572106,26.28031531381214],[85.0225242489515,26.261507524996247],[85.01082997816879,26.249070116263162],[85.0152153297123,26.23996957328773],[85.02457074633847,26.235419301800018],[85.01638475679057,26.219645027309273],[85.00410577246873,26.221768487336874],[84.99884335061651,26.217521567281672],[84.99241150168602,26.203870752818528],[84.98364079859898,26.206297564278643],[84.98188665798158,26.194163506978068],[84.98597965275553,26.190219938355384],[84.9798401605946,26.17747917818978],[84.97253124135541,26.17808588105481],[84.96873060335103,26.18597301830018],[84.96229875442054,26.177175826757267],[84.95118919717697,26.179602638217382],[84.94329556439865,26.172928906702065],[84.93130893684636,26.17656912389224],[84.92955479622896,26.179905989649896],[84.91786052544626,26.17808588105481],[84.91172103328533,26.18384955827258],[84.90178090312003,26.198713778465784],[84.89973440573306,26.207207618576184],[84.89359491357214,26.216308161551616],[84.90587389789398,26.22571205595956],[84.90441211404614,26.235722653232532],[84.88336242663726,26.232992490339903],[84.87196051262413,26.256957253508535],[84.87751529124591,26.261810876428765],[84.88102357248073,26.27849520521705],[84.88804013495036,26.29881975119551],[84.89622612449824,26.31702083714637],[84.9020732598896,26.3261213801218],[84.90967453589836,26.323391217229172],[84.91669109836798,26.32551467725677],[84.92078409314193,26.328548191581916],[84.94475734824648,26.32763813728437],[84.98013251736418,26.32308786579666],[84.98948793399035,26.330368300177],[85.00001277769478,26.33309846306963],[85.01375354586446,26.328244840149402],[85.01550768648187,26.322481162931627],[85.02398603279933,26.319751000039],[85.03158730880808,26.32308786579666]]]},"properties":{"name":"Sahebganj","lgd":1891,"census":"0187","district":"Muzaffarpur","dist_lgd":208,"state":"Bihar","state_lgd":10,"id":"IN-BR-B-1891","source_name":"Sahebganj","level":"block","mausam_level":"block","source_code":"1891","parent_code":"208","parent_id":"IN-BR-D-208","district_code":"208","state_code":"10","block_code":"1891"}},{"type":"Feature","id":"1979","geometry":{"type":"Polygon","coordinates":[[[85.06637776438664,26.39134193811238],[85.06257712638227,26.38770172092221],[85.05965355868659,26.376174366486662],[85.06900897531276,26.379814583676836],[85.07836439193892,26.377084420784207],[85.08158031640417,26.372230797863978],[85.07807203516936,26.361613497725976],[85.061407699304,26.365253714916147],[85.05789941806918,26.34583922323523],[85.04357393636036,26.343109060342602],[85.0441586498995,26.338558788854886],[85.0359726603516,26.334008517367174],[85.03158730880808,26.32308786579666],[85.02398603279933,26.319751000039],[85.01550768648187,26.322481162931627],[85.01375354586446,26.328244840149402],[85.00001277769478,26.33309846306963],[84.98948793399035,26.330368300177],[84.98013251736418,26.32308786579666],[84.94475734824648,26.32763813728437],[84.92078409314193,26.328548191581916],[84.91669109836798,26.32551467725677],[84.91522931452015,26.33795208598986],[84.90675096820269,26.337648734557344],[84.90879746558966,26.345232520370203],[84.89564141095912,26.355243117643177],[84.89184077295474,26.362826903456032],[84.89242548649386,26.37526431218912],[84.88540892402423,26.38375815229952],[84.87605350739807,26.378904529379295],[84.86202038245882,26.37920788081181],[84.84272483566735,26.38648831519215],[84.83570827319774,26.386184963759636],[84.82752228364984,26.394982155302554],[84.8342464893499,26.39831902106021],[84.83980126797168,26.410149726928267],[84.836877700276,26.437148004422042],[84.84301719243692,26.438058058719587],[84.86523630692407,26.435934598691986],[84.86552866369364,26.4532256303453],[84.87546879385894,26.454742387507874],[84.87663822093721,26.46353957905079],[84.8839471401764,26.486897639354392],[84.89008663233733,26.487807693651934],[84.89359491357214,26.501761859547596],[84.90499682758528,26.50145850811508],[84.91142867651577,26.496908236627366],[84.9210764499115,26.48477417932679],[84.93364779100291,26.478403799243992],[84.92400001760717,26.47537028491885],[84.9219535202202,26.468999904836046],[84.92546180145501,26.45929265899559],[84.94037199670296,26.449888764587644],[84.93949492639426,26.4426083302073],[84.95791340287703,26.441394924477244],[84.9681458898119,26.434417841529413],[84.97370066843368,26.427137407149072],[84.98510258244683,26.426227352851527],[84.98568729598597,26.43259773293433],[84.9970892099991,26.432294381501816],[85.00702934016441,26.4277441100141],[85.00936819432094,26.43259773293433],[85.02135482187322,26.43047427290673],[85.0225242489515,26.42076702706627],[85.03451087650376,26.41045307836078],[85.03187966557766,26.404386049710496],[85.04152743897339,26.40044248108781],[85.05819177483875,26.39619556103261],[85.06637776438664,26.39134193811238]]]},"properties":{"name":"Kalyanpur","lgd":1979,"census":"0036","district":"Purbi Champaran","dist_lgd":213,"state":"Bihar","state_lgd":10,"id":"IN-BR-B-1979","source_name":"Kalyanpur","level":"block","mausam_level":"block","source_code":"1979","parent_code":"213","parent_id":"IN-BR-D-213","district_code":"213","state_code":"10","block_code":"1979"}},{"type":"Feature","id":"1973","geometry":{"type":"Polygon","coordinates":[[[85.03860387127772,26.529670191338912],[85.02193953541236,26.516626079740796],[85.01930832448625,26.506008779602794],[85.02632488695588,26.49144791084211],[85.0342185197342,26.49084120797708],[85.0359726603516,26.484167476461764],[85.04211215251253,26.47901050210902],[85.05059049882999,26.478707150676506],[85.05205228267783,26.471123364863647],[85.06111534253444,26.471730067728675],[85.0540987800648,26.461112767590674],[85.05760706129962,26.452012224615245],[85.08333445702158,26.432901084366843],[85.09239751687817,26.434721192961927],[85.0929822304173,26.424407244256443],[85.08684273825638,26.41803686417364],[85.06930133208232,26.416823458443584],[85.06871661854319,26.41227318695587],[85.0821650299433,26.402262589682895],[85.08011853255633,26.399229075357752],[85.07807203516936,26.388915126652265],[85.07164018623887,26.386791666624664],[85.06637776438664,26.39134193811238],[85.05819177483875,26.39619556103261],[85.04152743897339,26.40044248108781],[85.03187966557766,26.404386049710496],[85.03451087650376,26.41045307836078],[85.0225242489515,26.42076702706627],[85.02135482187322,26.43047427290673],[85.00936819432094,26.43259773293433],[85.00702934016441,26.4277441100141],[84.9970892099991,26.432294381501816],[84.98568729598597,26.43259773293433],[84.98510258244683,26.426227352851527],[84.97370066843368,26.427137407149072],[84.9681458898119,26.434417841529413],[84.95791340287703,26.441394924477244],[84.93949492639426,26.4426083302073],[84.94037199670296,26.449888764587644],[84.92546180145501,26.45929265899559],[84.9219535202202,26.468999904836046],[84.92400001760717,26.47537028491885],[84.93364779100291,26.478403799243992],[84.9210764499115,26.48477417932679],[84.91142867651577,26.496908236627366],[84.9210764499115,26.496908236627366],[84.92516944468545,26.50418867100771],[84.91318281713318,26.50570542817028],[84.91610638482885,26.513895916848167],[84.90616625466355,26.514805971145712],[84.89710319480695,26.52178305409354],[84.89710319480695,26.529063488473884],[84.90733568174181,26.531490299934],[84.90645861143312,26.5399841400444],[84.92721594207242,26.536647274286743],[84.93306307746377,26.543017654369542],[84.93861785608556,26.528153434176343],[84.94709620240303,26.536950625719257],[84.95703633256832,26.532703705664055],[84.96054461380314,26.53604057142171],[84.96317582472925,26.5484779801548],[84.97048474396844,26.546657871559713],[84.98451786890769,26.555758414535145],[85.00322870216002,26.557578523130232],[85.01141469170793,26.55424165737257],[85.01053762139921,26.546657871559713],[85.00176691831219,26.53877073431434],[84.98861086368164,26.543321005802056],[84.98364079859898,26.540590842909427],[84.98481022567725,26.531490299934],[84.99591978292082,26.53088359706897],[85.00469048600786,26.526940028446283],[85.01726182709928,26.52876013704137],[85.02398603279933,26.535737219989198],[85.02720195726457,26.545444465829657],[85.0350955900429,26.542410951504515],[85.03860387127772,26.529670191338912]]]},"properties":{"name":"Chakia (pipra)","lgd":1973,"census":"0039","district":"Purbi Champaran","dist_lgd":213,"state":"Bihar","state_lgd":10,"id":"IN-BR-B-1973","source_name":"Chakia (pipra)","level":"block","mausam_level":"block","source_code":"1973","parent_code":"213","parent_id":"IN-BR-D-213","district_code":"213","state_code":"10","block_code":"1973"}},{"type":"Feature","id":"1989","geometry":{"type":"Polygon","coordinates":[[[84.94709620240303,26.536950625719257],[84.93861785608556,26.528153434176343],[84.93306307746377,26.543017654369542],[84.92721594207242,26.536647274286743],[84.90645861143312,26.5399841400444],[84.89417962711127,26.54271430293703],[84.89154841618516,26.534523814259142],[84.87839236155462,26.539074085746858],[84.87459172355024,26.5463545201272],[84.87605350739807,26.553938305940058],[84.88190064278943,26.555758414535145],[84.88277771309814,26.563645551780517],[84.86786751785019,26.56667906610566],[84.8623127392284,26.584576800624006],[84.88014650217202,26.58488015205652],[84.89008663233733,26.592160586436865],[84.89505669741997,26.606114752332523],[84.89505669741997,26.590947180706806],[84.89973440573306,26.585486854921548],[84.91493695775058,26.586700260651604],[84.92400001760717,26.58366674632646],[84.9310165800768,26.58852036924669],[84.94066435347253,26.588823720679205],[84.96259111119011,26.57729636624366],[84.97370066843368,26.576082960513602],[84.9745777387424,26.567285768970688],[84.96931531689017,26.556365117400173],[84.95908282995529,26.551511494479943],[84.9500197700987,26.550904791614915],[84.94563441855519,26.541500897206973],[84.94709620240303,26.536950625719257]]]},"properties":{"name":"Pipra Kothi","lgd":1989,"census":"0038","district":"Purbi Champaran","dist_lgd":213,"state":"Bihar","state_lgd":10,"id":"IN-BR-B-1989","source_name":"Pipra Kothi","level":"block","mausam_level":"block","source_code":"1989","parent_code":"213","parent_id":"IN-BR-D-213","district_code":"213","state_code":"10","block_code":"1989"}},{"type":"Feature","id":"1995","geometry":{"type":"Polygon","coordinates":[[[84.89505669741997,26.606114752332523],[84.89008663233733,26.592160586436865],[84.88014650217202,26.58488015205652],[84.8623127392284,26.584576800624006],[84.86786751785019,26.56667906610566],[84.88277771309814,26.563645551780517],[84.88190064278943,26.555758414535145],[84.87605350739807,26.553938305940058],[84.87459172355024,26.5463545201272],[84.87839236155462,26.539074085746858],[84.86114331215012,26.547264574424744],[84.84886432782828,26.549084683019828],[84.84623311690217,26.557578523130232],[84.82664521334114,26.56030868602286],[84.82284457533676,26.570015931863317],[84.81085794778448,26.564858957510573],[84.804426098854,26.56667906610566],[84.79185475776258,26.56091538888789],[84.78337641144512,26.565465660375605],[84.78922354683647,26.580329880568804],[84.80121017438874,26.58002652913629],[84.80354902854529,26.597924263654637],[84.81319680194102,26.605204698034978],[84.80647259624097,26.61642870103801],[84.7862999791408,26.619462215363153],[84.79273182807128,26.607631509495093],[84.77606749220593,26.599137669384692],[84.76583500527106,26.60672145519755],[84.76846621619717,26.615518646740465],[84.77519042189722,26.618855512498126],[84.77402099481895,26.625225892580925],[84.7599878698797,26.63614654415144],[84.76788150265803,26.649190655749557],[84.77577513543636,26.6564710901299],[84.7708050703537,26.661628064482645],[84.77548277866678,26.667088390267903],[84.78688469267993,26.669818553160532],[84.78922354683647,26.68013250186602],[84.78571526560165,26.69074980200402],[84.7880541197582,26.695300073491733],[84.79945603377134,26.69347996489665],[84.81115030455405,26.70076039927699],[84.82430635918459,26.698333587816876],[84.82489107272373,26.69347996489665],[84.83570827319774,26.689839747706475],[84.84067833828038,26.683166016191162],[84.85032611167611,26.68528947621876],[84.86143566891968,26.676492284675845],[84.85792738768488,26.667998444565445],[84.86377452307623,26.6607180101851],[84.8666980907719,26.64858395288453],[84.86552866369364,26.63978676134161],[84.85734267414574,26.630989569798697],[84.86523630692407,26.625832595445953],[84.87254522616327,26.637359949881496],[84.88131592925029,26.64100016707167],[84.8848242104851,26.651314115777158],[84.8830700698677,26.662538118780187],[84.8921331297243,26.664964930240302],[84.89271784326343,26.65707779299493],[84.89885733542435,26.646460492856928],[84.90090383281134,26.64312362709927],[84.88804013495036,26.62765270404104],[84.8994420489635,26.62006891822818],[84.89505669741997,26.606114752332523]]]},"properties":{"name":"Turkaulia","lgd":1995,"census":"0030","district":"Purbi Champaran","dist_lgd":213,"state":"Bihar","state_lgd":10,"id":"IN-BR-B-1995","source_name":"Turkaulia","level":"block","mausam_level":"block","source_code":"1995","parent_code":"213","parent_id":"IN-BR-D-213","district_code":"213","state_code":"10","block_code":"1995"}},{"type":"Feature","id":"1981","geometry":{"type":"Polygon","coordinates":[[[84.836877700276,26.437148004422042],[84.82810699718897,26.43532789582696],[84.81495094255843,26.4362379501245],[84.81027323424534,26.44200162734227],[84.77957577344074,26.451102170317704],[84.78688469267993,26.451405521750218],[84.79127004422344,26.481437313569135],[84.78454583852339,26.482954070731708],[84.7871770494495,26.491144559409594],[84.78249934113641,26.494178073734737],[84.7798681302103,26.531186948501485],[84.78454583852339,26.5336137599616],[84.78396112498424,26.54271430293703],[84.77606749220593,26.539074085746858],[84.76612736204062,26.539680788611886],[84.76291143757538,26.5484779801548],[84.75823372926229,26.5506014401824],[84.7608649401884,26.561522091752916],[84.75881844280143,26.571229337593376],[84.76437322142321,26.57304944618846],[84.78337641144512,26.565465660375605],[84.79185475776258,26.56091538888789],[84.804426098854,26.56667906610566],[84.81085794778448,26.564858957510573],[84.82284457533676,26.570015931863317],[84.82664521334114,26.56030868602286],[84.84623311690217,26.557578523130232],[84.84886432782828,26.549084683019828],[84.86114331215012,26.547264574424744],[84.87839236155462,26.539074085746858],[84.89154841618516,26.534523814259142],[84.89417962711127,26.54271430293703],[84.90645861143312,26.5399841400444],[84.90733568174181,26.531490299934],[84.89710319480695,26.529063488473884],[84.89710319480695,26.52178305409354],[84.90616625466355,26.514805971145712],[84.91610638482885,26.513895916848167],[84.91318281713318,26.50570542817028],[84.92516944468545,26.50418867100771],[84.9210764499115,26.496908236627366],[84.91142867651577,26.496908236627366],[84.90499682758528,26.50145850811508],[84.89359491357214,26.501761859547596],[84.89008663233733,26.487807693651934],[84.8839471401764,26.486897639354392],[84.87663822093721,26.46353957905079],[84.87546879385894,26.454742387507874],[84.86552866369364,26.4532256303453],[84.86523630692407,26.435934598691986],[84.84301719243692,26.438058058719587],[84.836877700276,26.437148004422042]]]},"properties":{"name":"Kotwa","lgd":1981,"census":"0037","district":"Purbi Champaran","dist_lgd":213,"state":"Bihar","state_lgd":10,"id":"IN-BR-B-1981","source_name":"Kotwa","level":"block","mausam_level":"block","source_code":"1981","parent_code":"213","parent_id":"IN-BR-D-213","district_code":"213","state_code":"10","block_code":"1981"}},{"type":"Feature","id":"1992","geometry":{"type":"Polygon","coordinates":[[[84.74537003140131,26.361613497725976],[84.73045983615336,26.37526431218912],[84.72256620337504,26.399229075357752],[84.71847320860108,26.401352535385353],[84.71233371644017,26.427137407149072],[84.70619422427924,26.43138432720427],[84.69537702380524,26.43350778723187],[84.6839751097921,26.44109157304473],[84.6658489900789,26.457775901833017],[84.65093879483095,26.46353957905079],[84.65883242760927,26.489021099381993],[84.6667260603876,26.507525536765367],[84.6658489900789,26.51419926828068],[84.67812797440075,26.512985862550625],[84.6939152399574,26.503885319575193],[84.69654645088352,26.511772456820566],[84.70677893781838,26.515109322578226],[84.71321078674887,26.53088359706897],[84.71964263567935,26.529670191338912],[84.72402798722287,26.53725397715177],[84.73455283092731,26.53877073431434],[84.74624710171003,26.53513051712417],[84.75589487510575,26.540287491476914],[84.76612736204062,26.539680788611886],[84.77606749220593,26.539074085746858],[84.78396112498424,26.54271430293703],[84.78454583852339,26.5336137599616],[84.7798681302103,26.531186948501485],[84.78249934113641,26.494178073734737],[84.7871770494495,26.491144559409594],[84.78454583852339,26.482954070731708],[84.79127004422344,26.481437313569135],[84.78688469267993,26.451405521750218],[84.77957577344074,26.451102170317704],[84.76671207557976,26.45170887318273],[84.76437322142321,26.43987816731467],[84.75618723187532,26.426227352851527],[84.75560251833619,26.421070378498783],[84.76495793496235,26.41803686417364],[84.76437322142321,26.410756429793295],[84.75326366417964,26.40741956403564],[84.75940315634057,26.398622372492724],[84.75560251833619,26.381027989406892],[84.76846621619717,26.378297826514263],[84.76729678911889,26.370107337836377],[84.74770888555786,26.358883334833347],[84.74537003140131,26.361613497725976]]]},"properties":{"name":"Sangrampur","lgd":1992,"census":"0034","district":"Purbi Champaran","dist_lgd":213,"state":"Bihar","state_lgd":10,"id":"IN-BR-B-1992","source_name":"Sangrampur","level":"block","mausam_level":"block","source_code":"1992","parent_code":"213","parent_id":"IN-BR-D-213","district_code":"213","state_code":"10","block_code":"1992"}},{"type":"Feature","id":"1978","geometry":{"type":"Polygon","coordinates":[[[84.78571526560165,26.69074980200402],[84.78922354683647,26.68013250186602],[84.78688469267993,26.669818553160532],[84.77548277866678,26.667088390267903],[84.7708050703537,26.661628064482645],[84.77577513543636,26.6564710901299],[84.76788150265803,26.649190655749557],[84.7599878698797,26.63614654415144],[84.77402099481895,26.625225892580925],[84.77519042189722,26.618855512498126],[84.76846621619717,26.615518646740465],[84.76583500527106,26.60672145519755],[84.77606749220593,26.599137669384692],[84.79273182807128,26.607631509495093],[84.7862999791408,26.619462215363153],[84.80647259624097,26.61642870103801],[84.81319680194102,26.605204698034978],[84.80354902854529,26.597924263654637],[84.80121017438874,26.58002652913629],[84.78922354683647,26.580329880568804],[84.78337641144512,26.565465660375605],[84.76437322142321,26.57304944618846],[84.75881844280143,26.571229337593376],[84.7608649401884,26.561522091752916],[84.75823372926229,26.5506014401824],[84.76291143757538,26.5484779801548],[84.76612736204062,26.539680788611886],[84.75589487510575,26.540287491476914],[84.74624710171003,26.53513051712417],[84.73455283092731,26.53877073431434],[84.72402798722287,26.53725397715177],[84.71964263567935,26.529670191338912],[84.71321078674887,26.53088359706897],[84.70677893781838,26.515109322578226],[84.69654645088352,26.511772456820566],[84.69420759672697,26.53634392285423],[84.69800823473135,26.541804248639487],[84.70414772689227,26.56303884891549],[84.69537702380524,26.56880252613326],[84.6848521801008,26.57031928329583],[84.6822209691747,26.56394890321303],[84.65707828699188,26.564252254645545],[84.64801522713528,26.563342200348004],[84.64743051359613,26.576082960513602],[84.63222796157862,26.588823720679205],[84.6369056698917,26.60672145519755],[84.6187795501785,26.609148266657666],[84.62316490172202,26.619765566795667],[84.62258018818288,26.627956055473554],[84.63076617773078,26.626135946878467],[84.63456681573516,26.61521529530795],[84.64918465421354,26.604901346602464],[84.65503178960489,26.624315838283383],[84.6658489900789,26.623102432553324],[84.67111141193112,26.61794545820058],[84.67111141193112,26.607934860927607],[84.68455982333123,26.606418103765037],[84.69245345610956,26.609754969522694],[84.70444008366184,26.60308123800738],[84.70590186750968,26.624012486850866],[84.69479231026611,26.62067562109321],[84.69157638580086,26.62643929831098],[84.69274581287914,26.637359949881496],[84.68455982333123,26.640393464206642],[84.68192861240513,26.634326435556353],[84.67315790931809,26.635843192718927],[84.66614134684846,26.64524708712687],[84.66204835207452,26.6607180101851],[84.66380249269193,26.669818553160532],[84.67257319577897,26.678615744703446],[84.68192861240513,26.677098987540873],[84.68660632071821,26.687109584813847],[84.70268594304443,26.67254871605316],[84.70385537012271,26.68164925902859],[84.70970250551406,26.69287326203162],[84.71905792214022,26.691963207734076],[84.72256620337504,26.698333587816876],[84.73659932831428,26.707434130792308],[84.74770888555786,26.705007319332193],[84.74127703662737,26.691659856301563],[84.74507767463174,26.68741293624636],[84.7573566589536,26.691659856301563],[84.76525029173192,26.69924364211442],[84.77372863804938,26.693176613464132],[84.78571526560165,26.69074980200402]]]},"properties":{"name":"Harsidhi","lgd":1978,"census":"0031","district":"Purbi Champaran","dist_lgd":213,"state":"Bihar","state_lgd":10,"id":"IN-BR-B-1978","source_name":"Harsidhi","level":"block","mausam_level":"block","source_code":"1978","parent_code":"213","parent_id":"IN-BR-D-213","district_code":"213","state_code":"10","block_code":"1978"}},{"type":"Feature","id":"1993","geometry":{"type":"Polygon","coordinates":[[[84.7880541197582,26.695300073491733],[84.78571526560165,26.69074980200402],[84.77372863804938,26.693176613464132],[84.76525029173192,26.69924364211442],[84.7573566589536,26.691659856301563],[84.74507767463174,26.68741293624636],[84.74127703662737,26.691659856301563],[84.74770888555786,26.705007319332193],[84.73659932831428,26.707434130792308],[84.72256620337504,26.698333587816876],[84.71905792214022,26.691963207734076],[84.70970250551406,26.69287326203162],[84.70385537012271,26.68164925902859],[84.70268594304443,26.67254871605316],[84.68660632071821,26.687109584813847],[84.67812797440075,26.69226655916659],[84.67958975824858,26.698333587816876],[84.68865281810518,26.706524076494762],[84.69069931549215,26.713501159442593],[84.70122415919658,26.717141376632764],[84.70385537012271,26.734735759718596],[84.7129184299793,26.74080278836888],[84.71935027890979,26.741106139801396],[84.7228585601446,26.749903331344314],[84.71818085183152,26.756273711427113],[84.7219814898359,26.765070902970027],[84.71759613829238,26.76931782302523],[84.71613435444455,26.778115014568144],[84.72139677629676,26.78964236900369],[84.73075219292294,26.800259669141692],[84.73747639862299,26.79813620911409],[84.74361589078391,26.80845015781958],[84.75297130741008,26.808753509252092],[84.76934328650586,26.805113292061918],[84.77928341667116,26.81573059219992],[84.78483819529296,26.83817859820598],[84.80354902854529,26.83605513817838],[84.81612036963669,26.825741189472893],[84.83395413258033,26.82483113517535],[84.83395413258033,26.81573059219992],[84.8523726090631,26.79328258619386],[84.85178789552396,26.775384851675515],[84.84623311690217,26.764160848672486],[84.83658534350644,26.759003874319742],[84.83161527842378,26.73625251688117],[84.83307706227163,26.726241919608196],[84.81612036963669,26.72442181101311],[84.79857896346263,26.707434130792308],[84.79243947130172,26.70470396789968],[84.7880541197582,26.695300073491733]]]},"properties":{"name":"Sugauli","lgd":1993,"census":"0022","district":"Purbi Champaran","dist_lgd":213,"state":"Bihar","state_lgd":10,"id":"IN-BR-B-1993","source_name":"Sugauli","level":"block","mausam_level":"block","source_code":"1993","parent_code":"213","parent_id":"IN-BR-D-213","district_code":"213","state_code":"10","block_code":"1993"}},{"type":"Feature","id":"1990","geometry":{"type":"Polygon","coordinates":[[[84.83395413258033,26.82483113517535],[84.81612036963669,26.825741189472893],[84.80354902854529,26.83605513817838],[84.78483819529296,26.83817859820598],[84.77928341667116,26.81573059219992],[84.76934328650586,26.805113292061918],[84.75297130741008,26.808753509252092],[84.74361589078391,26.80845015781958],[84.7409846798578,26.820887566552663],[84.72636684137942,26.821190917985177],[84.72519741430115,26.833628326718266],[84.73133690646206,26.836358489610895],[84.73367576061861,26.84303222112621],[84.72665919814898,26.84849254691147],[84.71935027890979,26.84576238401884],[84.71671906798369,26.85850314418444],[84.70444008366184,26.866086929997298],[84.70063944565746,26.87518747297273],[84.69040695872259,26.875794175837758],[84.68660632071821,26.89278185605856],[84.68923753164432,26.89429861322113],[84.70794836489665,26.890355044598444],[84.71496492736628,26.900972344736445],[84.71350314351844,26.910072887711877],[84.72432034399245,26.924937107905077],[84.73455283092731,26.923116999309993],[84.74332353401434,26.924633756472563],[84.75560251833619,26.919173430687305],[84.7708050703537,26.915533213497135],[84.7781139895929,26.92918402796028],[84.7798681302103,26.939497976665766],[84.78834647652776,26.942228139558395],[84.80910380716708,26.93858792236822],[84.80676495301053,26.92857732509525],[84.82284457533676,26.92524045933759],[84.83746241381513,26.926150513635136],[84.86465159338493,26.933127596582963],[84.85909681476315,26.912499699171992],[84.86377452307623,26.907039373386734],[84.85997388507185,26.89975893900639],[84.85821974445444,26.872760661512615],[84.86640573400234,26.870030498619986],[84.86289745276753,26.860019901347012],[84.85646560383704,26.851222709804098],[84.86348216630667,26.843335572558725],[84.85061846844569,26.836358489610895],[84.84564840336304,26.828471352365522],[84.836877700276,26.82968475809558],[84.83395413258033,26.82483113517535]]]},"properties":{"name":"Ramgarhwa","lgd":1990,"census":"0021","district":"Purbi Champaran","dist_lgd":213,"state":"Bihar","state_lgd":10,"id":"IN-BR-B-1990","source_name":"Ramgarhwa","level":"block","mausam_level":"block","source_code":"1990","parent_code":"213","parent_id":"IN-BR-D-213","district_code":"213","state_code":"10","block_code":"1990"}},{"type":"Feature","id":"1991","geometry":{"type":"Polygon","coordinates":[[[84.86465159338493,26.933127596582963],[84.83746241381513,26.926150513635136],[84.82284457533676,26.92524045933759],[84.80676495301053,26.92857732509525],[84.80910380716708,26.93858792236822],[84.78834647652776,26.942228139558395],[84.7798681302103,26.939497976665766],[84.7781139895929,26.92918402796028],[84.7708050703537,26.915533213497135],[84.75560251833619,26.919173430687305],[84.74332353401434,26.924633756472563],[84.73455283092731,26.923116999309993],[84.72432034399245,26.924937107905077],[84.71350314351844,26.910072887711877],[84.71496492736628,26.900972344736445],[84.70794836489665,26.890355044598444],[84.68923753164432,26.89429861322113],[84.68660632071821,26.89278185605856],[84.68046682855729,26.89005169316593],[84.67812797440075,26.914319807767075],[84.68631396394863,26.92281364787748],[84.69830059150092,26.92069018784988],[84.69888530504005,26.939497976665766],[84.70970250551406,26.941014733828336],[84.713795500288,26.94829516820868],[84.72490505753157,26.956485656886567],[84.73075219292294,26.95375549399394],[84.74156939339693,26.95527225115651],[84.74858595586656,26.964676145564454],[84.74478531786218,26.9740800399724],[84.74770888555786,26.986820800138002],[84.75969551311013,26.998348154573545],[84.75852608603186,27.00350512892629],[84.76466557819279,27.01290902333423],[84.77314392451025,27.01776264625446],[84.78279169790598,27.01412242906429],[84.7880541197582,27.005931940386404],[84.7862999791408,26.99865150600606],[84.79390125514955,26.99592134311343],[84.79916367700177,27.00350512892629],[84.8070573097801,27.00714534611646],[84.81582801286713,27.02049280914709],[84.82956878103681,27.019582754849548],[84.83833948412385,27.01412242906429],[84.8541267496805,27.00835875184652],[84.85734267414574,26.990461017328172],[84.86435923661537,26.984393988677887],[84.88248535632857,26.97893366289263],[84.88248535632857,26.972259931377312],[84.87546879385894,26.961339279806797],[84.86728280431105,26.958305765481654],[84.86903694492845,26.94617170818108],[84.86465159338493,26.933127596582963]]]},"properties":{"name":"Raxaul","lgd":1991,"census":"0019","district":"Purbi Champaran","dist_lgd":213,"state":"Bihar","state_lgd":10,"id":"IN-BR-B-1991","source_name":"Raxaul","level":"block","mausam_level":"block","source_code":"1991","parent_code":"213","parent_id":"IN-BR-D-213","district_code":"213","state_code":"10","block_code":"1991"}},{"type":"Feature","id":"1969","geometry":{"type":"Polygon","coordinates":[[[84.86348216630667,26.843335572558725],[84.85646560383704,26.851222709804098],[84.86289745276753,26.860019901347012],[84.86640573400234,26.870030498619986],[84.85821974445444,26.872760661512615],[84.85997388507185,26.89975893900639],[84.86377452307623,26.907039373386734],[84.85909681476315,26.912499699171992],[84.86465159338493,26.933127596582963],[84.86903694492845,26.94617170818108],[84.86728280431105,26.958305765481654],[84.87546879385894,26.961339279806797],[84.88248535632857,26.972259931377312],[84.88248535632857,26.97893366289263],[84.89184077295474,26.97286663424234],[84.9093821791288,26.968013011322114],[84.93364779100291,26.967709659889596],[84.9535280513335,26.96012587407674],[84.96259111119011,26.960429225509255],[84.97779366320763,26.941318085260853],[84.97837837674678,26.93616111090811],[84.97019238719888,26.92857732509525],[84.970777100738,26.917049970659704],[85.00001277769478,26.91189299630696],[84.99270385845558,26.903095804764046],[85.0043981292383,26.89490531608616],[85.00205927508175,26.88277125878559],[85.00761405370353,26.88004109589296],[85.00585991308614,26.869727147187472],[85.00001277769478,26.86669363286233],[84.99767392353823,26.859413198481985],[84.98744143660338,26.850312655506553],[84.98042487413375,26.864266821402214],[84.96142168411184,26.870637201485014],[84.95177391071611,26.871547255782556],[84.94709620240303,26.867300335727357],[84.92721594207242,26.8724573100801],[84.92400001760717,26.8618400099421],[84.92458473114631,26.844245626856267],[84.94329556439865,26.842728869693698],[84.93394014777247,26.826651243770435],[84.914644600981,26.829988109528095],[84.90821275205052,26.839392003936037],[84.91084396297663,26.84727914118141],[84.90324268696787,26.850919358371584],[84.88277771309814,26.847885844046438],[84.87868471832418,26.834538381015808],[84.88511656725467,26.828168000933008],[84.87605350739807,26.827864649500494],[84.86611337723278,26.832111569555696],[84.86348216630667,26.843335572558725]]]},"properties":{"name":"Adapur","lgd":1969,"census":"0020","district":"Purbi Champaran","dist_lgd":213,"state":"Bihar","state_lgd":10,"id":"IN-BR-B-1969","source_name":"Adapur","level":"block","mausam_level":"block","source_code":"1969","parent_code":"213","parent_id":"IN-BR-D-213","district_code":"213","state_code":"10","block_code":"1969"}},{"type":"Feature","id":"1972","geometry":{"type":"Polygon","coordinates":[[[85.13771281616116,26.870030498619986],[85.14999180048301,26.865783578564784],[85.14969944371344,26.858806495616957],[85.13449689169592,26.84636908688387],[85.12631090214802,26.842122166828666],[85.11958669644797,26.816033943632437],[85.10730771212613,26.818157403660035],[85.10964656628266,26.826651243770435],[85.08567331117811,26.82756129806798],[85.08099560286503,26.824224432310324],[85.05936120191703,26.830594812393123],[85.05439113683437,26.813607132172322],[85.05789941806918,26.806933400657005],[85.05497585037351,26.795102694788948],[85.05906884514745,26.783271988920887],[85.06667012115622,26.77417144594546],[85.0912280897999,26.773868094512945],[85.0994140793478,26.7665876601326],[85.09912172257823,26.760520631482315],[85.08976630595205,26.763250794374944],[85.0812879596346,26.757487117157172],[85.0812879596346,26.748993277046768],[85.07514846747367,26.747173168451685],[85.06637776438664,26.75111673707437],[85.05702234776048,26.74565641128911],[85.05059049882999,26.74626311415414],[85.04532807697777,26.754756954264543],[85.04035801189512,26.756273711427113],[85.0277866708037,26.75202679137191],[85.02486310310803,26.740499436936368],[85.01433825940359,26.73291565112351],[85.01199940524705,26.74201619409894],[85.00293634539045,26.74565641128911],[85.00556755631656,26.749903331344314],[85.00235163185133,26.759307225752256],[85.00673698339483,26.78539544894849],[85.01989303802537,26.79388928905889],[85.02398603279933,26.818764106525066],[85.01989303802537,26.839088652503523],[85.0225242489515,26.847582492613924],[85.02807902757328,26.853649521264213],[85.05760706129962,26.849099249776497],[85.07427139716498,26.85577298129181],[85.083042100252,26.853952872696727],[85.09999879288694,26.870940552917528],[85.12367969122191,26.871547255782556],[85.13771281616116,26.870030498619986]]]},"properties":{"name":"Bankatwa","lgd":1972,"census":"0025","district":"Purbi Champaran","dist_lgd":213,"state":"Bihar","state_lgd":10,"id":"IN-BR-B-1972","source_name":"Bankatwa","level":"block","mausam_level":"block","source_code":"1972","parent_code":"213","parent_id":"IN-BR-D-213","district_code":"213","state_code":"10","block_code":"1972"}},{"type":"Feature","id":"1974","geometry":{"type":"Polygon","coordinates":[[[84.88511656725467,26.828168000933008],[84.87868471832418,26.834538381015808],[84.88277771309814,26.847885844046438],[84.90324268696787,26.850919358371584],[84.91084396297663,26.84727914118141],[84.90821275205052,26.839392003936037],[84.914644600981,26.829988109528095],[84.93394014777247,26.826651243770435],[84.94329556439865,26.842728869693698],[84.92458473114631,26.844245626856267],[84.92400001760717,26.8618400099421],[84.92721594207242,26.8724573100801],[84.94709620240303,26.867300335727357],[84.95177391071611,26.871547255782556],[84.96142168411184,26.870637201485014],[84.98042487413375,26.864266821402214],[84.98744143660338,26.850312655506553],[84.99767392353823,26.859413198481985],[85.00001277769478,26.86669363286233],[85.00585991308614,26.869727147187472],[85.00761405370353,26.88004109589296],[85.00205927508175,26.88277125878559],[85.0043981292383,26.89490531608616],[85.02281660572106,26.891568450328503],[85.05380642329524,26.888838287435874],[85.05614527745178,26.8809511501905],[85.03071023849938,26.87397406724267],[85.02807902757328,26.853649521264213],[85.0225242489515,26.847582492613924],[85.01989303802537,26.839088652503523],[85.02398603279933,26.818764106525066],[85.01989303802537,26.79388928905889],[85.00673698339483,26.78539544894849],[85.00235163185133,26.759307225752256],[84.99007264752947,26.764160848672486],[84.98510258244683,26.777508311703116],[84.97954780382504,26.77144128305283],[84.97282359812499,26.771137931620316],[84.97370066843368,26.7623407400774],[84.95762104610746,26.7623407400774],[84.9573286893379,26.772351337350372],[84.93744842900729,26.774778148810487],[84.92633887176372,26.763250794374944],[84.9175681686767,26.770531228755285],[84.91318281713318,26.778721717433175],[84.90441211404614,26.775991554540543],[84.90353504373743,26.786608854678544],[84.90733568174181,26.791765829031288],[84.903827400507,26.799956317709174],[84.893010200033,26.80845015781958],[84.89037898910689,26.82179762085021],[84.88511656725467,26.828168000933008]]]},"properties":{"name":"Chawradano","lgd":1974,"census":"0024","district":"Purbi Champaran","dist_lgd":213,"state":"Bihar","state_lgd":10,"id":"IN-BR-B-1974","source_name":"Chawradano","level":"block","mausam_level":"block","source_code":"1974","parent_code":"213","parent_id":"IN-BR-D-213","district_code":"213","state_code":"10","block_code":"1974"}},{"type":"Feature","id":"1971","geometry":{"type":"Polygon","coordinates":[[[84.89885733542435,26.646460492856928],[84.89271784326343,26.65707779299493],[84.8921331297243,26.664964930240302],[84.8830700698677,26.662538118780187],[84.8848242104851,26.651314115777158],[84.88131592925029,26.64100016707167],[84.87254522616327,26.637359949881496],[84.86523630692407,26.625832595445953],[84.85734267414574,26.630989569798697],[84.86552866369364,26.63978676134161],[84.8666980907719,26.64858395288453],[84.86377452307623,26.6607180101851],[84.85792738768488,26.667998444565445],[84.86143566891968,26.676492284675845],[84.85032611167611,26.68528947621876],[84.84067833828038,26.683166016191162],[84.83570827319774,26.689839747706475],[84.82489107272373,26.69347996489665],[84.82430635918459,26.698333587816876],[84.81115030455405,26.70076039927699],[84.79945603377134,26.69347996489665],[84.7880541197582,26.695300073491733],[84.79243947130172,26.70470396789968],[84.79857896346263,26.707434130792308],[84.81612036963669,26.72442181101311],[84.83307706227163,26.726241919608196],[84.83161527842378,26.73625251688117],[84.83658534350644,26.759003874319742],[84.84623311690217,26.764160848672486],[84.85178789552396,26.775384851675515],[84.8523726090631,26.79328258619386],[84.83395413258033,26.81573059219992],[84.83395413258033,26.82483113517535],[84.836877700276,26.82968475809558],[84.84564840336304,26.828471352365522],[84.85061846844569,26.836358489610895],[84.86348216630667,26.843335572558725],[84.86611337723278,26.832111569555696],[84.87605350739807,26.827864649500494],[84.88511656725467,26.828168000933008],[84.89037898910689,26.82179762085021],[84.893010200033,26.80845015781958],[84.87780764801548,26.804809940629404],[84.87751529124591,26.794192640491403],[84.882192999559,26.78539544894849],[84.88248535632857,26.775081500243],[84.88833249171992,26.768104417295174],[84.89681083803738,26.76719436299763],[84.91230574682447,26.751723439939397],[84.92516944468545,26.754150251399512],[84.92692358530286,26.743229599828997],[84.93715607223773,26.73776927404374],[84.93774078577687,26.73018548823088],[84.92692358530286,26.727151973905737],[84.92663122853328,26.71198440228002],[84.93861785608556,26.70197380500705],[84.93510957485074,26.69135650486905],[84.92429237437675,26.692569910599104],[84.9085051088201,26.68528947621876],[84.91172103328533,26.66648168740287],[84.90762803851139,26.65798784729247],[84.89914969219393,26.657381144427443],[84.89885733542435,26.646460492856928]]]},"properties":{"name":"Banjariya","lgd":1971,"census":"0023","district":"Purbi Champaran","dist_lgd":213,"state":"Bihar","state_lgd":10,"id":"IN-BR-B-1971","source_name":"Banjariya","level":"block","mausam_level":"block","source_code":"1971","parent_code":"213","parent_id":"IN-BR-D-213","district_code":"213","state_code":"10","block_code":"1971"}},{"type":"Feature","id":"1984","geometry":{"type":"Polygon","coordinates":[[[85.04883635821258,26.596710857924577],[85.0450357202082,26.591857235004348],[85.05000578529085,26.585790206354062],[85.04591279051691,26.579723177703777],[85.05029814206043,26.561522091752916],[85.04094272543426,26.56182544318543],[85.03801915773857,26.552421548777488],[85.0540987800648,26.551511494479943],[85.03860387127772,26.529670191338912],[85.0350955900429,26.542410951504515],[85.02720195726457,26.545444465829657],[85.02398603279933,26.535737219989198],[85.01726182709928,26.52876013704137],[85.00469048600786,26.526940028446283],[84.99591978292082,26.53088359706897],[84.98481022567725,26.531490299934],[84.98364079859898,26.540590842909427],[84.98861086368164,26.543321005802056],[85.00176691831219,26.53877073431434],[85.01053762139921,26.546657871559713],[85.01141469170793,26.55424165737257],[85.00322870216002,26.557578523130232],[84.98451786890769,26.555758414535145],[84.97048474396844,26.546657871559713],[84.96317582472925,26.5484779801548],[84.96054461380314,26.53604057142171],[84.95703633256832,26.532703705664055],[84.94709620240303,26.536950625719257],[84.94563441855519,26.541500897206973],[84.9500197700987,26.550904791614915],[84.95908282995529,26.551511494479943],[84.96931531689017,26.556365117400173],[84.9745777387424,26.567285768970688],[84.97370066843368,26.576082960513602],[84.96259111119011,26.57729636624366],[84.94066435347253,26.588823720679205],[84.9310165800768,26.58852036924669],[84.92400001760717,26.58366674632646],[84.91493695775058,26.586700260651604],[84.89973440573306,26.585486854921548],[84.89505669741997,26.590947180706806],[84.89505669741997,26.606114752332523],[84.8994420489635,26.62006891822818],[84.88804013495036,26.62765270404104],[84.90090383281134,26.64312362709927],[84.89885733542435,26.646460492856928],[84.89914969219393,26.657381144427443],[84.90762803851139,26.65798784729247],[84.91172103328533,26.66648168740287],[84.9085051088201,26.68528947621876],[84.92429237437675,26.692569910599104],[84.93510957485074,26.69135650486905],[84.93861785608556,26.70197380500705],[84.92663122853328,26.71198440228002],[84.92692358530286,26.727151973905737],[84.93774078577687,26.73018548823088],[84.93715607223773,26.73776927404374],[84.92692358530286,26.743229599828997],[84.92516944468545,26.754150251399512],[84.91230574682447,26.751723439939397],[84.89681083803738,26.76719436299763],[84.88833249171992,26.768104417295174],[84.88248535632857,26.775081500243],[84.882192999559,26.78539544894849],[84.87751529124591,26.794192640491403],[84.87780764801548,26.804809940629404],[84.893010200033,26.80845015781958],[84.903827400507,26.799956317709174],[84.90733568174181,26.791765829031288],[84.90353504373743,26.786608854678544],[84.90441211404614,26.775991554540543],[84.91318281713318,26.778721717433175],[84.9175681686767,26.770531228755285],[84.92633887176372,26.763250794374944],[84.93744842900729,26.774778148810487],[84.9573286893379,26.772351337350372],[84.95762104610746,26.7623407400774],[84.97370066843368,26.7623407400774],[84.97282359812499,26.771137931620316],[84.97954780382504,26.77144128305283],[84.98510258244683,26.777508311703116],[84.99007264752947,26.764160848672486],[85.00235163185133,26.759307225752256],[85.00556755631656,26.749903331344314],[85.00293634539045,26.74565641128911],[84.99358092876429,26.73230894825848],[84.98422551213812,26.727758676770765],[84.970777100738,26.724725162445623],[84.9699000304293,26.71683802520025],[84.97253124135541,26.697423533519334],[84.98159430121201,26.69135650486905],[84.99738156676867,26.696816830654306],[85.00790641047311,26.68862634197642],[85.00176691831219,26.683469367623676],[85.00966055109052,26.67679563610836],[85.0043981292383,26.66769509313293],[85.01229176201662,26.661021361617614],[85.02193953541236,26.662234767347673],[85.03071023849938,26.660414658752586],[85.03334144942549,26.652527521507213],[85.02398603279933,26.644943735694355],[85.03012552496025,26.637359949881496],[85.04123508220383,26.638573355611555],[85.03626501712117,26.627046001176012],[85.04152743897339,26.618552161065608],[85.05059049882999,26.613698538145382],[85.0450357202082,26.600047723682234],[85.04883635821258,26.596710857924577]]]},"properties":{"name":"Motihari","lgd":1984,"census":"0029","district":"Purbi Champaran","dist_lgd":213,"state":"Bihar","state_lgd":10,"id":"IN-BR-B-1984","source_name":"Motihari","level":"block","mausam_level":"block","source_code":"1984","parent_code":"213","parent_id":"IN-BR-D-213","district_code":"213","state_code":"10","block_code":"1984"}},{"type":"Feature","id":"1975","geometry":{"type":"Polygon","coordinates":[[[85.14239052447425,26.612788483847837],[85.13215803753937,26.61794545820058],[85.12543383183932,26.615518646740465],[85.1166631287523,26.61794545820058],[85.11724784229142,26.625832595445953],[85.10613828504785,26.626742649743495],[85.09473637103471,26.616732052470525],[85.08011853255633,26.617642106768066],[85.07544082424324,26.611271726685267],[85.07427139716498,26.60247453514235],[85.05526820714307,26.60247453514235],[85.04883635821258,26.596710857924577],[85.0450357202082,26.600047723682234],[85.05059049882999,26.613698538145382],[85.04152743897339,26.618552161065608],[85.03626501712117,26.627046001176012],[85.04123508220383,26.638573355611555],[85.03012552496025,26.637359949881496],[85.02398603279933,26.644943735694355],[85.03334144942549,26.652527521507213],[85.03071023849938,26.660414658752586],[85.02193953541236,26.662234767347673],[85.01229176201662,26.661021361617614],[85.0043981292383,26.66769509313293],[85.00966055109052,26.67679563610836],[85.00176691831219,26.683469367623676],[85.00790641047311,26.68862634197642],[84.99738156676867,26.696816830654306],[84.98159430121201,26.69135650486905],[84.97253124135541,26.697423533519334],[84.9699000304293,26.71683802520025],[84.970777100738,26.724725162445623],[84.98422551213812,26.727758676770765],[84.99358092876429,26.73230894825848],[85.00293634539045,26.74565641128911],[85.01199940524705,26.74201619409894],[85.01433825940359,26.73291565112351],[85.02486310310803,26.740499436936368],[85.0277866708037,26.75202679137191],[85.04035801189512,26.756273711427113],[85.04532807697777,26.754756954264543],[85.05059049882999,26.74626311415414],[85.05702234776048,26.74565641128911],[85.06637776438664,26.75111673707437],[85.07514846747367,26.747173168451685],[85.0812879596346,26.748993277046768],[85.0812879596346,26.757487117157172],[85.08976630595205,26.763250794374944],[85.09912172257823,26.760520631482315],[85.11578605844359,26.748993277046768],[85.1137395610566,26.73352235398854],[85.1318656807698,26.73139889396094],[85.13449689169592,26.72654527104071],[85.15057651402213,26.72169164812048],[85.15291536817868,26.71046764511745],[85.15145358433085,26.70197380500705],[85.14209816770467,26.695300073491733],[85.14560644893949,26.69135650486905],[85.1646096389614,26.682255961893617],[85.15759307649176,26.67194201318813],[85.1663637795788,26.657684495859957],[85.17571919620497,26.6585945501575],[85.17162620143102,26.649797358614585],[85.16431728219183,26.64464038426184],[85.15671600618306,26.6437303299643],[85.15759307649176,26.62977616406864],[85.1616860712657,26.623709135418352],[85.15583893587436,26.61794545820058],[85.14239052447425,26.612788483847837]]]},"properties":{"name":"Chiraiya","lgd":1975,"census":"0028","district":"Purbi Champaran","dist_lgd":213,"state":"Bihar","state_lgd":10,"id":"IN-BR-B-1975","source_name":"Chiraiya","level":"block","mausam_level":"block","source_code":"1975","parent_code":"213","parent_id":"IN-BR-D-213","district_code":"213","state_code":"10","block_code":"1975"}},{"type":"Feature","id":"1976","geometry":{"type":"Polygon","coordinates":[[[85.27073514631446,26.649797358614585],[85.26459565415354,26.644337032829327],[85.25757909168392,26.638573355611555],[85.25670202137522,26.62916946120361],[85.24559246413165,26.625832595445953],[85.2450077505925,26.619765566795667],[85.23623704750548,26.61157507811778],[85.22834341472715,26.610665023820236],[85.22571220380104,26.635539841286413],[85.21401793301834,26.63189962409624],[85.20056952161822,26.630989569798697],[85.19969245130952,26.620978972525723],[85.18916760760507,26.622192378255782],[85.18478225606157,26.6352364898539],[85.1616860712657,26.623709135418352],[85.15759307649176,26.62977616406864],[85.15671600618306,26.6437303299643],[85.16431728219183,26.64464038426184],[85.17162620143102,26.649797358614585],[85.17571919620497,26.6585945501575],[85.1663637795788,26.657684495859957],[85.15759307649176,26.67194201318813],[85.1646096389614,26.682255961893617],[85.14560644893949,26.69135650486905],[85.14209816770467,26.695300073491733],[85.15145358433085,26.70197380500705],[85.15291536817868,26.71046764511745],[85.15057651402213,26.72169164812048],[85.13449689169592,26.72654527104071],[85.1318656807698,26.73139889396094],[85.1137395610566,26.73352235398854],[85.11578605844359,26.748993277046768],[85.12251026414364,26.759003874319742],[85.13245039430895,26.759913928617284],[85.13537396200462,26.75111673707437],[85.15262301140912,26.749296628479282],[85.15876250357005,26.754150251399512],[85.16139371449614,26.764767551537513],[85.16811792019621,26.768407768727688],[85.18887525083551,26.77417144594546],[85.195307099766,26.77417144594546],[85.20466251639216,26.762644091509912],[85.2125561491705,26.7580938200222],[85.2324364095011,26.7623407400774],[85.25436316721867,26.7580938200222],[85.25845616199263,26.751420088506883],[85.25173195629256,26.735949165448652],[85.25904087553175,26.731095542528426],[85.26079501614916,26.723511756715567],[85.25787144845349,26.717141376632764],[85.26079501614916,26.70955759081991],[85.26021030261003,26.691963207734076],[85.2523166698317,26.68528947621876],[85.23945297197072,26.679222447568474],[85.23682176104461,26.668605147430473],[85.24471539382294,26.660111307320072],[85.24763896151862,26.668605147430473],[85.25260902660126,26.670121904593046],[85.26722686507965,26.65707779299493],[85.27073514631446,26.649797358614585]]]},"properties":{"name":"Dhaka","lgd":1976,"census":"0027","district":"Purbi Champaran","dist_lgd":213,"state":"Bihar","state_lgd":10,"id":"IN-BR-B-1976","source_name":"Dhaka","level":"block","mausam_level":"block","source_code":"1976","parent_code":"213","parent_id":"IN-BR-D-213","district_code":"213","state_code":"10","block_code":"1976"}},{"type":"Feature","id":"1977","geometry":{"type":"Polygon","coordinates":[[[85.09912172257823,26.760520631482315],[85.0994140793478,26.7665876601326],[85.0912280897999,26.773868094512945],[85.06667012115622,26.77417144594546],[85.05906884514745,26.783271988920887],[85.05497585037351,26.795102694788948],[85.05789941806918,26.806933400657005],[85.05439113683437,26.813607132172322],[85.05936120191703,26.830594812393123],[85.08099560286503,26.824224432310324],[85.08567331117811,26.82756129806798],[85.10964656628266,26.826651243770435],[85.10730771212613,26.818157403660035],[85.11958669644797,26.816033943632437],[85.12631090214802,26.842122166828666],[85.13449689169592,26.84636908688387],[85.14969944371344,26.858806495616957],[85.14999180048301,26.865783578564784],[85.13771281616116,26.870030498619986],[85.15496186556565,26.8703338500525],[85.16782556342663,26.868513741457413],[85.18975232114421,26.870030498619986],[85.19296824560945,26.866086929997298],[85.19092174822248,26.84636908688387],[85.19121410499206,26.830898163825637],[85.17688862328323,26.814820537902378],[85.17659626651367,26.809663563549634],[85.18244340190502,26.80086637200672],[85.18068926128761,26.795709397653976],[85.19179881853118,26.79115912616626],[85.19150646176162,26.78205858319083],[85.195307099766,26.77417144594546],[85.18887525083551,26.77417144594546],[85.16811792019621,26.768407768727688],[85.16139371449614,26.764767551537513],[85.15876250357005,26.754150251399512],[85.15262301140912,26.749296628479282],[85.13537396200462,26.75111673707437],[85.13245039430895,26.759913928617284],[85.12251026414364,26.759003874319742],[85.11578605844359,26.748993277046768],[85.09912172257823,26.760520631482315]]]},"properties":{"name":"Ghorasahan","lgd":1977,"census":"0026","district":"Purbi Champaran","dist_lgd":213,"state":"Bihar","state_lgd":10,"id":"IN-BR-B-1977","source_name":"Ghorasahan","level":"block","mausam_level":"block","source_code":"1977","parent_code":"213","parent_id":"IN-BR-D-213","district_code":"213","state_code":"10","block_code":"1977"}},{"type":"Feature","id":"1985","geometry":{"type":"Polygon","coordinates":[[[84.68660632071821,26.687109584813847],[84.68192861240513,26.677098987540873],[84.67257319577897,26.678615744703446],[84.66380249269193,26.669818553160532],[84.66204835207452,26.6607180101851],[84.66614134684846,26.64524708712687],[84.67315790931809,26.635843192718927],[84.68192861240513,26.634326435556353],[84.68455982333123,26.640393464206642],[84.69274581287914,26.637359949881496],[84.69157638580086,26.62643929831098],[84.69479231026611,26.62067562109321],[84.70590186750968,26.624012486850866],[84.70444008366184,26.60308123800738],[84.69245345610956,26.609754969522694],[84.68455982333123,26.606418103765037],[84.67111141193112,26.607934860927607],[84.67111141193112,26.61794545820058],[84.6658489900789,26.623102432553324],[84.65503178960489,26.624315838283383],[84.64918465421354,26.604901346602464],[84.63456681573516,26.61521529530795],[84.63076617773078,26.626135946878467],[84.62258018818288,26.627956055473554],[84.62316490172202,26.619765566795667],[84.6187795501785,26.609148266657666],[84.6369056698917,26.60672145519755],[84.63222796157862,26.588823720679205],[84.64743051359613,26.576082960513602],[84.64801522713528,26.563342200348004],[84.65707828699188,26.564252254645545],[84.65532414637447,26.56030868602286],[84.63982923758738,26.56455560607806],[84.62667318295684,26.570925986160862],[84.61936426371764,26.56880252613326],[84.60533113877838,26.57153268902589],[84.59656043569136,26.564858957510573],[84.58311202429124,26.571836040458404],[84.58311202429124,26.57790306910869],[84.57317189412595,26.577599717676176],[84.55241456348664,26.58852036924669],[84.54393621716918,26.586093557786576],[84.5401355791648,26.578813123406235],[84.52727188130382,26.584273449191492],[84.51353111313414,26.597317560789605],[84.52610245422554,26.606114752332523],[84.51996296206462,26.616125349605497],[84.52113238914289,26.628259406906068],[84.52727188130382,26.627956055473554],[84.53370373023431,26.64009011277413],[84.54422857393874,26.65313422437224],[84.57755724566945,26.670728607458074],[84.58603559198693,26.66769509313293],[84.58778973260434,26.673458770350702],[84.59597572215222,26.674672176080758],[84.60123814400444,26.682862664758648],[84.59392922476525,26.68862634197642],[84.59831457630877,26.694086667761677],[84.61907190694808,26.69287326203162],[84.63953688081781,26.69014309913899],[84.63982923758738,26.68164925902859],[84.6524005786788,26.678615744703446],[84.65649357345274,26.681345907596075],[84.67169612547025,26.70076039927699],[84.67958975824858,26.698333587816876],[84.67812797440075,26.69226655916659],[84.68660632071821,26.687109584813847]]]},"properties":{"name":"Paharpur","lgd":1985,"census":"0032","district":"Purbi Champaran","dist_lgd":213,"state":"Bihar","state_lgd":10,"id":"IN-BR-B-1985","source_name":"Paharpur","level":"block","mausam_level":"block","source_code":"1985","parent_code":"213","parent_id":"IN-BR-D-213","district_code":"213","state_code":"10","block_code":"1985"}},{"type":"Feature","id":"1970","geometry":{"type":"Polygon","coordinates":[[[84.69654645088352,26.511772456820566],[84.6939152399574,26.503885319575193],[84.67812797440075,26.512985862550625],[84.6658489900789,26.51419926828068],[84.6667260603876,26.507525536765367],[84.65883242760927,26.489021099381993],[84.65093879483095,26.46353957905079],[84.63018146419165,26.457472550400503],[84.62638082618726,26.45170887318273],[84.61527126894369,26.448372007425075],[84.61176298770889,26.44382173593736],[84.59656043569136,26.43532789582696],[84.5898362299913,26.44958541315513],[84.59042094353043,26.457472550400503],[84.57346425089551,26.46990995913359],[84.57755724566945,26.486290936489365],[84.57141775350854,26.48750434221942],[84.5617699801128,26.495391479464793],[84.5544610608736,26.482044016434163],[84.53838143854739,26.485077530759305],[84.54481328747788,26.495694830897307],[84.54042793593436,26.50782888819788],[84.53575022762128,26.51419926828068],[84.51528525375154,26.531793651366513],[84.51060754543846,26.533310408529083],[84.51499289698197,26.556668468832687],[84.51206932928629,26.567892471835716],[84.49715913403834,26.570622634728345],[84.48868078772088,26.583060043461433],[84.4848801497165,26.59337399216692],[84.49072728510785,26.60308123800738],[84.50505276681668,26.60247453514235],[84.51353111313414,26.597317560789605],[84.52727188130382,26.584273449191492],[84.5401355791648,26.578813123406235],[84.54393621716918,26.586093557786576],[84.55241456348664,26.58852036924669],[84.57317189412595,26.577599717676176],[84.58311202429124,26.57790306910869],[84.58311202429124,26.571836040458404],[84.59656043569136,26.564858957510573],[84.60533113877838,26.57153268902589],[84.61936426371764,26.56880252613326],[84.62667318295684,26.570925986160862],[84.63982923758738,26.56455560607806],[84.65532414637447,26.56030868602286],[84.65707828699188,26.564252254645545],[84.6822209691747,26.56394890321303],[84.6848521801008,26.57031928329583],[84.69537702380524,26.56880252613326],[84.70414772689227,26.56303884891549],[84.69800823473135,26.541804248639487],[84.69420759672697,26.53634392285423],[84.69654645088352,26.511772456820566]]]},"properties":{"name":"Areraj","lgd":1970,"census":"0033","district":"Purbi Champaran","dist_lgd":213,"state":"Bihar","state_lgd":10,"id":"IN-BR-B-1970","source_name":"Areraj","level":"block","mausam_level":"block","source_code":"1970","parent_code":"213","parent_id":"IN-BR-D-213","district_code":"213","state_code":"10","block_code":"1970"}}]}
