{"type":"FeatureCollection","name":"MAUSAM Bihar operational geography","features":[{"type":"Feature","id":"10","geometry":{"type":"Polygon","coordinates":[[[83.50314611750818,24.52551575620756],[83.49817605242552,24.53764914206142],[83.52214930753007,24.547659185390856],[83.52244166429965,24.554635882256825],[83.528288799691,24.561612579122794],[83.53033529707797,24.58193600042801],[83.52478051845618,24.588002693354937],[83.52273402106921,24.59861940597706],[83.5300429403084,24.611966130416306],[83.54144485432154,24.612572799709],[83.54787670325203,24.623189512331123],[83.54378370847809,24.62834620131901],[83.53150472415624,24.626829528087285],[83.52653465907359,24.6295595399044],[83.5300429403084,24.641996260404603],[83.52068752368224,24.641086256465563],[83.50051490658207,24.65200630373404],[83.50402318781688,24.666263032112326],[83.52039516691266,24.677486414027143],[83.50168433366034,24.693259815637155],[83.49817605242552,24.70357319361294],[83.48501999779498,24.702056520381205],[83.48560471133412,24.716009914113144],[83.4894053493385,24.736333335418358],[83.47040215931659,24.73238998501585],[83.45783081822518,24.73329998895489],[83.44701361775118,24.740883355113553],[83.4414588391294,24.756353422077225],[83.42801042772928,24.7627234496505],[83.41280787571176,24.775160170150706],[83.39672825338553,24.77880018590686],[83.39117347476375,24.789113563882637],[83.39935946431164,24.796090260748606],[83.39380468568986,24.803976961553616],[83.40140596169861,24.81247033165132],[83.40140596169861,24.818840359224595],[83.39497411276812,24.826727060029604],[83.39263525861159,24.840680453761536],[83.38649576645066,24.84007378446885],[83.38035627428974,24.847960485273852],[83.37684799305494,24.86009387112771],[83.3689543602766,24.862520548298484],[83.35755244626347,24.871013918396187],[83.36836964673746,24.877080611323116],[83.36164544103741,24.88466397748178],[83.36486136550266,24.890730670408708],[83.35462887856778,24.904987398786986],[83.36281486811568,24.909537418482188],[83.36281486811568,24.92804083190932],[83.36456900873308,24.93805087523875],[83.36106072749828,24.942297560287606],[83.36047601395914,24.95564428472685],[83.34293460778508,24.964440989470894],[83.34351932132421,24.981124395019954],[83.35258238118081,24.99659446198362],[83.3499511702547,25.00933451713017],[83.33591804531545,25.013884536825373],[83.32656262868929,25.012974532886332],[83.3201307797588,25.01722121793518],[83.32422377453275,25.037241304594048],[83.33562568854589,25.05089136367964],[83.34322696455465,25.05089136367964],[83.34030339685897,25.06878810781408],[83.34118046716767,25.08152816296063],[83.34673524578946,25.086381517302172],[83.3508282405634,25.105188265375652],[83.3499511702547,25.11337830082701],[83.36339958165482,25.11125495830258],[83.36603079258093,25.12520835203452],[83.36281486811568,25.14189175758358],[83.36339958165482,25.153418474144743],[83.35141295410254,25.157058489900898],[83.35638301918519,25.17768524585246],[83.35287473795037,25.1785952497915],[83.35521359210692,25.19649199392594],[83.36632314935049,25.19527865534055],[83.37275499828098,25.200435344328447],[83.38357219875499,25.20316535614556],[83.39760532369424,25.21620874593846],[83.40929959447695,25.230162139670398],[83.40637602678127,25.23774550582906],[83.41573144340744,25.24987889168292],[83.42187093556836,25.246542210573104],[83.43268813604236,25.250485560975612],[83.43882762820328,25.257765592487928],[83.45022954221642,25.261102273597736],[83.46338559684696,25.250485560975612],[83.47624929470794,25.260495604305042],[83.47683400824708,25.271718986219867],[83.48472764102542,25.278695683085836],[83.51659452890829,25.28536904530545],[83.53442829185192,25.297502431159316],[83.5373518595476,25.303569124086245],[83.55401619541296,25.308422478427786],[83.56161747142171,25.313579167415675],[83.58646779683497,25.31600584458645],[83.58763722391325,25.322072537513378],[83.60810219778298,25.331475911550115],[83.62973659873099,25.329959238318388],[83.63529137735277,25.343002628111286],[83.64260029659197,25.33966594700147],[83.6522480699877,25.346945978513787],[83.64903214552245,25.353922675379756],[83.65984934599646,25.36362938406284],[83.66715826523566,25.3627193801238],[83.68791559587495,25.366966065172655],[83.69463980157502,25.371212750221503],[83.68440731464014,25.38122279355094],[83.69434744480544,25.385772813246135],[83.70165636404464,25.39608619122191],[83.7101347103621,25.38607614789248],[83.71744362960129,25.397602864453646],[83.73001497069271,25.397602864453646],[83.73410796546665,25.40609623455135],[83.74229395501455,25.41003958495385],[83.74667930655806,25.400636210917114],[83.75486529610596,25.404276226673268],[83.75778886380164,25.38941282900229],[83.76772899396694,25.38637948253883],[83.77123727520176,25.396996195160952],[83.79111753553235,25.397602864453646],[83.80778187139771,25.40912958101481],[83.81450607709778,25.421262966868667],[83.80222709277592,25.42490298262483],[83.82561563434135,25.435519695246953],[83.83350926711967,25.430969675551758],[83.84637296498065,25.434306356661565],[83.84344939728497,25.445833073222737],[83.8241538504935,25.446439742515423],[83.81216722294123,25.448866419686198],[83.8150907906369,25.46039313624736],[83.82356913695438,25.465853159881597],[83.8340939806588,25.457966459076594],[83.85660545191553,25.468583171698718],[83.863037300846,25.483446569369697],[83.8694691497765,25.486479915833158],[83.87765513932439,25.50285998673587],[83.87414685808957,25.509533348955493],[83.87619335547656,25.51802671905319],[83.89431947518975,25.51984672693127],[83.90455196212463,25.526520089150893],[83.91419973552036,25.545326837224373],[83.93027935784659,25.55746022307823],[83.95659146710767,25.569593608932088],[84.01710931840819,25.614487136591364],[84.04605263859538,25.62692385709157],[84.0811354509435,25.636327231128313],[84.08522844571746,25.651797298091985],[84.07528831555216,25.694264148580487],[84.08902908372184,25.713070896653967],[84.10510870604806,25.721260932105324],[84.13522145331353,25.723990943922438],[84.13902209131791,25.71580090847109],[84.15042400533105,25.719137589580896],[84.154517000105,25.727327625032252],[84.17001190889209,25.722777605337058],[84.17439726043561,25.717620916349162],[84.19895522907929,25.702150849385497],[84.20597179154892,25.669390707580078],[84.22322084095342,25.66241401071411],[84.27438327562776,25.663020680006802],[84.2767221297843,25.66029066818968],[84.29455589272793,25.66120067212872],[84.29923360104101,25.671817384750852],[84.32437628322384,25.670907380811812],[84.32963870507605,25.708520876958772],[84.32846927799778,25.731877644727447],[84.3363629107761,25.744314365227652],[84.36472151742417,25.742494357349578],[84.37524636112862,25.735214325837262],[84.38489413452434,25.747651046337467],[84.39366483761138,25.744314365227652],[84.3843094209852,25.732787648666488],[84.40009668654187,25.72945096755668],[84.40652853547236,25.716104243117435],[84.40097375685056,25.708217542312426],[84.40682089224192,25.698510833629335],[84.42757822288124,25.693657479287793],[84.43079414734648,25.711250888775886],[84.46207632169022,25.709127546251466],[84.46616931646417,25.695477487165874],[84.47084702477724,25.687287451714518],[84.49365085280353,25.69092746747068],[84.49189671218612,25.676367404446047],[84.49920563142531,25.674547396567966],[84.50826869128191,25.681524093433936],[84.51996296206462,25.674850731214313],[84.52873366515165,25.682434097372976],[84.53458080054301,25.724294278568784],[84.53955086562566,25.72672095573956],[84.53516551408214,25.69092746747068],[84.54569035778658,25.688197455653558],[84.55767698533886,25.679704085555855],[84.5617699801128,25.685770778482784],[84.56440119103891,25.71792425099551],[84.56030819626497,25.737034333715336],[84.60036107369574,25.738247672300723],[84.61117827416975,25.730967640788407],[84.6287196803438,25.726114286446865],[84.63456681573516,25.727934294324946],[84.62988910742207,25.742494357349578],[84.62228783141332,25.749774388861887],[84.60942413355234,25.755537747142476],[84.6062082090871,25.76130110542306],[84.60737763616537,25.77131114875249],[84.6135171283263,25.775861168447683],[84.62345725849158,25.770704479459795],[84.62345725849158,25.793151243289437],[84.58165024044341,25.825001381155815],[84.5509527796388,25.840774782765827],[84.54861392548226,25.82864139691197],[84.53048780576906,25.831674743375437],[84.53078016253863,25.85351483791238],[84.52317888652986,25.860188200132],[84.53370373023431,25.86413155053451],[84.53399608700387,25.876264936388367],[84.51060754543846,25.871714916693172],[84.48955785802958,25.888398322242224],[84.47230880862509,25.881724960022602],[84.46002982430325,25.88961166082761],[84.45447504568146,25.88779165294953],[84.43664128273782,25.891735003352032],[84.42757822288124,25.89112833405934],[84.42494701195511,25.90174504668147],[84.41383745471154,25.922978471925724],[84.41179095732457,25.930865172730726],[84.38723298868089,25.937235200304002],[84.35390431695018,25.958771960194603],[84.31180494213243,25.943908562523625],[84.29689474688448,25.94512190110901],[84.28227690840609,25.958771960194603],[84.24485524190142,25.975758700390003],[84.23754632266223,25.986072078365787],[84.20655650508806,25.998812133512338],[84.19632401815318,25.98789208624386],[84.176151401053,25.996385456341564],[84.17001190889209,25.98758875159752],[84.17235076304863,26.024595578451788],[84.1372679507005,26.052199031269318],[84.12118832837429,26.076465802977033],[84.10393927896979,26.09284587387974],[84.08873672695228,26.100125905392055],[84.05599276876069,26.100125905392055],[84.0486838495215,26.110439283367832],[84.0513150604476,26.12712268891689],[84.04342142766927,26.134706055075554],[84.02734180534306,26.142289421234217],[84.03435836781267,26.15108612597826],[84.03289658396484,26.161399503954044],[84.0197405293343,26.16685952758828],[84.01009275593856,26.174442893746942],[84.00804625855159,26.18748628353984],[84.01652460486905,26.195979653637536],[84.02851123242132,26.19567631899119],[84.03786664904749,26.20174301191812],[84.03201951365614,26.20932637807678],[84.02938830273003,26.219943090698905],[84.01535517779078,26.22327977180872],[84.01213925332553,26.23207647655277],[84.01915581579516,26.23905317341874],[84.03815900581706,26.23692983089431],[84.042252000591,26.229953134028342],[84.0513150604476,26.229043130089302],[84.06008576353463,26.223583106455067],[84.0802583806348,26.22236976786968],[84.087567299874,26.23025646867469],[84.11738769036991,26.24026651200412],[84.11680297683077,26.249669886040863],[84.12001890129602,26.258163256138566],[84.13229788561786,26.2590732600776],[84.14750043763537,26.255129909675098],[84.16153356257463,26.25694991755318],[84.17673611459215,26.265746622297222],[84.17439726043561,26.292136736529365],[84.17732082813129,26.30245011450515],[84.1852144609096,26.3151901696517],[84.17352019012691,26.331570240554406],[84.17293547658777,26.353410335091354],[84.17585904428344,26.36069036660367],[84.17556668751388,26.372823752457528],[84.16241063288334,26.375553764274642],[84.13756030747008,26.377980441445416],[84.1355138100831,26.38162045720157],[84.12235775545255,26.384957138311385],[84.08873672695228,26.386777146189466],[84.08318194833049,26.381923791847917],[84.06827175308253,26.388293819421193],[84.06564054215642,26.396180520226203],[84.03991314643446,26.41013391395814],[84.03494308135181,26.419537287994885],[84.02266409702997,26.430760669909702],[84.0232488105691,26.441377382531826],[84.01681696163863,26.447444075458755],[84.00775390178202,26.444107394348947],[83.99635198776888,26.445624067580674],[83.99138192268623,26.432277343141436],[83.98114943575136,26.432884012434123],[83.96565452696427,26.43682736283663],[83.9463589801728,26.438647370714712],[83.91069145428554,26.44987075262953],[83.90952202720727,26.47565419756898],[83.91244559490295,26.497797626752266],[83.91507680582906,26.502954315740162],[83.90601374597246,26.512661024423245],[83.93115642815528,26.520244390581908],[83.94021948801188,26.52509774492345],[83.94723605048151,26.518424382703827],[83.94899019109891,26.51023434725247],[83.97208637589476,26.51023434725247],[83.97150166235562,26.517514378764787],[83.98056472221222,26.531771107143072],[83.9925513497645,26.533287780374806],[84.00687683147332,26.525401079569797],[84.02500295118651,26.532377776435766],[84.04809913598237,26.536321126838267],[84.05599276876069,26.54390449299693],[84.05511569845198,26.558464556021562],[84.06622525569556,26.576967969448695],[84.07558067232172,26.58333799702197],[84.08318194833049,26.592438036412368],[84.08990615403054,26.606998099436993],[84.08815201341314,26.636118225486257],[84.13054374500045,26.633388213669136],[84.1363908803918,26.636118225486257],[84.15919470841808,26.636118225486257],[84.15685585426155,26.62580484751048],[84.16913483858339,26.622771501047012],[84.20129408323584,26.62489484357144],[84.2278985492665,26.617614812059124],[84.2395928200492,26.61003144590046],[84.2676590699277,26.605481426205266],[84.26795142669727,26.601538075802758],[84.28461576256262,26.599718067924684],[84.2857851896409,26.605784760851613],[84.30011067134971,26.603661418327185],[84.30332659581495,26.614581465595656],[84.31414379628896,26.61518813488835],[84.31911386137162,26.611548119132195],[84.35390431695018,26.62004148922989],[84.37875464236342,26.614581465595656],[84.38606356160261,26.621558162461625],[84.3998043297723,26.624591508925093],[84.40623617870278,26.62307483569336],[84.4196845901029,26.62610818215682],[84.4097444599376,26.64673493810838],[84.41032917347674,26.67039504052341],[84.37670814497645,26.67737173738938],[84.35010367894579,26.677978406682065],[84.32993106184563,26.684045099608994],[84.32583806707167,26.7140752295973],[84.31823679106292,26.73197197373174],[84.30595780674108,26.74956538321983],[84.2857851896409,26.74986871786618],[84.27555270270602,26.74198201706117],[84.26619728607986,26.739858674536748],[84.25625715591457,26.72681528474385],[84.2495329502145,26.729241961914617],[84.24017753358834,26.739252005244055],[84.23257625757958,26.753812068268687],[84.25011766375364,26.773832154927554],[84.25713422622326,26.78930222189122],[84.26005779391895,26.806895631379312],[84.25421065852758,26.812355655013555],[84.25362594498844,26.825095710160106],[84.26064250745807,26.829342395208954],[84.26181193453635,26.8426891196482],[84.25421065852758,26.856642513380137],[84.23403804142741,26.8681692299413],[84.2188354894099,26.871202576404762],[84.210649499862,26.8642258795388],[84.19018452599227,26.85846252125821],[84.18316796352264,26.846935804697047],[84.18667624475745,26.84177911570916],[84.18229089321393,26.83389241490415],[84.16621127088771,26.83389241490415],[84.14925457825278,26.8426891196482],[84.14048387516576,26.85269916297763],[84.14019151839618,26.866652556709568],[84.14691572409625,26.871809245697456],[84.143699799631,26.88030261579516],[84.13142081530916,26.884549300844007],[84.12966667469175,26.89304267094171],[84.1165106200612,26.888492651246516],[84.11592590652207,26.894559344173445],[84.1074475602046,26.896986021344212],[84.10686284666546,26.887885981953822],[84.10013864096541,26.87696593468535],[84.08698258633487,26.881515954380546],[84.07967366709568,26.877875938624385],[84.06710232600426,26.888492651246516],[84.05248448752587,26.906389395380955],[84.0595010499955,26.917309442649426],[84.05336155783458,26.92974616314963],[84.04429849797798,26.931262836381364],[84.04488321151712,26.94036287577176],[84.03406601104311,26.93854286789368],[84.04605263859538,26.95249626162562],[84.05336155783458,26.95552960808908],[84.05423862814328,26.972819682930833],[84.04692970890409,26.980403049089496],[84.05628512553025,26.99010975777258],[84.04576028182582,27.004973155443558],[84.03728193550836,27.009219840492406],[84.04312907089971,27.01498319877299],[84.0495609198302,27.035003285431856],[84.04576028182582,27.045923332700326],[84.031434800117,27.04561999805398],[84.01798638871689,27.055933376029763],[84.00570740439504,27.06018006107861],[83.99986026900369,27.069583435115355],[84.01623224809948,27.07140344299343],[84.02880358919089,27.087176844603448],[84.0305577298083,27.094456876115764],[84.02207938349083,27.104163584798847],[84.01652460486905,27.105376923384235],[84.00863097209073,27.099310230457306],[84.00307619346893,27.10173690762808],[83.98728892791227,27.09021019106691],[83.97851822482525,27.090816860359602],[83.95571439679897,27.08414349813998],[83.94665133694237,27.09021019106691],[83.94752840725107,27.11174695095751],[83.95922267803378,27.121756994286947],[83.9627309592686,27.128127021860223],[83.95863796449464,27.136317057311572],[83.97530230036,27.155730474677746],[83.97881058159481,27.164830514068143],[83.99313606330364,27.173323884165846],[83.98699657114271,27.19759065587356],[83.97530230036,27.204870687385878],[83.96740866758168,27.213060722837227],[83.97003987850779,27.223980770105705],[83.95571439679897,27.235204152020522],[83.92326279537696,27.241877514240144],[83.91186088136382,27.245820864642646],[83.90513667566375,27.257650915850157],[83.90455196212463,27.272514313521135],[83.92969464430745,27.292534400180003],[83.93407999585096,27.29981443169232],[83.93378763908139,27.308307801790022],[83.92560164953349,27.32135119158292],[83.9165385896769,27.32650788057081],[83.90396724858549,27.32650788057081],[83.89168826426365,27.32044118764388],[83.87151564716348,27.307094463204635],[83.8604060899199,27.30770113249733],[83.85222010037201,27.31740784118041],[83.84549589467196,27.31528449865599],[83.83643283481535,27.322261195521953],[83.86069844668947,27.33439458137582],[83.86391437115472,27.34713463652237],[83.88087106378964,27.366548053888543],[83.88320991794617,27.376558097217973],[83.87473157162871,27.387478144486444],[83.86362201438514,27.3917248295353],[83.85660545191553,27.404161550035504],[83.83906404574145,27.417811609121095],[83.8332169103501,27.42509164063341],[83.84286468374584,27.441775046182464],[83.85572838160681,27.445718396584965],[83.87093093362434,27.436011687901882],[83.91215323813339,27.440561707597077],[83.93349528231182,27.450571750926514],[83.94021948801188,27.448751743048433],[83.94518955309454,27.441471711536117],[83.96565452696427,27.446021731231312],[83.97910293836438,27.439955038304383],[83.99489020392105,27.446021731231312],[84.00015262577325,27.441775046182464],[84.02383352410824,27.432978341438414],[84.0323118704257,27.441775046182464],[84.05073034690847,27.442685050121504],[84.06096283384333,27.452695093450934],[84.05979340676507,27.46088512890229],[84.06622525569556,27.469378498999994],[84.06944118016081,27.48060188091481],[84.08259723479135,27.483028558085586],[84.09487621911319,27.489095251012515],[84.09984628419585,27.510328676256762],[84.0975074300393,27.51548536524465],[84.10540106281763,27.52124872352524],[84.11680297683077,27.519125381000812],[84.12411189606996,27.510935345549456],[84.13872973454835,27.517608707769078],[84.15100871887019,27.516698703830038],[84.15013164856148,27.501228636866372],[84.14691572409625,27.494858609293097],[84.14866986471365,27.48666857384174],[84.16299534642246,27.484241896670966],[84.17527433074432,27.474231853341536],[84.18696860152701,27.469985168292688],[84.19456987753577,27.473321849402495],[84.20538707800978,27.470288502939034],[84.20948007278373,27.465738483243832],[84.20714121862719,27.457245113146136],[84.20831064570547,27.44298838476785],[84.22117434356643,27.44207838082881],[84.22088198679687,27.44814507375574],[84.23111447373174,27.456335109207096],[84.23725396589266,27.452695093450934],[84.25421065852758,27.45390843203632],[84.26005779391895,27.44541506193862],[84.25830365330154,27.439955038304383],[84.27350620531905,27.428124987096872],[84.27847627040171,27.415688266596668],[84.27613741624516,27.40173487286473],[84.29250939534096,27.38474813266933],[84.30040302811929,27.390511490949912],[84.31940621814118,27.381411451559515],[84.32817692122822,27.38080478226682],[84.34747246801967,27.374738089339893],[84.36442916065461,27.373221416108166],[84.37349222051121,27.376558097217973],[84.3889871292983,27.371401408230085],[84.44044192074222,27.370491404291045],[84.44804319675097,27.36290803813238],[84.45739861337714,27.36199803419334],[84.47055466800768,27.354718002681025],[84.47727887370775,27.362301368839688],[84.48721900387304,27.358358018437187],[84.5138234699037,27.352594660156605],[84.54656742809529,27.348651309754096],[84.55475341764318,27.348954644400443],[84.59480629507395,27.3401579396564],[84.60445406846969,27.33651792390024],[84.62199547464374,27.336821258546586],[84.63573624281344,27.318014510473105],[84.65123115160051,27.292231065533656],[84.68982224518345,27.222767431520317],[84.68719103425734,27.20881403778838],[84.68017447178772,27.20001733304433],[84.68280568271382,27.191220628300286],[84.67725090409203,27.162707171543715],[84.68163625563555,27.159370490433908],[84.68339039625296,27.14329375417754],[84.67754326086161,27.13328371084811],[84.67695854732247,27.115083632067325],[84.66964962808328,27.109623608433083],[84.67520440670506,27.104466919445194],[84.65590885991361,27.07929014379844],[84.64655344328743,27.074436789456897],[84.64275280528305,27.059573391785918],[84.64655344328743,27.051990025627255],[84.6433375188222,27.046226667346673],[84.68163625563555,27.031666604322048],[84.70122415919658,27.027116584626846],[84.71964263567935,27.01498319877299],[84.73250633354033,27.014376529480295],[84.75677194541446,27.00284981291913],[84.76495793496235,27.013163190894907],[84.77314392451025,27.01771321059011],[84.78279169790598,27.014073194833948],[84.7880541197582,27.0058831593826],[84.7862999791408,26.998603127870282],[84.79390125514955,26.99587311605316],[84.79916367700177,27.003456482211824],[84.81582801286713,27.020443222407224],[84.82547578626287,27.021049891699917],[84.8541267496805,27.008309836553366],[84.85734267414574,26.990413092418926],[84.86435923661537,26.984346399491997],[84.88511656725467,26.978583041211415],[84.89184077295474,26.972819682930833],[84.9093821791288,26.967966328589284],[84.93364779100291,26.967662993942938],[84.9535280513335,26.960079627784282],[84.96259111119011,26.96038296243063],[84.97837837674678,26.940059541125414],[84.97019238719888,26.92853282456425],[84.970777100738,26.91700610800308],[85.00001277769478,26.91184941901519],[85.00498284277742,26.89486267881979],[85.05292935298652,26.88909932053921],[85.05614527745178,26.8812126197342],[85.03071023849938,26.873932588221884],[85.03071023849938,26.85846252125821],[85.02369367602977,26.85542917479475],[85.05760706129962,26.849059147221475],[85.07427139716498,26.855732509441097],[85.083042100252,26.853912501563016],[85.09999879288694,26.871202576404762],[85.12367969122191,26.87150591105111],[85.13508160523506,26.867865895294955],[85.1400516703177,26.871202576404762],[85.16782556342663,26.86847256458765],[85.18975232114421,26.869989237819382],[85.19296824560945,26.866045887416874],[85.19092174822248,26.846329135404353],[85.19121410499206,26.830859068440688],[85.17688862328323,26.81508566683067],[85.18244340190502,26.800828938452383],[85.18068926128761,26.795672249464495],[85.19179881853118,26.791425564415647],[85.19150646176162,26.782022190378903],[85.19735359715297,26.7695854698787],[85.2125561491705,26.758058753317535],[85.2324364095011,26.762305438366383],[85.24968545890559,26.759878761195615],[85.25991794584046,26.75563207614676],[85.30698738574085,26.751992060390606],[85.3192663700627,26.749262048573485],[85.33446892208022,26.74167868241483],[85.3555186094891,26.760182095841962],[85.36165810165002,26.762912107659076],[85.37072116150662,26.75836208796388],[85.3771530104371,26.76260877301273],[85.38446192967629,26.7741354895739],[85.39235556245463,26.77534882815928],[85.40492690354604,26.785662206135065],[85.40785047124172,26.791425564415647],[85.41837531494615,26.79021222583026],[85.42480716387664,26.78626887542776],[85.43270079665497,26.79021222583026],[85.45111927313773,26.781718855732557],[85.4786008094771,26.79415557623276],[85.48123202040321,26.801738942391424],[85.49526514534246,26.79718892269623],[85.49760399949899,26.812052320367208],[85.50783648643386,26.81690567470875],[85.51982311398615,26.814478997537975],[85.54321165555156,26.83844243459935],[85.55373649925599,26.834499084196842],[85.55782949402995,26.844205792879933],[85.56601548357784,26.841172446416465],[85.57244733250832,26.857552517319178],[85.58238746267364,26.858765855904558],[85.58560338713887,26.847239139343394],[85.60694543131731,26.857552517319178],[85.62390212395223,26.873932588221884],[85.63442696765668,26.872112580343803],[85.642320600435,26.853305832270323],[85.68091169401794,26.843295788940893],[85.70430023558336,26.832375741672415],[85.72125692821828,26.820242355818557],[85.73441298284882,26.795975584110842],[85.73499769638796,26.778078839976402],[85.72885820422704,26.74986871786618],[85.7338282693097,26.737431997365974],[85.72944291776618,26.733488646963472],[85.72798113391835,26.717715245353453],[85.7247652094531,26.709828544548444],[85.72330342560525,26.68738178071881],[85.7256422797618,26.670698375169756],[85.73353591254013,26.66463168224282],[85.73733655054451,26.649161615279155],[85.74873846455765,26.63884823730337],[85.75926330826209,26.636421560132604],[85.76978815196652,26.62974819791298],[85.80165503984941,26.624288174278746],[85.80370153723638,26.614884800242002],[85.81773466217562,26.602751414388145],[85.8305983600366,26.601538075802758],[85.83118307357574,26.611548119132195],[85.85135569067592,26.608818107315074],[85.85807989637597,26.590011359241593],[85.84872447974979,26.576967969448695],[85.84930919328893,26.569081268643686],[85.85807989637597,26.569081268643686],[85.86918945361954,26.577877973387736],[85.88205315148052,26.583944666314665],[85.8876079301023,26.583034662375624],[85.89287035195451,26.595168048229482],[85.91392003936339,26.608818107315074],[85.92532195337654,26.61003144590046],[85.93087673199832,26.616401473473736],[85.94783342463325,26.613974796302962],[85.9463716407854,26.62186149710797],[85.95572705741158,26.63096153649837],[85.95251113294633,26.637331564071644],[85.95484998710288,26.64673493810838],[85.97414553389434,26.65735165073051],[86.00045764315543,26.654924973559737],[86.01156720039901,26.655228308206084],[86.02764682272523,26.666755024767248],[86.06974619754297,26.65735165073051],[86.07413154908649,26.64976828457185],[86.10190544219543,26.63672489477895],[86.11944684836948,26.630051532559328],[86.13874239516096,26.62883819397394],[86.13961946546965,26.616704808120083],[86.13640354100441,26.606391430144306],[86.15540673102632,26.61003144590046],[86.16154622318723,26.614884800242002],[86.17207106689168,26.61700814276643],[86.18201119705697,26.613974796302962],[86.19312075430054,26.614581465595656],[86.19692139230493,26.597594725400256],[86.20539973862239,26.596684721461216],[86.21767872294423,26.58849468600986],[86.23434305880959,26.593651374997755],[86.23726662650526,26.601538075802758],[86.24925325405755,26.60912144196142],[86.25071503790538,26.614581465595656],[86.2758577200882,26.617311477412777],[86.2931067694927,26.61306479236392],[86.30772460797108,26.62004148922989],[86.3328672901539,26.619131485290858],[86.34309977708877,26.61700814276643],[86.34163799324094,26.605784760851613],[86.35625583171932,26.60426808761988],[86.39630870915009,26.593651374997755],[86.39572399561095,26.584854670253705],[86.42992973765038,26.573024619046194],[86.4559494901419,26.567867930058306],[86.49892593526835,26.542084485118856],[86.51559027113372,26.539354473301735],[86.52172976329463,26.543601158350583],[86.54161002362524,26.53874780400904],[86.5509654402514,26.530254433911338],[86.55447372148622,26.51599770553306],[86.57172277089072,26.495977618874193],[86.58809474998651,26.49355094170342],[86.6261011300303,26.48050755191052],[86.62873234095642,26.469284169995703],[86.63984189819999,26.463217477068774],[86.69626675472655,26.44896074869049],[86.70035974950049,26.437130697482978],[86.7202400098311,26.43500735495855],[86.72521007491375,26.426817319507194],[86.73719670246602,26.423480638397386],[86.74625976232262,26.430760669909702],[86.75415339510096,26.44683740616606],[86.76350881172712,26.451084091214916],[86.7664323794228,26.459577461312612],[86.79683748345784,26.448354079397795],[86.83367443642337,26.43895070536106],[86.84536870720608,26.447444075458755],[86.85589355091051,26.448657414044142],[86.86027890245403,26.456240780202805],[86.87343495708457,26.454117437678377],[86.89536171480215,26.46685749282493],[86.8912687200282,26.48141755584956],[86.89360757418474,26.488090918069183],[86.92985981361113,26.489607591300917],[86.92869038653286,26.49628095352054],[86.93219866776768,26.516907709472093],[86.94652414947649,26.5208510598746],[86.95938784733747,26.520547725228255],[86.96143434472445,26.52418774098441],[86.97517511289414,26.51994105593556],[86.97926810766808,26.52509774492345],[86.99096237845079,26.522974402399022],[87.0152279903249,26.53207444178942],[87.02019805540755,26.53996114259443],[87.0424171698947,26.568474599350992],[87.04475602405124,26.587281347424472],[87.07194520362104,26.585764674192745],[87.07311463069931,26.576967969448695],[87.07282227392975,26.542084485118856],[87.0804235499385,26.521457729167295],[87.0877324691777,26.471407512520123],[87.09211782072121,26.450174087275876],[87.13918726062161,26.414683933653336],[87.16257580218702,26.403763886384866],[87.18918026821768,26.4052805596166],[87.18567198698287,26.414077264360643],[87.2108146691657,26.41347059506795],[87.22017008579186,26.403157217092172],[87.22894078887889,26.41347059506795],[87.24794397890079,26.413773929714296],[87.26636245538356,26.405583894262946],[87.26431595799659,26.3876871501285],[87.266070098614,26.373733756396568],[87.2894586401794,26.373733756396568],[87.30173762450124,26.366150390237905],[87.31372425205352,26.36766706346964],[87.32220259837098,26.360083697310976],[87.34120578839288,26.347646976810772],[87.35845483779738,26.360993701250017],[87.35348477271472,26.371913748518487],[87.35640834041041,26.387990484774846],[87.36897968150181,26.408010571433714],[87.376288600741,26.407100567494673],[87.38856758506284,26.419233953348538],[87.41838797555876,26.422570634458346],[87.42774339218492,26.422267299812],[87.44353065774158,26.43318734708047],[87.46662684253742,26.44016404394644],[87.49176952472024,26.436220693543937],[87.51661985013351,26.430760669909702],[87.53445361307713,26.421660630519305],[87.54760966770768,26.418323949409498],[87.5528720895599,26.405583894262946],[87.57859948528186,26.395877185579856],[87.59292496699067,26.3922371698237],[87.5926326102211,26.38162045720157],[87.61222051378215,26.381013787908877],[87.61748293563436,26.389810492652927],[87.63268548765188,26.393753843055435],[87.65198103444334,26.39345050840909],[87.65022689382594,26.405887228909293],[87.67800078693487,26.415897272238723],[87.67741607339573,26.435310689604897],[87.69232626864368,26.435614024251244],[87.69817340403505,26.428333992738928],[87.71103710189603,26.427423988799887],[87.73384092992231,26.407707236787367],[87.7393957085441,26.417717280116804],[87.74845876840068,26.41802061476315],[87.75401354702247,26.408010571433714],[87.76483074749648,26.409830579311794],[87.76746195842259,26.41802061476315],[87.77301673704437,26.420750626580265],[87.77272438027481,26.429850665970662],[87.77681737504875,26.4477474101051],[87.79348171091411,26.46867750070301],[87.8171626092491,26.459274126666266],[87.82973395034051,26.44987075262953],[87.82827216649267,26.439860709300092],[87.8487371403624,26.436524028190284],[87.85107599451895,26.445320732934334],[87.86130848145382,26.44896074869049],[87.85838491375814,26.463824146361468],[87.86335497884079,26.468070831410316],[87.8858664500975,26.47656420150802],[87.88820530425404,26.486877579483796],[87.90019193180632,26.477170870800713],[87.90983970520205,26.457454118788192],[87.89873014795847,26.448657414044142],[87.9229957598326,26.446534071519714],[87.92445754368043,26.438344036068365],[87.91627155413255,26.43318734708047],[87.92591932752828,26.42803065809258],[87.92679639783698,26.418627284055844],[87.93235117645877,26.41802061476315],[87.96597220495906,26.397090524165243],[87.99199195745058,26.39254050447005],[87.99199195745058,26.371307079225794],[88.00660979592897,26.360993701250017],[88.03058305103352,26.364937051652518],[88.02765948333783,26.369183736701366],[88.0314601213422,26.377980441445416],[88.02736712656827,26.38162045720157],[88.03818432704227,26.391933835177355],[88.05280216552066,26.40042720527505],[88.05952637122071,26.4092239100191],[88.07765249093391,26.419233953348538],[88.08583848048181,26.431670673848743],[88.09607096741668,26.44016404394644],[88.09694803772538,26.452297429800296],[88.09197797264272,26.46261080777608],[88.10367224342544,26.467464162117622],[88.10454931373414,26.48748424877649],[88.09928689188192,26.496584288166886],[88.09431682679927,26.515694370886713],[88.1030875298863,26.51812104805748],[88.10337988665587,26.539657807948082],[88.11682829805598,26.532681111082113],[88.12969199591696,26.51599770553306],[88.13495441776918,26.52327773704537],[88.1484028291693,26.52418774098441],[88.16652894888249,26.535411122899234],[88.17500729519995,26.53480445360654],[88.17939264674347,26.548151178045785],[88.1954722690697,26.54784784339944],[88.1963493393784,26.54390449299693],[88.21184424816548,26.544511162289623],[88.20833596693068,26.54997118592386],[88.21155189139591,26.561194567838683],[88.2261697298743,26.556341213497134],[88.22558501633517,26.547241174106745],[88.22967801110912,26.535107788252887],[88.19517991230012,26.51417769765498],[88.1799773602826,26.499920969276694],[88.1799773602826,26.487787583422836],[88.18787099306093,26.48475423695937],[88.19576462583926,26.475047528276285],[88.21096717785679,26.473227520398204],[88.21301367524376,26.483540898373988],[88.22412323248733,26.478080874739746],[88.21769138355684,26.465947488885888],[88.2252926595656,26.45381410303203],[88.24371113604836,26.452297429800296],[88.24809648759188,26.43682736283663],[88.26359139637897,26.428333992738928],[88.26446846668767,26.41529060294603],[88.25248183913538,26.41620060688507],[88.24751177405274,26.40740390214102],[88.23932578450484,26.40346055173852],[88.23464807619176,26.394967181640816],[88.23230922203523,26.37949711467715],[88.24663470374404,26.374037091042915],[88.26212961253113,26.37767710679907],[88.26826910469205,26.381317122555224],[88.27440859685296,26.376160433567335],[88.2823022296313,26.357657020140202],[88.28902643533135,26.354017004384048],[88.28084044578347,26.342793622469223],[88.27937866193562,26.332480244493446],[88.26973088853988,26.32793022479825],[88.26651496407464,26.335210256310567],[88.25774426098761,26.335513590956914],[88.25423597975279,26.32702022085921],[88.2469270605136,26.327626890151905],[88.24546527666577,26.314583500359007],[88.22821622726127,26.295776752285526],[88.22383087571777,26.287890051480517],[88.21330603201332,26.283946701078015],[88.21067482108721,26.27788000815108],[88.20131940446105,26.280913354614547],[88.19722640968709,26.27181331522415],[88.18494742536525,26.27393665774858],[88.1791002899739,26.269083303407037],[88.17413022489126,26.25573657896779],[88.16769837596075,26.25785992149222],[88.14430983439534,26.25209656321163],[88.13670855838659,26.24026651200412],[88.1393397693127,26.226919787564874],[88.11565887097771,26.224493110394107],[88.11156587620377,26.21539307100371],[88.10367224342544,26.207809704845047],[88.0913932591036,26.202046346564465],[88.08876204817749,26.190822964649648],[88.0758983503165,26.18263292919829],[88.07209771231213,26.174442893746942],[88.0650811498425,26.17686957091771],[88.05923401445115,26.170499543344434],[88.04900152751628,26.176262901625016],[88.03730725673357,26.17868957879579],[88.02649005625956,26.165342854356545],[88.00924100685506,26.15472614173442],[87.9998855902289,26.13834607083171],[87.99140724391144,26.150479456685567],[87.9791282595896,26.138042736185362],[87.97942061635916,26.12226933457535],[87.9864371788288,26.10649593296533],[87.98146711374613,26.101945913270136],[87.96684927526775,26.097395893574934],[87.98556010852009,26.07767914156242],[87.98205182728528,26.073735791159912],[87.97240405388953,26.077375806916073],[87.96538749141992,26.07403912580626],[87.95164672325024,26.074342460452606],[87.95457029094591,26.065545755708555],[87.95047729617197,26.061299070659707],[87.93498238738488,26.063725747830482],[87.9311817493805,26.06979244075741],[87.93147410615006,26.08192582661127],[87.91656391090211,26.07676913762338],[87.90223842919329,26.065545755708555],[87.892298299028,26.061299070659707],[87.89054415841059,26.049772354098543],[87.87826517408874,26.049469019452197],[87.86423204914949,26.0364256296593],[87.85546134606247,26.035515625720258],[87.85721548667988,26.027932259561595],[87.85458427575375,26.01246219259793],[87.84932185390154,25.995475452402523],[87.84522885912759,25.994262113817136],[87.84522885912759,25.9633219798898],[87.83675051281013,25.960288633426337],[87.83821229665797,25.95209859797498],[87.83353458834489,25.944515231816318],[87.83938172373624,25.938145204243042],[87.83324223157533,25.927831826267266],[87.81950146340563,25.933898519194194],[87.8089766197012,25.92843849555996],[87.8080995493925,25.912058424657246],[87.82271738787088,25.912058424657246],[87.82096324725347,25.90174504668147],[87.82681038264482,25.894161680522807],[87.82242503110132,25.881724960022602],[87.83002630711007,25.870501578107785],[87.85019892421025,25.869591574168744],[87.85984669760597,25.864738219827203],[87.86657090330604,25.867468231644317],[87.88265052563226,25.85927819619296],[87.89171358548886,25.865648223766236],[87.90253078596285,25.861704873363735],[87.9121785593586,25.85108816074161],[87.90165371565416,25.841078117412174],[87.89142122871928,25.83440475519255],[87.90545435365854,25.819844692167926],[87.90340785627157,25.81347466459465],[87.9057467104281,25.784657873191733],[87.90194607242373,25.77707450703307],[87.91977983536735,25.774647829862303],[87.94229130662407,25.768581136935374],[87.94375309047192,25.750987727447274],[87.96129449664596,25.73855100694707],[87.96567984818948,25.72550761715417],[87.98234418405484,25.720047593519936],[87.98468303821139,25.724294278568784],[87.99959323345934,25.720957597458977],[88.00193208761587,25.71580090847109],[88.01362635839858,25.710037550190506],[88.02093527763778,25.70973421554416],[88.01859642348124,25.697600829690302],[88.03087540780308,25.694567483226834],[88.0487091707467,25.696994160397608],[88.0525098087511,25.684860774543743],[88.04578560305103,25.67909741626316],[88.047832100438,25.66908737293373],[88.04549324628147,25.656043983140833],[88.04023082442924,25.647247278396783],[88.04549324628147,25.635113892542925],[88.03496840257702,25.622980506689068],[88.03847668381184,25.61479047123771],[88.03204483488135,25.60387042396924],[88.02561298595086,25.585670345188454],[88.02941362395524,25.564740254590546],[88.0270747697987,25.555943549846496],[88.03555311611616,25.55260686873669],[88.03730725673357,25.538350140358403],[88.04637031659017,25.539866813590137],[88.05747987383374,25.534406789955902],[88.05952637122071,25.528340097028973],[88.07122064200342,25.517420049760496],[88.06654293369034,25.5128700300653],[88.07180535554255,25.50619666784568],[88.07151299877299,25.4958832898699],[88.06537350661208,25.49011993158932],[88.04490853274233,25.48920992765028],[88.03058305103352,25.491333270174707],[88.02298177502476,25.497703297747982],[88.00953336362464,25.502556652089524],[88.00602508238983,25.49709662845529],[87.9955002386854,25.499826640272403],[87.98556010852009,25.516206711175116],[87.99345374129841,25.52166673480935],[87.98468303821139,25.526520089150893],[87.97649704866349,25.52470008127281],[87.96363335080251,25.539260144297444],[87.93673652800229,25.53562012854129],[87.92767346814568,25.537136801773016],[87.91685626767168,25.531373443492434],[87.90867027812378,25.519240057638577],[87.91071677551076,25.51499337258973],[87.90194607242373,25.505286663906638],[87.89025180164101,25.518330053699536],[87.8832352391714,25.51681338046781],[87.88528173655837,25.50710667178472],[87.8741721793148,25.50194998279683],[87.86774033038431,25.493759947345474],[87.86481676268863,25.479806553613535],[87.86890975746257,25.473133191393913],[87.85458427575375,25.466763163820637],[87.83908936696668,25.467673167759678],[87.8396740805058,25.461303140186402],[87.83002630711007,25.46069647089371],[87.83090337741878,25.452203100796012],[87.82271738787088,25.437036368478687],[87.81160783062731,25.435519695246953],[87.80225241400115,25.44461973463735],[87.7873422187532,25.45038309291793],[87.78354158074882,25.437036368478687],[87.77418616412264,25.42368964403944],[87.77623266150962,25.41276959677097],[87.76746195842259,25.395782856575565],[87.76600017457474,25.38516614395344],[87.76980081257912,25.379099451026512],[87.7791562292053,25.373032758099583],[87.79231228383584,25.373639427392277],[87.79026578644887,25.344215966696666],[87.78821928906189,25.338452608416084],[87.79728234891849,25.32510588397684],[87.80517598169682,25.324499214684145],[87.8262256691057,25.313579167415675],[87.83908936696668,25.30114244691547],[87.85546134606247,25.296895761866622],[87.86247790853209,25.274145663390634],[87.85341484867548,25.26261894682947],[87.85516898929289,25.255338915317154],[87.84025879404494,25.24987889168292],[87.83616579927099,25.241385521585215],[87.82739509618396,25.235318828658286],[87.80108298692286,25.246542210573104],[87.79465113799239,25.252305568853693],[87.77623266150962,25.25655225390254],[87.76716960165302,25.261102273597736],[87.7429039897789,25.264135620061204],[87.713083599283,25.258068927134275],[87.71162181543515,25.27444899803698],[87.69320333895239,25.28506571065911],[87.69641926341764,25.2941657500495],[87.69554219310893,25.306602470549706],[87.69203391187412,25.311455824891247],[87.67303072185223,25.31297249812298],[87.67361543539135,25.30811914378144],[87.65490460213903,25.307512474488746],[87.63034663349534,25.319645860342604],[87.62508421164311,25.313275832769328],[87.61748293563436,25.31812918711087],[87.61192815701257,25.312669163476635],[87.60432688100381,25.315399175293756],[87.58415426390364,25.331475911550115],[87.5917555399124,25.3417892895259],[87.5745064905079,25.34057595094051],[87.5709982092731,25.333295919428195],[87.55170266248163,25.332385915489155],[87.54673259739897,25.315702509940103],[87.54263960262503,25.293559080756808],[87.54351667293373,25.282639033488337],[87.53240711569016,25.280212356317563],[87.51954341782918,25.291739072878727],[87.50434086581166,25.29325574611046],[87.49293895179852,25.306602470549706],[87.4876765299463,25.285975714598145],[87.49527780595506,25.27141565157352],[87.50083258457684,25.266865631878318],[87.49907844395943,25.259282265719662],[87.49060009764197,25.261405608244083],[87.4759822591636,25.23683550189002],[87.477736399781,25.19436865140152],[87.46253384776348,25.194975320694205],[87.44703893897639,25.202862021499215],[87.42657396510666,25.210748722304224],[87.39149115275853,25.227735462499624],[87.38155102259323,25.22318544280443],[87.37044146534966,25.20710870654807],[87.34880706440165,25.214692072706725],[87.33418922592327,25.21620874593846],[87.32717266345364,25.223488777450775],[87.31810960359704,25.194671986047865],[87.32074081452315,25.190728635645357],[87.31547839267093,25.180111923023233],[87.31430896559266,25.160395171010713],[87.31197011143612,25.14886845444955],[87.30787711666217,25.147048446571468],[87.2976446297273,25.11610831264413],[87.29530577557075,25.102458253558538],[87.29530577557075,25.0885048598266],[87.26987073661837,25.093964883460835],[87.26022296322263,25.104581596082966],[87.25028283305733,25.105794934668346],[87.23771149196592,25.0924482102291],[87.23741913519635,25.08577484800948],[87.2143229504005,25.09123487164372],[87.21315352332223,25.082741501546018],[87.20028982546125,25.077888147204476],[87.19239619268293,25.066968099936],[87.18187134897849,25.066968099936],[87.16696115373054,25.03997131641117],[87.15672866679567,25.027231261264618],[87.14591146632166,25.018737891166914],[87.15117388817389,24.987191087946883],[87.14620382309124,24.972934359568598],[87.14883503401734,24.960194304422046],[87.1438649689347,24.946544245336455],[87.15175860171303,24.931680847665476],[87.14240318508685,24.9213674696897],[87.14240318508685,24.913784103531036],[87.15175860171303,24.903774060201606],[87.1555592397174,24.884967312128126],[87.14678853663037,24.87071058374984],[87.12047642736928,24.855240516786168],[87.10995158366484,24.85706052466425],[87.10030381026911,24.847657150627505],[87.10030381026911,24.838860445883462],[87.09124075041251,24.825513721444217],[87.07749998224283,24.82521038679787],[87.07340698746887,24.80852698124881],[87.09153310718207,24.803976961553616],[87.09357960456904,24.7927535796388],[87.0786694093211,24.777586847321473],[87.0786694093211,24.768183473284736],[87.08422418794288,24.75605008743088],[87.0696063494645,24.74422003622336],[87.0786694093211,24.73603000077201],[87.0804235499385,24.72632329208892],[87.07252991716018,24.714796575527757],[87.06814456561666,24.703269858966593],[87.07019106300363,24.697203166039664],[87.06200507345574,24.68870979594196],[87.0596662192992,24.676273075441756],[87.05440379744698,24.669599713222134],[87.0506031594426,24.651096299795],[87.05235730006001,24.64138959111191],[87.04621780789908,24.629862874550746],[87.05089551621217,24.608932783952838],[87.03627767773378,24.613786138294387],[87.02312162310324,24.61560614617246],[87.02195219602496,24.629256205258052],[87.01084263878138,24.631076213136133],[87.00645728723788,24.622886177684776],[86.996224800303,24.620156165867662],[86.9927165190682,24.625919524148244],[86.97751396705067,24.639569583233836],[86.96932797750277,24.63532289818498],[86.95383306871568,24.631986217075173],[86.95354071194612,24.639569583233836],[86.9582184202592,24.64745628403884],[86.9374610896199,24.65018629585596],[86.9447700088591,24.63532289818498],[86.93249102453724,24.6295595399044],[86.92576681883719,24.611966130416306],[86.91962732667626,24.602259421733216],[86.9093948397414,24.595282724867253],[86.90734834235442,24.588306028001284],[86.91290312097621,24.57708264608646],[86.91728847251973,24.561309244476448],[86.91758082928929,24.54917585862259],[86.91436490482405,24.54219916175662],[86.90354770435005,24.547659185390856],[86.89623878511085,24.557972563366633],[86.88805279556296,24.56403925629356],[86.87665088154982,24.56798260669607],[86.86378718368884,24.566769268110683],[86.85998654568445,24.556455890134906],[86.84302985304953,24.557972563366633],[86.84273749627997,24.574352634269346],[86.80560818654487,24.569499279927804],[86.80268461884918,24.573745964976652],[86.81174767870579,24.582542669720702],[86.80765468393184,24.59073270517205],[86.80999353808838,24.598316071330714],[86.80356168915789,24.60195608708687],[86.78894385067952,24.61863949263593],[86.77315658512285,24.62167283909939],[86.75883110341404,24.619246161928622],[86.7538610383314,24.621369504453043],[86.7483062597096,24.604079429611296],[86.75035275709658,24.598012736684367],[86.73368842123122,24.579509323257234],[86.72316357752678,24.58405934295243],[86.69977503596137,24.57313929568396],[86.69041961933519,24.575565972854733],[86.67024700223502,24.564949260232602],[86.64948967159572,24.572229291744918],[86.64744317420875,24.579205988610887],[86.62317756233463,24.589519366586664],[86.62113106494765,24.600136079208795],[86.61089857801278,24.604079429611296],[86.60300494523446,24.60195608708687],[86.5889718202952,24.58860936264763],[86.58926417706478,24.579205988610887],[86.58020111720818,24.566465933464336],[86.5664603490385,24.566465933464336],[86.5582743594906,24.55827589801298],[86.56382913811238,24.552512539732398],[86.55330429440795,24.543412500342008],[86.53634760177302,24.536132468829692],[86.52991575284253,24.54037915387854],[86.5112049195902,24.523695748329487],[86.50068007588575,24.50367566167062],[86.50272657327274,24.493362283694836],[86.49190937279873,24.475768874206743],[86.49424822695528,24.473038862389622],[86.48810873479435,24.461512145828458],[86.49541765403355,24.45635545684057],[86.49687943788138,24.44422207098671],[86.49132465925959,24.428145334730345],[86.46852083123332,24.42632532685227],[86.46676669061591,24.410248590595906],[86.471444398929,24.402058555144556],[86.47202911246812,24.393261850400506],[86.46705904738548,24.38112846454665],[86.45799598752888,24.37809511808318],[86.4559494901419,24.372028425156252],[86.44454757612877,24.367781740107404],[86.43314566211562,24.379611791314915],[86.41355775855459,24.37991512596126],[86.40390998515886,24.38901516535166],[86.39747813622836,24.403271893729936],[86.3781825894369,24.416315283522835],[86.36970424311943,24.418135291400915],[86.36765774573246,24.424201984327844],[86.35888704264542,24.42875200402304],[86.34982398278883,24.447255417450172],[86.33432907400174,24.442705397754978],[86.31737238136682,24.44149205916959],[86.3129870298233,24.447255417450172],[86.29983097519275,24.447862086742866],[86.29456855334054,24.456052122194222],[86.28316663932739,24.464848826938272],[86.27615007685777,24.465758830877313],[86.28170485547956,24.479105555316558],[86.29047555856658,24.47880222067021],[86.29953861842318,24.50003564591446],[86.30889403504935,24.50974235459755],[86.30567811058411,24.52763909873199],[86.30012333196233,24.536132468829692],[86.30743225120152,24.54644584680547],[86.30275454288844,24.55918590195202],[86.30713989443194,24.571319287805878],[86.31766473813639,24.577385980732807],[86.31971123552336,24.58587935083051],[86.30801696474064,24.588002693354937],[86.303046899658,24.58314933901339],[86.29369148303184,24.58769935870859],[86.26445580607506,24.58405934295243],[86.24369847543576,24.588306028001284],[86.23492777234873,24.602562756379562],[86.21417044170943,24.613786138294387],[86.21475515524855,24.595282724867253],[86.19458253814838,24.585576016184163],[86.18054941320914,24.583756008306082],[86.1609615096481,24.588002693354937],[86.1501443091741,24.595282724867253],[86.15160609302194,24.60195608708687],[86.14137360608706,24.607112776074764],[86.13260290300003,24.60559610284303],[86.12090863221732,24.61863949263593],[86.12149334575646,24.631682882428827],[86.11535385359554,24.643816268282684],[86.12266277283473,24.65291630767308],[86.12704812437825,24.666263032112326],[86.1247092702217,24.671116386453868],[86.13231054623046,24.678396417966184],[86.12938697853478,24.685069780185806],[86.12821755145652,24.69871983927139],[86.10862964789548,24.72723329602796],[86.10512136666067,24.73694000471105],[86.08787231725617,24.74725338268683],[86.06565320276903,24.751500067735677],[86.05571307260372,24.74604004410144],[86.04255701797318,24.74725338268683],[86.05688249968199,24.761206776418767],[86.0586366402994,24.77182348904089],[86.0551283590646,24.7797101898459],[86.03758695289054,24.776373508736086],[86.03027803365134,24.769396811870124],[86.0171219790208,24.76393678823588],[86.00513535146851,24.76181344571146],[85.99636464838149,24.753320075613757],[85.97999266928569,24.748770055918563],[85.96917546881168,24.732996654308543],[85.95835826833769,24.73238998501585],[85.93760093769838,24.734816662186624],[85.92502959660698,24.740883355113553],[85.90807290397204,24.757870095308952],[85.89988691442414,24.773036827626278],[85.88702321656316,24.783350205602055],[85.88936207071971,24.79245024499245],[85.86714295623256,24.804280296199963],[85.85749518283683,24.80731364266343],[85.84287734435844,24.80852698124881],[85.82036587310174,24.807616977309777],[85.810718099706,24.799123607212074],[85.80954867262773,24.793966918224186],[85.77534293058831,24.79851693791938],[85.76861872488826,24.807920311956124],[85.74406075624456,24.81914369387094],[85.73616712346623,24.820963701749022],[85.73090470161402,24.81338033559036],[85.72915056099662,24.79851693791938],[85.72359578237483,24.797000264687647],[85.72184164175742,24.785473548126483],[85.71248622513126,24.781226863077634],[85.70459259235292,24.767273469345696],[85.7040078788138,24.751500067735677],[85.709270300666,24.746343378747788],[85.70634673297033,24.732693319662197],[85.7083932303573,24.726019957442574],[85.7002072408094,24.71722325269853],[85.68909768356583,24.698113169978704],[85.68295819140491,24.692653146344462],[85.64933716290463,24.68476644553946],[85.65430722798729,24.67414973291733],[85.66629385553955,24.661713012417124],[85.66249321753517,24.649579626563266],[85.67594162893529,24.61742615405054],[85.67389513154832,24.597406067391674],[85.67740341278312,24.59073270517205],[85.66746328261783,24.57890265396454],[85.65167601706116,24.57495930356204],[85.62477919426095,24.58193600042801],[85.61483906409563,24.58072266184262],[85.61220785316954,24.587396024062244],[85.60226772300423,24.595282724867253],[85.59466644699548,24.59467605557456],[85.58063332205623,24.60074274850149],[85.57215497573875,24.596192728806287],[85.56601548357784,24.587396024062244],[85.57186261896919,24.56191591376914],[85.56689255388653,24.557972563366633],[85.5563677101821,24.557972563366633],[85.54467343939939,24.563432587000868],[85.54555050970811,24.547962520037203],[85.54087280139501,24.53036911054911],[85.52391610876009,24.521269071158713],[85.5183613301383,24.526122425500255],[85.50783648643386,24.524909086914867],[85.5092982702817,24.537042472768732],[85.49789635626857,24.546749181451816],[85.49175686410764,24.547962520037203],[85.47129189023791,24.544625838927388],[85.4595976194552,24.536132468829692],[85.44936513252033,24.537042472768732],[85.43211608311583,24.53158244913449],[85.4125281795548,24.540985823171233],[85.39732562753727,24.544929173573735],[85.39206320568506,24.53036911054911],[85.37422944274142,24.525212421561214],[85.33593070592806,24.52339241368314],[85.32248229452794,24.520055732573326],[85.2912001201842,24.523695748329487],[85.2812599900189,24.520359067219673],[85.28476827125371,24.494272287633876],[85.26693450831009,24.491238941170415],[85.24910074536646,24.490632271877722],[85.24003768550986,24.481532232487325],[85.24149946935769,24.475768874206743],[85.23214405273153,24.473038862389622],[85.2260045605706,24.46333215370654],[85.20670901377915,24.46727550410904],[85.20261601900519,24.46120881118211],[85.18068926128761,24.462422149767498],[85.17279562850929,24.45908546865769],[85.16080900095702,24.46029880724307],[85.15408479525695,24.455142118255182],[85.15437715202653,24.448165421389213],[85.16373256865269,24.44422207098671],[85.17425741235712,24.425111988266885],[85.16490199573096,24.419045295339956],[85.16051664418744,24.412068598473986],[85.12251026414364,24.401451885851863],[85.11549370167401,24.390531838583385],[85.10263000381303,24.38416181101011],[85.10409178766088,24.378398452729527],[85.09824465226953,24.373545098387986],[85.0731019700867,24.37809511808318],[85.083042100252,24.399631877973782],[85.08011853255633,24.41449527564476],[85.08099560286503,24.432998689071894],[85.06783954823449,24.42056196857169],[85.06286948315183,24.406911909486098],[85.04883635821258,24.40782191342514],[85.0424045092821,24.414191940998414],[85.03158730880808,24.414798610291108],[85.02077010833409,24.40994525594956],[85.00176691831219,24.39690186615666],[84.98364079859898,24.387195157473577],[84.9745777387424,24.374758436973373],[84.95528219195091,24.371421755863558],[84.93744842900729,24.37991512596126],[84.9228305905289,24.377488448790487],[84.91639874159841,24.37324176374164],[84.903827400507,24.3723317598026],[84.9003191192722,24.376881779497793],[84.90908982235922,24.383555141717416],[84.90411975727658,24.395385192924934],[84.89271784326343,24.405091901608017],[84.8912560594156,24.414191940998414],[84.882192999559,24.424808653620538],[84.88745542141122,24.43330202371824],[84.88453185371554,24.440885389876897],[84.88570128079381,24.458782134011344],[84.87985414540245,24.46606216552366],[84.87254522616327,24.466365500170006],[84.87108344231542,24.45817546471865],[84.85266496583266,24.46515216158462],[84.84886432782828,24.45453544896249],[84.84009362474126,24.45210877179172],[84.84067833828038,24.468792177340774],[84.83278470550206,24.470308850572508],[84.83541591642816,24.485172248243487],[84.83366177581075,24.49184561046311],[84.83833948412385,24.49760896874369],[84.83921655443254,24.51186569712197],[84.82547578626287,24.52551575620756],[84.81115030455405,24.52157240580506],[84.80179488792788,24.530672445195457],[84.79740953638436,24.5224824097441],[84.79010061714517,24.519145728634285],[84.78951590360603,24.50761901207312],[84.74800124232743,24.496092295511957],[84.74361589078391,24.485172248243487],[84.72899805230553,24.47000551592616],[84.71028721905319,24.471218854511548],[84.70268594304443,24.462422149767498],[84.6848521801008,24.45453544896249],[84.67549676347464,24.42632532685227],[84.67461969316594,24.4108552598886],[84.66526427653977,24.39113850787608],[84.65649357345274,24.396598531510314],[84.63632095635256,24.400541881912822],[84.63164324803948,24.404485232315324],[84.62199547464374,24.403575228376283],[84.61439419863498,24.399328543327435],[84.579896099826,24.410551925242252],[84.56820182904329,24.409338586656865],[84.56206233688238,24.396598531510314],[84.57404896443464,24.38901516535166],[84.55913876918669,24.376275110205107],[84.54978335256052,24.373545098387986],[84.53224194638646,24.378398452729527],[84.52756423807338,24.374455102327026],[84.53428844377343,24.365051728290283],[84.53370373023431,24.359591704656047],[84.5246406703777,24.35018833061931],[84.53165723284732,24.33957161799718],[84.52405595683857,24.333808259716598],[84.51586996729067,24.3168215195212],[84.51060754543846,24.31651818487485],[84.51002283189932,24.306204806899068],[84.50183684235142,24.288308062764628],[84.49160435541656,24.2861847202402],[84.48926550126001,24.294374755691557],[84.49101964187741,24.3037781297283],[84.48868078772088,24.315304846289465],[84.49686677726878,24.316214850228505],[84.50768397774277,24.324708220326208],[84.50534512358624,24.331381582545824],[84.49540499342093,24.325314889618895],[84.48546486325563,24.31287816911869],[84.46529224615546,24.319248196691966],[84.46558460292503,24.331381582545824],[84.46002982430325,24.336841606180066],[84.45155147798579,24.332898255777557],[84.42465465518555,24.329864909314097],[84.42290051456814,24.33562826759468],[84.42757822288124,24.355648354253546],[84.40038904331143,24.366568401522017],[84.38664827514175,24.385375149595497],[84.37816992882429,24.387498492119924],[84.37319986374163,24.383555141717416],[84.36325973357634,24.388408496058965],[84.34162533262833,24.393565185046853],[84.344548900324,24.399328543327435],[84.33343934308043,24.404485232315324],[84.33080813215432,24.411461929181293],[84.32086800198903,24.42359531503515],[84.33694762431524,24.42875200402304],[84.32174507229772,24.44634541351114],[84.2974794604236,24.4493787599746],[84.29163232503225,24.466365500170006],[84.30361895258453,24.480622228548285],[84.31677500721507,24.486688921475213],[84.32759220768908,24.487295590767907],[84.3272998509195,24.500642315207152],[84.32232978583686,24.508225681365815],[84.32232978583686,24.517022386109865],[84.31238965567155,24.523999082975834],[84.31092787182372,24.534919130244305],[84.30274188227582,24.542502496402967],[84.29806417396274,24.558882567305673],[84.28958582764528,24.56282591770818],[84.28461576256262,24.559489236598367],[84.27058263762338,24.56009590589106],[84.27730684332343,24.543715834988355],[84.26941321054511,24.54310916569566],[84.2568418694537,24.527032429439295],[84.23637689558396,24.54917585862259],[84.22029727325773,24.54553584286643],[84.2188354894099,24.533705791658917],[84.20948007278373,24.53431246095161],[84.20918771601416,24.540985823171233],[84.19924758584887,24.54735585074451],[84.19983229938799,24.55402921296413],[84.18726095829658,24.552815874378744],[84.1843373906009,24.544929173573735],[84.17322783335733,24.544625838927388],[84.17410490366603,24.537952476707765],[84.18404503383134,24.51368570500005],[84.17732082813129,24.50458566560966],[84.16971955212253,24.503372327024273],[84.15334757302674,24.51186569712197],[84.15217814594845,24.515809047524478],[84.16416477350074,24.528245768024682],[84.15480935687457,24.53522246489065],[84.14428451317013,24.538255811354112],[84.13434438300483,24.52430241762218],[84.14048387516576,24.500642315207152],[84.13025138823089,24.49760896874369],[84.12528132314823,24.49184561046311],[84.1246966096091,24.480622228548285],[84.11095584143942,24.476678878145783],[84.10364692220023,24.48092556319463],[84.08873672695228,24.500338980560805],[84.08464373217832,24.51368570500005],[84.08961379726097,24.535525799536998],[84.0785042400174,24.540075819232193],[84.07265710462605,24.554635882256825],[84.07294946139561,24.56707260275703],[84.06125519061291,24.57313929568396],[84.06183990415204,24.586486020123203],[84.05423862814328,24.58496934689147],[84.05453098491284,24.594372720928213],[84.04809913598237,24.60559610284303],[84.04897620629106,24.61166279576996],[84.03435836781267,24.622886177684776],[84.03377365427355,24.6295595399044],[84.02090995641257,24.63835624464845],[84.00775390178202,24.642906264343644],[83.99401313361234,24.631682882428827],[83.97588701389914,24.59194604375744],[83.9554220400294,24.56798260669607],[83.93349528231182,24.547659185390856],[83.908352600129,24.540985823171233],[83.88876469656796,24.537952476707765],[83.87297743101131,24.53158244913449],[83.86274494407644,24.536739138122385],[83.84286468374584,24.532795787719877],[83.81655257448475,24.529155771963723],[83.79930352508025,24.52945910661007],[83.79024046522366,24.52339241368314],[83.7545729393364,24.509439019951202],[83.7463869497885,24.510045689243896],[83.72533726237963,24.50367566167062],[83.71715127283173,24.503372327024273],[83.70604171558816,24.507922346719468],[83.68089903340534,24.513079035707356],[83.65254042675727,24.514899043585437],[83.62885952842228,24.512472366414663],[83.59699264053941,24.512472366414663],[83.57594295313054,24.515809047524478],[83.55255441156511,24.523089079036794],[83.5373518595476,24.52460575226852],[83.50314611750818,24.52551575620756]]]},"properties":{"name":"Bihar","lgd":10,"census":"10","id":"IN-BR-S-10","level":"state","parent_id":null,"mausam_level":"state","source_code":"10","parent_code":null}},{"type":"Feature","id":"212","geometry":{"type":"Polygon","coordinates":[[[84.7021012295053,25.31509584064741],[84.71730378152282,25.32267920680607],[84.72665919814898,25.33390258872089],[84.73426047415774,25.353922675379756],[84.73484518769688,25.361809376184766],[84.74770888555786,25.382132797489973],[84.75560251833619,25.409432915661156],[84.76583500527106,25.419442958990594],[84.7789910599016,25.448866419686198],[84.77548277866678,25.458573128369288],[84.75618723187532,25.490726600882013],[84.75560251833619,25.504073325321258],[84.77197449743198,25.540170148236484],[84.79740953638436,25.565043589236893],[84.8105655910149,25.570806947517475],[84.82021336441065,25.581726994785946],[84.81524329932799,25.59295037670077],[84.82284457533676,25.62176716810368],[84.82752228364984,25.646033939811403],[84.84097069504995,25.658470660311608],[84.82225986179762,25.667570699701997],[84.82810699718897,25.678794081616815],[84.84711018721087,25.67909741626316],[84.85003375490655,25.699420837568375],[84.85295732260222,25.70882421160512],[84.8649439501545,25.71792425099551],[84.87459172355024,25.719440924227243],[84.87751529124591,25.711554223422233],[84.90324268696787,25.720350928166283],[84.90236561665917,25.710037550190506],[84.92458473114631,25.708520876958772],[84.93774078577687,25.702150849385497],[84.9500197700987,25.704577526556264],[84.9655146788858,25.71276756200762],[84.97165417104671,25.722170936044364],[84.99416564230343,25.7315743100811],[85.00585991308614,25.732787648666488],[85.02983316819069,25.731270975434754],[85.03948094158642,25.721867601398017],[85.06813190500405,25.711554223422233],[85.0812879596346,25.711554223422233],[85.09765993873039,25.682434097372976],[85.10263000381303,25.66241401071411],[85.11052363659137,25.648157282335823],[85.12455676153061,25.631777211433118],[85.13946695677856,25.625407183859842],[85.17454976912668,25.625103849213495],[85.1879981805268,25.62267717204272],[85.2333134798098,25.60478042790828],[85.24442303705337,25.597803731042312],[85.25699437814478,25.580513656200566],[85.27278164370144,25.563830250651506],[85.2903230498755,25.535923463187636],[85.29324661757119,25.528036762382627],[85.30552560189302,25.514083368650688],[85.33154535438455,25.508320010370106],[85.36692052350224,25.505589998552985],[85.37744536720668,25.499826640272403],[85.38913963798939,25.50012997491875],[85.3944020598416,25.50498332926029],[85.41106639570695,25.499826640272403],[85.42773073157232,25.499826640272403],[85.43299315342453,25.51074668754088],[85.44176385651157,25.517116715114156],[85.44965748928989,25.50498332926029],[85.47216896054661,25.4958832898699],[85.49292629118591,25.493759947345474],[85.50549763227733,25.48405323866239],[85.51192948120782,25.50194998279683],[85.54613522324723,25.50376999067491],[85.54438108262983,25.484356573308737],[85.58121803559536,25.485569911894117],[85.599051798539,25.48920992765028],[85.61600849117391,25.48314323472335],[85.59554351730418,25.474043195332953],[85.62273269687397,25.467673167759678],[85.64115117335673,25.460089801601015],[85.65489194152642,25.460999805540055],[85.65313780090901,25.479199884320842],[85.65518429829598,25.491939939467393],[85.6776957695527,25.494669951284514],[85.67915755340053,25.476469872503728],[85.6949448189572,25.484356573308737],[85.70137666788767,25.50012997491875],[85.71307093867038,25.510443352894534],[85.72359578237483,25.524093411980118],[85.73499769638796,25.52470008127281],[85.7455225400924,25.53471012460225],[85.76335630303603,25.543203494699945],[85.7817747795188,25.548056849041494],[85.8089639590886,25.544416833285332],[85.83732256573666,25.526520089150893],[85.83849199281494,25.517723384406843],[85.88965442748928,25.50012997491875],[85.89257799518495,25.47828988038181],[85.9031028388894,25.467066498466984],[85.89520920611106,25.45917979766198],[85.88263786501966,25.47343652604026],[85.87825251347614,25.46645982917429],[85.87825251347614,25.44856308503985],[85.87328244839348,25.438856376356767],[85.88439200563705,25.42399297868579],[85.90017927119371,25.420352962929634],[85.90602640658507,25.430969675551758],[85.9156741799808,25.420352962929634],[85.93935507831578,25.408522911722116],[85.95514234387244,25.409736250307503],[86.00396592439024,25.379706120319206],[86.0016270702337,25.373032758099583],[86.01273662747728,25.3627193801238],[86.02910860657306,25.364842722648227],[86.03261688780788,25.391839506173064],[86.0469423695167,25.39123283688037],[86.04752708305583,25.384559474660747],[86.06009842414724,25.359079364367645],[86.06565320276903,25.352406002148022],[86.06886912723428,25.337542604477044],[86.06448377569076,25.33390258872089],[86.05366657521675,25.339059277708778],[86.04021816381663,25.33390258872089],[86.03173981749917,25.308725813074133],[86.0206302602556,25.306905805196052],[86.02033790348604,25.29628909257393],[86.00630477854679,25.297502431159316],[86.00045764315543,25.306905805196052],[85.95046463555936,25.319645860342604],[85.93146144553745,25.321465868220685],[85.93263087261573,25.29932243903739],[85.90631876335463,25.29113240358604],[85.8966709899589,25.292952411464114],[85.8911162113371,25.278999017732176],[85.8642193885369,25.27960568702487],[85.86480410207602,25.293862415403154],[85.84053849020191,25.291435738232387],[85.83381428450184,25.287189053183532],[85.8089639590886,25.288099057122572],[85.8072098184712,25.306602470549706],[85.78791427167971,25.309332482366827],[85.78148242274924,25.313579167415675],[85.74084483177933,25.319645860342604],[85.73996776147061,25.332689250135502],[85.73061234484445,25.333295919428195],[85.72973527453576,25.346945978513787],[85.72154928498784,25.345429305282053],[85.71891807406175,25.362112710831113],[85.70371552204422,25.35847269507495],[85.70108431111811,25.34937265568456],[85.68646647263972,25.352406002148022],[85.68646647263972,25.344215966696666],[85.66834035292653,25.34391263205032],[85.66717092584827,25.337239269830697],[85.65810786599167,25.328139230440307],[85.65635372537426,25.310545820952214],[85.64056645981759,25.313579167415675],[85.64349002751328,25.32176920286703],[85.62770276195661,25.319645860342604],[85.62828747549575,25.33086924225742],[85.64319767074372,25.33390258872089],[85.64641359520895,25.342092624172246],[85.63208811350013,25.353316006087063],[85.63676582181321,25.36150604153842],[85.62507155103052,25.366662730526308],[85.62594862133922,25.378796116380165],[85.60489893393034,25.381526128197287],[85.5835568897519,25.390019498294983],[85.57654032728227,25.39608619122191],[85.57770975436054,25.411252923539237],[85.57098554866049,25.4188362896979],[85.55695242372124,25.424296313332135],[85.54701229355594,25.41792628575886],[85.52274668168182,25.42672299050291],[85.51777661659916,25.422476305454055],[85.50608234581645,25.42702632514925],[85.49672692919029,25.42581298656387],[85.48795622610326,25.444923069283696],[85.47713902562926,25.436126364539646],[85.44702627836378,25.442496392112922],[85.41311289309394,25.457966459076594],[85.40112626554165,25.458573128369288],[85.39907976815468,25.43278968342984],[85.37919950782408,25.427632994441943],[85.36750523704137,25.421566301515014],[85.35990396103261,25.401849549502494],[85.34762497671076,25.403669557380574],[85.33885427362374,25.409736250307503],[85.3338842085411,25.401546214856147],[85.3192663700627,25.405792899905002],[85.31341923467134,25.4012428802098],[85.30201732065821,25.40609623455135],[85.29470840141902,25.392749510112104],[85.28915362279723,25.39820953374634],[85.25787144845349,25.400332876270767],[85.25260902660126,25.414286270002698],[85.24354596674468,25.405489565258655],[85.2260045605706,25.40306288808788],[85.22571220380104,25.41398293535636],[85.20583194347043,25.41610627788078],[85.2043701596226,25.40912958101481],[85.19179881853118,25.40215288414884],[85.17922747743978,25.402456218795187],[85.18565932637026,25.382739466782667],[85.18419754252243,25.356046017904184],[85.18770582375724,25.349979324977248],[85.18595168313983,25.334205923367236],[85.17484212589626,25.305995801257012],[85.16080900095702,25.30296245479355],[85.14502173540035,25.31084915559856],[85.12660325891758,25.314489171354715],[85.11812491260012,25.294469084695848],[85.10760006889569,25.286885718537185],[85.11783255583056,25.27535900197602],[85.10438414443044,25.27050564763448],[85.10409178766088,25.27960568702487],[85.09093573303034,25.28840239176892],[85.07777967839979,25.278695683085836],[85.06433126699967,25.28324570278103],[85.04532807697777,25.28415570672007],[85.03012552496025,25.269898978341786],[85.01726182709928,25.272022320866213],[85.01960068125581,25.281729029549297],[85.01492297294273,25.29325574611046],[85.00498284277742,25.293862415403154],[85.00322870216002,25.317219183171837],[84.99416564230343,25.318432521757217],[84.99299621522516,25.309332482366827],[84.98305608505984,25.307815809135093],[84.97662423612937,25.29325574611046],[84.96171404088142,25.28931239570796],[84.94329556439865,25.289615730354306],[84.93540193162032,25.276875675207755],[84.92546180145501,25.269292309049092],[84.91815288221582,25.274752332683327],[84.92400001760717,25.289919065000653],[84.91990702283323,25.293862415403154],[84.903827400507,25.28931239570796],[84.89330255680257,25.280819025610256],[84.88862484848948,25.268078970463705],[84.8912560594156,25.257158923195234],[84.88277771309814,25.252305568853693],[84.86903694492845,25.23592549795098],[84.87079108554586,25.223792112097122],[84.85968152830229,25.224702116036163],[84.85646560383704,25.230162139670398],[84.82869171072811,25.22985880502405],[84.81173501809317,25.216815415231153],[84.79214711453214,25.223792112097122],[84.77635984897549,25.22500545068251],[84.76700443234932,25.21984876169462],[84.74332353401434,25.21408540341404],[84.73455283092731,25.20316535614556],[84.72578212784028,25.205592033316336],[84.72929040907509,25.22227543886539],[84.73689168508385,25.222578773511735],[84.74946302617526,25.229555470377704],[84.75764901572316,25.238352175121754],[84.76320379434495,25.230465474316745],[84.77548277866678,25.23683550189002],[84.78659233591036,25.23774550582906],[84.79068533068431,25.24987889168292],[84.78600762237123,25.25867559642697],[84.76612736204062,25.256855588548888],[84.76466557819279,25.263832285414857],[84.75384837771878,25.26352895076851],[84.74683181524915,25.269898978341786],[84.73747639862299,25.262315612183123],[84.73718404185342,25.253518907439073],[84.72519741430115,25.256248919256194],[84.7219814898359,25.26261894682947],[84.70531715397054,25.261405608244083],[84.6974235211922,25.255035580670807],[84.68689867748778,25.25988893501235],[84.69216109934,25.2726289901589],[84.70677893781838,25.273235659451593],[84.70794836489665,25.28233569884199],[84.72665919814898,25.285975714598145],[84.72607448460985,25.296895761866622],[84.71847320860108,25.29719909651297],[84.70824072166621,25.30508579731797],[84.7021012295053,25.31509584064741]]]},"properties":{"name":"Patna","lgd":212,"census":"230","state":"Bihar","state_lgd":10,"id":"IN-BR-D-212","source_name":"Patna","level":"district","parent_id":"IN-BR-S-10","mausam_level":"district","source_code":"212","parent_code":"10","display_name":"Patna","district_code":"212","state_code":"10"}},{"type":"Feature","id":"208","geometry":{"type":"Polygon","coordinates":[[[85.70546966266163,26.30639346490765],[85.70546966266163,26.294866748346486],[85.7157021495965,26.29244007117571],[85.71365565220952,26.272419984516844],[85.69962252727028,26.263016610480108],[85.7002072408094,26.250276555333556],[85.71716393344434,26.24906321674817],[85.71453272251823,26.24026651200412],[85.69991488403984,26.23905317341874],[85.69640660280503,26.22600978362584],[85.7066390897399,26.225403114333147],[85.71014737097471,26.21144972060121],[85.71774864698347,26.20174301191812],[85.72622699330094,26.198102996161964],[85.72096457144872,26.176566236271363],[85.72125692821828,26.164129515771158],[85.74172190208802,26.16079283466135],[85.75049260517505,26.149872787392873],[85.75107731871418,26.13925607477075],[85.73879833439234,26.12712268891689],[85.72798113391835,26.125606015685158],[85.7265193500705,26.113775964477647],[85.7165792199052,26.108922610136105],[85.71365565220952,26.08950919276993],[85.70897794389644,26.06797243287933],[85.70342316527466,26.059782397427973],[85.70254609496595,26.04643567298873],[85.69202125126151,26.047649011574116],[85.68237347786578,26.02762892491525],[85.67652634247443,26.029145598146982],[85.65576901183512,26.01852888552486],[85.64846009259593,26.003058818561186],[85.6379352488915,26.003058818561186],[85.63179575673057,25.996082121695217],[85.64056645981759,25.976668704329043],[85.63267282703927,25.97090534604846],[85.63208811350013,25.948458582218827],[85.64202824366544,25.941785219999204],[85.64027410304803,25.922068467986684],[85.62536390780008,25.91964179081591],[85.6116231396304,25.928135160913612],[85.59759001469115,25.922978471925724],[85.5826798194432,25.921765133340337],[85.56689255388653,25.926011818389185],[85.56104541849518,25.910541751425512],[85.54291929878198,25.912968428596287],[85.53677980662107,25.92146179869399],[85.5274243899949,25.920855129401296],[85.51426833536436,25.910541751425512],[85.4958498588816,25.90963174748648],[85.49263393441635,25.921158464047643],[85.47538488501185,25.930258503438033],[85.46895303608136,25.92661848768188],[85.44205621328113,25.92449514515745],[85.43328551019411,25.936931865657655],[85.40872754155042,25.939661877474776],[85.40171097908079,25.933595184547848],[85.38826256768067,25.931168507377073],[85.37072116150662,25.932685180608807],[85.36341224226743,25.940875216060164],[85.35113325794558,25.943908562523625],[85.3338842085411,25.954828609792102],[85.31429630498005,25.946031905048052],[85.28652241187112,25.949671920804207],[85.28886126602767,25.960591968072684],[85.29003069310593,25.999115468158685],[85.27161221662317,26.01337219653697],[85.25582495106651,26.011248854012543],[85.23974532874028,26.015192204415044],[85.2341905501185,26.00366548785388],[85.22308099287493,25.99941880280503],[85.20934022470524,26.006092165024654],[85.19589181330514,26.002148814622146],[85.17484212589626,26.010945519366196],[85.16197842803528,26.004272157146573],[85.15028415725257,26.003362153207533],[85.13215803753937,25.997295460280604],[85.11315484751748,26.00093547603676],[85.10496885796958,25.998812133512338],[85.10584592827828,25.981522058670585],[85.09619815488256,25.9809153893779],[85.07924146224762,25.97090534604846],[85.06637776438664,25.974242027158276],[85.05789941806918,25.98394873584136],[85.05731470453004,25.99183543664637],[85.03392616296463,25.997902129573298],[85.01580004325143,25.99486878310983],[85.00556755631656,26.007305503610034],[84.99182678814688,26.00882217684177],[84.98159430121201,26.00457549179292],[84.96873060335103,25.994565448463483],[84.96025225703357,25.99668879098791],[84.95557454872049,26.00851884219542],[84.93774078577687,26.015798873707737],[84.93218600715508,26.030055602086023],[84.93423250454205,26.050682358037584],[84.94329556439865,26.053715704501045],[84.94914269979,26.063725747830482],[84.94475734824648,26.072219117928178],[84.94797327271172,26.10346258650187],[84.93978728316384,26.108619275489758],[84.94124906701167,26.118932653465535],[84.91961466606367,26.136526062953628],[84.90996689266792,26.15472614173442],[84.91581402805929,26.164736185063852],[84.91786052544626,26.17868957879579],[84.90178090312003,26.198709665454658],[84.89359491357214,26.216606409589097],[84.90587389789398,26.225706448979494],[84.90441211404614,26.235716492308924],[84.88336242663726,26.232986480491803],[84.87196051262413,26.25694991755318],[84.87751529124591,26.26180327189472],[84.88102357248073,26.278486677443773],[84.88804013495036,26.299113433395334],[84.9020732598896,26.32611021692017],[84.90967453589836,26.32338020510305],[84.92078409314193,26.328536894090945],[84.94475734824648,26.327626890151905],[84.98013251736418,26.323076870456703],[84.98948793399035,26.33035690196902],[85.00001277769478,26.33308691378614],[85.01375354586446,26.328233559444598],[85.02398603279933,26.319740189346895],[85.03158730880808,26.323076870456703],[85.0359726603516,26.33399691772518],[85.04445100666906,26.341580283883843],[85.05994591545615,26.342793622469223],[85.07573318101281,26.332783579139793],[85.08274974348244,26.32429020904209],[85.10350707412175,26.324593543688437],[85.11081599336093,26.314583500359007],[85.11900198290883,26.317010177529774],[85.13625103231333,26.313066827127273],[85.14239052447425,26.323076870456703],[85.15262301140912,26.3151901696517],[85.16051664418744,26.319436854700548],[85.16314785511355,26.328536894090945],[85.18419754252243,26.33126690590806],[85.20232366223563,26.320953527932282],[85.20320073254433,26.30730346884669],[85.18858289406595,26.30366345309053],[85.18975232114421,26.29638342157822],[85.20027716484864,26.293350075114752],[85.22015742517925,26.300023437334374],[85.23214405273153,26.30123677591976],[85.25728673491435,26.296686756224567],[85.25670202137522,26.32702022085921],[85.26488801092312,26.342186953176537],[85.25699437814478,26.34491696499365],[85.23828354489245,26.34400696105461],[85.22951284180542,26.354017004384048],[85.21811092779228,26.357353685493855],[85.22571220380104,26.371307079225794],[85.24208418289683,26.364027047713478],[85.25407081044911,26.35007365398154],[85.26547272446224,26.352500331152314],[85.28067527647977,26.348556980749812],[85.28739948217982,26.353410335091354],[85.29763196911469,26.344613630347304],[85.30698738574085,26.349466984688846],[85.32774471638017,26.348253646103466],[85.32628293253232,26.335210256310567],[85.33973134393244,26.34491696499365],[85.36107338811088,26.346433638225385],[85.36955173442834,26.34188361853019],[85.37510651305013,26.324896878334783],[85.37481415628056,26.313673496419966],[85.39323263276333,26.307910138139384],[85.40171097908079,26.317616846822467],[85.40872754155042,26.314886835005353],[85.41486703371135,26.304270122383222],[85.40171097908079,26.30548346096861],[85.40317276292863,26.295170082992833],[85.39323263276333,26.291226732590324],[85.39147849214592,26.280913354614547],[85.40580397385474,26.284250035724362],[85.40931225508956,26.27272331916319],[85.42363773679837,26.28273336249263],[85.42656130449404,26.276970004212046],[85.4441027106681,26.27970001602916],[85.4604746897639,26.30032677198072],[85.46252118715087,26.32004352399324],[85.46602946838568,26.332480244493446],[85.47801609593796,26.33490692166422],[85.47918552301623,26.346433638225385],[85.49321864795547,26.354017004384048],[85.50140463750338,26.36281370912809],[85.50432820519906,26.380710453262537],[85.52011547075571,26.37434042568926],[85.54584286647767,26.36979040599406],[85.55695242372124,26.384957138311385],[85.57975625174751,26.393147173762742],[85.58209510590406,26.384350469018692],[85.57566325697357,26.36160037054271],[85.5853110303693,26.36160037054271],[85.59115816576066,26.355230342969428],[85.6116231396304,26.349770319335192],[85.61688556148262,26.34006361065211],[85.6350116811958,26.327626890151905],[85.62857983226533,26.319740189346895],[85.6595696498395,26.317010177529774],[85.67243334770048,26.312763492480926],[85.67798812632226,26.32004352399324],[85.69114418095282,26.317616846822467],[85.69377539187892,26.308516807432078],[85.70546966266163,26.30639346490765]]]},"properties":{"name":"Muzaffarpur","lgd":208,"census":"216","state":"Bihar","state_lgd":10,"id":"IN-BR-D-208","source_name":"Muzaffarpur","level":"district","parent_id":"IN-BR-S-10","mausam_level":"district","source_code":"208","parent_code":"10","display_name":"Muzaffarpur","district_code":"208","state_code":"10"}},{"type":"Feature","id":"213","geometry":{"type":"Polygon","coordinates":[[[85.25436316721867,26.758058753317535],[85.25845616199263,26.751385391097912],[85.25173195629256,26.73591532413424],[85.25904087553175,26.731061969792698],[85.25787144845349,26.71710857606076],[85.26079501614916,26.709525209902104],[85.26021030261003,26.691931800414004],[85.23945297197072,26.679191745267453],[85.23682176104461,26.66857503264533],[85.24471539382294,26.660081662547626],[85.25260902660126,26.670091705877063],[85.26722686507965,26.657048316084165],[85.27073514631446,26.64976828457185],[85.26342622707527,26.646431603462034],[85.27015043277532,26.62883819397394],[85.2695657192362,26.61609813882739],[85.25933323230132,26.61215478842489],[85.26196444322744,26.592438036412368],[85.24763896151862,26.57332795369254],[85.2324364095011,26.570901276521766],[85.23535997719677,26.561194567838683],[85.22074213871839,26.54906118198482],[85.216941500714,26.537231130777307],[85.22278863610536,26.531467772496725],[85.21928035487055,26.520244390581908],[85.22132685225752,26.504167654325542],[85.19969245130952,26.499010965337654],[85.18478225606157,26.499010965337654],[85.17835040713108,26.487787583422836],[85.18361282898329,26.474137524337245],[85.19881538100081,26.46685749282493],[85.19998480807908,26.459577461312612],[85.2143102897879,26.448657414044142],[85.20700137054871,26.42590731556816],[85.22629691734018,26.425300646275467],[85.25874851876219,26.413773929714296],[85.25027017244473,26.40831390608006],[85.25260902660126,26.399820535982364],[85.26371858384483,26.392843839116395],[85.28272177386674,26.39557385093351],[85.28330648740588,26.38162045720157],[85.29061540664506,26.37161041387214],[85.27979820617107,26.368273732762326],[85.28067527647977,26.348556980749812],[85.26547272446224,26.352500331152314],[85.25407081044911,26.35007365398154],[85.24208418289683,26.364027047713478],[85.22571220380104,26.371307079225794],[85.21811092779228,26.357353685493855],[85.22951284180542,26.354017004384048],[85.23828354489245,26.34400696105461],[85.25699437814478,26.34491696499365],[85.26488801092312,26.342186953176537],[85.25670202137522,26.32702022085921],[85.25728673491435,26.296686756224567],[85.23214405273153,26.30123677591976],[85.22015742517925,26.300023437334374],[85.20027716484864,26.293350075114752],[85.18975232114421,26.29638342157822],[85.18858289406595,26.30366345309053],[85.20320073254433,26.30730346884669],[85.20232366223563,26.320953527932282],[85.18419754252243,26.33126690590806],[85.16314785511355,26.328536894090945],[85.16051664418744,26.319436854700548],[85.15262301140912,26.3151901696517],[85.14239052447425,26.323076870456703],[85.13625103231333,26.313066827127273],[85.11900198290883,26.317010177529774],[85.11081599336093,26.314583500359007],[85.10350707412175,26.324593543688437],[85.08274974348244,26.32429020904209],[85.07573318101281,26.332783579139793],[85.05994591545615,26.342793622469223],[85.04445100666906,26.341580283883843],[85.0359726603516,26.33399691772518],[85.03158730880808,26.323076870456703],[85.02398603279933,26.319740189346895],[85.01375354586446,26.328233559444598],[85.00001277769478,26.33308691378614],[84.98948793399035,26.33035690196902],[84.98013251736418,26.323076870456703],[84.94475734824648,26.327626890151905],[84.92078409314193,26.328536894090945],[84.90967453589836,26.32338020510305],[84.9020732598896,26.32611021692017],[84.88804013495036,26.299113433395334],[84.88102357248073,26.278486677443773],[84.87751529124591,26.26180327189472],[84.87196051262413,26.25694991755318],[84.85617324706747,26.270296641992424],[84.83629298673686,26.279396681382813],[84.80618023947139,26.28576670895609],[84.80910380716708,26.294866748346486],[84.80764202331923,26.320953527932282],[84.78542290883209,26.33703026418864],[84.76203436726668,26.346433638225385],[84.75121716679267,26.354017004384048],[84.73045983615336,26.375250429628295],[84.72256620337504,26.399517201336018],[84.71847320860108,26.40133720921409],[84.71233371644017,26.42712065415354],[84.69537702380524,26.433490681726816],[84.67988211501816,26.443500725056253],[84.6658489900789,26.45775745343454],[84.65532414637447,26.46443081565416],[84.63018146419165,26.457454118788192],[84.62638082618726,26.45169076050761],[84.59656043569136,26.435310689604897],[84.5898362299913,26.449567417983182],[84.59042094353043,26.457454118788192],[84.57346425089551,26.470194173934743],[84.57755724566945,26.486270910191102],[84.5617699801128,26.4953709495815],[84.5544610608736,26.482024225142254],[84.53867379531695,26.48566424089841],[84.54481328747788,26.495674284227846],[84.53575022762128,26.51417769765498],[84.51528525375154,26.531771107143072],[84.51060754543846,26.533287780374806],[84.51499289698197,26.55664454814348],[84.51206932928629,26.567867930058306],[84.49715913403834,26.57059794187542],[84.4848801497165,26.593348040351408],[84.49072728510785,26.60335808368084],[84.50505276681668,26.602448079741798],[84.51353111313414,26.59729139075391],[84.52610245422554,26.60608809549796],[84.51996296206462,26.61609813882739],[84.54422857393874,26.653104965681656],[84.57755724566945,26.670698375169756],[84.59597572215222,26.674641725572258],[84.60123814400444,26.682831761023614],[84.60036107369574,26.694661812231125],[84.63953688081781,26.69011179253593],[84.63982923758738,26.681618422438227],[84.65649357345274,26.68131508779188],[84.67169612547025,26.700728505158054],[84.67958975824858,26.69830182798728],[84.69069931549215,26.713771894950952],[84.70122415919658,26.71710857606076],[84.70385537012271,26.73470198554886],[84.71935027890979,26.741072013122135],[84.7228585601446,26.74986871786618],[84.71818085183152,26.756238745439454],[84.7219814898359,26.765035450183504],[84.71613435444455,26.778078839976402],[84.72139677629676,26.789605556537566],[84.73367576061861,26.79415557623276],[84.74361589078391,26.807502300672006],[84.7409846798578,26.821152359757598],[84.72636684137942,26.821152359757598],[84.72519741430115,26.833589080257802],[84.73367576061861,26.842992454294546],[84.71935027890979,26.84572246611166],[84.71145664613147,26.85360916691667],[84.71671906798369,26.85846252125821],[84.70444008366184,26.866045887416874],[84.70063944565746,26.87514592680727],[84.69040695872259,26.875752596099964],[84.68163625563555,26.895469348112485],[84.68163625563555,26.916702773356732],[84.69830059150092,26.92064612375924],[84.69888530504005,26.939756206479068],[84.70970250551406,26.940969545064455],[84.72490505753157,26.956742946674467],[84.74156939339693,26.955226273442733],[84.74858595586656,26.964932982125823],[84.74478531786218,26.974033021516213],[84.74770888555786,26.98677307666277],[84.75969551311013,26.998603127870282],[84.75852608603186,27.003456482211824],[84.77314392451025,27.01771321059011],[84.78279169790598,27.014073194833948],[84.79390125514955,26.99587311605316],[84.81582801286713,27.020443222407224],[84.82547578626287,27.021049891699917],[84.8541267496805,27.008309836553366],[84.85734267414574,26.990413092418926],[84.86435923661537,26.984346399491997],[84.88511656725467,26.978583041211415],[84.89184077295474,26.972819682930833],[84.9093821791288,26.967966328589284],[84.93364779100291,26.967662993942938],[84.9535280513335,26.960079627784282],[84.96259111119011,26.96038296243063],[84.97837837674678,26.940059541125414],[84.97019238719888,26.92853282456425],[84.970777100738,26.91700610800308],[85.00001277769478,26.91184941901519],[85.00498284277742,26.89486267881979],[85.05292935298652,26.88909932053921],[85.05614527745178,26.8812126197342],[85.03071023849938,26.873932588221884],[85.03071023849938,26.85846252125821],[85.05760706129962,26.849059147221475],[85.07427139716498,26.855732509441097],[85.083042100252,26.853912501563016],[85.09999879288694,26.871202576404762],[85.1400516703177,26.871202576404762],[85.16782556342663,26.86847256458765],[85.18975232114421,26.869989237819382],[85.19296824560945,26.866045887416874],[85.19121410499206,26.830859068440688],[85.17688862328323,26.81508566683067],[85.18244340190502,26.800828938452383],[85.19179881853118,26.791425564415647],[85.19150646176162,26.782022190378903],[85.19735359715297,26.7695854698787],[85.2125561491705,26.758058753317535],[85.2324364095011,26.762305438366383],[85.25436316721867,26.758058753317535]]]},"properties":{"name":"East Champaran","lgd":213,"census":"204","state":"Bihar","state_lgd":10,"id":"IN-BR-D-213","source_name":"Purbi Champaran","level":"district","parent_id":"IN-BR-S-10","mausam_level":"district","source_code":"213","parent_code":"10","display_name":"East Champaran","district_code":"213","state_code":"10"}},{"type":"Feature","id":"1963","geometry":{"type":"Polygon","coordinates":[[[84.90792039528095,25.29108629238292],[84.89330255680257,25.280772343677437],[84.88862484848948,25.26833493494435],[84.89359491357214,25.263177960591605],[84.88716306464164,25.25498747191372],[84.86903694492845,25.235876331665317],[84.87079108554586,25.223742274364742],[84.8649439501545,25.22010205717457],[84.85968152830229,25.224652328662287],[84.85646560383704,25.230112654447545],[84.84652547367173,25.2313260601776],[84.82869171072811,25.230112654447545],[84.81348915871058,25.221012111472113],[84.81173501809317,25.21706854284943],[84.79214711453214,25.223742274364742],[84.77460570835808,25.2249556800948],[84.76700443234932,25.219798705742058],[84.75531016156661,25.2207087600396],[84.75414073448835,25.216158488551883],[84.74332353401434,25.2143383799568],[84.73455283092731,25.203114376953767],[84.72578212784028,25.205541188413882],[84.72899805230553,25.212821622794227],[84.72256620337504,25.216765191416915],[84.72929040907509,25.222528868634686],[84.73689168508385,25.222528868634686],[84.74946302617526,25.229809303015028],[84.74946302617526,25.236483034530345],[84.75764901572316,25.238606494557946],[84.76320379434495,25.23041600588006],[84.77431335158852,25.231022708745087],[84.77548277866678,25.23678638596286],[84.78659233591036,25.2376964402604],[84.79068533068431,25.25013384899349],[84.78600762237123,25.258931040536403],[84.76612736204062,25.25711093194132],[84.76466557819279,25.263784663456633],[84.75384837771878,25.26348131202412],[84.74683181524915,25.26985169210692],[84.73747639862299,25.262267906294063],[84.73718404185342,25.253470714751145],[84.72519741430115,25.256200877643774],[84.7219814898359,25.262571257726577],[84.71233371644017,25.262267906294063],[84.6974235211922,25.25498747191372],[84.69069931549215,25.25802098623886],[84.68689867748778,25.25984109483395],[84.69216109934,25.272581854999547],[84.70677893781838,25.27318855786458],[84.70794836489665,25.282289100840007],[84.72665919814898,25.286232669462695],[84.72607448460985,25.296849969600697],[84.71847320860108,25.29715332103321],[84.70824072166621,25.305040458278583],[84.7021012295053,25.315051055551553],[84.71730378152282,25.322634841364412],[84.72665919814898,25.33385884436744],[84.73426047415774,25.35388003891339],[84.73484518769688,25.36176717615876],[84.74741652878829,25.381788370704705],[84.76583500527106,25.372687827729276],[84.77372863804938,25.36722750194402],[84.77519042189722,25.361463824726247],[84.78279169790598,25.35812695896859],[84.7889311900669,25.361463824726247],[84.80179488792788,25.362070527591275],[84.8070573097801,25.372687827729276],[84.82664521334114,25.363587284753848],[84.8187515805628,25.35388003891339],[84.80647259624097,25.352363281750815],[84.80354902854529,25.340532575882758],[84.81758215348454,25.340532575882758],[84.82547578626287,25.34902641599316],[84.84038598151082,25.340835927315272],[84.8485719710587,25.340229224450244],[84.85061846844569,25.333555492934927],[84.86202038245882,25.326881761419614],[84.88014650217202,25.335982304395042],[84.89242548649386,25.3371957101251],[84.90587389789398,25.332038735772358],[84.92049173637237,25.3329487900699],[84.92166116345064,25.3287018700147],[84.91376753067232,25.302613646818468],[84.90704332497225,25.301703592520923],[84.90792039528095,25.29108629238292]]]},"properties":{"name":"Paliganj","lgd":1963,"census":"0395","district":"Patna","dist_lgd":212,"state":"Bihar","state_lgd":10,"id":"IN-BR-B-1963","source_name":"Paliganj","level":"block","mausam_level":"block","source_code":"1963","parent_code":"212","parent_id":"IN-BR-D-212","district_code":"212","state_code":"10","block_code":"1963"}},{"type":"Feature","id":"1955","geometry":{"type":"Polygon","coordinates":[[[84.92166116345064,25.3287018700147],[84.92049173637237,25.3329487900699],[84.90587389789398,25.332038735772358],[84.89242548649386,25.3371957101251],[84.88014650217202,25.335982304395042],[84.86202038245882,25.326881761419614],[84.85061846844569,25.333555492934927],[84.8485719710587,25.340229224450244],[84.84038598151082,25.340835927315272],[84.82547578626287,25.34902641599316],[84.81758215348454,25.340532575882758],[84.80354902854529,25.340532575882758],[84.80647259624097,25.352363281750815],[84.8187515805628,25.35388003891339],[84.82664521334114,25.363587284753848],[84.8070573097801,25.372687827729276],[84.80179488792788,25.362070527591275],[84.7889311900669,25.361463824726247],[84.78279169790598,25.35812695896859],[84.77519042189722,25.361463824726247],[84.77372863804938,25.36722750194402],[84.76583500527106,25.372687827729276],[84.74741652878829,25.381788370704705],[84.75560251833619,25.40939335106351],[84.76291143757538,25.416673785443855],[84.78571526560165,25.40939335106351],[84.79302418484085,25.409089999630996],[84.79214711453214,25.397259293762936],[84.81115030455405,25.39483248230282],[84.81348915871058,25.399382753790537],[84.83921655443254,25.404236376710767],[84.8433095492065,25.39756264519545],[84.85792738768488,25.394529130870307],[84.87049872877628,25.398472699492995],[84.8757611506285,25.409089999630996],[84.89037898910689,25.409696702496024],[84.89447198388083,25.40514643100831],[84.90704332497225,25.407876593900937],[84.91669109836798,25.398472699492995],[84.92253823375934,25.390888913680136],[84.92136880668107,25.382091722137222],[84.93569428838988,25.383305127867278],[84.9318936503855,25.378451504947048],[84.92487708791589,25.352969984615846],[84.93160129361594,25.3520599303183],[84.93423250454205,25.336589007260073],[84.92166116345064,25.3287018700147]]]},"properties":{"name":"Dulhin Bazar","lgd":1955,"census":"0394","district":"Patna","dist_lgd":212,"state":"Bihar","state_lgd":10,"id":"IN-BR-B-1955","source_name":"Dulhin Bazar","level":"block","mausam_level":"block","source_code":"1955","parent_code":"212","parent_id":"IN-BR-D-212","district_code":"212","state_code":"10","block_code":"1955"}},{"type":"Feature","id":"1951","geometry":{"type":"Polygon","coordinates":[[[84.91669109836798,25.398472699492995],[84.90704332497225,25.407876593900937],[84.89447198388083,25.40514643100831],[84.89037898910689,25.409696702496024],[84.8757611506285,25.409089999630996],[84.87049872877628,25.398472699492995],[84.85792738768488,25.394529130870307],[84.8433095492065,25.39756264519545],[84.83921655443254,25.404236376710767],[84.81348915871058,25.399382753790537],[84.81115030455405,25.39483248230282],[84.79214711453214,25.397259293762936],[84.79302418484085,25.409089999630996],[84.78571526560165,25.40939335106351],[84.76291143757538,25.416673785443855],[84.77343628127981,25.435481574259743],[84.7789910599016,25.448829037290373],[84.77548277866678,25.45853628313083],[84.7664197188102,25.471580394728946],[84.75618723187532,25.49129823784238],[84.75618723187532,25.494331752167522],[84.78016048697987,25.49281499500495],[84.78542290883209,25.49493845503255],[84.80822673685837,25.481287640569406],[84.81845922379324,25.49584850933009],[84.8251834294933,25.485534560624604],[84.83570827319774,25.48432115489455],[84.83717005704557,25.49493845503255],[84.8450636898239,25.49979207795278],[84.85500381998921,25.49220829213992],[84.86406687984581,25.503735646575464],[84.88745542141122,25.50464570087301],[84.89798026511565,25.50191553798038],[84.9085051088201,25.504038998007978],[84.91786052544626,25.496758563627637],[84.90704332497225,25.49008483211232],[84.903827400507,25.477344071946717],[84.914644600981,25.471580394728946],[84.92838536915069,25.459142985995857],[84.91698345513755,25.457322877400774],[84.91786052544626,25.446098874397745],[84.92867772592027,25.4451888201002],[84.92955479622896,25.440638548612487],[84.91698345513755,25.435784925692257],[84.9102592494375,25.425167625554256],[84.90908982235922,25.415157028281282],[84.91727581190712,25.40817994533345],[84.91669109836798,25.398472699492995]]]},"properties":{"name":"Bikram","lgd":1951,"census":"0393","district":"Patna","dist_lgd":212,"state":"Bihar","state_lgd":10,"id":"IN-BR-B-1951","source_name":"Bikram","level":"block","mausam_level":"block","source_code":"1951","parent_code":"212","parent_id":"IN-BR-D-212","district_code":"212","state_code":"10","block_code":"1951"}},{"type":"Feature","id":"1950","geometry":{"type":"Polygon","coordinates":[[[84.88745542141122,25.50464570087301],[84.86406687984581,25.503735646575464],[84.85500381998921,25.49220829213992],[84.8450636898239,25.49979207795278],[84.83717005704557,25.49493845503255],[84.83570827319774,25.48432115489455],[84.8251834294933,25.485534560624604],[84.81845922379324,25.49584850933009],[84.80822673685837,25.481287640569406],[84.78542290883209,25.49493845503255],[84.78016048697987,25.49281499500495],[84.75618723187532,25.494331752167522],[84.75560251833619,25.504342349440492],[84.77197449743198,25.540137818477184],[84.79302418484085,25.558945607293072],[84.79740953638436,25.565012635943358],[84.8105655910149,25.57077631316113],[84.82021336441065,25.581696964731645],[84.82225986179762,25.590797507707077],[84.81524329932799,25.592920967734678],[84.81904393733237,25.609605296522965],[84.83103056488466,25.62325611098611],[84.83336941904119,25.62810973390634],[84.84477133305433,25.632053302529023],[84.85091082521525,25.638423682611826],[84.8696216584676,25.63174995109651],[84.86845223138931,25.619312542363424],[84.87956178863288,25.617189082335823],[84.87985414540245,25.624469516716168],[84.88920956202863,25.622042705256053],[84.89096370264603,25.612335459415593],[84.89622612449824,25.61294216228062],[84.89534905418955,25.622042705256053],[84.91522931452015,25.620222596660966],[84.92224587698976,25.615975676605764],[84.92136880668107,25.605358376467763],[84.93130893684636,25.601718159277592],[84.94504970501605,25.600504753547536],[84.95498983518135,25.605661727900277],[84.96434525180752,25.59807794208742],[84.97954780382504,25.594134373464733],[84.9880261501425,25.600504753547536],[84.99679685322954,25.60020140211502],[84.99562742615126,25.592314264869646],[85.00352105892959,25.590494156274563],[84.99445799907299,25.5680461502685],[84.99094971783818,25.561979121618215],[84.97487009551196,25.5574288501305],[84.97487009551196,25.550451767182672],[84.95791340287703,25.55803555299553],[84.9482656294813,25.55864225586056],[84.94388027793778,25.566832744538445],[84.93394014777247,25.55864225586056],[84.93072422330724,25.561372418753187],[84.91201339005491,25.554091984372842],[84.90675096820269,25.5553053901029],[84.89359491357214,25.551361821480214],[84.89622612449824,25.54347468423484],[84.89184077295474,25.536194249854496],[84.88131592925029,25.539531115612156],[84.88277771309814,25.529823869771697],[84.87868471832418,25.514352946713466],[84.88745542141122,25.50464570087301]]]},"properties":{"name":"Bihta","lgd":1950,"census":"0391","district":"Patna","dist_lgd":212,"state":"Bihar","state_lgd":10,"id":"IN-BR-B-1950","source_name":"Bihta","level":"block","mausam_level":"block","source_code":"1950","parent_code":"212","parent_id":"IN-BR-D-212","district_code":"212","state_code":"10","block_code":"1950"}},{"type":"Feature","id":"1959","geometry":{"type":"Polygon","coordinates":[[[84.82635285657156,25.677252665973658],[84.83453884611946,25.680589531731318],[84.84711018721087,25.679072774568745],[84.85003375490655,25.699397320547206],[84.85295732260222,25.708801214955148],[84.85909681476315,25.71031797211772],[84.8649439501545,25.71790175793058],[84.87459172355024,25.71941851509315],[84.87751529124591,25.711531377847777],[84.90324268696787,25.72032856939069],[84.90236561665917,25.710014620685207],[84.92458473114631,25.708497863522634],[84.92575415822458,25.703644240602404],[84.93774078577687,25.702127483439835],[84.93861785608556,25.709104566387662],[84.9500197700987,25.70455429489995],[84.96025225703357,25.712441432145322],[84.9655146788858,25.71304813501035],[84.97165417104671,25.72214867798578],[84.98013251736418,25.724575489445893],[84.98188665798158,25.705160997764978],[84.99036500429904,25.705160997764978],[85.01024526462965,25.698183914817147],[85.00936819432094,25.69363364332943],[84.99825863707737,25.69211688616686],[84.98451786890769,25.68726326324663],[84.98042487413375,25.672399043053428],[84.98597965275553,25.658141525725256],[85.0061522698557,25.646614171289713],[84.9962121396904,25.632053302529023],[85.00147456154261,25.62537957101371],[84.99679685322954,25.60020140211502],[84.9880261501425,25.600504753547536],[84.97954780382504,25.594134373464733],[84.96434525180752,25.59807794208742],[84.95498983518135,25.605661727900277],[84.94504970501605,25.600504753547536],[84.93130893684636,25.601718159277592],[84.92136880668107,25.605358376467763],[84.92224587698976,25.615975676605764],[84.91522931452015,25.620222596660966],[84.89534905418955,25.622042705256053],[84.89622612449824,25.61294216228062],[84.89096370264603,25.612335459415593],[84.88920956202863,25.622042705256053],[84.87985414540245,25.624469516716168],[84.87956178863288,25.617189082335823],[84.86845223138931,25.619312542363424],[84.8696216584676,25.63174995109651],[84.85091082521525,25.638423682611826],[84.84477133305433,25.632053302529023],[84.83336941904119,25.62810973390634],[84.83103056488466,25.62325611098611],[84.82284457533676,25.621739353823536],[84.82752228364984,25.646007468424685],[84.84097069504995,25.65844487715777],[84.83307706227163,25.659961634320343],[84.82225986179762,25.6675454201332],[84.82635285657156,25.677252665973658]]]},"properties":{"name":"Maner","lgd":1959,"census":"0386","district":"Patna","dist_lgd":212,"state":"Bihar","state_lgd":10,"id":"IN-BR-B-1959","source_name":"Maner","level":"block","mausam_level":"block","source_code":"1959","parent_code":"212","parent_id":"IN-BR-D-212","district_code":"212","state_code":"10","block_code":"1959"}},{"type":"Feature","id":"1954","geometry":{"type":"Polygon","coordinates":[[[84.99445799907299,25.5680461502685],[85.00352105892959,25.590494156274563],[84.99562742615126,25.592314264869646],[84.99679685322954,25.60020140211502],[85.00147456154261,25.62537957101371],[84.9962121396904,25.632053302529023],[85.0061522698557,25.646614171289713],[84.98597965275553,25.658141525725256],[84.98042487413375,25.672399043053428],[84.98451786890769,25.68726326324663],[84.99825863707737,25.69211688616686],[85.00936819432094,25.69363364332943],[85.01024526462965,25.698183914817147],[84.99036500429904,25.705160997764978],[84.98188665798158,25.705160997764978],[84.98013251736418,25.724575489445893],[84.99416564230343,25.731552572393724],[85.00585991308614,25.73276597812378],[85.02983316819069,25.73124922096121],[85.03948094158642,25.721845326553264],[85.06491598053881,25.71304813501035],[85.0812879596346,25.711531377847777],[85.09765993873039,25.682712991758915],[85.10263000381303,25.662388445780458],[85.1093542095131,25.650254388479883],[85.10321471735217,25.649040982749828],[85.0912280897999,25.6548046599676],[85.07164018623887,25.650557739912397],[85.07134782946929,25.618705839498393],[85.07368668362584,25.587157290516906],[85.07164018623887,25.579270153271533],[85.05614527745178,25.57775339610896],[85.05380642329524,25.56925955599856],[85.04006565512555,25.564709284510844],[85.02924845465155,25.571079664593643],[85.0125841187862,25.57077631316113],[85.01053762139921,25.576236638946387],[84.99825863707737,25.574719881783817],[84.99445799907299,25.5680461502685]]]},"properties":{"name":"Dinapur","lgd":1954,"census":"0387","district":"Patna","dist_lgd":212,"state":"Bihar","state_lgd":10,"id":"IN-BR-B-1954","source_name":"Dinapur","level":"block","mausam_level":"block","source_code":"1954","parent_code":"212","parent_id":"IN-BR-D-212","district_code":"212","state_code":"10","block_code":"1954"}},{"type":"Feature","id":"1966","geometry":{"type":"Polygon","coordinates":[[[84.97487009551196,25.550451767182672],[84.97487009551196,25.5574288501305],[84.99094971783818,25.561979121618215],[84.99445799907299,25.5680461502685],[84.99825863707737,25.574719881783817],[85.01053762139921,25.576236638946387],[85.0125841187862,25.57077631316113],[85.02924845465155,25.571079664593643],[85.04006565512555,25.564709284510844],[85.05380642329524,25.56925955599856],[85.05614527745178,25.57775339610896],[85.07164018623887,25.579270153271533],[85.07368668362584,25.587157290516906],[85.08479624086941,25.585033830489305],[85.08538095440855,25.580180207569075],[85.09736758196082,25.58048355900159],[85.10321471735217,25.575326584648845],[85.11286249074791,25.575933287513873],[85.11607841521315,25.57987685613656],[85.13332746461765,25.57502323321633],[85.12806504276543,25.54711490142501],[85.1400516703177,25.538924412747125],[85.13946695677856,25.529823869771697],[85.12514147506975,25.524060192553925],[85.11344720428704,25.517083109606094],[85.11637077198273,25.506465809468093],[85.10526121473914,25.49766861792518],[85.08333445702158,25.49918537508775],[85.07573318101281,25.502825592277922],[85.06199241284313,25.504342349440492],[85.05029814206043,25.500095429385293],[85.04474336343864,25.50707251233312],[85.03831151450814,25.49979207795278],[85.03217202234723,25.50070213225032],[85.03743444419945,25.511622783820837],[85.0242783895689,25.511319432388323],[85.0125841187862,25.51526300101101],[84.9970892099991,25.51040937809078],[84.99299621522516,25.52041997536375],[84.99972042092521,25.52861046404164],[84.99416564230343,25.538924412747125],[84.98305608505984,25.5404411699097],[84.98013251736418,25.529823869771697],[84.970777100738,25.532554032664326],[84.97048474396844,25.544384738532383],[84.97487009551196,25.550451767182672]]]},"properties":{"name":"Phulwari","lgd":1966,"census":"0390","district":"Patna","dist_lgd":212,"state":"Bihar","state_lgd":10,"id":"IN-BR-B-1966","source_name":"Phulwari","level":"block","mausam_level":"block","source_code":"1966","parent_code":"212","parent_id":"IN-BR-D-212","district_code":"212","state_code":"10","block_code":"1966"}},{"type":"Feature","id":"1962","geometry":{"type":"Polygon","coordinates":[[[84.93569428838988,25.383305127867278],[84.92136880668107,25.382091722137222],[84.92253823375934,25.390888913680136],[84.91669109836798,25.398472699492995],[84.91727581190712,25.40817994533345],[84.90908982235922,25.415157028281282],[84.9102592494375,25.425167625554256],[84.91698345513755,25.435784925692257],[84.92955479622896,25.440638548612487],[84.92867772592027,25.4451888201002],[84.91786052544626,25.446098874397745],[84.91698345513755,25.457322877400774],[84.92838536915069,25.459142985995857],[84.914644600981,25.471580394728946],[84.903827400507,25.477344071946717],[84.90704332497225,25.49008483211232],[84.91786052544626,25.496758563627637],[84.9085051088201,25.504038998007978],[84.89798026511565,25.50191553798038],[84.88745542141122,25.50464570087301],[84.87868471832418,25.514352946713466],[84.88277771309814,25.529823869771697],[84.88131592925029,25.539531115612156],[84.89184077295474,25.536194249854496],[84.89622612449824,25.54347468423484],[84.89359491357214,25.551361821480214],[84.90675096820269,25.5553053901029],[84.91201339005491,25.554091984372842],[84.93072422330724,25.561372418753187],[84.93394014777247,25.55864225586056],[84.94388027793778,25.566832744538445],[84.9482656294813,25.55864225586056],[84.95791340287703,25.55803555299553],[84.97487009551196,25.550451767182672],[84.97048474396844,25.544384738532383],[84.970777100738,25.532554032664326],[84.98013251736418,25.529823869771697],[84.98305608505984,25.5404411699097],[84.99416564230343,25.538924412747125],[84.99972042092521,25.52861046404164],[84.99299621522516,25.52041997536375],[84.9970892099991,25.51040937809078],[85.0125841187862,25.51526300101101],[85.0242783895689,25.511319432388323],[85.03743444419945,25.511622783820837],[85.03217202234723,25.50070213225032],[85.02486310310803,25.503735646575464],[85.01843125417754,25.49493845503255],[85.01667711356014,25.48250104629946],[85.01901596771668,25.474917260486603],[85.0178465406384,25.44640222583026],[85.01199940524705,25.4388184400174],[85.00322870216002,25.434268168529684],[85.00001277769478,25.42759443701437],[84.98744143660338,25.430021248474485],[84.9780860199772,25.419100596903967],[84.96609939242492,25.414550325416254],[84.94183378055081,25.417280488308883],[84.9392025696247,25.38755204792248],[84.93569428838988,25.383305127867278]]]},"properties":{"name":"Naubatpur","lgd":1962,"census":"0392","district":"Patna","dist_lgd":212,"state":"Bihar","state_lgd":10,"id":"IN-BR-B-1962","source_name":"Naubatpur","level":"block","mausam_level":"block","source_code":"1962","parent_code":"212","parent_id":"IN-BR-D-212","district_code":"212","state_code":"10","block_code":"1962"}},{"type":"Feature","id":"1960","geometry":{"type":"Polygon","coordinates":[[[85.0605306289953,25.288356129490293],[85.05263699621696,25.282289100840007],[85.04532807697777,25.284109209435094],[85.03948094158642,25.276525423622235],[85.03246437911679,25.276525423622235],[85.03012552496025,25.26985169210692],[85.02047775156451,25.26985169210692],[85.0187236109471,25.26439136632166],[85.01726182709928,25.27197515213452],[85.01960068125581,25.28168239797498],[85.01492297294273,25.293209752410522],[85.00498284277742,25.294119806708068],[85.00322870216002,25.317174515579154],[84.99416564230343,25.318387921309213],[84.99299621522516,25.30928737833378],[84.98305608505984,25.307770621171212],[84.98188665798158,25.290782940950407],[84.96960767365974,25.292603049545495],[84.96171404088142,25.289266183787838],[84.94329556439865,25.289569535220352],[84.93510957485074,25.277435477919777],[84.93627900192902,25.26833493494435],[84.92546180145501,25.26924498924189],[84.91815288221582,25.275008666459662],[84.92400001760717,25.289872886652866],[84.91990702283323,25.294119806708068],[84.90792039528095,25.29108629238292],[84.90704332497225,25.301703592520923],[84.91376753067232,25.302613646818468],[84.92166116345064,25.3287018700147],[84.93423250454205,25.336589007260073],[84.93160129361594,25.3520599303183],[84.92487708791589,25.352969984615846],[84.9318936503855,25.378451504947048],[84.93569428838988,25.383305127867278],[84.9392025696247,25.38755204792248],[84.94183378055081,25.417280488308883],[84.96609939242492,25.414550325416254],[84.9780860199772,25.419100596903967],[84.98744143660338,25.430021248474485],[85.00001277769478,25.42759443701437],[85.00322870216002,25.434268168529684],[85.01199940524705,25.4388184400174],[85.01287647555576,25.434268168529684],[85.03392616296463,25.433054762799628],[85.03743444419945,25.430324599907],[85.03538794681248,25.416370434011338],[85.0523446394474,25.420920705499054],[85.06462362376924,25.41849389403894],[85.06637776438664,25.401506213818138],[85.06023827222572,25.37511463918939],[85.0523446394474,25.371171070566703],[85.04649750405605,25.36176717615876],[85.03831151450814,25.339319170152702],[85.04386629312994,25.332645438637385],[85.05526820714307,25.335375601530014],[85.06374655346053,25.334768898664986],[85.06550069407794,25.32384824709447],[85.07602553778239,25.3244549499595],[85.07894910547806,25.31323094695647],[85.0739790403954,25.305950512576125],[85.07339432685627,25.29593991530315],[85.06374655346053,25.295636563870637],[85.0605306289953,25.288356129490293]]]},"properties":{"name":"Masaurhi","lgd":1960,"census":"0396","district":"Patna","dist_lgd":212,"state":"Bihar","state_lgd":10,"id":"IN-BR-B-1960","source_name":"Masaurhi","level":"block","mausam_level":"block","source_code":"1960","parent_code":"212","parent_id":"IN-BR-D-212","district_code":"212","state_code":"10","block_code":"1960"}},{"type":"Feature","id":"1952","geometry":{"type":"Polygon","coordinates":[[[85.29733961234513,25.392709022275223],[85.28915362279723,25.39816934806048],[85.25787144845349,25.40029280808808],[85.25260902660126,25.41424697398374],[85.24530010736207,25.413336919686195],[85.24354596674468,25.405449782440822],[85.2260045605706,25.403022970980707],[85.22571220380104,25.413943622551226],[85.22103449548796,25.414853676848768],[85.22717398764888,25.423650868391682],[85.24062239904899,25.420314002634026],[85.23974532874028,25.432144708502083],[85.23477526365764,25.445795522965227],[85.24851603182732,25.4494357401554],[85.262256799997,25.44640222583026],[85.25933323230132,25.432751411367114],[85.27190457339273,25.432751411367114],[85.27512049785798,25.448829037290373],[85.2739510707797,25.46065974315843],[85.28009056294063,25.46763682610626],[85.28798419571896,25.46763682610626],[85.28944597956679,25.475827314784148],[85.30143260711907,25.474917260486603],[85.30318674773648,25.482197694866947],[85.31108038051481,25.482804397731975],[85.318389299754,25.478254126244263],[85.3166351591366,25.47188374616146],[85.31897401329313,25.46065974315843],[85.30494088835388,25.447008928695286],[85.33154535438455,25.449739091587915],[85.33651541946719,25.44367206293763],[85.33622306269763,25.430021248474485],[85.34440905224552,25.425167625554256],[85.34353198193682,25.412426865388653],[85.3391466303933,25.410000053928538],[85.3338842085411,25.401506213818138],[85.32540586222362,25.401506213818138],[85.3192663700627,25.405753133873336],[85.31341923467134,25.401506213818138],[85.30201732065821,25.406056485305854],[85.29733961234513,25.392709022275223]]]},"properties":{"name":"Daniyawan","lgd":1952,"census":"0400","district":"Patna","dist_lgd":212,"state":"Bihar","state_lgd":10,"id":"IN-BR-B-1952","source_name":"Daniyawan","level":"block","mausam_level":"block","source_code":"1952","parent_code":"212","parent_id":"IN-BR-D-212","district_code":"212","state_code":"10","block_code":"1952"}},{"type":"Feature","id":"1956","geometry":{"type":"Polygon","coordinates":[[[85.22103449548796,25.414853676848768],[85.20583194347043,25.416067082578824],[85.2043701596226,25.409089999630996],[85.19267588883989,25.40726989103591],[85.19179881853118,25.402112916683166],[85.17951983420934,25.402719619548193],[85.17484212589626,25.411213459658594],[85.18039690451805,25.424560922689228],[85.18332047221372,25.43760503428734],[85.1944300294573,25.43760503428734],[85.19852302423124,25.45428936307563],[85.20378544608346,25.4558061202382],[85.20320073254433,25.46703012324123],[85.18858289406595,25.46703012324123],[85.18565932637026,25.475827314784148],[85.18975232114421,25.490388183544834],[85.19355295914859,25.501005483682835],[85.20115423515736,25.501612186547863],[85.21050965178352,25.51465629814598],[85.22775870118801,25.522240083958838],[85.2450077505925,25.523453489688897],[85.2531937401404,25.529823869771697],[85.25816380522305,25.53862106131461],[85.26751922184923,25.54135122420724],[85.26781157861879,25.54832830715507],[85.28155234678847,25.549238361452613],[85.29324661757119,25.52800376117661],[85.30552560189302,25.51404959528095],[85.31341923467134,25.51101608095581],[85.32891414345843,25.508589269495694],[85.32862178668887,25.48735466921969],[85.32335936483665,25.473400503324033],[85.329206500228,25.466726771808716],[85.34323962516726,25.46703012324123],[85.34323962516726,25.456716174535746],[85.33242242469325,25.45489606594066],[85.33154535438455,25.449739091587915],[85.30494088835388,25.447008928695286],[85.31897401329313,25.46065974315843],[85.3166351591366,25.47188374616146],[85.318389299754,25.478254126244263],[85.31108038051481,25.482804397731975],[85.30318674773648,25.482197694866947],[85.30143260711907,25.474917260486603],[85.28944597956679,25.475827314784148],[85.28798419571896,25.46763682610626],[85.28009056294063,25.46763682610626],[85.2739510707797,25.46065974315843],[85.27512049785798,25.448829037290373],[85.27190457339273,25.432751411367114],[85.25933323230132,25.432751411367114],[85.262256799997,25.44640222583026],[85.24851603182732,25.4494357401554],[85.23477526365764,25.445795522965227],[85.23974532874028,25.432144708502083],[85.24062239904899,25.420314002634026],[85.22717398764888,25.423650868391682],[85.22103449548796,25.414853676848768]]]},"properties":{"name":"Fatuha","lgd":1956,"census":"0399","district":"Patna","dist_lgd":212,"state":"Bihar","state_lgd":10,"id":"IN-BR-B-1956","source_name":"Fatuha","level":"block","mausam_level":"block","source_code":"1956","parent_code":"212","parent_id":"IN-BR-D-212","district_code":"212","state_code":"10","block_code":"1956"}},{"type":"Feature","id":"1953","geometry":{"type":"Polygon","coordinates":[[[85.10467650120002,25.270155043539436],[85.10409178766088,25.279558937947378],[85.09093573303034,25.288356129490293],[85.07777967839979,25.27895223508235],[85.06433126699967,25.28319915513755],[85.0605306289953,25.288356129490293],[85.06374655346053,25.295636563870637],[85.07339432685627,25.29593991530315],[85.0739790403954,25.305950512576125],[85.07894910547806,25.31323094695647],[85.07602553778239,25.3244549499595],[85.06550069407794,25.32384824709447],[85.06374655346053,25.334768898664986],[85.05526820714307,25.335375601530014],[85.04386629312994,25.332645438637385],[85.03831151450814,25.339319170152702],[85.04649750405605,25.36176717615876],[85.0523446394474,25.371171070566703],[85.06023827222572,25.37511463918939],[85.06637776438664,25.401506213818138],[85.06462362376924,25.41849389403894],[85.06696247792578,25.422134111229113],[85.08508859763899,25.42274081409414],[85.09064337626077,25.42911119417694],[85.09765993873039,25.430931302772027],[85.10760006889569,25.4430653600726],[85.11490898813489,25.44245865720757],[85.11724784229142,25.436998331422313],[85.15262301140912,25.43760503428734],[85.15496186556565,25.433661465664656],[85.17396505558756,25.430324599907],[85.18039690451805,25.424560922689228],[85.17484212589626,25.411213459658594],[85.17951983420934,25.402719619548193],[85.18098161805719,25.390585562247622],[85.18565932637026,25.38269842500225],[85.1862440399094,25.373597882026818],[85.18419754252243,25.35600349894099],[85.18741346698766,25.335678952962528],[85.18098161805719,25.33234208720487],[85.18215104513546,25.324758301392013],[85.17308798527885,25.315051055551553],[85.17484212589626,25.305950512576125],[85.16080900095702,25.302916998250982],[85.14502173540035,25.310804135496355],[85.12660325891758,25.314444352686525],[85.11812491260012,25.29442315814058],[85.10906185274354,25.29381645527555],[85.10760006889569,25.286839372327723],[85.11783255583056,25.27531201789218],[85.11110835013051,25.270155043539436],[85.10467650120002,25.270155043539436]]]},"properties":{"name":"Dhanarua","lgd":1953,"census":"0397","district":"Patna","dist_lgd":212,"state":"Bihar","state_lgd":10,"id":"IN-BR-B-1953","source_name":"Dhanarua","level":"block","mausam_level":"block","source_code":"1953","parent_code":"212","parent_id":"IN-BR-D-212","district_code":"212","state_code":"10","block_code":"1953"}},{"type":"Feature","id":"1967","geometry":{"type":"Polygon","coordinates":[[[85.03217202234723,25.50070213225032],[85.03831151450814,25.49979207795278],[85.04474336343864,25.50707251233312],[85.05029814206043,25.500095429385293],[85.06199241284313,25.504342349440492],[85.07573318101281,25.502825592277922],[85.08333445702158,25.49918537508775],[85.10526121473914,25.49766861792518],[85.11637077198273,25.506465809468093],[85.13537396200462,25.501005483682835],[85.14239052447425,25.502825592277922],[85.14619116247863,25.488264723517233],[85.15583893587436,25.48735466921969],[85.16227078480485,25.482197694866947],[85.16782556342663,25.484017803462034],[85.17951983420934,25.481894343434433],[85.18098161805719,25.487658020652205],[85.18975232114421,25.490388183544834],[85.18565932637026,25.475827314784148],[85.18858289406595,25.46703012324123],[85.20320073254433,25.46703012324123],[85.20378544608346,25.4558061202382],[85.19852302423124,25.45428936307563],[85.1944300294573,25.43760503428734],[85.18332047221372,25.43760503428734],[85.18039690451805,25.424560922689228],[85.17396505558756,25.430324599907],[85.15496186556565,25.433661465664656],[85.15262301140912,25.43760503428734],[85.11724784229142,25.436998331422313],[85.11490898813489,25.44245865720757],[85.10760006889569,25.4430653600726],[85.09765993873039,25.430931302772027],[85.09064337626077,25.42911119417694],[85.08508859763899,25.42274081409414],[85.06696247792578,25.422134111229113],[85.06462362376924,25.41849389403894],[85.0523446394474,25.420920705499054],[85.03538794681248,25.416370434011338],[85.03743444419945,25.430324599907],[85.03392616296463,25.433054762799628],[85.01287647555576,25.434268168529684],[85.01199940524705,25.4388184400174],[85.0178465406384,25.44640222583026],[85.01901596771668,25.474917260486603],[85.01667711356014,25.48250104629946],[85.01843125417754,25.49493845503255],[85.02486310310803,25.503735646575464],[85.03217202234723,25.50070213225032]]]},"properties":{"name":"Punpun","lgd":1967,"census":"0398","district":"Patna","dist_lgd":212,"state":"Bihar","state_lgd":10,"id":"IN-BR-B-1967","source_name":"Punpun","level":"block","mausam_level":"block","source_code":"1967","parent_code":"212","parent_id":"IN-BR-D-212","district_code":"212","state_code":"10","block_code":"1967"}},{"type":"Feature","id":"1968","geometry":{"type":"Polygon","coordinates":[[[85.11637077198273,25.506465809468093],[85.11344720428704,25.517083109606094],[85.12514147506975,25.524060192553925],[85.13946695677856,25.529823869771697],[85.1400516703177,25.538924412747125],[85.12806504276543,25.54711490142501],[85.13332746461765,25.57502323321633],[85.15145358433085,25.57411317891879],[85.15408479525695,25.57775339610896],[85.17191855820059,25.578360098973988],[85.18039690451805,25.567439447403473],[85.19121410499206,25.563192527348274],[85.20232366223563,25.563495878780788],[85.20553958670087,25.5574288501305],[85.19998480807908,25.534677492691927],[85.1944300294573,25.53376743839438],[85.19296824560945,25.52375684112141],[85.18858289406595,25.51738646103861],[85.1862440399094,25.50555575517055],[85.19355295914859,25.501005483682835],[85.18975232114421,25.490388183544834],[85.18098161805719,25.487658020652205],[85.17951983420934,25.481894343434433],[85.16782556342663,25.484017803462034],[85.16227078480485,25.482197694866947],[85.15583893587436,25.48735466921969],[85.14619116247863,25.488264723517233],[85.14239052447425,25.502825592277922],[85.13537396200462,25.501005483682835],[85.11637077198273,25.506465809468093]]]},"properties":{"name":"Sampatchak","lgd":1968,"census":"0389","district":"Patna","dist_lgd":212,"state":"Bihar","state_lgd":10,"id":"IN-BR-B-1968","source_name":"Sampatchak","level":"block","mausam_level":"block","source_code":"1968","parent_code":"212","parent_id":"IN-BR-D-212","district_code":"212","state_code":"10","block_code":"1968"}},{"type":"Feature","id":"1965","geometry":{"type":"Polygon","coordinates":[[[85.07368668362584,25.587157290516906],[85.07134782946929,25.618705839498393],[85.07164018623887,25.650557739912397],[85.0912280897999,25.6548046599676],[85.10321471735217,25.649040982749828],[85.1093542095131,25.650254388479883],[85.12455676153061,25.63174995109651],[85.13946695677856,25.62537957101371],[85.17454976912668,25.625076219581196],[85.1879981805268,25.62264940812108],[85.2333134798098,25.604751673602735],[85.24442303705337,25.59807794208742],[85.25699437814478,25.58048355900159],[85.27278164370144,25.563799230213302],[85.28155234678847,25.549238361452613],[85.26781157861879,25.54832830715507],[85.26751922184923,25.54135122420724],[85.25816380522305,25.53862106131461],[85.2531937401404,25.529823869771697],[85.2450077505925,25.523453489688897],[85.22775870118801,25.522240083958838],[85.21050965178352,25.51465629814598],[85.20115423515736,25.501612186547863],[85.19355295914859,25.501005483682835],[85.1862440399094,25.50555575517055],[85.18858289406595,25.51738646103861],[85.19296824560945,25.52375684112141],[85.1944300294573,25.53376743839438],[85.19998480807908,25.534677492691927],[85.20553958670087,25.5574288501305],[85.20232366223563,25.563495878780788],[85.19121410499206,25.563192527348274],[85.18039690451805,25.567439447403473],[85.17191855820059,25.578360098973988],[85.15408479525695,25.57775339610896],[85.15145358433085,25.57411317891879],[85.13332746461765,25.57502323321633],[85.11607841521315,25.57987685613656],[85.11286249074791,25.575933287513873],[85.10321471735217,25.575326584648845],[85.09736758196082,25.58048355900159],[85.08538095440855,25.580180207569075],[85.08479624086941,25.585033830489305],[85.07368668362584,25.587157290516906]]]},"properties":{"name":"Patna Sadar","lgd":1965,"census":"0388","district":"Patna","dist_lgd":212,"state":"Bihar","state_lgd":10,"id":"IN-BR-B-1965","source_name":"Patna Sadar","level":"block","mausam_level":"block","source_code":"1965","parent_code":"212","parent_id":"IN-BR-D-212","district_code":"212","state_code":"10","block_code":"1965"}},{"type":"Feature","id":"1947","geometry":{"type":"Polygon","coordinates":[[[85.39177084891548,25.49706191506015],[85.3944020598416,25.504949052305523],[85.40697340093301,25.503735646575464],[85.41106639570695,25.49979207795278],[85.42773073157232,25.49979207795278],[85.43299315342453,25.510712729523295],[85.43270079665497,25.51890321820118],[85.44176385651157,25.517083109606094],[85.44965748928989,25.505252403738037],[85.47216896054661,25.49584850933009],[85.49292629118591,25.49372504930249],[85.49760399949899,25.485534560624604],[85.50549763227733,25.484017803462034],[85.50666705935559,25.49372504930249],[85.51456069213393,25.50343229514295],[85.52099254106442,25.49979207795278],[85.52771674676447,25.503735646575464],[85.54613522324723,25.504038998007978],[85.54438108262983,25.48432115489455],[85.58238746267364,25.485837912057118],[85.58004860851709,25.47795077481175],[85.56835433773438,25.470670340431404],[85.55198235863858,25.466120068943688],[85.55578299664296,25.46065974315843],[85.55782949402995,25.426684382716825],[85.57683268405184,25.42698773414934],[85.57770975436054,25.434268168529684],[85.58823459806499,25.432448059934597],[85.58764988452585,25.42274081409414],[85.59759001469115,25.423650868391682],[85.59642058761287,25.414550325416254],[85.60782250162602,25.413336919686195],[85.61103842609126,25.420314002634026],[85.61893205886959,25.420010651201512],[85.620686199487,25.42547097698677],[85.63588875150452,25.419100596903967],[85.63179575673057,25.401202862385624],[85.61659320471304,25.384518533597333],[85.61045371255213,25.380878316407163],[85.5952511605346,25.387248696489966],[85.58589574390844,25.381788370704705],[85.5835568897519,25.389978859382595],[85.57654032728227,25.39604588803288],[85.57770975436054,25.411213459658594],[85.57098554866049,25.419100596903967],[85.55695242372124,25.42425757125671],[85.54701229355594,25.41788719117391],[85.53414859569496,25.421224056931568],[85.52274668168182,25.426684382716825],[85.5183613301383,25.422437462661627],[85.50695941612517,25.42638103128431],[85.49672692919029,25.425774328419283],[85.49029508025981,25.435481574259743],[85.48795622610326,25.444885468667685],[85.4821090907119,25.44458211723517],[85.47713902562926,25.43608827712477],[85.44702627836378,25.44245865720757],[85.43942500235502,25.447008928695286],[85.43036194249842,25.445795522965227],[85.42831544511145,25.450649145885457],[85.41311289309394,25.4579295802658],[85.4025880493895,25.459142985995857],[85.40785047124172,25.466423420376202],[85.4034651196982,25.477344071946717],[85.40288040615906,25.487051317787177],[85.39410970307203,25.49008483211232],[85.39177084891548,25.49706191506015]]]},"properties":{"name":"Bakhtiarpur","lgd":1947,"census":"0402","district":"Patna","dist_lgd":212,"state":"Bihar","state_lgd":10,"id":"IN-BR-B-1947","source_name":"Bakhtiarpur","level":"block","mausam_level":"block","source_code":"1947","parent_code":"212","parent_id":"IN-BR-D-212","district_code":"212","state_code":"10","block_code":"1947"}},{"type":"Feature","id":"1958","geometry":{"type":"Polygon","coordinates":[[[85.3391466303933,25.410000053928538],[85.34353198193682,25.412426865388653],[85.34440905224552,25.425167625554256],[85.33622306269763,25.430021248474485],[85.33651541946719,25.44367206293763],[85.33154535438455,25.449739091587915],[85.33242242469325,25.45489606594066],[85.34323962516726,25.456716174535746],[85.34323962516726,25.46703012324123],[85.329206500228,25.466726771808716],[85.32335936483665,25.473400503324033],[85.32862178668887,25.48735466921969],[85.32891414345843,25.508589269495694],[85.35376446887169,25.507982566630666],[85.36692052350224,25.505859106603065],[85.37744536720668,25.49979207795278],[85.39177084891548,25.49706191506015],[85.39410970307203,25.49008483211232],[85.40288040615906,25.487051317787177],[85.4034651196982,25.477344071946717],[85.40785047124172,25.466423420376202],[85.4025880493895,25.459142985995857],[85.39907976815468,25.432751411367114],[85.39264791922419,25.431538005637055],[85.37919950782408,25.427897788446884],[85.37393708597186,25.430627951339513],[85.36750523704137,25.42152740836408],[85.36575109642396,25.412426865388653],[85.35990396103261,25.40180956525065],[85.34762497671076,25.40362967384574],[85.3391466303933,25.410000053928538]]]},"properties":{"name":"Khusrupur","lgd":1958,"census":"0401","district":"Patna","dist_lgd":212,"state":"Bihar","state_lgd":10,"id":"IN-BR-B-1958","source_name":"Khusrupur","level":"block","mausam_level":"block","source_code":"1958","parent_code":"212","parent_id":"IN-BR-D-212","district_code":"212","state_code":"10","block_code":"1958"}},{"type":"Feature","id":"1949","geometry":{"type":"Polygon","coordinates":[[[85.61045371255213,25.380878316407163],[85.61659320471304,25.384518533597333],[85.63179575673057,25.401202862385624],[85.63588875150452,25.419100596903967],[85.64670595197852,25.422134111229113],[85.66337028784388,25.423650868391682],[85.66629385553955,25.404236376710767],[85.6613237904569,25.39968610522305],[85.66337028784388,25.391798967977678],[85.67301806123962,25.395439185167852],[85.68120405078751,25.389978859382595],[85.68003462370925,25.37299117916179],[85.68295819140491,25.369654313404133],[85.69377539187892,25.37420458489185],[85.69816074342243,25.38269842500225],[85.7040078788138,25.384518533597333],[85.72359578237483,25.38360847929979],[85.72856584745747,25.37420458489185],[85.7338282693097,25.379361559244593],[85.75049260517505,25.374507936324363],[85.75107731871418,25.36237387902379],[85.75400088640987,25.348116361695617],[85.75020024840549,25.33871246728767],[85.74142954531845,25.342352684477845],[85.72973527453576,25.3414426301803],[85.72154928498784,25.345386198802988],[85.71891807406175,25.362070527591275],[85.71190151159212,25.362677230456303],[85.70371552204422,25.358733661833618],[85.70108431111811,25.349633118858186],[85.68646647263972,25.352363281750815],[85.68646647263972,25.34417279307293],[85.66834035292653,25.343869441640415],[85.66717092584827,25.3371957101251],[85.65752315245253,25.33385884436744],[85.65840022276123,25.321421435634356],[85.65489194152642,25.30989408119881],[85.64787537905679,25.31110748692887],[85.64056645981759,25.314444352686525],[85.64349002751328,25.32172478706687],[85.62770276195661,25.31960132703927],[85.62828747549575,25.331128681474812],[85.64319767074372,25.33385884436744],[85.64641359520895,25.34204933304533],[85.63208811350013,25.35327333604836],[85.63676582181321,25.361463824726247],[85.62507155103052,25.36662079907899],[85.62594862133922,25.37875485637956],[85.61045371255213,25.380878316407163]]]},"properties":{"name":"Belchchi","lgd":1949,"census":"0404","district":"Patna","dist_lgd":212,"state":"Bihar","state_lgd":10,"id":"IN-BR-B-1949","source_name":"Belchchi","level":"block","mausam_level":"block","source_code":"1949","parent_code":"212","parent_id":"IN-BR-D-212","district_code":"212","state_code":"10","block_code":"1949"}},{"type":"Feature","id":"1948","geometry":{"type":"Polygon","coordinates":[[[85.7338282693097,25.379361559244593],[85.72856584745747,25.37420458489185],[85.72359578237483,25.38360847929979],[85.7040078788138,25.384518533597333],[85.69816074342243,25.38269842500225],[85.69377539187892,25.37420458489185],[85.68295819140491,25.369654313404133],[85.68003462370925,25.37299117916179],[85.68120405078751,25.389978859382595],[85.67301806123962,25.395439185167852],[85.66337028784388,25.391798967977678],[85.6613237904569,25.39968610522305],[85.66629385553955,25.404236376710767],[85.66337028784388,25.423650868391682],[85.64670595197852,25.422134111229113],[85.65284544413944,25.43184135706957],[85.65313780090901,25.439425142882428],[85.6586925795308,25.445492171532713],[85.63705817858279,25.451862551615516],[85.63676582181321,25.461569797455972],[85.65489194152642,25.460963094590944],[85.65313780090901,25.47946753197432],[85.6469983087481,25.49857867222272],[85.65109130352204,25.50191553798038],[85.65518429829598,25.491904940707407],[85.6776957695527,25.494635103600036],[85.67915755340053,25.476434017649176],[85.69055946741368,25.485534560624604],[85.6949448189572,25.484624506327062],[85.70137666788767,25.500398780817807],[85.71307093867038,25.51040937809078],[85.7165792199052,25.51950992106621],[85.72359578237483,25.524060192553925],[85.73119705838359,25.521026678228782],[85.72885820422704,25.51586970387604],[85.73324355577056,25.50707251233312],[85.74230661562716,25.50707251233312],[85.74113718854889,25.491904940707407],[85.73061234484445,25.487658020652205],[85.72944291776618,25.48250104629946],[85.73850597762278,25.479770883406832],[85.73967540470105,25.466120068943688],[85.75020024840549,25.45489606594066],[85.75750916764468,25.457626228833288],[85.76774165457955,25.438515088584886],[85.76920343842738,25.43123465420454],[85.75136967548376,25.427291085581857],[85.74961553486635,25.41424697398374],[85.73616712346623,25.41091010822608],[85.73616712346623,25.396955942330422],[85.74230661562716,25.395742536600366],[85.7338282693097,25.379361559244593]]]},"properties":{"name":"Barh","lgd":1948,"census":"0405","district":"Patna","dist_lgd":212,"state":"Bihar","state_lgd":10,"id":"IN-BR-B-1948","source_name":"Barh","level":"block","mausam_level":"block","source_code":"1948","parent_code":"212","parent_id":"IN-BR-D-212","district_code":"212","state_code":"10","block_code":"1948"}},{"type":"Feature","id":"1946","geometry":{"type":"Polygon","coordinates":[[[85.63588875150452,25.419100596903967],[85.620686199487,25.42547097698677],[85.61893205886959,25.420010651201512],[85.61103842609126,25.420314002634026],[85.60782250162602,25.413336919686195],[85.59642058761287,25.414550325416254],[85.59759001469115,25.423650868391682],[85.58764988452585,25.42274081409414],[85.58823459806499,25.432448059934597],[85.57770975436054,25.434268168529684],[85.57683268405184,25.42698773414934],[85.55782949402995,25.426684382716825],[85.55578299664296,25.46065974315843],[85.55198235863858,25.466120068943688],[85.56835433773438,25.470670340431404],[85.58004860851709,25.47795077481175],[85.58238746267364,25.485837912057118],[85.599051798539,25.489174777814778],[85.61600849117391,25.48310774916449],[85.59554351730418,25.474310557621575],[85.62273269687397,25.46763682610626],[85.63676582181321,25.461569797455972],[85.63705817858279,25.451862551615516],[85.6586925795308,25.445492171532713],[85.65313780090901,25.439425142882428],[85.65284544413944,25.43184135706957],[85.64670595197852,25.422134111229113],[85.63588875150452,25.419100596903967]]]},"properties":{"name":"Athamalgola","lgd":1946,"census":"0403","district":"Patna","dist_lgd":212,"state":"Bihar","state_lgd":10,"id":"IN-BR-B-1946","source_name":"Athamalgola","level":"block","mausam_level":"block","source_code":"1946","parent_code":"212","parent_id":"IN-BR-D-212","district_code":"212","state_code":"10","block_code":"1946"}},{"type":"Feature","id":"1961","geometry":{"type":"Polygon","coordinates":[[[85.85778753960639,25.51101608095581],[85.88965442748928,25.500095429385293],[85.89257799518495,25.478254126244263],[85.9031028388894,25.46703012324123],[85.90514933627637,25.4579295802658],[85.89520920611106,25.459142985995857],[85.88263786501966,25.473400503324033],[85.87825251347614,25.466423420376202],[85.87825251347614,25.448525685857856],[85.87328244839348,25.439121791449914],[85.88439200563705,25.42425757125671],[85.89287035195451,25.42547097698677],[85.90017927119371,25.420314002634026],[85.90602640658507,25.430931302772027],[85.9156741799808,25.420314002634026],[85.93935507831578,25.408483296765965],[85.94929520848109,25.407573242468423],[85.95777355479855,25.412730216821167],[85.95514234387244,25.409696702496024],[86.00396592439024,25.379664910677107],[86.0016270702337,25.37299117916179],[86.01273662747728,25.362677230456303],[86.02910860657306,25.364800690483904],[86.03261688780788,25.391798967977678],[86.0469423695167,25.391495616545164],[86.04752708305583,25.384518533597333],[86.06009842414724,25.359037013266132],[86.06565320276903,25.352363281750815],[86.06886912723428,25.33780241299013],[86.06448377569076,25.33385884436744],[86.05834428352983,25.3329487900699],[86.05366657521675,25.339015818720185],[86.04021816381663,25.33385884436744],[86.03407867165572,25.321421435634356],[86.03173981749917,25.308680675468754],[86.0206302602556,25.306860566873667],[86.02033790348604,25.29654661816818],[86.00630477854679,25.297456672465724],[86.00747420562506,25.302613646818468],[86.00045764315543,25.306860566873667],[85.9744378906639,25.313534298388984],[85.95397291679417,25.317174515579154],[85.95046463555936,25.31960132703927],[85.9329232293853,25.321421435634356],[85.9329232293853,25.33021862717727],[85.94754106786368,25.373597882026818],[85.93409265646356,25.37299117916179],[85.92269074245043,25.375417990621905],[85.91918246121561,25.381181667839677],[85.90397990919809,25.38633864219242],[85.88790028687187,25.394225779437793],[85.88234550825008,25.38148501927219],[85.87532894578047,25.39392242800528],[85.86977416715868,25.390585562247622],[85.86158817761077,25.393619076572765],[85.85106333390634,25.38633864219242],[85.84521619851499,25.371171070566703],[85.8305983600366,25.373901233459335],[85.82767479234093,25.377238099216992],[85.82007351633217,25.397259293762936],[85.82358179756697,25.41364027111871],[85.83761492250622,25.428504491311912],[85.82504358141482,25.430324599907],[85.82475122464524,25.440941900045],[85.81831937571476,25.447918982992828],[85.82738243557137,25.472490449026488],[85.8469703391324,25.49857867222272],[85.85778753960639,25.51101608095581]]]},"properties":{"name":"Mokama","lgd":1961,"census":"0408","district":"Patna","dist_lgd":212,"state":"Bihar","state_lgd":10,"id":"IN-BR-B-1961","source_name":"Mokama","level":"block","mausam_level":"block","source_code":"1961","parent_code":"212","parent_id":"IN-BR-D-212","district_code":"212","state_code":"10","block_code":"1961"}},{"type":"Feature","id":"1964","geometry":{"type":"Polygon","coordinates":[[[85.73061234484445,25.333252141502413],[85.72973527453576,25.3414426301803],[85.74142954531845,25.342352684477845],[85.75020024840549,25.33871246728767],[85.75400088640987,25.348116361695617],[85.75107731871418,25.36237387902379],[85.75049260517505,25.374507936324363],[85.7338282693097,25.379361559244593],[85.74230661562716,25.395742536600366],[85.73616712346623,25.396955942330422],[85.73616712346623,25.41091010822608],[85.74961553486635,25.41424697398374],[85.75136967548376,25.427291085581857],[85.76920343842738,25.43123465420454],[85.76774165457955,25.438515088584886],[85.75750916764468,25.457626228833288],[85.75020024840549,25.45489606594066],[85.73967540470105,25.466120068943688],[85.73850597762278,25.479770883406832],[85.72944291776618,25.48250104629946],[85.73061234484445,25.487658020652205],[85.74113718854889,25.491904940707407],[85.74230661562716,25.50707251233312],[85.73324355577056,25.50707251233312],[85.72885820422704,25.51586970387604],[85.73119705838359,25.521026678228782],[85.73499769638796,25.524666895418953],[85.7455225400924,25.534677492691927],[85.76335630303603,25.543171332802327],[85.7817747795188,25.548024955722557],[85.8089639590886,25.544384738532383],[85.83732256573666,25.52648700401404],[85.83849199281494,25.517689812471122],[85.85778753960639,25.51101608095581],[85.8469703391324,25.49857867222272],[85.82738243557137,25.472490449026488],[85.81831937571476,25.447918982992828],[85.82475122464524,25.440941900045],[85.82504358141482,25.430324599907],[85.83761492250622,25.428504491311912],[85.82358179756697,25.41364027111871],[85.82007351633217,25.397259293762936],[85.82767479234093,25.377238099216992],[85.8305983600366,25.373901233459335],[85.80604039139291,25.369957664836647],[85.80516332108421,25.345082847370474],[85.81276459709298,25.3414426301803],[85.81188752678426,25.333555492934927],[85.80136268307983,25.32930857287973],[85.80136268307983,25.308984026901268],[85.79785440184502,25.306860566873667],[85.78148242274924,25.313534298388984],[85.74084483177933,25.31960132703927],[85.73996776147061,25.332645438637385],[85.73061234484445,25.333252141502413]]]},"properties":{"name":"Pandarak","lgd":1964,"census":"0406","district":"Patna","dist_lgd":212,"state":"Bihar","state_lgd":10,"id":"IN-BR-B-1964","source_name":"Pandarak","level":"block","mausam_level":"block","source_code":"1964","parent_code":"212","parent_id":"IN-BR-D-212","district_code":"212","state_code":"10","block_code":"1964"}},{"type":"Feature","id":"1957","geometry":{"type":"Polygon","coordinates":[[[85.8305983600366,25.373901233459335],[85.84521619851499,25.371171070566703],[85.85106333390634,25.38633864219242],[85.86158817761077,25.393619076572765],[85.86977416715868,25.390585562247622],[85.87532894578047,25.39392242800528],[85.88234550825008,25.38148501927219],[85.88790028687187,25.394225779437793],[85.90397990919809,25.38633864219242],[85.91918246121561,25.381181667839677],[85.92269074245043,25.375417990621905],[85.93409265646356,25.37299117916179],[85.94754106786368,25.373597882026818],[85.9329232293853,25.33021862717727],[85.9329232293853,25.321421435634356],[85.93263087261573,25.29927678106081],[85.90631876335463,25.29138964381544],[85.8966709899589,25.29290640097801],[85.8911162113371,25.290479589517894],[85.8911162113371,25.279255586514864],[85.8642193885369,25.279558937947378],[85.86480410207602,25.29381645527555],[85.84170791728017,25.291692995247953],[85.83381428450184,25.287142723760237],[85.8089639590886,25.28805277805778],[85.8072098184712,25.306557215441153],[85.80136268307983,25.308984026901268],[85.80136268307983,25.32930857287973],[85.81188752678426,25.333555492934927],[85.81276459709298,25.3414426301803],[85.80516332108421,25.345082847370474],[85.80604039139291,25.369957664836647],[85.8305983600366,25.373901233459335]]]},"properties":{"name":"Ghoswari","lgd":1957,"census":"0407","district":"Patna","dist_lgd":212,"state":"Bihar","state_lgd":10,"id":"IN-BR-B-1957","source_name":"Ghoswari","level":"block","mausam_level":"block","source_code":"1957","parent_code":"212","parent_id":"IN-BR-D-212","district_code":"212","state_code":"10","block_code":"1957"}},{"type":"Feature","id":"1888","geometry":{"type":"Polygon","coordinates":[[[85.63384225411754,26.005175564521643],[85.63179575673057,25.996075021546215],[85.63442696765668,25.9872778300033],[85.63296518380884,25.98242420708307],[85.61834734533045,25.96907674405244],[85.60723778808688,25.96786333832238],[85.6051912906999,25.97332366410764],[85.58911166837369,25.972110258377583],[85.58735752775628,25.981514152785525],[85.57829446789968,25.992131452923527],[85.56484605649956,26.002445401629014],[85.56484605649956,26.008512430279303],[85.5572447804908,26.014276107497075],[85.53561037954279,26.013062701767016],[85.53239445507755,26.00608561881919],[85.52186961137312,26.010332538874387],[85.52216196814268,26.018826378984787],[85.49497278857288,26.027623570527705],[85.48971036672067,26.01821967611976],[85.47655431209012,26.021556541877416],[85.48357087455975,26.024286704770045],[85.48971036672067,26.037937519233193],[85.49292629118591,26.054318496588966],[85.51046769735997,26.05947547094171],[85.52245432491225,26.059778822374223],[85.55169000186902,26.04218443928839],[85.55987599141692,26.041577736423363],[85.57478618666487,26.024286704770045],[85.58852695483455,26.01609621609216],[85.5952511605346,26.003052104494046],[85.60285243654337,26.002748753061528],[85.60753014485645,26.014276107497075],[85.62419448072181,26.015186161794617],[85.63384225411754,26.005175564521643]]]},"properties":{"name":"Muraul","lgd":1888,"census":"0199","district":"Muzaffarpur","dist_lgd":208,"state":"Bihar","state_lgd":10,"id":"IN-BR-B-1888","source_name":"Muraul","level":"block","mausam_level":"block","source_code":"1888","parent_code":"208","parent_id":"IN-BR-D-208","district_code":"208","state_code":"10","block_code":"1888"}},{"type":"Feature","id":"1879","geometry":{"type":"Polygon","coordinates":[[[85.70810087358774,26.087080451300512],[85.71160915482255,26.07858661119011],[85.70897794389644,26.06796931105211],[85.70342316527466,26.059778822374223],[85.70254609496595,26.046431359343593],[85.69202125126151,26.04764476507365],[85.68237347786578,26.027623570527705],[85.67652634247443,26.02944367912279],[85.65576901183512,26.018523027552273],[85.64846009259593,26.003052104494046],[85.63384225411754,26.005175564521643],[85.62419448072181,26.015186161794617],[85.60753014485645,26.014276107497075],[85.60285243654337,26.002748753061528],[85.5952511605346,26.003052104494046],[85.58852695483455,26.01609621609216],[85.57478618666487,26.024286704770045],[85.55987599141692,26.041577736423363],[85.55169000186902,26.04218443928839],[85.52245432491225,26.059778822374223],[85.53210209830799,26.076159799729997],[85.54204222847329,26.081013422650226],[85.5473046503255,26.08768715416554],[85.56513841326914,26.091630722788228],[85.57887918143882,26.09193407422074],[85.59846708499985,26.0889005598956],[85.60665307454775,26.094057534248343],[85.61600849117391,26.0952709399784],[85.6224403401044,26.0910240199232],[85.61542377763477,26.075249745432455],[85.62741040518705,26.07373298826988],[85.64173588689587,26.08010336835268],[85.64670595197852,26.074036339702396],[85.66161614722648,26.068272662484624],[85.66570914200042,26.081620125515254],[85.67126392062221,26.08404693697537],[85.67974226693967,26.07221623110731],[85.68734354294843,26.083136882677827],[85.70810087358774,26.087080451300512]]]},"properties":{"name":"Bandra","lgd":1879,"census":"0198","district":"Muzaffarpur","dist_lgd":208,"state":"Bihar","state_lgd":10,"id":"IN-BR-B-1879","source_name":"Bandra","level":"block","mausam_level":"block","source_code":"1879","parent_code":"208","parent_id":"IN-BR-D-208","district_code":"208","state_code":"10","block_code":"1879"}},{"type":"Feature","id":"1881","geometry":{"type":"Polygon","coordinates":[[[85.71307093867038,26.092844128518283],[85.71365565220952,26.089507262760627],[85.70810087358774,26.087080451300512],[85.68734354294843,26.083136882677827],[85.67974226693967,26.07221623110731],[85.67126392062221,26.08404693697537],[85.66570914200042,26.081620125515254],[85.66161614722648,26.068272662484624],[85.64670595197852,26.074036339702396],[85.64173588689587,26.08010336835268],[85.62741040518705,26.07373298826988],[85.61542377763477,26.075249745432455],[85.6224403401044,26.0910240199232],[85.61600849117391,26.0952709399784],[85.60665307454775,26.094057534248343],[85.59846708499985,26.0889005598956],[85.57887918143882,26.09193407422074],[85.56513841326914,26.091630722788228],[85.5473046503255,26.08768715416554],[85.54438108262983,26.095574291410912],[85.5511052883299,26.10012456289863],[85.54759700709508,26.109225105874057],[85.55052057479075,26.13045970615006],[85.55490592633427,26.136830086232862],[85.5554906398734,26.146840683505832],[85.5481817206342,26.155334523616236],[85.5481817206342,26.16200825513155],[85.55753713726037,26.16898533807938],[85.55578299664296,26.18991658692287],[85.5636766294213,26.199623832763326],[85.57215497573875,26.199623832763326],[85.57887918143882,26.214791404389043],[85.59086580899108,26.21054448433384],[85.58794224129542,26.19992718419584],[85.60139065269553,26.199017129898298],[85.6008059391564,26.188399829760296],[85.60928428547385,26.185366315435154],[85.620686199487,26.185366315435154],[85.62127091302614,26.176872475324753],[85.6297492593436,26.16686187805178],[85.64202824366544,26.161704903699036],[85.64173588689587,26.177782529622295],[85.64729066551766,26.183242855407553],[85.64933716290463,26.192040046950467],[85.65986200660907,26.194163506978068],[85.66541678523086,26.18657972116521],[85.67272570447005,26.183242855407553],[85.68295819140491,26.18718642403024],[85.71102444128341,26.188399829760296],[85.7183333605226,26.194163506978068],[85.72534992299222,26.192950101248012],[85.72447285268353,26.17747917818978],[85.72096457144872,26.17656912389224],[85.72125692821828,26.16413171515915],[85.74172190208802,26.160794849401494],[85.75049260517505,26.14987419783098],[85.75107731871418,26.139256897692977],[85.73879833439234,26.127122840392403],[85.72798113391835,26.12560608322983],[85.7265193500705,26.113775377361772],[85.73031998807488,26.106191591548914],[85.7165792199052,26.108921754441543],[85.71307093867038,26.1016413200612],[85.71307093867038,26.092844128518283]]]},"properties":{"name":"Gaighat","lgd":1881,"census":"0197","district":"Muzaffarpur","dist_lgd":208,"state":"Bihar","state_lgd":10,"id":"IN-BR-B-1881","source_name":"Gaighat","level":"block","mausam_level":"block","source_code":"1881","parent_code":"208","parent_id":"IN-BR-D-208","district_code":"208","state_code":"10","block_code":"1881"}},{"type":"Feature","id":"1883","geometry":{"type":"Polygon","coordinates":[[[85.72534992299222,26.192950101248012],[85.7183333605226,26.194163506978068],[85.71102444128341,26.188399829760296],[85.68295819140491,26.18718642403024],[85.67272570447005,26.183242855407553],[85.66541678523086,26.18657972116521],[85.65986200660907,26.194163506978068],[85.64933716290463,26.192040046950467],[85.64729066551766,26.183242855407553],[85.64173588689587,26.177782529622295],[85.64202824366544,26.161704903699036],[85.6297492593436,26.16686187805178],[85.62127091302614,26.176872475324753],[85.620686199487,26.185366315435154],[85.60928428547385,26.185366315435154],[85.6008059391564,26.188399829760296],[85.60139065269553,26.199017129898298],[85.58794224129542,26.19992718419584],[85.59086580899108,26.21054448433384],[85.57887918143882,26.214791404389043],[85.57215497573875,26.199623832763326],[85.5636766294213,26.199623832763326],[85.55666006695168,26.207207618576184],[85.53707216339063,26.20902772717127],[85.52596260614706,26.21661151298413],[85.52274668168182,26.22389194736447],[85.51163712443824,26.2266221102571],[85.50169699427295,26.232992490339903],[85.50169699427295,26.237542761827616],[85.51134476766867,26.239666221855217],[85.51251419474696,26.244216493342932],[85.52625496291662,26.259990767833678],[85.53561037954279,26.261507524996247],[85.5546135695647,26.25817065923859],[85.57770975436054,26.24694665623556],[85.57741739759098,26.23845281612516],[85.58326453298233,26.2372394103951],[85.58881931160411,26.252710333453333],[85.59642058761287,26.24967681912819],[85.61483906409563,26.24967681912819],[85.620686199487,26.26696785078151],[85.62770276195661,26.26787790507905],[85.62185562656526,26.28334882813728],[85.62448683749138,26.291235965382654],[85.61893205886959,26.299123102628027],[85.6215632697957,26.313987322821227],[85.62857983226533,26.318840945741456],[85.6595696498395,26.31702083714637],[85.67243334770048,26.31277391709117],[85.67798812632226,26.320054351471512],[85.69114418095282,26.3176275400114],[85.69377539187892,26.30852699703597],[85.70546966266163,26.306403537008368],[85.70546966266163,26.294876182572825],[85.71599450636606,26.289415856787567],[85.71365565220952,26.272428176566766],[85.69962252727028,26.26302428215882],[85.69640660280503,26.254833793480934],[85.7002072408094,26.250283521993218],[85.71716393344434,26.249070116263162],[85.71453272251823,26.240272924720248],[85.69991488403984,26.23905951899019],[85.69640660280503,26.226015407392072],[85.7066390897399,26.225408704527045],[85.71014737097471,26.211454538631386],[85.71862571729217,26.208724375738758],[85.71774864698347,26.201747292790927],[85.72505756622266,26.2011405899259],[85.72534992299222,26.192950101248012]]]},"properties":{"name":"Katra","lgd":1883,"census":"0196","district":"Muzaffarpur","dist_lgd":208,"state":"Bihar","state_lgd":10,"id":"IN-BR-B-1883","source_name":"Katra","level":"block","mausam_level":"block","source_code":"1883","parent_code":"208","parent_id":"IN-BR-D-208","district_code":"208","state_code":"10","block_code":"1883"}},{"type":"Feature","id":"1986","geometry":{"type":"Polygon","coordinates":[[[85.14239052447425,26.612788483847837],[85.13712810262203,26.610058320955208],[85.1347892484655,26.599137669384692],[85.1257261886089,26.593070640734407],[85.11257013397834,26.573352797620974],[85.11987905321753,26.562128794617944],[85.1318656807698,26.561522091752916],[85.13069625369154,26.554545008805086],[85.13858988646987,26.547871277289772],[85.12952682661327,26.539377437179372],[85.11783255583056,26.5399841400444],[85.10906185274354,26.53513051712417],[85.11432427459575,26.527850082743825],[85.13040389692196,26.524816568418682],[85.13303510784809,26.519962945498452],[85.1491147301743,26.51541267401074],[85.14706823278733,26.494178073734737],[85.13274275107851,26.487807693651934],[85.13391217815678,26.49599818232982],[85.12660325891758,26.49933504808748],[85.12192555060452,26.49599818232982],[85.12251026414364,26.486897639354392],[85.11403191782618,26.487807693651934],[85.11140070690007,26.497818290924908],[85.10438414443044,26.496908236627366],[85.10058350642606,26.49023450511205],[85.07690260809107,26.504492022440225],[85.06520833730838,26.508738942495423],[85.06082298576486,26.496604885194852],[85.04942107175172,26.489931153679535],[85.04211215251253,26.47901050210902],[85.0359726603516,26.484167476461764],[85.0342185197342,26.49084120797708],[85.02632488695588,26.49144791084211],[85.01930832448625,26.506008779602794],[85.02193953541236,26.516626079740796],[85.03860387127772,26.529670191338912],[85.0540987800648,26.551511494479943],[85.03801915773857,26.552421548777488],[85.04094272543426,26.56182544318543],[85.05029814206043,26.561522091752916],[85.04591279051691,26.579723177703777],[85.05000578529085,26.585790206354062],[85.0450357202082,26.591857235004348],[85.04883635821258,26.596710857924577],[85.05526820714307,26.60247453514235],[85.07427139716498,26.60247453514235],[85.07544082424324,26.611271726685267],[85.08011853255633,26.617642106768066],[85.09473637103471,26.616732052470525],[85.10613828504785,26.626742649743495],[85.11724784229142,26.625832595445953],[85.1166631287523,26.61794545820058],[85.12543383183932,26.615518646740465],[85.13215803753937,26.61794545820058],[85.14239052447425,26.612788483847837]]]},"properties":{"name":"Pakridayal","lgd":1986,"census":"0040","district":"Purbi Champaran","dist_lgd":213,"state":"Bihar","state_lgd":10,"id":"IN-BR-B-1986","source_name":"Pakridayal","level":"block","mausam_level":"block","source_code":"1986","parent_code":"213","parent_id":"IN-BR-D-213","district_code":"213","state_code":"10","block_code":"1986"}},{"type":"Feature","id":"1987","geometry":{"type":"Polygon","coordinates":[[[85.26985807600576,26.624315838283383],[85.26664215154051,26.611878429550295],[85.25933323230132,26.61218178098281],[85.26196444322744,26.59246393786938],[85.25991794584046,26.585790206354062],[85.24763896151862,26.57304944618846],[85.23448290688808,26.572139391890918],[85.23360583657937,26.56667906610566],[85.23945297197072,26.561522091752916],[85.22074213871839,26.549084683019828],[85.21664914394444,26.539074085746858],[85.21577207363573,26.546051168694685],[85.20700137054871,26.554545008805086],[85.19150646176162,26.56091538888789],[85.19209117530076,26.553028251642516],[85.17571919620497,26.55424165737257],[85.17191855820059,26.548174628722286],[85.16139371449614,26.549388034452342],[85.15876250357005,26.540590842909427],[85.15116122756127,26.527850082743825],[85.1491147301743,26.51541267401074],[85.13303510784809,26.519962945498452],[85.13040389692196,26.524816568418682],[85.11432427459575,26.527850082743825],[85.10906185274354,26.53513051712417],[85.11783255583056,26.5399841400444],[85.12952682661327,26.539377437179372],[85.13858988646987,26.547871277289772],[85.13069625369154,26.554545008805086],[85.1318656807698,26.561522091752916],[85.11987905321753,26.562128794617944],[85.11257013397834,26.573352797620974],[85.1257261886089,26.593070640734407],[85.1347892484655,26.599137669384692],[85.13712810262203,26.610058320955208],[85.14239052447425,26.612788483847837],[85.15583893587436,26.61794545820058],[85.1616860712657,26.623709135418352],[85.18478225606157,26.6352364898539],[85.18916760760507,26.622192378255782],[85.19969245130952,26.620978972525723],[85.20056952161822,26.630989569798697],[85.21401793301834,26.63189962409624],[85.22571220380104,26.635539841286413],[85.22834341472715,26.610665023820236],[85.23623704750548,26.61157507811778],[85.2450077505925,26.619765566795667],[85.24559246413165,26.625832595445953],[85.25670202137522,26.62916946120361],[85.25757909168392,26.638573355611555],[85.26459565415354,26.644337032829327],[85.27102750308403,26.630079515501155],[85.26985807600576,26.624315838283383]]]},"properties":{"name":"Patahi","lgd":1987,"census":"0041","district":"Purbi Champaran","dist_lgd":213,"state":"Bihar","state_lgd":10,"id":"IN-BR-B-1987","source_name":"Patahi","level":"block","mausam_level":"block","source_code":"1987","parent_code":"213","parent_id":"IN-BR-D-213","district_code":"213","state_code":"10","block_code":"1987"}},{"type":"Feature","id":"1988","geometry":{"type":"Polygon","coordinates":[[[85.13274275107851,26.487807693651934],[85.14706823278733,26.494178073734737],[85.1491147301743,26.51541267401074],[85.15116122756127,26.527850082743825],[85.15876250357005,26.540590842909427],[85.16139371449614,26.549388034452342],[85.17191855820059,26.548174628722286],[85.17571919620497,26.55424165737257],[85.19209117530076,26.553028251642516],[85.19150646176162,26.56091538888789],[85.20700137054871,26.554545008805086],[85.21577207363573,26.546051168694685],[85.21664914394444,26.539074085746858],[85.22278863610536,26.531490299934],[85.22308099287493,26.523603162688627],[85.21928035487055,26.52026629693097],[85.22395806318363,26.507525536765367],[85.22132685225752,26.50418867100771],[85.20086187838778,26.499031696654967],[85.18478225606157,26.49872834522245],[85.17835040713108,26.48750434221942],[85.1853669696007,26.480830610704107],[85.18419754252243,26.474763582053818],[85.17338034204842,26.475066933486335],[85.17045677435274,26.464752984780848],[85.16577906603966,26.463236227618275],[85.13888224323944,26.464752984780848],[85.14122109739597,26.472336770593706],[85.13274275107851,26.487807693651934]]]},"properties":{"name":"Phenhara","lgd":1988,"census":"0042","district":"Purbi Champaran","dist_lgd":213,"state":"Bihar","state_lgd":10,"id":"IN-BR-B-1988","source_name":"Phenhara","level":"block","mausam_level":"block","source_code":"1988","parent_code":"213","parent_id":"IN-BR-D-213","district_code":"213","state_code":"10","block_code":"1988"}},{"type":"Feature","id":"1982","geometry":{"type":"MultiPolygon","coordinates":[[[[85.04211215251253,26.47901050210902],[85.04942107175172,26.489931153679535],[85.06082298576486,26.496604885194852],[85.06520833730838,26.508738942495423],[85.07690260809107,26.504492022440225],[85.10058350642606,26.49023450511205],[85.10438414443044,26.496908236627366],[85.11140070690007,26.497818290924908],[85.11403191782618,26.487807693651934],[85.12251026414364,26.486897639354392],[85.12192555060452,26.49599818232982],[85.12660325891758,26.49933504808748],[85.13391217815678,26.49599818232982],[85.13274275107851,26.487807693651934],[85.14122109739597,26.472336770593706],[85.13888224323944,26.464752984780848],[85.16577906603966,26.463236227618275],[85.17045677435274,26.464752984780848],[85.17338034204842,26.475066933486335],[85.18419754252243,26.474763582053818],[85.18916760760507,26.46930325626856],[85.19881538100081,26.46687644480845],[85.19998480807908,26.459596010428104],[85.2143102897879,26.44867535885759],[85.20700137054871,26.425924001419013],[85.22074213871839,26.424710595688957],[85.21664914394444,26.411363132658327],[85.20904786793568,26.421070378498783],[85.19852302423124,26.428957515744155],[85.1827357586746,26.433811138664385],[85.18039690451805,26.418643567038668],[85.173672698818,26.412576538388382],[85.16490199573096,26.41652010701107],[85.15788543326133,26.406206158305583],[85.14502173540035,26.408329618333184],[85.13332746461765,26.40317264398044],[85.11549370167401,26.400139129655294],[85.117540199061,26.385274909462094],[85.11607841521315,26.379814583676836],[85.10730771212613,26.386184963759636],[85.09590579811298,26.383454800867007],[85.09502872780428,26.39255534384244],[85.08011853255633,26.399229075357752],[85.0821650299433,26.402262589682895],[85.06871661854319,26.41227318695587],[85.06930133208232,26.416823458443584],[85.08684273825638,26.41803686417364],[85.0929822304173,26.424407244256443],[85.09239751687817,26.434721192961927],[85.08333445702158,26.432901084366843],[85.05760706129962,26.452012224615245],[85.0540987800648,26.461112767590674],[85.06111534253444,26.471730067728675],[85.05205228267783,26.471123364863647],[85.05059049882999,26.478707150676506],[85.04211215251253,26.47901050210902]]],[[[85.13508160523506,26.37647771791918],[85.11929433967839,26.379511232244322],[85.1257261886089,26.393162046707467],[85.13420453492635,26.38770172092221],[85.13508160523506,26.37647771791918]]]]},"properties":{"name":"Madhuban","lgd":1982,"census":"0043","district":"Purbi Champaran","dist_lgd":213,"state":"Bihar","state_lgd":10,"id":"IN-BR-B-1982","source_name":"Madhuban","level":"block","mausam_level":"block","source_code":"1982","parent_code":"213","parent_id":"IN-BR-D-213","district_code":"213","state_code":"10","block_code":"1982"}},{"type":"Feature","id":"1994","geometry":{"type":"Polygon","coordinates":[[[85.13508160523506,26.37647771791918],[85.13420453492635,26.38770172092221],[85.1257261886089,26.393162046707467],[85.11929433967839,26.379511232244322],[85.11607841521315,26.379814583676836],[85.117540199061,26.385274909462094],[85.11549370167401,26.400139129655294],[85.13332746461765,26.40317264398044],[85.14502173540035,26.408329618333184],[85.15788543326133,26.406206158305583],[85.16490199573096,26.41652010701107],[85.173672698818,26.412576538388382],[85.18039690451805,26.418643567038668],[85.1827357586746,26.433811138664385],[85.19852302423124,26.428957515744155],[85.20904786793568,26.421070378498783],[85.21664914394444,26.411363132658327],[85.22074213871839,26.424710595688957],[85.22629691734018,26.425317298553985],[85.24763896151862,26.4171268098761],[85.25377845367953,26.418643567038668],[85.25874851876219,26.41378994411844],[85.25027017244473,26.408329618333184],[85.25260902660126,26.39983577822278],[85.26342622707527,26.39983577822278],[85.26371858384483,26.39255534384244],[85.28272177386674,26.39558885816758],[85.28330648740588,26.381634692271923],[85.29061540664506,26.37162409499895],[85.27979820617107,26.368287229241293],[85.28067527647977,26.34856938612786],[85.26547272446224,26.352512954750548],[85.25407081044911,26.350086143290433],[85.24208418289683,26.36404030918609],[85.22571220380104,26.371320743566436],[85.22044978194882,26.368590580673807],[85.21752621425314,26.381331340839406],[85.21167907886179,26.381331340839406],[85.21109436532265,26.371927446431464],[85.2043701596226,26.365860417781178],[85.19472238622686,26.36404030918609],[85.18682875344854,26.36768052637626],[85.18039690451805,26.366163769213692],[85.1581777900309,26.37374755502655],[85.15203829786998,26.368590580673807],[85.13595867554376,26.37253414929649],[85.13508160523506,26.37647771791918]]]},"properties":{"name":"Tetariya","lgd":1994,"census":"0044","district":"Purbi Champaran","dist_lgd":213,"state":"Bihar","state_lgd":10,"id":"IN-BR-B-1994","source_name":"Tetariya","level":"block","mausam_level":"block","source_code":"1994","parent_code":"213","parent_id":"IN-BR-D-213","district_code":"213","state_code":"10","block_code":"1994"}},{"type":"Feature","id":"1983","geometry":{"type":"Polygon","coordinates":[[[85.11929433967839,26.379511232244322],[85.13508160523506,26.37647771791918],[85.13595867554376,26.37253414929649],[85.15203829786998,26.368590580673807],[85.1581777900309,26.37374755502655],[85.18039690451805,26.366163769213692],[85.18682875344854,26.36768052637626],[85.19472238622686,26.36404030918609],[85.2043701596226,26.365860417781178],[85.21109436532265,26.371927446431464],[85.21167907886179,26.381331340839406],[85.21752621425314,26.381331340839406],[85.22044978194882,26.368590580673807],[85.21811092779228,26.357366577670774],[85.22103449548796,26.35069284615546],[85.22951284180542,26.354029711913117],[85.23682176104461,26.350086143290433],[85.23828354489245,26.344019114640144],[85.25699437814478,26.34492916893769],[85.26488801092312,26.34219900604506],[85.27278164370144,26.331885057339573],[85.2605026593796,26.331885057339573],[85.25670202137522,26.327031434419343],[85.25728673491435,26.296696291167912],[85.23214405273153,26.301246562655624],[85.22015742517925,26.30003315692557],[85.21752621425314,26.29457283114031],[85.20875551116612,26.29608958830288],[85.20027716484864,26.29335942541025],[85.18975232114421,26.29608958830288],[85.18858289406595,26.30367337411574],[85.19998480807908,26.303370022683225],[85.20320073254433,26.307616942738427],[85.19355295914859,26.31702083714637],[85.19589181330514,26.32551467725677],[85.18419754252243,26.331278354474545],[85.18419754252243,26.339165491719918],[85.17338034204842,26.337042031692317],[85.17630390974409,26.331278354474545],[85.16314785511355,26.328548191581916],[85.16051664418744,26.319447648606484],[85.15262301140912,26.315200728551286],[85.14239052447425,26.32308786579666],[85.13625103231333,26.313077268523685],[85.11900198290883,26.31702083714637],[85.11081599336093,26.314594025686254],[85.10350707412175,26.324604622959228],[85.09619815488256,26.320661054336544],[85.09152044656946,26.325211325824256],[85.08274974348244,26.324301271526714],[85.07573318101281,26.332795111637115],[85.05994591545615,26.342805708910088],[85.0441586498995,26.338558788854886],[85.04357393636036,26.343109060342602],[85.05789941806918,26.34583922323523],[85.061407699304,26.365253714916147],[85.07807203516936,26.361613497725976],[85.08158031640417,26.372230797863978],[85.07836439193892,26.377084420784207],[85.06900897531276,26.379814583676836],[85.05965355868659,26.376174366486662],[85.06257712638227,26.38770172092221],[85.06637776438664,26.39134193811238],[85.07164018623887,26.386791666624664],[85.07807203516936,26.388915126652265],[85.08011853255633,26.399229075357752],[85.09502872780428,26.39255534384244],[85.09590579811298,26.383454800867007],[85.10730771212613,26.386184963759636],[85.11607841521315,26.379814583676836],[85.11929433967839,26.379511232244322]]]},"properties":{"name":"Mehsi","lgd":1983,"census":"0045","district":"Purbi Champaran","dist_lgd":213,"state":"Bihar","state_lgd":10,"id":"IN-BR-B-1983","source_name":"Mehsi","level":"block","mausam_level":"block","source_code":"1983","parent_code":"213","parent_id":"IN-BR-D-213","district_code":"213","state_code":"10","block_code":"1983"}},{"type":"Feature","id":"1887","geometry":{"type":"Polygon","coordinates":[[[85.0441586498995,26.338558788854886],[85.05994591545615,26.342805708910088],[85.07573318101281,26.332795111637115],[85.08274974348244,26.324301271526714],[85.09152044656946,26.325211325824256],[85.09619815488256,26.320661054336544],[85.10350707412175,26.324604622959228],[85.11081599336093,26.314594025686254],[85.11900198290883,26.31702083714637],[85.13625103231333,26.313077268523685],[85.14239052447425,26.32308786579666],[85.15262301140912,26.315200728551286],[85.16051664418744,26.319447648606484],[85.16314785511355,26.328548191581916],[85.17630390974409,26.331278354474545],[85.17338034204842,26.337042031692317],[85.18419754252243,26.339165491719918],[85.18419754252243,26.331278354474545],[85.19589181330514,26.32551467725677],[85.19355295914859,26.31702083714637],[85.20320073254433,26.307616942738427],[85.19998480807908,26.303370022683225],[85.18858289406595,26.30367337411574],[85.18975232114421,26.29608958830288],[85.20027716484864,26.29335942541025],[85.20875551116612,26.29608958830288],[85.21752621425314,26.29457283114031],[85.20583194347043,26.27849520521705],[85.21109436532265,26.274854988026878],[85.20320073254433,26.267574553646536],[85.20086187838778,26.259990767833678],[85.2052472299313,26.246643304803047],[85.20290837577475,26.23632935609756],[85.20729372731827,26.234812598934987],[85.20787844085741,26.2266221102571],[85.20056952161822,26.219038324444245],[85.20027716484864,26.208724375738758],[85.19413767268773,26.208117672873726],[85.19150646176162,26.197500372735725],[85.1862440399094,26.191129992652925],[85.17221091497015,26.189309884057838],[85.16285549834399,26.18506296400264],[85.16841027696577,26.16777193234932],[85.16022428741788,26.166255175186752],[85.15759307649176,26.16049149796898],[85.14151345416555,26.166255175186752],[85.13537396200462,26.163525012294123],[85.1228026209132,26.16777193234932],[85.11900198290883,26.172322203837037],[85.11403191782618,26.171412149539496],[85.11227777720877,26.16200825513155],[85.1020452902739,26.161401552266522],[85.09268987364774,26.174142312432124],[85.09005866272163,26.168378635214353],[85.07544082424324,26.162311606564064],[85.05936120191703,26.16473841802418],[85.05117521236912,26.170198743809436],[85.0523446394474,26.184456261137612],[85.04678986082561,26.19992718419584],[85.03129495203852,26.207207618576184],[85.01638475679057,26.219645027309273],[85.02457074633847,26.235419301800018],[85.0152153297123,26.23996957328773],[85.01082997816879,26.249070116263162],[85.0225242489515,26.261507524996247],[85.02281660572106,26.28031531381214],[85.0359726603516,26.277888502352024],[85.03948094158642,26.293966128275283],[85.03626501712117,26.300336508358082],[85.03568030358204,26.317930891443915],[85.03158730880808,26.32308786579666],[85.0359726603516,26.334008517367174],[85.0441586498995,26.338558788854886]]]},"properties":{"name":"Motipur","lgd":1887,"census":"0188","district":"Muzaffarpur","dist_lgd":208,"state":"Bihar","state_lgd":10,"id":"IN-BR-B-1887","source_name":"Motipur","level":"block","mausam_level":"block","source_code":"1887","parent_code":"208","parent_id":"IN-BR-D-208","district_code":"208","state_code":"10","block_code":"1887"}},{"type":"Feature","id":"1886","geometry":{"type":"Polygon","coordinates":[[[85.22044978194882,26.368590580673807],[85.22571220380104,26.371320743566436],[85.24208418289683,26.36404030918609],[85.25407081044911,26.350086143290433],[85.26547272446224,26.352512954750548],[85.28067527647977,26.34856938612786],[85.28739948217982,26.35342300904809],[85.29763196911469,26.344625817505175],[85.30698738574085,26.3494794404254],[85.31721987267574,26.346749277532773],[85.32774471638017,26.348266034695346],[85.32628293253232,26.33522192309723],[85.3356383491585,26.329761597311972],[85.33446892208022,26.342502357477574],[85.33973134393244,26.34492916893769],[85.36107338811088,26.34644592610026],[85.36955173442834,26.341895654612546],[85.37510651305013,26.324907974391742],[85.37481415628056,26.313683971388713],[85.38504664321543,26.30792029417094],[85.39323263276333,26.30792029417094],[85.40171097908079,26.3176275400114],[85.40872754155042,26.314897377118772],[85.41486703371135,26.30428007698077],[85.40171097908079,26.305493482710826],[85.40317276292863,26.29517953400534],[85.39323263276333,26.291235965382654],[85.39147849214592,26.280922016677167],[85.40580397385474,26.284258882434823],[85.40931225508956,26.27273152799928],[85.42363773679837,26.28274212527225],[85.42656130449404,26.27697844805448],[85.43562436435064,26.279405259514593],[85.43036194249842,26.26696785078151],[85.44731863513336,26.27212482513425],[85.45345812729428,26.27060806797168],[85.4531657705247,26.263327633591334],[85.44761099190292,26.257563956373563],[85.44381035389854,26.250586873425732],[85.43971735912459,26.233295841772417],[85.42773073157232,26.23147573317733],[85.42422245033751,26.224498650229503],[85.41194346601566,26.222071838769388],[85.40375747646777,26.224195298796985],[85.39674091399814,26.2117578900639],[85.38036893490235,26.211151187198872],[85.3818307187502,26.216308161551616],[85.36779759381093,26.2181282701467],[85.3572727501065,26.212061241496414],[85.3555186094891,26.218431621579214],[85.340023700702,26.221768487336874],[85.34791733348034,26.227532164554646],[85.3464555496325,26.234812598934987],[85.33066828407584,26.22510535309453],[85.30347910450604,26.23420589606996],[85.29090776341464,26.23359919320493],[85.28155234678847,26.2223751902019],[85.26576508123182,26.23147573317733],[85.25699437814478,26.222678541634416],[85.24296125320554,26.221768487336874],[85.24266889643596,26.23056567887979],[85.22892812826629,26.235419301800018],[85.20729372731827,26.234812598934987],[85.20290837577475,26.23632935609756],[85.2052472299313,26.246643304803047],[85.20086187838778,26.259990767833678],[85.20320073254433,26.267574553646536],[85.21109436532265,26.274854988026878],[85.20583194347043,26.27849520521705],[85.21752621425314,26.29457283114031],[85.22015742517925,26.30003315692557],[85.23214405273153,26.301246562655624],[85.25728673491435,26.296696291167912],[85.25670202137522,26.327031434419343],[85.2605026593796,26.331885057339573],[85.27278164370144,26.331885057339573],[85.26488801092312,26.34219900604506],[85.25699437814478,26.34492916893769],[85.23828354489245,26.344019114640144],[85.23682176104461,26.350086143290433],[85.22951284180542,26.354029711913117],[85.22103449548796,26.35069284615546],[85.21811092779228,26.357366577670774],[85.22044978194882,26.368590580673807]]]},"properties":{"name":"Minapur","lgd":1886,"census":"0193","district":"Muzaffarpur","dist_lgd":208,"state":"Bihar","state_lgd":10,"id":"IN-BR-B-1886","source_name":"Minapur","level":"block","mausam_level":"block","source_code":"1886","parent_code":"208","parent_id":"IN-BR-D-208","district_code":"208","state_code":"10","block_code":"1886"}},{"type":"Feature","id":"1878","geometry":{"type":"Polygon","coordinates":[[[85.62857983226533,26.318840945741456],[85.6215632697957,26.313987322821227],[85.61893205886959,26.299123102628027],[85.62448683749138,26.291235965382654],[85.62185562656526,26.28334882813728],[85.62770276195661,26.26787790507905],[85.620686199487,26.26696785078151],[85.61483906409563,26.24967681912819],[85.59642058761287,26.24967681912819],[85.58881931160411,26.252710333453333],[85.58326453298233,26.2372394103951],[85.57741739759098,26.23845281612516],[85.57770975436054,26.24694665623556],[85.5546135695647,26.25817065923859],[85.53561037954279,26.261507524996247],[85.52625496291662,26.259990767833678],[85.52216196814268,26.25604719921099],[85.49906578334684,26.252710333453333],[85.48795622610326,26.26302428215882],[85.46427532776828,26.268484607944078],[85.44761099190292,26.257563956373563],[85.4531657705247,26.263327633591334],[85.45345812729428,26.27060806797168],[85.44731863513336,26.27212482513425],[85.43036194249842,26.26696785078151],[85.43562436435064,26.279405259514593],[85.4441027106681,26.279708610947107],[85.44819570544206,26.29093261395014],[85.45287341375514,26.290629262517623],[85.45608933822038,26.301246562655624],[85.4604746897639,26.300336508358082],[85.46339825745957,26.312470565658657],[85.46252118715087,26.320054351471512],[85.46749125223353,26.327334785851857],[85.46602946838568,26.3324917602046],[85.47801609593796,26.334918571664716],[85.47918552301623,26.34644592610026],[85.48620208548586,26.354029711913117],[85.49321864795547,26.354029711913117],[85.49497278857288,26.362523552023518],[85.50140463750338,26.362826903456032],[85.50432820519906,26.380724637974378],[85.50871355674258,26.381634692271923],[85.52011547075571,26.37435425789158],[85.54584286647767,26.369803986403863],[85.55695242372124,26.38497155802958],[85.56484605649956,26.384364855164552],[85.57624797051271,26.392858695274953],[85.58209510590406,26.384364855164552],[85.57858682466924,26.37314085216152],[85.57303204604746,26.366467120646206],[85.58677281421714,26.36040009199592],[85.59028109545196,26.355849820508205],[85.6116231396304,26.34978279185792],[85.61571613440435,26.341895654612546],[85.61483906409563,26.3324917602046],[85.62653333487835,26.33613197739477],[85.6350116811958,26.32763813728437],[85.62857983226533,26.318840945741456]]]},"properties":{"name":"Aurai","lgd":1878,"census":"0195","district":"Muzaffarpur","dist_lgd":208,"state":"Bihar","state_lgd":10,"id":"IN-BR-B-1878","source_name":"Aurai","level":"block","mausam_level":"block","source_code":"1878","parent_code":"208","parent_id":"IN-BR-D-208","district_code":"208","state_code":"10","block_code":"1878"}},{"type":"Feature","id":"1880","geometry":{"type":"Polygon","coordinates":[[[85.52245432491225,26.059778822374223],[85.51046769735997,26.05947547094171],[85.50549763227733,26.07160952824228],[85.51426833536436,26.078283259757598],[85.5002352104251,26.083136882677827],[85.50169699427295,26.094967588545884],[85.50988298382084,26.110135160171602],[85.50783648643386,26.115292134524346],[85.51368362182522,26.127426191824917],[85.49701928595987,26.130156354717545],[85.49497278857288,26.138953546260463],[85.48649444225542,26.141380357720575],[85.47509252824229,26.151087603561034],[85.46573711161612,26.152301009291094],[85.45988997622476,26.141683709153092],[85.43971735912459,26.152604360723608],[85.43708614819849,26.16322166086161],[85.42802308834189,26.164435066591665],[85.41545174725047,26.17171550097201],[85.4043421900069,26.170805446674464],[85.40785047124172,26.180816043947438],[85.39410970307203,26.18870318119281],[85.39674091399814,26.2117578900639],[85.40375747646777,26.224195298796985],[85.41194346601566,26.222071838769388],[85.42422245033751,26.224498650229503],[85.42773073157232,26.23147573317733],[85.43971735912459,26.233295841772417],[85.44381035389854,26.250586873425732],[85.44761099190292,26.257563956373563],[85.46427532776828,26.268484607944078],[85.48795622610326,26.26302428215882],[85.49906578334684,26.252710333453333],[85.52216196814268,26.25604719921099],[85.52625496291662,26.259990767833678],[85.51251419474696,26.244216493342932],[85.51134476766867,26.239666221855217],[85.50169699427295,26.237542761827616],[85.50169699427295,26.232992490339903],[85.51163712443824,26.2266221102571],[85.52274668168182,26.22389194736447],[85.52596260614706,26.21661151298413],[85.53707216339063,26.20902772717127],[85.55666006695168,26.207207618576184],[85.5636766294213,26.199623832763326],[85.55578299664296,26.18991658692287],[85.55753713726037,26.16898533807938],[85.5481817206342,26.16200825513155],[85.5481817206342,26.155334523616236],[85.5554906398734,26.146840683505832],[85.55490592633427,26.136830086232862],[85.55052057479075,26.13045970615006],[85.54759700709508,26.109225105874057],[85.5511052883299,26.10012456289863],[85.54438108262983,26.095574291410912],[85.5473046503255,26.08768715416554],[85.54204222847329,26.081013422650226],[85.53210209830799,26.076159799729997],[85.52245432491225,26.059778822374223]]]},"properties":{"name":"Bochahan","lgd":1880,"census":"0194","district":"Muzaffarpur","dist_lgd":208,"state":"Bihar","state_lgd":10,"id":"IN-BR-B-1880","source_name":"Bochahan","level":"block","mausam_level":"block","source_code":"1880","parent_code":"208","parent_id":"IN-BR-D-208","district_code":"208","state_code":"10","block_code":"1880"}},{"type":"Feature","id":"1889","geometry":{"type":"Polygon","coordinates":[[[85.51046769735997,26.05947547094171],[85.49292629118591,26.054318496588966],[85.48971036672067,26.037937519233193],[85.48357087455975,26.024286704770045],[85.47655431209012,26.021556541877416],[85.45550462468125,26.027623570527705],[85.45082691636816,26.04127438499085],[85.44030207266373,26.04339784501845],[85.43094665603756,26.033387247745477],[85.4250995206462,26.039454276395762],[85.41749824463744,26.040971033558336],[85.4142823201722,26.049161522236222],[85.40726575770258,26.05189168512885],[85.40638868739387,26.063419039564394],[85.39732562753727,26.069182716782166],[85.37686065366753,26.069182716782166],[85.3663358099631,26.07221623110731],[85.36662816673267,26.080710071217712],[85.35961160426305,26.08283353124531],[85.36224281518915,26.064025742429422],[85.3482096902499,26.06675590532205],[85.34031605747157,26.07069947394474],[85.34177784131941,26.080710071217712],[85.32979121376714,26.08404693697537],[85.32277465129752,26.08283353124531],[85.3218975809888,26.073429636837368],[85.31692751590616,26.071306176809767],[85.31400394821048,26.062812336699366],[85.30435617481476,26.064632445294453],[85.30552560189302,26.070396122512225],[85.29149247695378,26.068272662484624],[85.29587782849728,26.087383802733026],[85.29792432588425,26.09678769714097],[85.29412368787987,26.10952845730657],[85.3002631800408,26.1165055402544],[85.31283452113222,26.1228759203372],[85.32540586222362,26.125909434662347],[85.32949885699757,26.13379657190772],[85.33973134393244,26.135920031935317],[85.34791733348034,26.138953546260463],[85.34499376578466,26.14593062920829],[85.34996383086731,26.151997657858576],[85.35464153918039,26.178389232487323],[85.3373924897759,26.181726098244983],[85.32686764607146,26.180816043947438],[85.31985108360183,26.167468580916807],[85.31078802374523,26.175052366729666],[85.3175122294453,26.181726098244983],[85.318389299754,26.19992718419584],[85.30669502897129,26.201443941358413],[85.29178483372334,26.192950101248012],[85.28009056294063,26.203870752818528],[85.27073514631446,26.20690426714367],[85.26927336246663,26.216914864416644],[85.25933323230132,26.21448805295653],[85.25465552398825,26.206297564278643],[85.24062239904899,26.207814321441212],[85.23682176104461,26.196590318438183],[85.22512749026191,26.199623832763326],[85.22805105795759,26.213577998658987],[85.21898799810099,26.2160048101191],[85.21723385748358,26.224802001662017],[85.20787844085741,26.2266221102571],[85.20729372731827,26.234812598934987],[85.22892812826629,26.235419301800018],[85.24266889643596,26.23056567887979],[85.24296125320554,26.221768487336874],[85.25699437814478,26.222678541634416],[85.26576508123182,26.23147573317733],[85.28155234678847,26.2223751902019],[85.29090776341464,26.23359919320493],[85.30347910450604,26.23420589606996],[85.33066828407584,26.22510535309453],[85.3464555496325,26.234812598934987],[85.34791733348034,26.227532164554646],[85.340023700702,26.221768487336874],[85.3555186094891,26.218431621579214],[85.3572727501065,26.212061241496414],[85.36779759381093,26.2181282701467],[85.3818307187502,26.216308161551616],[85.38036893490235,26.211151187198872],[85.39674091399814,26.2117578900639],[85.39410970307203,26.18870318119281],[85.40785047124172,26.180816043947438],[85.4043421900069,26.170805446674464],[85.41545174725047,26.17171550097201],[85.42802308834189,26.164435066591665],[85.43708614819849,26.16322166086161],[85.43971735912459,26.152604360723608],[85.45988997622476,26.141683709153092],[85.46573711161612,26.152301009291094],[85.47509252824229,26.151087603561034],[85.48649444225542,26.141380357720575],[85.49497278857288,26.138953546260463],[85.49701928595987,26.130156354717545],[85.51368362182522,26.127426191824917],[85.50783648643386,26.115292134524346],[85.50988298382084,26.110135160171602],[85.50169699427295,26.094967588545884],[85.5002352104251,26.083136882677827],[85.51426833536436,26.078283259757598],[85.50549763227733,26.07160952824228],[85.51046769735997,26.05947547094171]]]},"properties":{"name":"Mushahari","lgd":1889,"census":"0200","district":"Muzaffarpur","dist_lgd":208,"state":"Bihar","state_lgd":10,"id":"IN-BR-B-1889","source_name":"Mushahari","level":"block","mausam_level":"block","source_code":"1889","parent_code":"208","parent_id":"IN-BR-D-208","district_code":"208","state_code":"10","block_code":"1889"}},{"type":"Feature","id":"1884","geometry":{"type":"Polygon","coordinates":[[[85.29149247695378,26.068272662484624],[85.30552560189302,26.070396122512225],[85.30435617481476,26.064632445294453],[85.31400394821048,26.062812336699366],[85.31692751590616,26.071306176809767],[85.3218975809888,26.073429636837368],[85.32277465129752,26.08283353124531],[85.32979121376714,26.08404693697537],[85.34177784131941,26.080710071217712],[85.34031605747157,26.07069947394474],[85.3482096902499,26.06675590532205],[85.36224281518915,26.064025742429422],[85.35961160426305,26.08283353124531],[85.36662816673267,26.080710071217712],[85.3663358099631,26.07221623110731],[85.37686065366753,26.069182716782166],[85.39732562753727,26.069182716782166],[85.40638868739387,26.063419039564394],[85.40726575770258,26.05189168512885],[85.4142823201722,26.049161522236222],[85.41749824463744,26.040971033558336],[85.4250995206462,26.039454276395762],[85.43094665603756,26.033387247745477],[85.44030207266373,26.04339784501845],[85.45082691636816,26.04127438499085],[85.45550462468125,26.027623570527705],[85.45287341375514,26.018826378984787],[85.44117914297243,26.00972583600936],[85.43445493727238,26.00123199589896],[85.42860780188101,25.98667112713827],[85.43123901280713,25.974840421270212],[85.42860780188101,25.95845944391444],[85.42539187741578,25.951785712399122],[85.41720588786788,25.950572306669066],[85.40901989831998,25.94511198088381],[85.40872754155042,25.93965165509855],[85.40171097908079,25.933584626448262],[85.39235556245463,25.936011437908377],[85.38826256768067,25.93115781498815],[85.37072116150662,25.93267457215072],[85.36399695580656,25.940865060828607],[85.35113325794558,25.94389857515375],[85.34090077101071,25.952089063831636],[85.3338842085411,25.954819226724265],[85.32102051068011,25.951482360966608],[85.31429630498005,25.94602203518135],[85.28564534156241,25.950572306669066],[85.28886126602767,25.96058290394204],[85.29003069310593,25.99941188730387],[85.2821370603276,26.006388970251702],[85.28476827125371,26.01184929603696],[85.28447591448415,26.02792692196022],[85.29061540664506,26.044611250748506],[85.28155234678847,26.046734710776107],[85.2721969301623,26.03915092496325],[85.26518036769268,26.044611250748506],[85.2596255890709,26.05340844229142],[85.26810393538835,26.05674530804908],[85.28447591448415,26.05826206521165],[85.29149247695378,26.068272662484624]]]},"properties":{"name":"Kurhani","lgd":1884,"census":"0201","district":"Muzaffarpur","dist_lgd":208,"state":"Bihar","state_lgd":10,"id":"IN-BR-B-1884","source_name":"Kurhani","level":"block","mausam_level":"block","source_code":"1884","parent_code":"208","parent_id":"IN-BR-D-208","district_code":"208","state_code":"10","block_code":"1884"}},{"type":"Feature","id":"1892","geometry":{"type":"Polygon","coordinates":[[[85.63442696765668,25.9872778300033],[85.64115117335673,25.984244315678154],[85.64056645981759,25.9766605298653],[85.63267282703927,25.970896852647524],[85.63033397288274,25.959672849644495],[85.63208811350013,25.948448846641465],[85.63588875150452,25.942078466558666],[85.64202824366544,25.941775115126152],[85.6388123192002,25.927214246365462],[85.64027410304803,25.92205727201272],[85.62536390780008,25.919630460552604],[85.6116231396304,25.928124300663004],[85.6008059391564,25.927517597797976],[85.59759001469115,25.92296732631026],[85.5826798194432,25.921753920580205],[85.56689255388653,25.926000840635407],[85.56104541849518,25.910529917577175],[85.54291929878198,25.91295672903729],[85.53677980662107,25.92145056914769],[85.5274243899949,25.920843866282663],[85.51426833536436,25.910529917577175],[85.4958498588816,25.90961986327963],[85.49263393441635,25.921147217715177],[85.486786799025,25.92691089493295],[85.47538488501185,25.930247760690605],[85.46749125223353,25.926607543500435],[85.452288700216,25.923877380607806],[85.44205621328113,25.924484083472834],[85.43328551019411,25.936921492205922],[85.42217595295054,25.937831546503464],[85.40901989831998,25.94511198088381],[85.41720588786788,25.950572306669066],[85.42539187741578,25.951785712399122],[85.42860780188101,25.95845944391444],[85.43123901280713,25.974840421270212],[85.42860780188101,25.98667112713827],[85.43445493727238,26.00123199589896],[85.44117914297243,26.00972583600936],[85.45287341375514,26.018826378984787],[85.45550462468125,26.027623570527705],[85.47655431209012,26.021556541877416],[85.48971036672067,26.01821967611976],[85.49497278857288,26.027623570527705],[85.52216196814268,26.018826378984787],[85.52186961137312,26.010332538874387],[85.53239445507755,26.00608561881919],[85.53561037954279,26.013062701767016],[85.5572447804908,26.014276107497075],[85.56484605649956,26.008512430279303],[85.56484605649956,26.002445401629014],[85.57829446789968,25.992131452923527],[85.58735752775628,25.981514152785525],[85.58911166837369,25.972110258377583],[85.6051912906999,25.97332366410764],[85.60723778808688,25.96786333832238],[85.61834734533045,25.96907674405244],[85.63296518380884,25.98242420708307],[85.63442696765668,25.9872778300033]]]},"properties":{"name":"Sakra","lgd":1892,"census":"0202","district":"Muzaffarpur","dist_lgd":208,"state":"Bihar","state_lgd":10,"id":"IN-BR-B-1892","source_name":"Sakra","level":"block","mausam_level":"block","source_code":"1892","parent_code":"208","parent_id":"IN-BR-D-208","district_code":"208","state_code":"10","block_code":"1892"}},{"type":"Feature","id":"1885","geometry":{"type":"Polygon","coordinates":[[[85.33973134393244,26.135920031935317],[85.32949885699757,26.13379657190772],[85.32540586222362,26.125909434662347],[85.31283452113222,26.1228759203372],[85.3002631800408,26.1165055402544],[85.29412368787987,26.10952845730657],[85.29792432588425,26.09678769714097],[85.29587782849728,26.087383802733026],[85.29149247695378,26.068272662484624],[85.28447591448415,26.05826206521165],[85.26810393538835,26.05674530804908],[85.2596255890709,26.05340844229142],[85.2531937401404,26.04976822510125],[85.24588482090121,26.055835253751535],[85.23740647458375,26.05735201091411],[85.21547971686617,26.06796931105211],[85.2143102897879,26.07555309686497],[85.21898799810099,26.085867045570456],[85.21284850594006,26.08617039700297],[85.20378544608346,26.092237425653256],[85.20466251639216,26.106494942981428],[85.19092174822248,26.110438511604116],[85.18887525083551,26.118932351714516],[85.18215104513546,26.123785974634746],[85.18390518575286,26.134403274772747],[85.17688862328323,26.134403274772747],[85.17425741235712,26.151087603561034],[85.16431728219183,26.15715463221132],[85.16870263373534,26.166255175186752],[85.18302811544416,26.164435066591665],[85.20583194347043,26.169288689511895],[85.21664914394444,26.182636152542525],[85.21986506840969,26.175052366729666],[85.216941500714,26.165041769456693],[85.22132685225752,26.157457983643834],[85.24179182612727,26.15442446931869],[85.24179182612727,26.145627277775777],[85.24910074536646,26.139863600558005],[85.25904087553175,26.13622338336783],[85.2713198598536,26.138953546260463],[85.28009056294063,26.136830086232862],[85.28418355771458,26.144110520613204],[85.29178483372334,26.141987060585606],[85.28681476864068,26.134403274772747],[85.28944597956679,26.130156354717545],[85.30230967742777,26.130156354717545],[85.30669502897129,26.139256897692977],[85.30260203419735,26.141987060585606],[85.30698738574085,26.15442446931869],[85.31429630498005,26.156244577913778],[85.3218975809888,26.15290771215612],[85.32218993775838,26.140470303423033],[85.33973134393244,26.135920031935317]]]},"properties":{"name":"Marwan","lgd":1885,"census":"0191","district":"Muzaffarpur","dist_lgd":208,"state":"Bihar","state_lgd":10,"id":"IN-BR-B-1885","source_name":"Marwan","level":"block","mausam_level":"block","source_code":"1885","parent_code":"208","parent_id":"IN-BR-D-208","district_code":"208","state_code":"10","block_code":"1885"}},{"type":"Feature","id":"1882","geometry":{"type":"Polygon","coordinates":[[[85.16841027696577,26.16777193234932],[85.16285549834399,26.18506296400264],[85.17221091497015,26.189309884057838],[85.1862440399094,26.191129992652925],[85.19150646176162,26.197500372735725],[85.19413767268773,26.208117672873726],[85.20027716484864,26.208724375738758],[85.20056952161822,26.219038324444245],[85.20787844085741,26.2266221102571],[85.21723385748358,26.224802001662017],[85.21898799810099,26.2160048101191],[85.22805105795759,26.213577998658987],[85.22512749026191,26.199623832763326],[85.23682176104461,26.196590318438183],[85.24062239904899,26.207814321441212],[85.25465552398825,26.206297564278643],[85.25933323230132,26.21448805295653],[85.26927336246663,26.216914864416644],[85.27073514631446,26.20690426714367],[85.28009056294063,26.203870752818528],[85.29178483372334,26.192950101248012],[85.30669502897129,26.201443941358413],[85.318389299754,26.19992718419584],[85.3175122294453,26.181726098244983],[85.31078802374523,26.175052366729666],[85.31985108360183,26.167468580916807],[85.32686764607146,26.180816043947438],[85.3373924897759,26.181726098244983],[85.35464153918039,26.178389232487323],[85.34996383086731,26.151997657858576],[85.34499376578466,26.14593062920829],[85.34791733348034,26.138953546260463],[85.33973134393244,26.135920031935317],[85.32218993775838,26.140470303423033],[85.3218975809888,26.15290771215612],[85.31429630498005,26.156244577913778],[85.30698738574085,26.15442446931869],[85.30260203419735,26.141987060585606],[85.30669502897129,26.139256897692977],[85.30230967742777,26.130156354717545],[85.28944597956679,26.130156354717545],[85.28681476864068,26.134403274772747],[85.29178483372334,26.141987060585606],[85.28418355771458,26.144110520613204],[85.28009056294063,26.136830086232862],[85.2713198598536,26.138953546260463],[85.25904087553175,26.13622338336783],[85.24910074536646,26.139863600558005],[85.24179182612727,26.145627277775777],[85.24179182612727,26.15442446931869],[85.22132685225752,26.157457983643834],[85.216941500714,26.165041769456693],[85.21986506840969,26.175052366729666],[85.21664914394444,26.182636152542525],[85.20583194347043,26.169288689511895],[85.18302811544416,26.164435066591665],[85.16870263373534,26.166255175186752],[85.16841027696577,26.16777193234932]]]},"properties":{"name":"Kanti","lgd":1882,"census":"0192","district":"Muzaffarpur","dist_lgd":208,"state":"Bihar","state_lgd":10,"id":"IN-BR-B-1882","source_name":"Kanti","level":"block","mausam_level":"block","source_code":"1882","parent_code":"208","parent_id":"IN-BR-D-208","district_code":"208","state_code":"10","block_code":"1882"}},{"type":"Feature","id":"1893","geometry":{"type":"Polygon","coordinates":[[[85.11900198290883,26.172322203837037],[85.1228026209132,26.16777193234932],[85.13537396200462,26.163525012294123],[85.14151345416555,26.166255175186752],[85.15759307649176,26.16049149796898],[85.16022428741788,26.166255175186752],[85.16841027696577,26.16777193234932],[85.16870263373534,26.166255175186752],[85.16431728219183,26.15715463221132],[85.17425741235712,26.151087603561034],[85.17688862328323,26.134403274772747],[85.18390518575286,26.134403274772747],[85.18215104513546,26.123785974634746],[85.18887525083551,26.118932351714516],[85.19092174822248,26.110438511604116],[85.20466251639216,26.106494942981428],[85.20378544608346,26.092237425653256],[85.21284850594006,26.08617039700297],[85.21898799810099,26.085867045570456],[85.2143102897879,26.07555309686497],[85.21547971686617,26.06796931105211],[85.23740647458375,26.05735201091411],[85.24588482090121,26.055835253751535],[85.2531937401404,26.04976822510125],[85.2596255890709,26.05340844229142],[85.26518036769268,26.044611250748506],[85.2721969301623,26.03915092496325],[85.28155234678847,26.046734710776107],[85.29061540664506,26.044611250748506],[85.28447591448415,26.02792692196022],[85.28476827125371,26.01184929603696],[85.27979820617107,26.007299024549244],[85.27161221662317,26.01336605319953],[85.25582495106651,26.011242593171932],[85.23974532874028,26.015186161794617],[85.2341905501185,26.003658807359074],[85.22308099287493,25.99941188730387],[85.20934022470524,26.00608561881919],[85.18887525083551,26.0021420501965],[85.18916760760507,26.005478915954157],[85.17484212589626,26.010939241739415],[85.16811792019621,26.010332538874387],[85.16197842803528,26.0042655102241],[85.15028415725257,26.003658807359074],[85.13215803753937,25.99728842727627],[85.11315484751748,26.000928644466445],[85.10496885796958,25.998805184438844],[85.10584592827828,25.981514152785525],[85.09619815488256,25.98121080135301],[85.08508859763899,25.976357178432785],[85.07924146224762,25.970896852647524],[85.06637776438664,25.974233718405184],[85.05789941806918,25.98394096424564],[85.05731470453004,25.991828101491013],[85.03392616296463,25.997895130141302],[85.01580004325143,25.994861615816156],[85.00556755631656,26.007299024549244],[84.9970892099991,26.00911913314433],[85.00235163185133,26.016399567524676],[85.0061522698557,26.030353733420334],[85.01550768648187,26.03156713915039],[85.02895609788197,26.02671351623016],[85.03071023849938,26.032173842015418],[85.03977329835598,26.033993950610505],[85.05351406652566,26.032173842015418],[85.06667012115622,26.033993950610505],[85.07017840239102,26.048858170803708],[85.07690260809107,26.049161522236222],[85.07719496486065,26.06432909386194],[85.0748561107041,26.072519582539826],[85.07836439193892,26.07706985402754],[85.08888923564336,26.077373205460052],[85.09415165749557,26.069182716782166],[85.09005866272163,26.05098163083131],[85.07982617578676,26.048858170803708],[85.08538095440855,26.04066768212582],[85.09152044656946,26.04764476507365],[85.11169306366963,26.045217953613534],[85.11549370167401,26.040971033558336],[85.12455676153061,26.041881087855877],[85.12543383183932,26.058565416644164],[85.14443702186122,26.05826206521165],[85.15291536817868,26.06705925675457],[85.14502173540035,26.07919331405514],[85.14589880570907,26.084350288407883],[85.12777268599586,26.0889005598956],[85.12689561568716,26.09830445430354],[85.1184172693697,26.104674834386344],[85.10379943089131,26.10952845730657],[85.09736758196082,26.11498878309183],[85.0994140793478,26.128032894689944],[85.10730771212613,26.136830086232862],[85.1166631287523,26.13956024912549],[85.12192555060452,26.14714403493835],[85.12338733445235,26.15715463221132],[85.11900198290883,26.172322203837037]]]},"properties":{"name":"Saraiya","lgd":1893,"census":"0190","district":"Muzaffarpur","dist_lgd":208,"state":"Bihar","state_lgd":10,"id":"IN-BR-B-1893","source_name":"Saraiya","level":"block","mausam_level":"block","source_code":"1893","parent_code":"208","parent_id":"IN-BR-D-208","district_code":"208","state_code":"10","block_code":"1893"}},{"type":"Feature","id":"1890","geometry":{"type":"Polygon","coordinates":[[[85.01638475679057,26.219645027309273],[85.03129495203852,26.207207618576184],[85.04678986082561,26.19992718419584],[85.0523446394474,26.184456261137612],[85.05117521236912,26.170198743809436],[85.05936120191703,26.16473841802418],[85.07544082424324,26.162311606564064],[85.09005866272163,26.168378635214353],[85.09268987364774,26.174142312432124],[85.1020452902739,26.161401552266522],[85.11227777720877,26.16200825513155],[85.11403191782618,26.171412149539496],[85.11900198290883,26.172322203837037],[85.12338733445235,26.15715463221132],[85.12192555060452,26.14714403493835],[85.1166631287523,26.13956024912549],[85.10730771212613,26.136830086232862],[85.0994140793478,26.128032894689944],[85.09736758196082,26.11498878309183],[85.10379943089131,26.10952845730657],[85.1184172693697,26.104674834386344],[85.12689561568716,26.09830445430354],[85.12777268599586,26.0889005598956],[85.14589880570907,26.084350288407883],[85.14502173540035,26.07919331405514],[85.15291536817868,26.06705925675457],[85.14443702186122,26.05826206521165],[85.12543383183932,26.058565416644164],[85.12455676153061,26.041881087855877],[85.11549370167401,26.040971033558336],[85.11169306366963,26.045217953613534],[85.09152044656946,26.04764476507365],[85.08538095440855,26.04066768212582],[85.07982617578676,26.048858170803708],[85.09005866272163,26.05098163083131],[85.09415165749557,26.069182716782166],[85.08888923564336,26.077373205460052],[85.07836439193892,26.07706985402754],[85.0748561107041,26.072519582539826],[85.07719496486065,26.06432909386194],[85.07690260809107,26.049161522236222],[85.07017840239102,26.048858170803708],[85.06667012115622,26.033993950610505],[85.05351406652566,26.032173842015418],[85.03977329835598,26.033993950610505],[85.03071023849938,26.032173842015418],[85.02895609788197,26.02671351623016],[85.01550768648187,26.03156713915039],[85.0061522698557,26.030353733420334],[85.00235163185133,26.016399567524676],[84.9970892099991,26.00911913314433],[84.98159430121201,26.004568861656615],[84.96843824658147,25.99455826438364],[84.96025225703357,25.996681724411243],[84.95557454872049,26.008512430279303],[84.94271085085951,26.013062701767016],[84.93569428838988,26.01821967611976],[84.93218600715508,26.03005038198782],[84.93540193162032,26.04006097926079],[84.93423250454205,26.05067827939879],[84.94329556439865,26.054015145156452],[84.94914269979,26.063722390996908],[84.94475734824648,26.07221623110731],[84.94651148886389,26.08010336835268],[84.94592677532475,26.09375418281583],[84.93978728316384,26.09891115716857],[84.94797327271172,26.103461428656285],[84.93978728316384,26.10861840300903],[84.94124906701167,26.118932351714516],[84.91961466606367,26.13652673480035],[84.90996689266792,26.154727820751205],[84.91581402805929,26.16473841802418],[84.91786052544626,26.17808588105481],[84.92955479622896,26.179905989649896],[84.93130893684636,26.17656912389224],[84.94329556439865,26.172928906702065],[84.95118919717697,26.179602638217382],[84.96229875442054,26.177175826757267],[84.96873060335103,26.18597301830018],[84.97253124135541,26.17808588105481],[84.9798401605946,26.17747917818978],[84.98597965275553,26.190219938355384],[84.98188665798158,26.194163506978068],[84.98364079859898,26.206297564278643],[84.99241150168602,26.203870752818528],[84.99884335061651,26.217521567281672],[85.00410577246873,26.221768487336874],[85.01638475679057,26.219645027309273]]]},"properties":{"name":"Paroo","lgd":1890,"census":"0189","district":"Muzaffarpur","dist_lgd":208,"state":"Bihar","state_lgd":10,"id":"IN-BR-B-1890","source_name":"Paroo","level":"block","mausam_level":"block","source_code":"1890","parent_code":"208","parent_id":"IN-BR-D-208","district_code":"208","state_code":"10","block_code":"1890"}},{"type":"Feature","id":"1980","geometry":{"type":"Polygon","coordinates":[[[84.77957577344074,26.451102170317704],[84.81027323424534,26.44200162734227],[84.81495094255843,26.4362379501245],[84.82810699718897,26.43532789582696],[84.836877700276,26.437148004422042],[84.83980126797168,26.410149726928267],[84.8342464893499,26.39831902106021],[84.82752228364984,26.394982155302554],[84.83570827319774,26.386184963759636],[84.84272483566735,26.38648831519215],[84.86202038245882,26.37920788081181],[84.87605350739807,26.378904529379295],[84.88540892402423,26.38375815229952],[84.89242548649386,26.37526431218912],[84.89184077295474,26.362826903456032],[84.89564141095912,26.355243117643177],[84.90879746558966,26.345232520370203],[84.90675096820269,26.337648734557344],[84.91522931452015,26.33795208598986],[84.91669109836798,26.32551467725677],[84.90967453589836,26.323391217229172],[84.9020732598896,26.3261213801218],[84.89622612449824,26.31702083714637],[84.88804013495036,26.29881975119551],[84.88102357248073,26.27849520521705],[84.87751529124591,26.261810876428765],[84.87196051262413,26.256957253508535],[84.86815987461975,26.25726060494105],[84.85617324706747,26.270304716539165],[84.83629298673686,26.279405259514593],[84.83219999196292,26.286382342462424],[84.82547578626287,26.282135422407222],[84.80618023947139,26.285775639597396],[84.80910380716708,26.294876182572825],[84.80939616393664,26.313077268523685],[84.80764202331923,26.320964405769057],[84.78542290883209,26.337042031692317],[84.77431335158852,26.341895654612546],[84.76788150265803,26.33734538312483],[84.76203436726668,26.34644592610026],[84.74770888555786,26.358883334833347],[84.76729678911889,26.370107337836377],[84.76846621619717,26.378297826514263],[84.75560251833619,26.381027989406892],[84.75940315634057,26.398622372492724],[84.75326366417964,26.40741956403564],[84.76437322142321,26.410756429793295],[84.76495793496235,26.41803686417364],[84.75560251833619,26.421070378498783],[84.75618723187532,26.426227352851527],[84.76437322142321,26.43987816731467],[84.76671207557976,26.45170887318273],[84.77957577344074,26.451102170317704]]]},"properties":{"name":"Kesaria","lgd":1980,"census":"0035","district":"Purbi Champaran","dist_lgd":213,"state":"Bihar","state_lgd":10,"id":"IN-BR-B-1980","source_name":"Kesaria","level":"block","mausam_level":"block","source_code":"1980","parent_code":"213","parent_id":"IN-BR-D-213","district_code":"213","state_code":"10","block_code":"1980"}},{"type":"Feature","id":"1891","geometry":{"type":"Polygon","coordinates":[[[85.03158730880808,26.32308786579666],[85.03568030358204,26.317930891443915],[85.03626501712117,26.300336508358082],[85.03948094158642,26.293966128275283],[85.0359726603516,26.277888502352024],[85.02281660572106,26.28031531381214],[85.0225242489515,26.261507524996247],[85.01082997816879,26.249070116263162],[85.0152153297123,26.23996957328773],[85.02457074633847,26.235419301800018],[85.01638475679057,26.219645027309273],[85.00410577246873,26.221768487336874],[84.99884335061651,26.217521567281672],[84.99241150168602,26.203870752818528],[84.98364079859898,26.206297564278643],[84.98188665798158,26.194163506978068],[84.98597965275553,26.190219938355384],[84.9798401605946,26.17747917818978],[84.97253124135541,26.17808588105481],[84.96873060335103,26.18597301830018],[84.96229875442054,26.177175826757267],[84.95118919717697,26.179602638217382],[84.94329556439865,26.172928906702065],[84.93130893684636,26.17656912389224],[84.92955479622896,26.179905989649896],[84.91786052544626,26.17808588105481],[84.91172103328533,26.18384955827258],[84.90178090312003,26.198713778465784],[84.89973440573306,26.207207618576184],[84.89359491357214,26.216308161551616],[84.90587389789398,26.22571205595956],[84.90441211404614,26.235722653232532],[84.88336242663726,26.232992490339903],[84.87196051262413,26.256957253508535],[84.87751529124591,26.261810876428765],[84.88102357248073,26.27849520521705],[84.88804013495036,26.29881975119551],[84.89622612449824,26.31702083714637],[84.9020732598896,26.3261213801218],[84.90967453589836,26.323391217229172],[84.91669109836798,26.32551467725677],[84.92078409314193,26.328548191581916],[84.94475734824648,26.32763813728437],[84.98013251736418,26.32308786579666],[84.98948793399035,26.330368300177],[85.00001277769478,26.33309846306963],[85.01375354586446,26.328244840149402],[85.01550768648187,26.322481162931627],[85.02398603279933,26.319751000039],[85.03158730880808,26.32308786579666]]]},"properties":{"name":"Sahebganj","lgd":1891,"census":"0187","district":"Muzaffarpur","dist_lgd":208,"state":"Bihar","state_lgd":10,"id":"IN-BR-B-1891","source_name":"Sahebganj","level":"block","mausam_level":"block","source_code":"1891","parent_code":"208","parent_id":"IN-BR-D-208","district_code":"208","state_code":"10","block_code":"1891"}},{"type":"Feature","id":"1979","geometry":{"type":"Polygon","coordinates":[[[85.06637776438664,26.39134193811238],[85.06257712638227,26.38770172092221],[85.05965355868659,26.376174366486662],[85.06900897531276,26.379814583676836],[85.07836439193892,26.377084420784207],[85.08158031640417,26.372230797863978],[85.07807203516936,26.361613497725976],[85.061407699304,26.365253714916147],[85.05789941806918,26.34583922323523],[85.04357393636036,26.343109060342602],[85.0441586498995,26.338558788854886],[85.0359726603516,26.334008517367174],[85.03158730880808,26.32308786579666],[85.02398603279933,26.319751000039],[85.01550768648187,26.322481162931627],[85.01375354586446,26.328244840149402],[85.00001277769478,26.33309846306963],[84.98948793399035,26.330368300177],[84.98013251736418,26.32308786579666],[84.94475734824648,26.32763813728437],[84.92078409314193,26.328548191581916],[84.91669109836798,26.32551467725677],[84.91522931452015,26.33795208598986],[84.90675096820269,26.337648734557344],[84.90879746558966,26.345232520370203],[84.89564141095912,26.355243117643177],[84.89184077295474,26.362826903456032],[84.89242548649386,26.37526431218912],[84.88540892402423,26.38375815229952],[84.87605350739807,26.378904529379295],[84.86202038245882,26.37920788081181],[84.84272483566735,26.38648831519215],[84.83570827319774,26.386184963759636],[84.82752228364984,26.394982155302554],[84.8342464893499,26.39831902106021],[84.83980126797168,26.410149726928267],[84.836877700276,26.437148004422042],[84.84301719243692,26.438058058719587],[84.86523630692407,26.435934598691986],[84.86552866369364,26.4532256303453],[84.87546879385894,26.454742387507874],[84.87663822093721,26.46353957905079],[84.8839471401764,26.486897639354392],[84.89008663233733,26.487807693651934],[84.89359491357214,26.501761859547596],[84.90499682758528,26.50145850811508],[84.91142867651577,26.496908236627366],[84.9210764499115,26.48477417932679],[84.93364779100291,26.478403799243992],[84.92400001760717,26.47537028491885],[84.9219535202202,26.468999904836046],[84.92546180145501,26.45929265899559],[84.94037199670296,26.449888764587644],[84.93949492639426,26.4426083302073],[84.95791340287703,26.441394924477244],[84.9681458898119,26.434417841529413],[84.97370066843368,26.427137407149072],[84.98510258244683,26.426227352851527],[84.98568729598597,26.43259773293433],[84.9970892099991,26.432294381501816],[85.00702934016441,26.4277441100141],[85.00936819432094,26.43259773293433],[85.02135482187322,26.43047427290673],[85.0225242489515,26.42076702706627],[85.03451087650376,26.41045307836078],[85.03187966557766,26.404386049710496],[85.04152743897339,26.40044248108781],[85.05819177483875,26.39619556103261],[85.06637776438664,26.39134193811238]]]},"properties":{"name":"Kalyanpur","lgd":1979,"census":"0036","district":"Purbi Champaran","dist_lgd":213,"state":"Bihar","state_lgd":10,"id":"IN-BR-B-1979","source_name":"Kalyanpur","level":"block","mausam_level":"block","source_code":"1979","parent_code":"213","parent_id":"IN-BR-D-213","district_code":"213","state_code":"10","block_code":"1979"}},{"type":"Feature","id":"1973","geometry":{"type":"Polygon","coordinates":[[[85.03860387127772,26.529670191338912],[85.02193953541236,26.516626079740796],[85.01930832448625,26.506008779602794],[85.02632488695588,26.49144791084211],[85.0342185197342,26.49084120797708],[85.0359726603516,26.484167476461764],[85.04211215251253,26.47901050210902],[85.05059049882999,26.478707150676506],[85.05205228267783,26.471123364863647],[85.06111534253444,26.471730067728675],[85.0540987800648,26.461112767590674],[85.05760706129962,26.452012224615245],[85.08333445702158,26.432901084366843],[85.09239751687817,26.434721192961927],[85.0929822304173,26.424407244256443],[85.08684273825638,26.41803686417364],[85.06930133208232,26.416823458443584],[85.06871661854319,26.41227318695587],[85.0821650299433,26.402262589682895],[85.08011853255633,26.399229075357752],[85.07807203516936,26.388915126652265],[85.07164018623887,26.386791666624664],[85.06637776438664,26.39134193811238],[85.05819177483875,26.39619556103261],[85.04152743897339,26.40044248108781],[85.03187966557766,26.404386049710496],[85.03451087650376,26.41045307836078],[85.0225242489515,26.42076702706627],[85.02135482187322,26.43047427290673],[85.00936819432094,26.43259773293433],[85.00702934016441,26.4277441100141],[84.9970892099991,26.432294381501816],[84.98568729598597,26.43259773293433],[84.98510258244683,26.426227352851527],[84.97370066843368,26.427137407149072],[84.9681458898119,26.434417841529413],[84.95791340287703,26.441394924477244],[84.93949492639426,26.4426083302073],[84.94037199670296,26.449888764587644],[84.92546180145501,26.45929265899559],[84.9219535202202,26.468999904836046],[84.92400001760717,26.47537028491885],[84.93364779100291,26.478403799243992],[84.9210764499115,26.48477417932679],[84.91142867651577,26.496908236627366],[84.9210764499115,26.496908236627366],[84.92516944468545,26.50418867100771],[84.91318281713318,26.50570542817028],[84.91610638482885,26.513895916848167],[84.90616625466355,26.514805971145712],[84.89710319480695,26.52178305409354],[84.89710319480695,26.529063488473884],[84.90733568174181,26.531490299934],[84.90645861143312,26.5399841400444],[84.92721594207242,26.536647274286743],[84.93306307746377,26.543017654369542],[84.93861785608556,26.528153434176343],[84.94709620240303,26.536950625719257],[84.95703633256832,26.532703705664055],[84.96054461380314,26.53604057142171],[84.96317582472925,26.5484779801548],[84.97048474396844,26.546657871559713],[84.98451786890769,26.555758414535145],[85.00322870216002,26.557578523130232],[85.01141469170793,26.55424165737257],[85.01053762139921,26.546657871559713],[85.00176691831219,26.53877073431434],[84.98861086368164,26.543321005802056],[84.98364079859898,26.540590842909427],[84.98481022567725,26.531490299934],[84.99591978292082,26.53088359706897],[85.00469048600786,26.526940028446283],[85.01726182709928,26.52876013704137],[85.02398603279933,26.535737219989198],[85.02720195726457,26.545444465829657],[85.0350955900429,26.542410951504515],[85.03860387127772,26.529670191338912]]]},"properties":{"name":"Chakia (pipra)","lgd":1973,"census":"0039","district":"Purbi Champaran","dist_lgd":213,"state":"Bihar","state_lgd":10,"id":"IN-BR-B-1973","source_name":"Chakia (pipra)","level":"block","mausam_level":"block","source_code":"1973","parent_code":"213","parent_id":"IN-BR-D-213","district_code":"213","state_code":"10","block_code":"1973"}},{"type":"Feature","id":"1989","geometry":{"type":"Polygon","coordinates":[[[84.94709620240303,26.536950625719257],[84.93861785608556,26.528153434176343],[84.93306307746377,26.543017654369542],[84.92721594207242,26.536647274286743],[84.90645861143312,26.5399841400444],[84.89417962711127,26.54271430293703],[84.89154841618516,26.534523814259142],[84.87839236155462,26.539074085746858],[84.87459172355024,26.5463545201272],[84.87605350739807,26.553938305940058],[84.88190064278943,26.555758414535145],[84.88277771309814,26.563645551780517],[84.86786751785019,26.56667906610566],[84.8623127392284,26.584576800624006],[84.88014650217202,26.58488015205652],[84.89008663233733,26.592160586436865],[84.89505669741997,26.606114752332523],[84.89505669741997,26.590947180706806],[84.89973440573306,26.585486854921548],[84.91493695775058,26.586700260651604],[84.92400001760717,26.58366674632646],[84.9310165800768,26.58852036924669],[84.94066435347253,26.588823720679205],[84.96259111119011,26.57729636624366],[84.97370066843368,26.576082960513602],[84.9745777387424,26.567285768970688],[84.96931531689017,26.556365117400173],[84.95908282995529,26.551511494479943],[84.9500197700987,26.550904791614915],[84.94563441855519,26.541500897206973],[84.94709620240303,26.536950625719257]]]},"properties":{"name":"Pipra Kothi","lgd":1989,"census":"0038","district":"Purbi Champaran","dist_lgd":213,"state":"Bihar","state_lgd":10,"id":"IN-BR-B-1989","source_name":"Pipra Kothi","level":"block","mausam_level":"block","source_code":"1989","parent_code":"213","parent_id":"IN-BR-D-213","district_code":"213","state_code":"10","block_code":"1989"}},{"type":"Feature","id":"1995","geometry":{"type":"Polygon","coordinates":[[[84.89505669741997,26.606114752332523],[84.89008663233733,26.592160586436865],[84.88014650217202,26.58488015205652],[84.8623127392284,26.584576800624006],[84.86786751785019,26.56667906610566],[84.88277771309814,26.563645551780517],[84.88190064278943,26.555758414535145],[84.87605350739807,26.553938305940058],[84.87459172355024,26.5463545201272],[84.87839236155462,26.539074085746858],[84.86114331215012,26.547264574424744],[84.84886432782828,26.549084683019828],[84.84623311690217,26.557578523130232],[84.82664521334114,26.56030868602286],[84.82284457533676,26.570015931863317],[84.81085794778448,26.564858957510573],[84.804426098854,26.56667906610566],[84.79185475776258,26.56091538888789],[84.78337641144512,26.565465660375605],[84.78922354683647,26.580329880568804],[84.80121017438874,26.58002652913629],[84.80354902854529,26.597924263654637],[84.81319680194102,26.605204698034978],[84.80647259624097,26.61642870103801],[84.7862999791408,26.619462215363153],[84.79273182807128,26.607631509495093],[84.77606749220593,26.599137669384692],[84.76583500527106,26.60672145519755],[84.76846621619717,26.615518646740465],[84.77519042189722,26.618855512498126],[84.77402099481895,26.625225892580925],[84.7599878698797,26.63614654415144],[84.76788150265803,26.649190655749557],[84.77577513543636,26.6564710901299],[84.7708050703537,26.661628064482645],[84.77548277866678,26.667088390267903],[84.78688469267993,26.669818553160532],[84.78922354683647,26.68013250186602],[84.78571526560165,26.69074980200402],[84.7880541197582,26.695300073491733],[84.79945603377134,26.69347996489665],[84.81115030455405,26.70076039927699],[84.82430635918459,26.698333587816876],[84.82489107272373,26.69347996489665],[84.83570827319774,26.689839747706475],[84.84067833828038,26.683166016191162],[84.85032611167611,26.68528947621876],[84.86143566891968,26.676492284675845],[84.85792738768488,26.667998444565445],[84.86377452307623,26.6607180101851],[84.8666980907719,26.64858395288453],[84.86552866369364,26.63978676134161],[84.85734267414574,26.630989569798697],[84.86523630692407,26.625832595445953],[84.87254522616327,26.637359949881496],[84.88131592925029,26.64100016707167],[84.8848242104851,26.651314115777158],[84.8830700698677,26.662538118780187],[84.8921331297243,26.664964930240302],[84.89271784326343,26.65707779299493],[84.89885733542435,26.646460492856928],[84.90090383281134,26.64312362709927],[84.88804013495036,26.62765270404104],[84.8994420489635,26.62006891822818],[84.89505669741997,26.606114752332523]]]},"properties":{"name":"Turkaulia","lgd":1995,"census":"0030","district":"Purbi Champaran","dist_lgd":213,"state":"Bihar","state_lgd":10,"id":"IN-BR-B-1995","source_name":"Turkaulia","level":"block","mausam_level":"block","source_code":"1995","parent_code":"213","parent_id":"IN-BR-D-213","district_code":"213","state_code":"10","block_code":"1995"}},{"type":"Feature","id":"1981","geometry":{"type":"Polygon","coordinates":[[[84.836877700276,26.437148004422042],[84.82810699718897,26.43532789582696],[84.81495094255843,26.4362379501245],[84.81027323424534,26.44200162734227],[84.77957577344074,26.451102170317704],[84.78688469267993,26.451405521750218],[84.79127004422344,26.481437313569135],[84.78454583852339,26.482954070731708],[84.7871770494495,26.491144559409594],[84.78249934113641,26.494178073734737],[84.7798681302103,26.531186948501485],[84.78454583852339,26.5336137599616],[84.78396112498424,26.54271430293703],[84.77606749220593,26.539074085746858],[84.76612736204062,26.539680788611886],[84.76291143757538,26.5484779801548],[84.75823372926229,26.5506014401824],[84.7608649401884,26.561522091752916],[84.75881844280143,26.571229337593376],[84.76437322142321,26.57304944618846],[84.78337641144512,26.565465660375605],[84.79185475776258,26.56091538888789],[84.804426098854,26.56667906610566],[84.81085794778448,26.564858957510573],[84.82284457533676,26.570015931863317],[84.82664521334114,26.56030868602286],[84.84623311690217,26.557578523130232],[84.84886432782828,26.549084683019828],[84.86114331215012,26.547264574424744],[84.87839236155462,26.539074085746858],[84.89154841618516,26.534523814259142],[84.89417962711127,26.54271430293703],[84.90645861143312,26.5399841400444],[84.90733568174181,26.531490299934],[84.89710319480695,26.529063488473884],[84.89710319480695,26.52178305409354],[84.90616625466355,26.514805971145712],[84.91610638482885,26.513895916848167],[84.91318281713318,26.50570542817028],[84.92516944468545,26.50418867100771],[84.9210764499115,26.496908236627366],[84.91142867651577,26.496908236627366],[84.90499682758528,26.50145850811508],[84.89359491357214,26.501761859547596],[84.89008663233733,26.487807693651934],[84.8839471401764,26.486897639354392],[84.87663822093721,26.46353957905079],[84.87546879385894,26.454742387507874],[84.86552866369364,26.4532256303453],[84.86523630692407,26.435934598691986],[84.84301719243692,26.438058058719587],[84.836877700276,26.437148004422042]]]},"properties":{"name":"Kotwa","lgd":1981,"census":"0037","district":"Purbi Champaran","dist_lgd":213,"state":"Bihar","state_lgd":10,"id":"IN-BR-B-1981","source_name":"Kotwa","level":"block","mausam_level":"block","source_code":"1981","parent_code":"213","parent_id":"IN-BR-D-213","district_code":"213","state_code":"10","block_code":"1981"}},{"type":"Feature","id":"1992","geometry":{"type":"Polygon","coordinates":[[[84.74537003140131,26.361613497725976],[84.73045983615336,26.37526431218912],[84.72256620337504,26.399229075357752],[84.71847320860108,26.401352535385353],[84.71233371644017,26.427137407149072],[84.70619422427924,26.43138432720427],[84.69537702380524,26.43350778723187],[84.6839751097921,26.44109157304473],[84.6658489900789,26.457775901833017],[84.65093879483095,26.46353957905079],[84.65883242760927,26.489021099381993],[84.6667260603876,26.507525536765367],[84.6658489900789,26.51419926828068],[84.67812797440075,26.512985862550625],[84.6939152399574,26.503885319575193],[84.69654645088352,26.511772456820566],[84.70677893781838,26.515109322578226],[84.71321078674887,26.53088359706897],[84.71964263567935,26.529670191338912],[84.72402798722287,26.53725397715177],[84.73455283092731,26.53877073431434],[84.74624710171003,26.53513051712417],[84.75589487510575,26.540287491476914],[84.76612736204062,26.539680788611886],[84.77606749220593,26.539074085746858],[84.78396112498424,26.54271430293703],[84.78454583852339,26.5336137599616],[84.7798681302103,26.531186948501485],[84.78249934113641,26.494178073734737],[84.7871770494495,26.491144559409594],[84.78454583852339,26.482954070731708],[84.79127004422344,26.481437313569135],[84.78688469267993,26.451405521750218],[84.77957577344074,26.451102170317704],[84.76671207557976,26.45170887318273],[84.76437322142321,26.43987816731467],[84.75618723187532,26.426227352851527],[84.75560251833619,26.421070378498783],[84.76495793496235,26.41803686417364],[84.76437322142321,26.410756429793295],[84.75326366417964,26.40741956403564],[84.75940315634057,26.398622372492724],[84.75560251833619,26.381027989406892],[84.76846621619717,26.378297826514263],[84.76729678911889,26.370107337836377],[84.74770888555786,26.358883334833347],[84.74537003140131,26.361613497725976]]]},"properties":{"name":"Sangrampur","lgd":1992,"census":"0034","district":"Purbi Champaran","dist_lgd":213,"state":"Bihar","state_lgd":10,"id":"IN-BR-B-1992","source_name":"Sangrampur","level":"block","mausam_level":"block","source_code":"1992","parent_code":"213","parent_id":"IN-BR-D-213","district_code":"213","state_code":"10","block_code":"1992"}},{"type":"Feature","id":"1978","geometry":{"type":"Polygon","coordinates":[[[84.78571526560165,26.69074980200402],[84.78922354683647,26.68013250186602],[84.78688469267993,26.669818553160532],[84.77548277866678,26.667088390267903],[84.7708050703537,26.661628064482645],[84.77577513543636,26.6564710901299],[84.76788150265803,26.649190655749557],[84.7599878698797,26.63614654415144],[84.77402099481895,26.625225892580925],[84.77519042189722,26.618855512498126],[84.76846621619717,26.615518646740465],[84.76583500527106,26.60672145519755],[84.77606749220593,26.599137669384692],[84.79273182807128,26.607631509495093],[84.7862999791408,26.619462215363153],[84.80647259624097,26.61642870103801],[84.81319680194102,26.605204698034978],[84.80354902854529,26.597924263654637],[84.80121017438874,26.58002652913629],[84.78922354683647,26.580329880568804],[84.78337641144512,26.565465660375605],[84.76437322142321,26.57304944618846],[84.75881844280143,26.571229337593376],[84.7608649401884,26.561522091752916],[84.75823372926229,26.5506014401824],[84.76291143757538,26.5484779801548],[84.76612736204062,26.539680788611886],[84.75589487510575,26.540287491476914],[84.74624710171003,26.53513051712417],[84.73455283092731,26.53877073431434],[84.72402798722287,26.53725397715177],[84.71964263567935,26.529670191338912],[84.71321078674887,26.53088359706897],[84.70677893781838,26.515109322578226],[84.69654645088352,26.511772456820566],[84.69420759672697,26.53634392285423],[84.69800823473135,26.541804248639487],[84.70414772689227,26.56303884891549],[84.69537702380524,26.56880252613326],[84.6848521801008,26.57031928329583],[84.6822209691747,26.56394890321303],[84.65707828699188,26.564252254645545],[84.64801522713528,26.563342200348004],[84.64743051359613,26.576082960513602],[84.63222796157862,26.588823720679205],[84.6369056698917,26.60672145519755],[84.6187795501785,26.609148266657666],[84.62316490172202,26.619765566795667],[84.62258018818288,26.627956055473554],[84.63076617773078,26.626135946878467],[84.63456681573516,26.61521529530795],[84.64918465421354,26.604901346602464],[84.65503178960489,26.624315838283383],[84.6658489900789,26.623102432553324],[84.67111141193112,26.61794545820058],[84.67111141193112,26.607934860927607],[84.68455982333123,26.606418103765037],[84.69245345610956,26.609754969522694],[84.70444008366184,26.60308123800738],[84.70590186750968,26.624012486850866],[84.69479231026611,26.62067562109321],[84.69157638580086,26.62643929831098],[84.69274581287914,26.637359949881496],[84.68455982333123,26.640393464206642],[84.68192861240513,26.634326435556353],[84.67315790931809,26.635843192718927],[84.66614134684846,26.64524708712687],[84.66204835207452,26.6607180101851],[84.66380249269193,26.669818553160532],[84.67257319577897,26.678615744703446],[84.68192861240513,26.677098987540873],[84.68660632071821,26.687109584813847],[84.70268594304443,26.67254871605316],[84.70385537012271,26.68164925902859],[84.70970250551406,26.69287326203162],[84.71905792214022,26.691963207734076],[84.72256620337504,26.698333587816876],[84.73659932831428,26.707434130792308],[84.74770888555786,26.705007319332193],[84.74127703662737,26.691659856301563],[84.74507767463174,26.68741293624636],[84.7573566589536,26.691659856301563],[84.76525029173192,26.69924364211442],[84.77372863804938,26.693176613464132],[84.78571526560165,26.69074980200402]]]},"properties":{"name":"Harsidhi","lgd":1978,"census":"0031","district":"Purbi Champaran","dist_lgd":213,"state":"Bihar","state_lgd":10,"id":"IN-BR-B-1978","source_name":"Harsidhi","level":"block","mausam_level":"block","source_code":"1978","parent_code":"213","parent_id":"IN-BR-D-213","district_code":"213","state_code":"10","block_code":"1978"}},{"type":"Feature","id":"1993","geometry":{"type":"Polygon","coordinates":[[[84.7880541197582,26.695300073491733],[84.78571526560165,26.69074980200402],[84.77372863804938,26.693176613464132],[84.76525029173192,26.69924364211442],[84.7573566589536,26.691659856301563],[84.74507767463174,26.68741293624636],[84.74127703662737,26.691659856301563],[84.74770888555786,26.705007319332193],[84.73659932831428,26.707434130792308],[84.72256620337504,26.698333587816876],[84.71905792214022,26.691963207734076],[84.70970250551406,26.69287326203162],[84.70385537012271,26.68164925902859],[84.70268594304443,26.67254871605316],[84.68660632071821,26.687109584813847],[84.67812797440075,26.69226655916659],[84.67958975824858,26.698333587816876],[84.68865281810518,26.706524076494762],[84.69069931549215,26.713501159442593],[84.70122415919658,26.717141376632764],[84.70385537012271,26.734735759718596],[84.7129184299793,26.74080278836888],[84.71935027890979,26.741106139801396],[84.7228585601446,26.749903331344314],[84.71818085183152,26.756273711427113],[84.7219814898359,26.765070902970027],[84.71759613829238,26.76931782302523],[84.71613435444455,26.778115014568144],[84.72139677629676,26.78964236900369],[84.73075219292294,26.800259669141692],[84.73747639862299,26.79813620911409],[84.74361589078391,26.80845015781958],[84.75297130741008,26.808753509252092],[84.76934328650586,26.805113292061918],[84.77928341667116,26.81573059219992],[84.78483819529296,26.83817859820598],[84.80354902854529,26.83605513817838],[84.81612036963669,26.825741189472893],[84.83395413258033,26.82483113517535],[84.83395413258033,26.81573059219992],[84.8523726090631,26.79328258619386],[84.85178789552396,26.775384851675515],[84.84623311690217,26.764160848672486],[84.83658534350644,26.759003874319742],[84.83161527842378,26.73625251688117],[84.83307706227163,26.726241919608196],[84.81612036963669,26.72442181101311],[84.79857896346263,26.707434130792308],[84.79243947130172,26.70470396789968],[84.7880541197582,26.695300073491733]]]},"properties":{"name":"Sugauli","lgd":1993,"census":"0022","district":"Purbi Champaran","dist_lgd":213,"state":"Bihar","state_lgd":10,"id":"IN-BR-B-1993","source_name":"Sugauli","level":"block","mausam_level":"block","source_code":"1993","parent_code":"213","parent_id":"IN-BR-D-213","district_code":"213","state_code":"10","block_code":"1993"}},{"type":"Feature","id":"1990","geometry":{"type":"Polygon","coordinates":[[[84.83395413258033,26.82483113517535],[84.81612036963669,26.825741189472893],[84.80354902854529,26.83605513817838],[84.78483819529296,26.83817859820598],[84.77928341667116,26.81573059219992],[84.76934328650586,26.805113292061918],[84.75297130741008,26.808753509252092],[84.74361589078391,26.80845015781958],[84.7409846798578,26.820887566552663],[84.72636684137942,26.821190917985177],[84.72519741430115,26.833628326718266],[84.73133690646206,26.836358489610895],[84.73367576061861,26.84303222112621],[84.72665919814898,26.84849254691147],[84.71935027890979,26.84576238401884],[84.71671906798369,26.85850314418444],[84.70444008366184,26.866086929997298],[84.70063944565746,26.87518747297273],[84.69040695872259,26.875794175837758],[84.68660632071821,26.89278185605856],[84.68923753164432,26.89429861322113],[84.70794836489665,26.890355044598444],[84.71496492736628,26.900972344736445],[84.71350314351844,26.910072887711877],[84.72432034399245,26.924937107905077],[84.73455283092731,26.923116999309993],[84.74332353401434,26.924633756472563],[84.75560251833619,26.919173430687305],[84.7708050703537,26.915533213497135],[84.7781139895929,26.92918402796028],[84.7798681302103,26.939497976665766],[84.78834647652776,26.942228139558395],[84.80910380716708,26.93858792236822],[84.80676495301053,26.92857732509525],[84.82284457533676,26.92524045933759],[84.83746241381513,26.926150513635136],[84.86465159338493,26.933127596582963],[84.85909681476315,26.912499699171992],[84.86377452307623,26.907039373386734],[84.85997388507185,26.89975893900639],[84.85821974445444,26.872760661512615],[84.86640573400234,26.870030498619986],[84.86289745276753,26.860019901347012],[84.85646560383704,26.851222709804098],[84.86348216630667,26.843335572558725],[84.85061846844569,26.836358489610895],[84.84564840336304,26.828471352365522],[84.836877700276,26.82968475809558],[84.83395413258033,26.82483113517535]]]},"properties":{"name":"Ramgarhwa","lgd":1990,"census":"0021","district":"Purbi Champaran","dist_lgd":213,"state":"Bihar","state_lgd":10,"id":"IN-BR-B-1990","source_name":"Ramgarhwa","level":"block","mausam_level":"block","source_code":"1990","parent_code":"213","parent_id":"IN-BR-D-213","district_code":"213","state_code":"10","block_code":"1990"}},{"type":"Feature","id":"1991","geometry":{"type":"Polygon","coordinates":[[[84.86465159338493,26.933127596582963],[84.83746241381513,26.926150513635136],[84.82284457533676,26.92524045933759],[84.80676495301053,26.92857732509525],[84.80910380716708,26.93858792236822],[84.78834647652776,26.942228139558395],[84.7798681302103,26.939497976665766],[84.7781139895929,26.92918402796028],[84.7708050703537,26.915533213497135],[84.75560251833619,26.919173430687305],[84.74332353401434,26.924633756472563],[84.73455283092731,26.923116999309993],[84.72432034399245,26.924937107905077],[84.71350314351844,26.910072887711877],[84.71496492736628,26.900972344736445],[84.70794836489665,26.890355044598444],[84.68923753164432,26.89429861322113],[84.68660632071821,26.89278185605856],[84.68046682855729,26.89005169316593],[84.67812797440075,26.914319807767075],[84.68631396394863,26.92281364787748],[84.69830059150092,26.92069018784988],[84.69888530504005,26.939497976665766],[84.70970250551406,26.941014733828336],[84.713795500288,26.94829516820868],[84.72490505753157,26.956485656886567],[84.73075219292294,26.95375549399394],[84.74156939339693,26.95527225115651],[84.74858595586656,26.964676145564454],[84.74478531786218,26.9740800399724],[84.74770888555786,26.986820800138002],[84.75969551311013,26.998348154573545],[84.75852608603186,27.00350512892629],[84.76466557819279,27.01290902333423],[84.77314392451025,27.01776264625446],[84.78279169790598,27.01412242906429],[84.7880541197582,27.005931940386404],[84.7862999791408,26.99865150600606],[84.79390125514955,26.99592134311343],[84.79916367700177,27.00350512892629],[84.8070573097801,27.00714534611646],[84.81582801286713,27.02049280914709],[84.82956878103681,27.019582754849548],[84.83833948412385,27.01412242906429],[84.8541267496805,27.00835875184652],[84.85734267414574,26.990461017328172],[84.86435923661537,26.984393988677887],[84.88248535632857,26.97893366289263],[84.88248535632857,26.972259931377312],[84.87546879385894,26.961339279806797],[84.86728280431105,26.958305765481654],[84.86903694492845,26.94617170818108],[84.86465159338493,26.933127596582963]]]},"properties":{"name":"Raxaul","lgd":1991,"census":"0019","district":"Purbi Champaran","dist_lgd":213,"state":"Bihar","state_lgd":10,"id":"IN-BR-B-1991","source_name":"Raxaul","level":"block","mausam_level":"block","source_code":"1991","parent_code":"213","parent_id":"IN-BR-D-213","district_code":"213","state_code":"10","block_code":"1991"}},{"type":"Feature","id":"1969","geometry":{"type":"Polygon","coordinates":[[[84.86348216630667,26.843335572558725],[84.85646560383704,26.851222709804098],[84.86289745276753,26.860019901347012],[84.86640573400234,26.870030498619986],[84.85821974445444,26.872760661512615],[84.85997388507185,26.89975893900639],[84.86377452307623,26.907039373386734],[84.85909681476315,26.912499699171992],[84.86465159338493,26.933127596582963],[84.86903694492845,26.94617170818108],[84.86728280431105,26.958305765481654],[84.87546879385894,26.961339279806797],[84.88248535632857,26.972259931377312],[84.88248535632857,26.97893366289263],[84.89184077295474,26.97286663424234],[84.9093821791288,26.968013011322114],[84.93364779100291,26.967709659889596],[84.9535280513335,26.96012587407674],[84.96259111119011,26.960429225509255],[84.97779366320763,26.941318085260853],[84.97837837674678,26.93616111090811],[84.97019238719888,26.92857732509525],[84.970777100738,26.917049970659704],[85.00001277769478,26.91189299630696],[84.99270385845558,26.903095804764046],[85.0043981292383,26.89490531608616],[85.00205927508175,26.88277125878559],[85.00761405370353,26.88004109589296],[85.00585991308614,26.869727147187472],[85.00001277769478,26.86669363286233],[84.99767392353823,26.859413198481985],[84.98744143660338,26.850312655506553],[84.98042487413375,26.864266821402214],[84.96142168411184,26.870637201485014],[84.95177391071611,26.871547255782556],[84.94709620240303,26.867300335727357],[84.92721594207242,26.8724573100801],[84.92400001760717,26.8618400099421],[84.92458473114631,26.844245626856267],[84.94329556439865,26.842728869693698],[84.93394014777247,26.826651243770435],[84.914644600981,26.829988109528095],[84.90821275205052,26.839392003936037],[84.91084396297663,26.84727914118141],[84.90324268696787,26.850919358371584],[84.88277771309814,26.847885844046438],[84.87868471832418,26.834538381015808],[84.88511656725467,26.828168000933008],[84.87605350739807,26.827864649500494],[84.86611337723278,26.832111569555696],[84.86348216630667,26.843335572558725]]]},"properties":{"name":"Adapur","lgd":1969,"census":"0020","district":"Purbi Champaran","dist_lgd":213,"state":"Bihar","state_lgd":10,"id":"IN-BR-B-1969","source_name":"Adapur","level":"block","mausam_level":"block","source_code":"1969","parent_code":"213","parent_id":"IN-BR-D-213","district_code":"213","state_code":"10","block_code":"1969"}},{"type":"Feature","id":"1972","geometry":{"type":"Polygon","coordinates":[[[85.13771281616116,26.870030498619986],[85.14999180048301,26.865783578564784],[85.14969944371344,26.858806495616957],[85.13449689169592,26.84636908688387],[85.12631090214802,26.842122166828666],[85.11958669644797,26.816033943632437],[85.10730771212613,26.818157403660035],[85.10964656628266,26.826651243770435],[85.08567331117811,26.82756129806798],[85.08099560286503,26.824224432310324],[85.05936120191703,26.830594812393123],[85.05439113683437,26.813607132172322],[85.05789941806918,26.806933400657005],[85.05497585037351,26.795102694788948],[85.05906884514745,26.783271988920887],[85.06667012115622,26.77417144594546],[85.0912280897999,26.773868094512945],[85.0994140793478,26.7665876601326],[85.09912172257823,26.760520631482315],[85.08976630595205,26.763250794374944],[85.0812879596346,26.757487117157172],[85.0812879596346,26.748993277046768],[85.07514846747367,26.747173168451685],[85.06637776438664,26.75111673707437],[85.05702234776048,26.74565641128911],[85.05059049882999,26.74626311415414],[85.04532807697777,26.754756954264543],[85.04035801189512,26.756273711427113],[85.0277866708037,26.75202679137191],[85.02486310310803,26.740499436936368],[85.01433825940359,26.73291565112351],[85.01199940524705,26.74201619409894],[85.00293634539045,26.74565641128911],[85.00556755631656,26.749903331344314],[85.00235163185133,26.759307225752256],[85.00673698339483,26.78539544894849],[85.01989303802537,26.79388928905889],[85.02398603279933,26.818764106525066],[85.01989303802537,26.839088652503523],[85.0225242489515,26.847582492613924],[85.02807902757328,26.853649521264213],[85.05760706129962,26.849099249776497],[85.07427139716498,26.85577298129181],[85.083042100252,26.853952872696727],[85.09999879288694,26.870940552917528],[85.12367969122191,26.871547255782556],[85.13771281616116,26.870030498619986]]]},"properties":{"name":"Bankatwa","lgd":1972,"census":"0025","district":"Purbi Champaran","dist_lgd":213,"state":"Bihar","state_lgd":10,"id":"IN-BR-B-1972","source_name":"Bankatwa","level":"block","mausam_level":"block","source_code":"1972","parent_code":"213","parent_id":"IN-BR-D-213","district_code":"213","state_code":"10","block_code":"1972"}},{"type":"Feature","id":"1974","geometry":{"type":"Polygon","coordinates":[[[84.88511656725467,26.828168000933008],[84.87868471832418,26.834538381015808],[84.88277771309814,26.847885844046438],[84.90324268696787,26.850919358371584],[84.91084396297663,26.84727914118141],[84.90821275205052,26.839392003936037],[84.914644600981,26.829988109528095],[84.93394014777247,26.826651243770435],[84.94329556439865,26.842728869693698],[84.92458473114631,26.844245626856267],[84.92400001760717,26.8618400099421],[84.92721594207242,26.8724573100801],[84.94709620240303,26.867300335727357],[84.95177391071611,26.871547255782556],[84.96142168411184,26.870637201485014],[84.98042487413375,26.864266821402214],[84.98744143660338,26.850312655506553],[84.99767392353823,26.859413198481985],[85.00001277769478,26.86669363286233],[85.00585991308614,26.869727147187472],[85.00761405370353,26.88004109589296],[85.00205927508175,26.88277125878559],[85.0043981292383,26.89490531608616],[85.02281660572106,26.891568450328503],[85.05380642329524,26.888838287435874],[85.05614527745178,26.8809511501905],[85.03071023849938,26.87397406724267],[85.02807902757328,26.853649521264213],[85.0225242489515,26.847582492613924],[85.01989303802537,26.839088652503523],[85.02398603279933,26.818764106525066],[85.01989303802537,26.79388928905889],[85.00673698339483,26.78539544894849],[85.00235163185133,26.759307225752256],[84.99007264752947,26.764160848672486],[84.98510258244683,26.777508311703116],[84.97954780382504,26.77144128305283],[84.97282359812499,26.771137931620316],[84.97370066843368,26.7623407400774],[84.95762104610746,26.7623407400774],[84.9573286893379,26.772351337350372],[84.93744842900729,26.774778148810487],[84.92633887176372,26.763250794374944],[84.9175681686767,26.770531228755285],[84.91318281713318,26.778721717433175],[84.90441211404614,26.775991554540543],[84.90353504373743,26.786608854678544],[84.90733568174181,26.791765829031288],[84.903827400507,26.799956317709174],[84.893010200033,26.80845015781958],[84.89037898910689,26.82179762085021],[84.88511656725467,26.828168000933008]]]},"properties":{"name":"Chawradano","lgd":1974,"census":"0024","district":"Purbi Champaran","dist_lgd":213,"state":"Bihar","state_lgd":10,"id":"IN-BR-B-1974","source_name":"Chawradano","level":"block","mausam_level":"block","source_code":"1974","parent_code":"213","parent_id":"IN-BR-D-213","district_code":"213","state_code":"10","block_code":"1974"}},{"type":"Feature","id":"1971","geometry":{"type":"Polygon","coordinates":[[[84.89885733542435,26.646460492856928],[84.89271784326343,26.65707779299493],[84.8921331297243,26.664964930240302],[84.8830700698677,26.662538118780187],[84.8848242104851,26.651314115777158],[84.88131592925029,26.64100016707167],[84.87254522616327,26.637359949881496],[84.86523630692407,26.625832595445953],[84.85734267414574,26.630989569798697],[84.86552866369364,26.63978676134161],[84.8666980907719,26.64858395288453],[84.86377452307623,26.6607180101851],[84.85792738768488,26.667998444565445],[84.86143566891968,26.676492284675845],[84.85032611167611,26.68528947621876],[84.84067833828038,26.683166016191162],[84.83570827319774,26.689839747706475],[84.82489107272373,26.69347996489665],[84.82430635918459,26.698333587816876],[84.81115030455405,26.70076039927699],[84.79945603377134,26.69347996489665],[84.7880541197582,26.695300073491733],[84.79243947130172,26.70470396789968],[84.79857896346263,26.707434130792308],[84.81612036963669,26.72442181101311],[84.83307706227163,26.726241919608196],[84.83161527842378,26.73625251688117],[84.83658534350644,26.759003874319742],[84.84623311690217,26.764160848672486],[84.85178789552396,26.775384851675515],[84.8523726090631,26.79328258619386],[84.83395413258033,26.81573059219992],[84.83395413258033,26.82483113517535],[84.836877700276,26.82968475809558],[84.84564840336304,26.828471352365522],[84.85061846844569,26.836358489610895],[84.86348216630667,26.843335572558725],[84.86611337723278,26.832111569555696],[84.87605350739807,26.827864649500494],[84.88511656725467,26.828168000933008],[84.89037898910689,26.82179762085021],[84.893010200033,26.80845015781958],[84.87780764801548,26.804809940629404],[84.87751529124591,26.794192640491403],[84.882192999559,26.78539544894849],[84.88248535632857,26.775081500243],[84.88833249171992,26.768104417295174],[84.89681083803738,26.76719436299763],[84.91230574682447,26.751723439939397],[84.92516944468545,26.754150251399512],[84.92692358530286,26.743229599828997],[84.93715607223773,26.73776927404374],[84.93774078577687,26.73018548823088],[84.92692358530286,26.727151973905737],[84.92663122853328,26.71198440228002],[84.93861785608556,26.70197380500705],[84.93510957485074,26.69135650486905],[84.92429237437675,26.692569910599104],[84.9085051088201,26.68528947621876],[84.91172103328533,26.66648168740287],[84.90762803851139,26.65798784729247],[84.89914969219393,26.657381144427443],[84.89885733542435,26.646460492856928]]]},"properties":{"name":"Banjariya","lgd":1971,"census":"0023","district":"Purbi Champaran","dist_lgd":213,"state":"Bihar","state_lgd":10,"id":"IN-BR-B-1971","source_name":"Banjariya","level":"block","mausam_level":"block","source_code":"1971","parent_code":"213","parent_id":"IN-BR-D-213","district_code":"213","state_code":"10","block_code":"1971"}},{"type":"Feature","id":"1984","geometry":{"type":"Polygon","coordinates":[[[85.04883635821258,26.596710857924577],[85.0450357202082,26.591857235004348],[85.05000578529085,26.585790206354062],[85.04591279051691,26.579723177703777],[85.05029814206043,26.561522091752916],[85.04094272543426,26.56182544318543],[85.03801915773857,26.552421548777488],[85.0540987800648,26.551511494479943],[85.03860387127772,26.529670191338912],[85.0350955900429,26.542410951504515],[85.02720195726457,26.545444465829657],[85.02398603279933,26.535737219989198],[85.01726182709928,26.52876013704137],[85.00469048600786,26.526940028446283],[84.99591978292082,26.53088359706897],[84.98481022567725,26.531490299934],[84.98364079859898,26.540590842909427],[84.98861086368164,26.543321005802056],[85.00176691831219,26.53877073431434],[85.01053762139921,26.546657871559713],[85.01141469170793,26.55424165737257],[85.00322870216002,26.557578523130232],[84.98451786890769,26.555758414535145],[84.97048474396844,26.546657871559713],[84.96317582472925,26.5484779801548],[84.96054461380314,26.53604057142171],[84.95703633256832,26.532703705664055],[84.94709620240303,26.536950625719257],[84.94563441855519,26.541500897206973],[84.9500197700987,26.550904791614915],[84.95908282995529,26.551511494479943],[84.96931531689017,26.556365117400173],[84.9745777387424,26.567285768970688],[84.97370066843368,26.576082960513602],[84.96259111119011,26.57729636624366],[84.94066435347253,26.588823720679205],[84.9310165800768,26.58852036924669],[84.92400001760717,26.58366674632646],[84.91493695775058,26.586700260651604],[84.89973440573306,26.585486854921548],[84.89505669741997,26.590947180706806],[84.89505669741997,26.606114752332523],[84.8994420489635,26.62006891822818],[84.88804013495036,26.62765270404104],[84.90090383281134,26.64312362709927],[84.89885733542435,26.646460492856928],[84.89914969219393,26.657381144427443],[84.90762803851139,26.65798784729247],[84.91172103328533,26.66648168740287],[84.9085051088201,26.68528947621876],[84.92429237437675,26.692569910599104],[84.93510957485074,26.69135650486905],[84.93861785608556,26.70197380500705],[84.92663122853328,26.71198440228002],[84.92692358530286,26.727151973905737],[84.93774078577687,26.73018548823088],[84.93715607223773,26.73776927404374],[84.92692358530286,26.743229599828997],[84.92516944468545,26.754150251399512],[84.91230574682447,26.751723439939397],[84.89681083803738,26.76719436299763],[84.88833249171992,26.768104417295174],[84.88248535632857,26.775081500243],[84.882192999559,26.78539544894849],[84.87751529124591,26.794192640491403],[84.87780764801548,26.804809940629404],[84.893010200033,26.80845015781958],[84.903827400507,26.799956317709174],[84.90733568174181,26.791765829031288],[84.90353504373743,26.786608854678544],[84.90441211404614,26.775991554540543],[84.91318281713318,26.778721717433175],[84.9175681686767,26.770531228755285],[84.92633887176372,26.763250794374944],[84.93744842900729,26.774778148810487],[84.9573286893379,26.772351337350372],[84.95762104610746,26.7623407400774],[84.97370066843368,26.7623407400774],[84.97282359812499,26.771137931620316],[84.97954780382504,26.77144128305283],[84.98510258244683,26.777508311703116],[84.99007264752947,26.764160848672486],[85.00235163185133,26.759307225752256],[85.00556755631656,26.749903331344314],[85.00293634539045,26.74565641128911],[84.99358092876429,26.73230894825848],[84.98422551213812,26.727758676770765],[84.970777100738,26.724725162445623],[84.9699000304293,26.71683802520025],[84.97253124135541,26.697423533519334],[84.98159430121201,26.69135650486905],[84.99738156676867,26.696816830654306],[85.00790641047311,26.68862634197642],[85.00176691831219,26.683469367623676],[85.00966055109052,26.67679563610836],[85.0043981292383,26.66769509313293],[85.01229176201662,26.661021361617614],[85.02193953541236,26.662234767347673],[85.03071023849938,26.660414658752586],[85.03334144942549,26.652527521507213],[85.02398603279933,26.644943735694355],[85.03012552496025,26.637359949881496],[85.04123508220383,26.638573355611555],[85.03626501712117,26.627046001176012],[85.04152743897339,26.618552161065608],[85.05059049882999,26.613698538145382],[85.0450357202082,26.600047723682234],[85.04883635821258,26.596710857924577]]]},"properties":{"name":"Motihari","lgd":1984,"census":"0029","district":"Purbi Champaran","dist_lgd":213,"state":"Bihar","state_lgd":10,"id":"IN-BR-B-1984","source_name":"Motihari","level":"block","mausam_level":"block","source_code":"1984","parent_code":"213","parent_id":"IN-BR-D-213","district_code":"213","state_code":"10","block_code":"1984"}},{"type":"Feature","id":"1975","geometry":{"type":"Polygon","coordinates":[[[85.14239052447425,26.612788483847837],[85.13215803753937,26.61794545820058],[85.12543383183932,26.615518646740465],[85.1166631287523,26.61794545820058],[85.11724784229142,26.625832595445953],[85.10613828504785,26.626742649743495],[85.09473637103471,26.616732052470525],[85.08011853255633,26.617642106768066],[85.07544082424324,26.611271726685267],[85.07427139716498,26.60247453514235],[85.05526820714307,26.60247453514235],[85.04883635821258,26.596710857924577],[85.0450357202082,26.600047723682234],[85.05059049882999,26.613698538145382],[85.04152743897339,26.618552161065608],[85.03626501712117,26.627046001176012],[85.04123508220383,26.638573355611555],[85.03012552496025,26.637359949881496],[85.02398603279933,26.644943735694355],[85.03334144942549,26.652527521507213],[85.03071023849938,26.660414658752586],[85.02193953541236,26.662234767347673],[85.01229176201662,26.661021361617614],[85.0043981292383,26.66769509313293],[85.00966055109052,26.67679563610836],[85.00176691831219,26.683469367623676],[85.00790641047311,26.68862634197642],[84.99738156676867,26.696816830654306],[84.98159430121201,26.69135650486905],[84.97253124135541,26.697423533519334],[84.9699000304293,26.71683802520025],[84.970777100738,26.724725162445623],[84.98422551213812,26.727758676770765],[84.99358092876429,26.73230894825848],[85.00293634539045,26.74565641128911],[85.01199940524705,26.74201619409894],[85.01433825940359,26.73291565112351],[85.02486310310803,26.740499436936368],[85.0277866708037,26.75202679137191],[85.04035801189512,26.756273711427113],[85.04532807697777,26.754756954264543],[85.05059049882999,26.74626311415414],[85.05702234776048,26.74565641128911],[85.06637776438664,26.75111673707437],[85.07514846747367,26.747173168451685],[85.0812879596346,26.748993277046768],[85.0812879596346,26.757487117157172],[85.08976630595205,26.763250794374944],[85.09912172257823,26.760520631482315],[85.11578605844359,26.748993277046768],[85.1137395610566,26.73352235398854],[85.1318656807698,26.73139889396094],[85.13449689169592,26.72654527104071],[85.15057651402213,26.72169164812048],[85.15291536817868,26.71046764511745],[85.15145358433085,26.70197380500705],[85.14209816770467,26.695300073491733],[85.14560644893949,26.69135650486905],[85.1646096389614,26.682255961893617],[85.15759307649176,26.67194201318813],[85.1663637795788,26.657684495859957],[85.17571919620497,26.6585945501575],[85.17162620143102,26.649797358614585],[85.16431728219183,26.64464038426184],[85.15671600618306,26.6437303299643],[85.15759307649176,26.62977616406864],[85.1616860712657,26.623709135418352],[85.15583893587436,26.61794545820058],[85.14239052447425,26.612788483847837]]]},"properties":{"name":"Chiraiya","lgd":1975,"census":"0028","district":"Purbi Champaran","dist_lgd":213,"state":"Bihar","state_lgd":10,"id":"IN-BR-B-1975","source_name":"Chiraiya","level":"block","mausam_level":"block","source_code":"1975","parent_code":"213","parent_id":"IN-BR-D-213","district_code":"213","state_code":"10","block_code":"1975"}},{"type":"Feature","id":"1976","geometry":{"type":"Polygon","coordinates":[[[85.27073514631446,26.649797358614585],[85.26459565415354,26.644337032829327],[85.25757909168392,26.638573355611555],[85.25670202137522,26.62916946120361],[85.24559246413165,26.625832595445953],[85.2450077505925,26.619765566795667],[85.23623704750548,26.61157507811778],[85.22834341472715,26.610665023820236],[85.22571220380104,26.635539841286413],[85.21401793301834,26.63189962409624],[85.20056952161822,26.630989569798697],[85.19969245130952,26.620978972525723],[85.18916760760507,26.622192378255782],[85.18478225606157,26.6352364898539],[85.1616860712657,26.623709135418352],[85.15759307649176,26.62977616406864],[85.15671600618306,26.6437303299643],[85.16431728219183,26.64464038426184],[85.17162620143102,26.649797358614585],[85.17571919620497,26.6585945501575],[85.1663637795788,26.657684495859957],[85.15759307649176,26.67194201318813],[85.1646096389614,26.682255961893617],[85.14560644893949,26.69135650486905],[85.14209816770467,26.695300073491733],[85.15145358433085,26.70197380500705],[85.15291536817868,26.71046764511745],[85.15057651402213,26.72169164812048],[85.13449689169592,26.72654527104071],[85.1318656807698,26.73139889396094],[85.1137395610566,26.73352235398854],[85.11578605844359,26.748993277046768],[85.12251026414364,26.759003874319742],[85.13245039430895,26.759913928617284],[85.13537396200462,26.75111673707437],[85.15262301140912,26.749296628479282],[85.15876250357005,26.754150251399512],[85.16139371449614,26.764767551537513],[85.16811792019621,26.768407768727688],[85.18887525083551,26.77417144594546],[85.195307099766,26.77417144594546],[85.20466251639216,26.762644091509912],[85.2125561491705,26.7580938200222],[85.2324364095011,26.7623407400774],[85.25436316721867,26.7580938200222],[85.25845616199263,26.751420088506883],[85.25173195629256,26.735949165448652],[85.25904087553175,26.731095542528426],[85.26079501614916,26.723511756715567],[85.25787144845349,26.717141376632764],[85.26079501614916,26.70955759081991],[85.26021030261003,26.691963207734076],[85.2523166698317,26.68528947621876],[85.23945297197072,26.679222447568474],[85.23682176104461,26.668605147430473],[85.24471539382294,26.660111307320072],[85.24763896151862,26.668605147430473],[85.25260902660126,26.670121904593046],[85.26722686507965,26.65707779299493],[85.27073514631446,26.649797358614585]]]},"properties":{"name":"Dhaka","lgd":1976,"census":"0027","district":"Purbi Champaran","dist_lgd":213,"state":"Bihar","state_lgd":10,"id":"IN-BR-B-1976","source_name":"Dhaka","level":"block","mausam_level":"block","source_code":"1976","parent_code":"213","parent_id":"IN-BR-D-213","district_code":"213","state_code":"10","block_code":"1976"}},{"type":"Feature","id":"1977","geometry":{"type":"Polygon","coordinates":[[[85.09912172257823,26.760520631482315],[85.0994140793478,26.7665876601326],[85.0912280897999,26.773868094512945],[85.06667012115622,26.77417144594546],[85.05906884514745,26.783271988920887],[85.05497585037351,26.795102694788948],[85.05789941806918,26.806933400657005],[85.05439113683437,26.813607132172322],[85.05936120191703,26.830594812393123],[85.08099560286503,26.824224432310324],[85.08567331117811,26.82756129806798],[85.10964656628266,26.826651243770435],[85.10730771212613,26.818157403660035],[85.11958669644797,26.816033943632437],[85.12631090214802,26.842122166828666],[85.13449689169592,26.84636908688387],[85.14969944371344,26.858806495616957],[85.14999180048301,26.865783578564784],[85.13771281616116,26.870030498619986],[85.15496186556565,26.8703338500525],[85.16782556342663,26.868513741457413],[85.18975232114421,26.870030498619986],[85.19296824560945,26.866086929997298],[85.19092174822248,26.84636908688387],[85.19121410499206,26.830898163825637],[85.17688862328323,26.814820537902378],[85.17659626651367,26.809663563549634],[85.18244340190502,26.80086637200672],[85.18068926128761,26.795709397653976],[85.19179881853118,26.79115912616626],[85.19150646176162,26.78205858319083],[85.195307099766,26.77417144594546],[85.18887525083551,26.77417144594546],[85.16811792019621,26.768407768727688],[85.16139371449614,26.764767551537513],[85.15876250357005,26.754150251399512],[85.15262301140912,26.749296628479282],[85.13537396200462,26.75111673707437],[85.13245039430895,26.759913928617284],[85.12251026414364,26.759003874319742],[85.11578605844359,26.748993277046768],[85.09912172257823,26.760520631482315]]]},"properties":{"name":"Ghorasahan","lgd":1977,"census":"0026","district":"Purbi Champaran","dist_lgd":213,"state":"Bihar","state_lgd":10,"id":"IN-BR-B-1977","source_name":"Ghorasahan","level":"block","mausam_level":"block","source_code":"1977","parent_code":"213","parent_id":"IN-BR-D-213","district_code":"213","state_code":"10","block_code":"1977"}},{"type":"Feature","id":"1985","geometry":{"type":"Polygon","coordinates":[[[84.68660632071821,26.687109584813847],[84.68192861240513,26.677098987540873],[84.67257319577897,26.678615744703446],[84.66380249269193,26.669818553160532],[84.66204835207452,26.6607180101851],[84.66614134684846,26.64524708712687],[84.67315790931809,26.635843192718927],[84.68192861240513,26.634326435556353],[84.68455982333123,26.640393464206642],[84.69274581287914,26.637359949881496],[84.69157638580086,26.62643929831098],[84.69479231026611,26.62067562109321],[84.70590186750968,26.624012486850866],[84.70444008366184,26.60308123800738],[84.69245345610956,26.609754969522694],[84.68455982333123,26.606418103765037],[84.67111141193112,26.607934860927607],[84.67111141193112,26.61794545820058],[84.6658489900789,26.623102432553324],[84.65503178960489,26.624315838283383],[84.64918465421354,26.604901346602464],[84.63456681573516,26.61521529530795],[84.63076617773078,26.626135946878467],[84.62258018818288,26.627956055473554],[84.62316490172202,26.619765566795667],[84.6187795501785,26.609148266657666],[84.6369056698917,26.60672145519755],[84.63222796157862,26.588823720679205],[84.64743051359613,26.576082960513602],[84.64801522713528,26.563342200348004],[84.65707828699188,26.564252254645545],[84.65532414637447,26.56030868602286],[84.63982923758738,26.56455560607806],[84.62667318295684,26.570925986160862],[84.61936426371764,26.56880252613326],[84.60533113877838,26.57153268902589],[84.59656043569136,26.564858957510573],[84.58311202429124,26.571836040458404],[84.58311202429124,26.57790306910869],[84.57317189412595,26.577599717676176],[84.55241456348664,26.58852036924669],[84.54393621716918,26.586093557786576],[84.5401355791648,26.578813123406235],[84.52727188130382,26.584273449191492],[84.51353111313414,26.597317560789605],[84.52610245422554,26.606114752332523],[84.51996296206462,26.616125349605497],[84.52113238914289,26.628259406906068],[84.52727188130382,26.627956055473554],[84.53370373023431,26.64009011277413],[84.54422857393874,26.65313422437224],[84.57755724566945,26.670728607458074],[84.58603559198693,26.66769509313293],[84.58778973260434,26.673458770350702],[84.59597572215222,26.674672176080758],[84.60123814400444,26.682862664758648],[84.59392922476525,26.68862634197642],[84.59831457630877,26.694086667761677],[84.61907190694808,26.69287326203162],[84.63953688081781,26.69014309913899],[84.63982923758738,26.68164925902859],[84.6524005786788,26.678615744703446],[84.65649357345274,26.681345907596075],[84.67169612547025,26.70076039927699],[84.67958975824858,26.698333587816876],[84.67812797440075,26.69226655916659],[84.68660632071821,26.687109584813847]]]},"properties":{"name":"Paharpur","lgd":1985,"census":"0032","district":"Purbi Champaran","dist_lgd":213,"state":"Bihar","state_lgd":10,"id":"IN-BR-B-1985","source_name":"Paharpur","level":"block","mausam_level":"block","source_code":"1985","parent_code":"213","parent_id":"IN-BR-D-213","district_code":"213","state_code":"10","block_code":"1985"}},{"type":"Feature","id":"1970","geometry":{"type":"Polygon","coordinates":[[[84.69654645088352,26.511772456820566],[84.6939152399574,26.503885319575193],[84.67812797440075,26.512985862550625],[84.6658489900789,26.51419926828068],[84.6667260603876,26.507525536765367],[84.65883242760927,26.489021099381993],[84.65093879483095,26.46353957905079],[84.63018146419165,26.457472550400503],[84.62638082618726,26.45170887318273],[84.61527126894369,26.448372007425075],[84.61176298770889,26.44382173593736],[84.59656043569136,26.43532789582696],[84.5898362299913,26.44958541315513],[84.59042094353043,26.457472550400503],[84.57346425089551,26.46990995913359],[84.57755724566945,26.486290936489365],[84.57141775350854,26.48750434221942],[84.5617699801128,26.495391479464793],[84.5544610608736,26.482044016434163],[84.53838143854739,26.485077530759305],[84.54481328747788,26.495694830897307],[84.54042793593436,26.50782888819788],[84.53575022762128,26.51419926828068],[84.51528525375154,26.531793651366513],[84.51060754543846,26.533310408529083],[84.51499289698197,26.556668468832687],[84.51206932928629,26.567892471835716],[84.49715913403834,26.570622634728345],[84.48868078772088,26.583060043461433],[84.4848801497165,26.59337399216692],[84.49072728510785,26.60308123800738],[84.50505276681668,26.60247453514235],[84.51353111313414,26.597317560789605],[84.52727188130382,26.584273449191492],[84.5401355791648,26.578813123406235],[84.54393621716918,26.586093557786576],[84.55241456348664,26.58852036924669],[84.57317189412595,26.577599717676176],[84.58311202429124,26.57790306910869],[84.58311202429124,26.571836040458404],[84.59656043569136,26.564858957510573],[84.60533113877838,26.57153268902589],[84.61936426371764,26.56880252613326],[84.62667318295684,26.570925986160862],[84.63982923758738,26.56455560607806],[84.65532414637447,26.56030868602286],[84.65707828699188,26.564252254645545],[84.6822209691747,26.56394890321303],[84.6848521801008,26.57031928329583],[84.69537702380524,26.56880252613326],[84.70414772689227,26.56303884891549],[84.69800823473135,26.541804248639487],[84.69420759672697,26.53634392285423],[84.69654645088352,26.511772456820566]]]},"properties":{"name":"Areraj","lgd":1970,"census":"0033","district":"Purbi Champaran","dist_lgd":213,"state":"Bihar","state_lgd":10,"id":"IN-BR-B-1970","source_name":"Areraj","level":"block","mausam_level":"block","source_code":"1970","parent_code":"213","parent_id":"IN-BR-D-213","district_code":"213","state_code":"10","block_code":"1970"}},{"type":"Feature","id":"1407","geometry":{"type":"Polygon","coordinates":[[[84.90792039528095,25.29108629238292],[84.89330255680257,25.280772343677437],[84.88862484848948,25.26833493494435],[84.89359491357214,25.263177960591605],[84.88716306464164,25.25498747191372],[84.86903694492845,25.235876331665317],[84.87079108554586,25.223742274364742],[84.8649439501545,25.22010205717457],[84.85968152830229,25.224652328662287],[84.85646560383704,25.230112654447545],[84.84652547367173,25.2313260601776],[84.84067833828038,25.23617968309783],[84.83629298673686,25.230719357312573],[84.82869171072811,25.230112654447545],[84.81348915871058,25.221012111472113],[84.81173501809317,25.21706854284943],[84.79214711453214,25.223742274364742],[84.78776176298862,25.222225517202173],[84.77460570835808,25.2249556800948],[84.76700443234932,25.219798705742058],[84.75531016156661,25.2207087600396],[84.75414073448835,25.216158488551883],[84.74332353401434,25.2143383799568],[84.73455283092731,25.203114376953767],[84.72578212784028,25.205541188413882],[84.72899805230553,25.212821622794227],[84.72256620337504,25.216765191416915],[84.72929040907509,25.222528868634686],[84.73689168508385,25.222528868634686],[84.74946302617526,25.229809303015028],[84.74946302617526,25.236483034530345],[84.75764901572316,25.238606494557946],[84.76320379434495,25.23041600588006],[84.77431335158852,25.231022708745087],[84.77548277866678,25.23678638596286],[84.78659233591036,25.2376964402604],[84.79068533068431,25.25013384899349],[84.78600762237123,25.258931040536403],[84.76612736204062,25.25711093194132],[84.76466557819279,25.263784663456633],[84.75384837771878,25.26348131202412],[84.74683181524915,25.26985169210692],[84.73747639862299,25.262267906294063],[84.73718404185342,25.253470714751145],[84.72519741430115,25.256200877643774],[84.7219814898359,25.262571257726577],[84.71233371644017,25.262267906294063],[84.6974235211922,25.25498747191372],[84.69069931549215,25.25802098623886],[84.68689867748778,25.25984109483395],[84.69216109934,25.272581854999547],[84.70677893781838,25.27318855786458],[84.70794836489665,25.282289100840007],[84.72665919814898,25.286232669462695],[84.72607448460985,25.296849969600697],[84.71847320860108,25.29715332103321],[84.70824072166621,25.305040458278583],[84.7021012295053,25.315051055551553],[84.71730378152282,25.322634841364412],[84.72665919814898,25.33385884436744],[84.73426047415774,25.35388003891339],[84.73484518769688,25.36176717615876],[84.74741652878829,25.381788370704705],[84.76583500527106,25.372687827729276],[84.77372863804938,25.36722750194402],[84.77519042189722,25.361463824726247],[84.78279169790598,25.35812695896859],[84.7889311900669,25.361463824726247],[84.80179488792788,25.362070527591275],[84.8070573097801,25.372687827729276],[84.82664521334114,25.363587284753848],[84.8187515805628,25.35388003891339],[84.80647259624097,25.352363281750815],[84.80354902854529,25.340532575882758],[84.81758215348454,25.340532575882758],[84.82547578626287,25.34902641599316],[84.84038598151082,25.340835927315272],[84.8485719710587,25.340229224450244],[84.85061846844569,25.333555492934927],[84.86202038245882,25.326881761419614],[84.88014650217202,25.335982304395042],[84.89242548649386,25.3371957101251],[84.90587389789398,25.332038735772358],[84.92049173637237,25.3329487900699],[84.92166116345064,25.3287018700147],[84.91376753067232,25.302613646818468],[84.90704332497225,25.301703592520923],[84.90792039528095,25.29108629238292]]]},"properties":{"name":"Paliganj","lgd":1407,"census":"01407","district":"Patna","dist_lgd":212,"state":"Bihar","state_lgd":10,"id":"IN-BR-S-1407","source_name":"Paliganj","level":"subdistrict","mausam_level":"subdistrict","source_code":"1407","parent_code":"212","parent_id":"IN-BR-D-212","district_code":"212","state_code":"10","subdistrict_code":"1407"}},{"type":"Feature","id":"1406","geometry":{"type":"Polygon","coordinates":[[[84.92166116345064,25.3287018700147],[84.92049173637237,25.3329487900699],[84.90587389789398,25.332038735772358],[84.89242548649386,25.3371957101251],[84.88014650217202,25.335982304395042],[84.86202038245882,25.326881761419614],[84.85061846844569,25.333555492934927],[84.8485719710587,25.340229224450244],[84.84038598151082,25.340835927315272],[84.82547578626287,25.34902641599316],[84.81758215348454,25.340532575882758],[84.80354902854529,25.340532575882758],[84.80647259624097,25.352363281750815],[84.8187515805628,25.35388003891339],[84.82664521334114,25.363587284753848],[84.8070573097801,25.372687827729276],[84.80179488792788,25.362070527591275],[84.7889311900669,25.361463824726247],[84.78279169790598,25.35812695896859],[84.77519042189722,25.361463824726247],[84.77372863804938,25.36722750194402],[84.76583500527106,25.372687827729276],[84.74741652878829,25.381788370704705],[84.75560251833619,25.40939335106351],[84.76291143757538,25.416673785443855],[84.78571526560165,25.40939335106351],[84.79302418484085,25.409089999630996],[84.79214711453214,25.397259293762936],[84.81115030455405,25.39483248230282],[84.81348915871058,25.399382753790537],[84.83921655443254,25.404236376710767],[84.8433095492065,25.39756264519545],[84.85792738768488,25.394529130870307],[84.87049872877628,25.398472699492995],[84.8757611506285,25.409089999630996],[84.89037898910689,25.409696702496024],[84.89447198388083,25.40514643100831],[84.90704332497225,25.407876593900937],[84.91669109836798,25.398472699492995],[84.92253823375934,25.390888913680136],[84.92136880668107,25.382091722137222],[84.93569428838988,25.383305127867278],[84.9318936503855,25.378451504947048],[84.92487708791589,25.352969984615846],[84.93160129361594,25.3520599303183],[84.93423250454205,25.336589007260073],[84.92166116345064,25.3287018700147]]]},"properties":{"name":"Dulhin Bazar","lgd":1406,"census":"01406","district":"Patna","dist_lgd":212,"state":"Bihar","state_lgd":10,"id":"IN-BR-S-1406","source_name":"Dulhin Bazar","level":"subdistrict","mausam_level":"subdistrict","source_code":"1406","parent_code":"212","parent_id":"IN-BR-D-212","district_code":"212","state_code":"10","subdistrict_code":"1406"}},{"type":"Feature","id":"1405","geometry":{"type":"Polygon","coordinates":[[[84.91669109836798,25.398472699492995],[84.90704332497225,25.407876593900937],[84.89447198388083,25.40514643100831],[84.89037898910689,25.409696702496024],[84.8757611506285,25.409089999630996],[84.87049872877628,25.398472699492995],[84.85792738768488,25.394529130870307],[84.8433095492065,25.39756264519545],[84.83921655443254,25.404236376710767],[84.81348915871058,25.399382753790537],[84.81115030455405,25.39483248230282],[84.79214711453214,25.397259293762936],[84.79302418484085,25.409089999630996],[84.78571526560165,25.40939335106351],[84.76291143757538,25.416673785443855],[84.77343628127981,25.435481574259743],[84.7789910599016,25.448829037290373],[84.77548277866678,25.45853628313083],[84.7664197188102,25.471580394728946],[84.75618723187532,25.49129823784238],[84.75618723187532,25.494331752167522],[84.78016048697987,25.49281499500495],[84.78542290883209,25.49493845503255],[84.80822673685837,25.481287640569406],[84.81845922379324,25.49584850933009],[84.8251834294933,25.485534560624604],[84.83570827319774,25.48432115489455],[84.83717005704557,25.49493845503255],[84.8450636898239,25.49979207795278],[84.85500381998921,25.49220829213992],[84.86406687984581,25.503735646575464],[84.88745542141122,25.50464570087301],[84.89798026511565,25.50191553798038],[84.9085051088201,25.504038998007978],[84.91786052544626,25.496758563627637],[84.90704332497225,25.49008483211232],[84.903827400507,25.477344071946717],[84.914644600981,25.471580394728946],[84.92838536915069,25.459142985995857],[84.91698345513755,25.457322877400774],[84.91786052544626,25.446098874397745],[84.92867772592027,25.4451888201002],[84.92955479622896,25.440638548612487],[84.91698345513755,25.435784925692257],[84.9102592494375,25.425167625554256],[84.90908982235922,25.415157028281282],[84.91727581190712,25.40817994533345],[84.91669109836798,25.398472699492995]]]},"properties":{"name":"Bikram","lgd":1405,"census":"01405","district":"Patna","dist_lgd":212,"state":"Bihar","state_lgd":10,"id":"IN-BR-S-1405","source_name":"Bikram","level":"subdistrict","mausam_level":"subdistrict","source_code":"1405","parent_code":"212","parent_id":"IN-BR-D-212","district_code":"212","state_code":"10","subdistrict_code":"1405"}},{"type":"Feature","id":"1403","geometry":{"type":"Polygon","coordinates":[[[84.88745542141122,25.50464570087301],[84.86406687984581,25.503735646575464],[84.85500381998921,25.49220829213992],[84.8450636898239,25.49979207795278],[84.83717005704557,25.49493845503255],[84.83570827319774,25.48432115489455],[84.8251834294933,25.485534560624604],[84.81845922379324,25.49584850933009],[84.80822673685837,25.481287640569406],[84.78542290883209,25.49493845503255],[84.78016048697987,25.49281499500495],[84.75618723187532,25.494331752167522],[84.75560251833619,25.504342349440492],[84.77197449743198,25.540137818477184],[84.79302418484085,25.558945607293072],[84.79740953638436,25.565012635943358],[84.8105655910149,25.57077631316113],[84.82021336441065,25.581696964731645],[84.82225986179762,25.590797507707077],[84.81524329932799,25.592920967734678],[84.81904393733237,25.609605296522965],[84.83103056488466,25.62325611098611],[84.83336941904119,25.62810973390634],[84.84477133305433,25.632053302529023],[84.85091082521525,25.638423682611826],[84.8696216584676,25.63174995109651],[84.86845223138931,25.619312542363424],[84.87956178863288,25.617189082335823],[84.87985414540245,25.624469516716168],[84.88920956202863,25.622042705256053],[84.89096370264603,25.612335459415593],[84.89622612449824,25.61294216228062],[84.89534905418955,25.622042705256053],[84.91522931452015,25.620222596660966],[84.92224587698976,25.615975676605764],[84.92136880668107,25.605358376467763],[84.93130893684636,25.601718159277592],[84.94504970501605,25.600504753547536],[84.95498983518135,25.605661727900277],[84.96434525180752,25.59807794208742],[84.97954780382504,25.594134373464733],[84.9880261501425,25.600504753547536],[84.99679685322954,25.60020140211502],[84.99562742615126,25.592314264869646],[85.00352105892959,25.590494156274563],[84.99445799907299,25.5680461502685],[84.99094971783818,25.561979121618215],[84.97487009551196,25.5574288501305],[84.97487009551196,25.550451767182672],[84.95791340287703,25.55803555299553],[84.9482656294813,25.55864225586056],[84.94388027793778,25.566832744538445],[84.93394014777247,25.55864225586056],[84.93072422330724,25.561372418753187],[84.91201339005491,25.554091984372842],[84.90675096820269,25.5553053901029],[84.89359491357214,25.551361821480214],[84.89622612449824,25.54347468423484],[84.89184077295474,25.536194249854496],[84.88131592925029,25.539531115612156],[84.88277771309814,25.529823869771697],[84.87868471832418,25.514352946713466],[84.88745542141122,25.50464570087301]]]},"properties":{"name":"Bihta","lgd":1403,"census":"01403","district":"Patna","dist_lgd":212,"state":"Bihar","state_lgd":10,"id":"IN-BR-S-1403","source_name":"Bihta","level":"subdistrict","mausam_level":"subdistrict","source_code":"1403","parent_code":"212","parent_id":"IN-BR-D-212","district_code":"212","state_code":"10","subdistrict_code":"1403"}},{"type":"Feature","id":"1398","geometry":{"type":"Polygon","coordinates":[[[84.82635285657156,25.677252665973658],[84.83453884611946,25.680589531731318],[84.84711018721087,25.679072774568745],[84.85003375490655,25.699397320547206],[84.85295732260222,25.708801214955148],[84.85909681476315,25.71031797211772],[84.8649439501545,25.71790175793058],[84.87459172355024,25.71941851509315],[84.87751529124591,25.711531377847777],[84.90324268696787,25.72032856939069],[84.90236561665917,25.710014620685207],[84.92458473114631,25.708497863522634],[84.92575415822458,25.703644240602404],[84.93774078577687,25.702127483439835],[84.93861785608556,25.709104566387662],[84.9500197700987,25.70455429489995],[84.96025225703357,25.712441432145322],[84.9655146788858,25.71304813501035],[84.97165417104671,25.72214867798578],[84.98013251736418,25.724575489445893],[84.98188665798158,25.705160997764978],[84.99036500429904,25.705160997764978],[85.01024526462965,25.698183914817147],[85.00936819432094,25.69363364332943],[84.99825863707737,25.69211688616686],[84.98451786890769,25.68726326324663],[84.98042487413375,25.672399043053428],[84.98597965275553,25.658141525725256],[85.0061522698557,25.646614171289713],[84.9962121396904,25.632053302529023],[85.00147456154261,25.62537957101371],[84.99679685322954,25.60020140211502],[84.9880261501425,25.600504753547536],[84.97954780382504,25.594134373464733],[84.96434525180752,25.59807794208742],[84.95498983518135,25.605661727900277],[84.94504970501605,25.600504753547536],[84.93130893684636,25.601718159277592],[84.92136880668107,25.605358376467763],[84.92224587698976,25.615975676605764],[84.91522931452015,25.620222596660966],[84.89534905418955,25.622042705256053],[84.89622612449824,25.61294216228062],[84.89096370264603,25.612335459415593],[84.88920956202863,25.622042705256053],[84.87985414540245,25.624469516716168],[84.87956178863288,25.617189082335823],[84.86845223138931,25.619312542363424],[84.8696216584676,25.63174995109651],[84.85091082521525,25.638423682611826],[84.84477133305433,25.632053302529023],[84.83336941904119,25.62810973390634],[84.83103056488466,25.62325611098611],[84.82284457533676,25.621739353823536],[84.82752228364984,25.646007468424685],[84.84097069504995,25.65844487715777],[84.83307706227163,25.659961634320343],[84.82225986179762,25.6675454201332],[84.82635285657156,25.677252665973658]]]},"properties":{"name":"Maner","lgd":1398,"census":"01398","district":"Patna","dist_lgd":212,"state":"Bihar","state_lgd":10,"id":"IN-BR-S-1398","source_name":"Maner","level":"subdistrict","mausam_level":"subdistrict","source_code":"1398","parent_code":"212","parent_id":"IN-BR-D-212","district_code":"212","state_code":"10","subdistrict_code":"1398"}},{"type":"Feature","id":"1399","geometry":{"type":"Polygon","coordinates":[[[84.99445799907299,25.5680461502685],[85.00352105892959,25.590494156274563],[84.99562742615126,25.592314264869646],[84.99679685322954,25.60020140211502],[85.00147456154261,25.62537957101371],[84.9962121396904,25.632053302529023],[85.0061522698557,25.646614171289713],[84.98597965275553,25.658141525725256],[84.98042487413375,25.672399043053428],[84.98451786890769,25.68726326324663],[84.99825863707737,25.69211688616686],[85.00936819432094,25.69363364332943],[85.01024526462965,25.698183914817147],[84.99036500429904,25.705160997764978],[84.98188665798158,25.705160997764978],[84.98013251736418,25.724575489445893],[84.99416564230343,25.731552572393724],[85.00585991308614,25.73276597812378],[85.02983316819069,25.73124922096121],[85.03948094158642,25.721845326553264],[85.06491598053881,25.71304813501035],[85.0812879596346,25.711531377847777],[85.09765993873039,25.682712991758915],[85.10263000381303,25.662388445780458],[85.1093542095131,25.650254388479883],[85.10321471735217,25.649040982749828],[85.0912280897999,25.6548046599676],[85.07164018623887,25.650557739912397],[85.07134782946929,25.618705839498393],[85.07368668362584,25.587157290516906],[85.07164018623887,25.579270153271533],[85.05614527745178,25.57775339610896],[85.05380642329524,25.56925955599856],[85.04006565512555,25.564709284510844],[85.02924845465155,25.571079664593643],[85.0125841187862,25.57077631316113],[85.01053762139921,25.576236638946387],[84.99825863707737,25.574719881783817],[84.99445799907299,25.5680461502685]]]},"properties":{"name":"Dinapur-Cum-Khagaul","lgd":1399,"census":"01399","district":"Patna","dist_lgd":212,"state":"Bihar","state_lgd":10,"id":"IN-BR-S-1399","source_name":"Dinapur-Cum-Khagaul","level":"subdistrict","mausam_level":"subdistrict","source_code":"1399","parent_code":"212","parent_id":"IN-BR-D-212","district_code":"212","state_code":"10","subdistrict_code":"1399"}},{"type":"Feature","id":"1402","geometry":{"type":"Polygon","coordinates":[[[84.97487009551196,25.550451767182672],[84.97487009551196,25.5574288501305],[84.99094971783818,25.561979121618215],[84.99445799907299,25.5680461502685],[84.99825863707737,25.574719881783817],[85.01053762139921,25.576236638946387],[85.0125841187862,25.57077631316113],[85.02924845465155,25.571079664593643],[85.04006565512555,25.564709284510844],[85.05380642329524,25.56925955599856],[85.05614527745178,25.57775339610896],[85.07164018623887,25.579270153271533],[85.07368668362584,25.587157290516906],[85.08479624086941,25.585033830489305],[85.08538095440855,25.580180207569075],[85.09736758196082,25.58048355900159],[85.10321471735217,25.575326584648845],[85.11286249074791,25.575933287513873],[85.11607841521315,25.57987685613656],[85.13332746461765,25.57502323321633],[85.12806504276543,25.54711490142501],[85.1400516703177,25.538924412747125],[85.13946695677856,25.529823869771697],[85.12397204799149,25.527700409744096],[85.12514147506975,25.524060192553925],[85.11344720428704,25.517083109606094],[85.11637077198273,25.506465809468093],[85.10526121473914,25.49766861792518],[85.08333445702158,25.49918537508775],[85.07573318101281,25.502825592277922],[85.06199241284313,25.504342349440492],[85.05029814206043,25.500095429385293],[85.04474336343864,25.50707251233312],[85.03831151450814,25.49979207795278],[85.03217202234723,25.50070213225032],[85.03743444419945,25.511622783820837],[85.0242783895689,25.511319432388323],[85.0125841187862,25.51526300101101],[84.9970892099991,25.51040937809078],[84.99299621522516,25.52041997536375],[84.99972042092521,25.52861046404164],[84.99416564230343,25.538924412747125],[84.98305608505984,25.5404411699097],[84.98013251736418,25.529823869771697],[84.970777100738,25.532554032664326],[84.97048474396844,25.544384738532383],[84.97487009551196,25.550451767182672]]]},"properties":{"name":"Phulwari","lgd":1402,"census":"01402","district":"Patna","dist_lgd":212,"state":"Bihar","state_lgd":10,"id":"IN-BR-S-1402","source_name":"Phulwari","level":"subdistrict","mausam_level":"subdistrict","source_code":"1402","parent_code":"212","parent_id":"IN-BR-D-212","district_code":"212","state_code":"10","subdistrict_code":"1402"}},{"type":"Feature","id":"1404","geometry":{"type":"Polygon","coordinates":[[[84.93569428838988,25.383305127867278],[84.92136880668107,25.382091722137222],[84.92253823375934,25.390888913680136],[84.91669109836798,25.398472699492995],[84.91727581190712,25.40817994533345],[84.90908982235922,25.415157028281282],[84.9102592494375,25.425167625554256],[84.91698345513755,25.435784925692257],[84.92955479622896,25.440638548612487],[84.92867772592027,25.4451888201002],[84.91786052544626,25.446098874397745],[84.91698345513755,25.457322877400774],[84.92838536915069,25.459142985995857],[84.914644600981,25.471580394728946],[84.903827400507,25.477344071946717],[84.90704332497225,25.49008483211232],[84.91786052544626,25.496758563627637],[84.9085051088201,25.504038998007978],[84.89798026511565,25.50191553798038],[84.88745542141122,25.50464570087301],[84.87868471832418,25.514352946713466],[84.88277771309814,25.529823869771697],[84.88131592925029,25.539531115612156],[84.89184077295474,25.536194249854496],[84.89622612449824,25.54347468423484],[84.89359491357214,25.551361821480214],[84.90675096820269,25.5553053901029],[84.91201339005491,25.554091984372842],[84.93072422330724,25.561372418753187],[84.93394014777247,25.55864225586056],[84.94388027793778,25.566832744538445],[84.9482656294813,25.55864225586056],[84.95791340287703,25.55803555299553],[84.97487009551196,25.550451767182672],[84.97048474396844,25.544384738532383],[84.970777100738,25.532554032664326],[84.98013251736418,25.529823869771697],[84.98305608505984,25.5404411699097],[84.99416564230343,25.538924412747125],[84.99972042092521,25.52861046404164],[84.99299621522516,25.52041997536375],[84.9970892099991,25.51040937809078],[85.0125841187862,25.51526300101101],[85.0242783895689,25.511319432388323],[85.03743444419945,25.511622783820837],[85.03217202234723,25.50070213225032],[85.02486310310803,25.503735646575464],[85.01843125417754,25.49493845503255],[85.01667711356014,25.48250104629946],[85.01901596771668,25.474917260486603],[85.0178465406384,25.44640222583026],[85.01199940524705,25.4388184400174],[85.00322870216002,25.434268168529684],[85.00001277769478,25.42759443701437],[84.98744143660338,25.430021248474485],[84.9780860199772,25.419100596903967],[84.96609939242492,25.414550325416254],[84.94183378055081,25.417280488308883],[84.9392025696247,25.38755204792248],[84.93569428838988,25.383305127867278]]]},"properties":{"name":"Naubatpur","lgd":1404,"census":"01404","district":"Patna","dist_lgd":212,"state":"Bihar","state_lgd":10,"id":"IN-BR-S-1404","source_name":"Naubatpur","level":"subdistrict","mausam_level":"subdistrict","source_code":"1404","parent_code":"212","parent_id":"IN-BR-D-212","district_code":"212","state_code":"10","subdistrict_code":"1404"}},{"type":"Feature","id":"1408","geometry":{"type":"Polygon","coordinates":[[[85.0605306289953,25.288356129490293],[85.05263699621696,25.282289100840007],[85.04532807697777,25.284109209435094],[85.03948094158642,25.276525423622235],[85.03246437911679,25.276525423622235],[85.03012552496025,25.26985169210692],[85.02047775156451,25.26985169210692],[85.0187236109471,25.26439136632166],[85.00995290786008,25.26469471775418],[85.00849112401224,25.27045839497195],[85.01726182709928,25.27197515213452],[85.01960068125581,25.28168239797498],[85.01492297294273,25.293209752410522],[85.00498284277742,25.294119806708068],[85.00322870216002,25.317174515579154],[84.99416564230343,25.318387921309213],[84.99299621522516,25.30928737833378],[84.98305608505984,25.307770621171212],[84.98188665798158,25.290782940950407],[84.96960767365974,25.292603049545495],[84.96171404088142,25.289266183787838],[84.94329556439865,25.289569535220352],[84.93510957485074,25.277435477919777],[84.93627900192902,25.26833493494435],[84.92546180145501,25.26924498924189],[84.91815288221582,25.275008666459662],[84.92400001760717,25.289872886652866],[84.91990702283323,25.294119806708068],[84.90792039528095,25.29108629238292],[84.90704332497225,25.301703592520923],[84.91376753067232,25.302613646818468],[84.92166116345064,25.3287018700147],[84.93423250454205,25.336589007260073],[84.93160129361594,25.3520599303183],[84.92487708791589,25.352969984615846],[84.9318936503855,25.378451504947048],[84.93569428838988,25.383305127867278],[84.9392025696247,25.38755204792248],[84.94183378055081,25.417280488308883],[84.96609939242492,25.414550325416254],[84.9780860199772,25.419100596903967],[84.98744143660338,25.430021248474485],[85.00001277769478,25.42759443701437],[85.00322870216002,25.434268168529684],[85.01199940524705,25.4388184400174],[85.01287647555576,25.434268168529684],[85.03392616296463,25.433054762799628],[85.03743444419945,25.430324599907],[85.03538794681248,25.416370434011338],[85.0523446394474,25.420920705499054],[85.06462362376924,25.41849389403894],[85.06637776438664,25.401506213818138],[85.06023827222572,25.37511463918939],[85.0523446394474,25.371171070566703],[85.04649750405605,25.36176717615876],[85.03831151450814,25.339319170152702],[85.04386629312994,25.332645438637385],[85.05526820714307,25.335375601530014],[85.06374655346053,25.334768898664986],[85.06550069407794,25.32384824709447],[85.07602553778239,25.3244549499595],[85.07894910547806,25.31323094695647],[85.0739790403954,25.305950512576125],[85.07339432685627,25.29593991530315],[85.06374655346053,25.295636563870637],[85.0605306289953,25.288356129490293]]]},"properties":{"name":"Masaurhi","lgd":1408,"census":"01408","district":"Patna","dist_lgd":212,"state":"Bihar","state_lgd":10,"id":"IN-BR-S-1408","source_name":"Masaurhi","level":"subdistrict","mausam_level":"subdistrict","source_code":"1408","parent_code":"212","parent_id":"IN-BR-D-212","district_code":"212","state_code":"10","subdistrict_code":"1408"}},{"type":"Feature","id":"1412","geometry":{"type":"Polygon","coordinates":[[[85.29733961234513,25.392709022275223],[85.28915362279723,25.39816934806048],[85.25787144845349,25.40029280808808],[85.25260902660126,25.41424697398374],[85.24530010736207,25.413336919686195],[85.24354596674468,25.405449782440822],[85.2260045605706,25.403022970980707],[85.22571220380104,25.413943622551226],[85.22103449548796,25.414853676848768],[85.22717398764888,25.423650868391682],[85.24062239904899,25.420314002634026],[85.23974532874028,25.432144708502083],[85.23477526365764,25.445795522965227],[85.24851603182732,25.4494357401554],[85.262256799997,25.44640222583026],[85.25933323230132,25.432751411367114],[85.27190457339273,25.432751411367114],[85.27512049785798,25.448829037290373],[85.2739510707797,25.46065974315843],[85.28009056294063,25.46763682610626],[85.28798419571896,25.46763682610626],[85.28944597956679,25.475827314784148],[85.30143260711907,25.474917260486603],[85.30318674773648,25.482197694866947],[85.31108038051481,25.482804397731975],[85.318389299754,25.478254126244263],[85.3166351591366,25.47188374616146],[85.31897401329313,25.46065974315843],[85.30494088835388,25.447008928695286],[85.31868165652357,25.447918982992828],[85.32774471638017,25.45216590304803],[85.33154535438455,25.449739091587915],[85.33651541946719,25.44367206293763],[85.33622306269763,25.430021248474485],[85.34440905224552,25.425167625554256],[85.34353198193682,25.412426865388653],[85.3391466303933,25.410000053928538],[85.3338842085411,25.401506213818138],[85.32540586222362,25.401506213818138],[85.3192663700627,25.405753133873336],[85.31341923467134,25.401506213818138],[85.30201732065821,25.406056485305854],[85.29733961234513,25.392709022275223]]]},"properties":{"name":"Daniawan","lgd":1412,"census":"01412","district":"Patna","dist_lgd":212,"state":"Bihar","state_lgd":10,"id":"IN-BR-S-1412","source_name":"Daniawan","level":"subdistrict","mausam_level":"subdistrict","source_code":"1412","parent_code":"212","parent_id":"IN-BR-D-212","district_code":"212","state_code":"10","subdistrict_code":"1412"}},{"type":"Feature","id":"1411","geometry":{"type":"Polygon","coordinates":[[[85.22103449548796,25.414853676848768],[85.20583194347043,25.416067082578824],[85.2043701596226,25.409089999630996],[85.19267588883989,25.40726989103591],[85.19179881853118,25.402112916683166],[85.17951983420934,25.402719619548193],[85.17484212589626,25.411213459658594],[85.18039690451805,25.424560922689228],[85.18332047221372,25.43760503428734],[85.1944300294573,25.43760503428734],[85.19852302423124,25.45428936307563],[85.20378544608346,25.4558061202382],[85.20320073254433,25.46703012324123],[85.18858289406595,25.46703012324123],[85.18565932637026,25.475827314784148],[85.18975232114421,25.490388183544834],[85.19355295914859,25.501005483682835],[85.20115423515736,25.501612186547863],[85.21050965178352,25.51465629814598],[85.22775870118801,25.522240083958838],[85.2450077505925,25.523453489688897],[85.2531937401404,25.529823869771697],[85.25816380522305,25.53862106131461],[85.26751922184923,25.54135122420724],[85.26781157861879,25.54832830715507],[85.28155234678847,25.549238361452613],[85.29324661757119,25.52800376117661],[85.30552560189302,25.51404959528095],[85.31341923467134,25.51101608095581],[85.32891414345843,25.508589269495694],[85.32862178668887,25.48735466921969],[85.32335936483665,25.473400503324033],[85.329206500228,25.466726771808716],[85.34323962516726,25.46703012324123],[85.34323962516726,25.456716174535746],[85.33242242469325,25.45489606594066],[85.33154535438455,25.449739091587915],[85.32774471638017,25.45216590304803],[85.31868165652357,25.447918982992828],[85.30494088835388,25.447008928695286],[85.31897401329313,25.46065974315843],[85.3166351591366,25.47188374616146],[85.318389299754,25.478254126244263],[85.31108038051481,25.482804397731975],[85.30318674773648,25.482197694866947],[85.30143260711907,25.474917260486603],[85.28944597956679,25.475827314784148],[85.28798419571896,25.46763682610626],[85.28009056294063,25.46763682610626],[85.2739510707797,25.46065974315843],[85.27512049785798,25.448829037290373],[85.27190457339273,25.432751411367114],[85.25933323230132,25.432751411367114],[85.262256799997,25.44640222583026],[85.24851603182732,25.4494357401554],[85.23477526365764,25.445795522965227],[85.23974532874028,25.432144708502083],[85.24062239904899,25.420314002634026],[85.22717398764888,25.423650868391682],[85.22103449548796,25.414853676848768]]]},"properties":{"name":"Fatwah","lgd":1411,"census":"01411","district":"Patna","dist_lgd":212,"state":"Bihar","state_lgd":10,"id":"IN-BR-S-1411","source_name":"Fatwah","level":"subdistrict","mausam_level":"subdistrict","source_code":"1411","parent_code":"212","parent_id":"IN-BR-D-212","district_code":"212","state_code":"10","subdistrict_code":"1411"}},{"type":"Feature","id":"1409","geometry":{"type":"Polygon","coordinates":[[[85.10467650120002,25.270155043539436],[85.10409178766088,25.279558937947378],[85.09093573303034,25.288356129490293],[85.07777967839979,25.27895223508235],[85.06433126699967,25.28319915513755],[85.0605306289953,25.288356129490293],[85.06374655346053,25.295636563870637],[85.07339432685627,25.29593991530315],[85.0739790403954,25.305950512576125],[85.07894910547806,25.31323094695647],[85.07602553778239,25.3244549499595],[85.06550069407794,25.32384824709447],[85.06374655346053,25.334768898664986],[85.05526820714307,25.335375601530014],[85.04386629312994,25.332645438637385],[85.03831151450814,25.339319170152702],[85.04649750405605,25.36176717615876],[85.0523446394474,25.371171070566703],[85.06023827222572,25.37511463918939],[85.06637776438664,25.401506213818138],[85.06462362376924,25.41849389403894],[85.06696247792578,25.422134111229113],[85.08508859763899,25.42274081409414],[85.09064337626077,25.42911119417694],[85.09765993873039,25.430931302772027],[85.10760006889569,25.4430653600726],[85.11490898813489,25.44245865720757],[85.11724784229142,25.436998331422313],[85.13303510784809,25.436391628557285],[85.15262301140912,25.43760503428734],[85.15496186556565,25.433661465664656],[85.17396505558756,25.430324599907],[85.18039690451805,25.424560922689228],[85.17484212589626,25.411213459658594],[85.17951983420934,25.402719619548193],[85.18098161805719,25.390585562247622],[85.18565932637026,25.38269842500225],[85.1862440399094,25.373597882026818],[85.18419754252243,25.35600349894099],[85.18741346698766,25.335678952962528],[85.18098161805719,25.33234208720487],[85.18215104513546,25.324758301392013],[85.1780580503615,25.316567812714126],[85.17308798527885,25.315051055551553],[85.17484212589626,25.305950512576125],[85.16080900095702,25.302916998250982],[85.14502173540035,25.310804135496355],[85.12660325891758,25.314444352686525],[85.11812491260012,25.29442315814058],[85.10906185274354,25.29381645527555],[85.10760006889569,25.286839372327723],[85.11783255583056,25.27531201789218],[85.11110835013051,25.270155043539436],[85.10467650120002,25.270155043539436]]]},"properties":{"name":"Dhanarua","lgd":1409,"census":"01409","district":"Patna","dist_lgd":212,"state":"Bihar","state_lgd":10,"id":"IN-BR-S-1409","source_name":"Dhanarua","level":"subdistrict","mausam_level":"subdistrict","source_code":"1409","parent_code":"212","parent_id":"IN-BR-D-212","district_code":"212","state_code":"10","subdistrict_code":"1409"}},{"type":"Feature","id":"1410","geometry":{"type":"Polygon","coordinates":[[[85.03217202234723,25.50070213225032],[85.03831151450814,25.49979207795278],[85.04474336343864,25.50707251233312],[85.05029814206043,25.500095429385293],[85.06199241284313,25.504342349440492],[85.07573318101281,25.502825592277922],[85.08333445702158,25.49918537508775],[85.10526121473914,25.49766861792518],[85.11637077198273,25.506465809468093],[85.13537396200462,25.501005483682835],[85.14239052447425,25.502825592277922],[85.14619116247863,25.488264723517233],[85.15583893587436,25.48735466921969],[85.16227078480485,25.482197694866947],[85.16782556342663,25.484017803462034],[85.17951983420934,25.481894343434433],[85.18098161805719,25.487658020652205],[85.18975232114421,25.490388183544834],[85.18565932637026,25.475827314784148],[85.18858289406595,25.46703012324123],[85.20320073254433,25.46703012324123],[85.20378544608346,25.4558061202382],[85.19852302423124,25.45428936307563],[85.1944300294573,25.43760503428734],[85.18332047221372,25.43760503428734],[85.18039690451805,25.424560922689228],[85.17396505558756,25.430324599907],[85.15496186556565,25.433661465664656],[85.15262301140912,25.43760503428734],[85.13303510784809,25.436391628557285],[85.11724784229142,25.436998331422313],[85.11490898813489,25.44245865720757],[85.10760006889569,25.4430653600726],[85.09765993873039,25.430931302772027],[85.09064337626077,25.42911119417694],[85.08508859763899,25.42274081409414],[85.06696247792578,25.422134111229113],[85.06462362376924,25.41849389403894],[85.0523446394474,25.420920705499054],[85.03538794681248,25.416370434011338],[85.03743444419945,25.430324599907],[85.03392616296463,25.433054762799628],[85.01287647555576,25.434268168529684],[85.01199940524705,25.4388184400174],[85.0178465406384,25.44640222583026],[85.01901596771668,25.474917260486603],[85.01667711356014,25.48250104629946],[85.01843125417754,25.49493845503255],[85.02486310310803,25.503735646575464],[85.03217202234723,25.50070213225032]]]},"properties":{"name":"Punpun","lgd":1410,"census":"01410","district":"Patna","dist_lgd":212,"state":"Bihar","state_lgd":10,"id":"IN-BR-S-1410","source_name":"Punpun","level":"subdistrict","mausam_level":"subdistrict","source_code":"1410","parent_code":"212","parent_id":"IN-BR-D-212","district_code":"212","state_code":"10","subdistrict_code":"1410"}},{"type":"Feature","id":"1401","geometry":{"type":"Polygon","coordinates":[[[85.11637077198273,25.506465809468093],[85.11344720428704,25.517083109606094],[85.12514147506975,25.524060192553925],[85.12397204799149,25.527700409744096],[85.13946695677856,25.529823869771697],[85.1400516703177,25.538924412747125],[85.12806504276543,25.54711490142501],[85.13332746461765,25.57502323321633],[85.15145358433085,25.57411317891879],[85.15408479525695,25.57775339610896],[85.17191855820059,25.578360098973988],[85.18039690451805,25.567439447403473],[85.19121410499206,25.563192527348274],[85.20232366223563,25.563495878780788],[85.20553958670087,25.5574288501305],[85.19998480807908,25.534677492691927],[85.1944300294573,25.53376743839438],[85.19296824560945,25.52375684112141],[85.18858289406595,25.51738646103861],[85.1862440399094,25.50555575517055],[85.19355295914859,25.501005483682835],[85.18975232114421,25.490388183544834],[85.18098161805719,25.487658020652205],[85.17951983420934,25.481894343434433],[85.16782556342663,25.484017803462034],[85.16227078480485,25.482197694866947],[85.15583893587436,25.48735466921969],[85.14619116247863,25.488264723517233],[85.14239052447425,25.502825592277922],[85.13537396200462,25.501005483682835],[85.11637077198273,25.506465809468093]]]},"properties":{"name":"Sampatchak","lgd":1401,"census":"01401","district":"Patna","dist_lgd":212,"state":"Bihar","state_lgd":10,"id":"IN-BR-S-1401","source_name":"Sampatchak","level":"subdistrict","mausam_level":"subdistrict","source_code":"1401","parent_code":"212","parent_id":"IN-BR-D-212","district_code":"212","state_code":"10","subdistrict_code":"1401"}},{"type":"Feature","id":"1400","geometry":{"type":"Polygon","coordinates":[[[85.07368668362584,25.587157290516906],[85.07134782946929,25.618705839498393],[85.07164018623887,25.650557739912397],[85.0912280897999,25.6548046599676],[85.10321471735217,25.649040982749828],[85.1093542095131,25.650254388479883],[85.12455676153061,25.63174995109651],[85.13946695677856,25.62537957101371],[85.17454976912668,25.625076219581196],[85.1879981805268,25.62264940812108],[85.2333134798098,25.604751673602735],[85.24442303705337,25.59807794208742],[85.25699437814478,25.58048355900159],[85.27278164370144,25.563799230213302],[85.28155234678847,25.549238361452613],[85.26781157861879,25.54832830715507],[85.26751922184923,25.54135122420724],[85.25816380522305,25.53862106131461],[85.2531937401404,25.529823869771697],[85.2450077505925,25.523453489688897],[85.22775870118801,25.522240083958838],[85.21050965178352,25.51465629814598],[85.20115423515736,25.501612186547863],[85.19355295914859,25.501005483682835],[85.1862440399094,25.50555575517055],[85.18858289406595,25.51738646103861],[85.19296824560945,25.52375684112141],[85.1944300294573,25.53376743839438],[85.19998480807908,25.534677492691927],[85.20553958670087,25.5574288501305],[85.20232366223563,25.563495878780788],[85.19121410499206,25.563192527348274],[85.18039690451805,25.567439447403473],[85.17191855820059,25.578360098973988],[85.15408479525695,25.57775339610896],[85.15145358433085,25.57411317891879],[85.13332746461765,25.57502323321633],[85.11607841521315,25.57987685613656],[85.11286249074791,25.575933287513873],[85.10321471735217,25.575326584648845],[85.09736758196082,25.58048355900159],[85.08538095440855,25.580180207569075],[85.08479624086941,25.585033830489305],[85.07368668362584,25.587157290516906]]]},"properties":{"name":"Patna Rural","lgd":1400,"census":"01400","district":"Patna","dist_lgd":212,"state":"Bihar","state_lgd":10,"id":"IN-BR-S-1400","source_name":"Patna Rural","level":"subdistrict","mausam_level":"subdistrict","source_code":"1400","parent_code":"212","parent_id":"IN-BR-D-212","district_code":"212","state_code":"10","subdistrict_code":"1400"}},{"type":"Feature","id":"1414","geometry":{"type":"Polygon","coordinates":[[[85.39177084891548,25.49706191506015],[85.3944020598416,25.504949052305523],[85.40697340093301,25.503735646575464],[85.41106639570695,25.49979207795278],[85.42773073157232,25.49979207795278],[85.43299315342453,25.510712729523295],[85.43270079665497,25.51890321820118],[85.44176385651157,25.517083109606094],[85.44965748928989,25.505252403738037],[85.47216896054661,25.49584850933009],[85.49292629118591,25.49372504930249],[85.49760399949899,25.485534560624604],[85.50549763227733,25.484017803462034],[85.50666705935559,25.49372504930249],[85.51456069213393,25.50343229514295],[85.52099254106442,25.49979207795278],[85.52771674676447,25.503735646575464],[85.54613522324723,25.504038998007978],[85.54438108262983,25.48432115489455],[85.58238746267364,25.485837912057118],[85.58004860851709,25.47795077481175],[85.56835433773438,25.470670340431404],[85.55198235863858,25.466120068943688],[85.55578299664296,25.46065974315843],[85.55782949402995,25.426684382716825],[85.57683268405184,25.42698773414934],[85.57770975436054,25.434268168529684],[85.58823459806499,25.432448059934597],[85.58764988452585,25.42274081409414],[85.59759001469115,25.423650868391682],[85.59642058761287,25.414550325416254],[85.60782250162602,25.413336919686195],[85.61103842609126,25.420314002634026],[85.61893205886959,25.420010651201512],[85.620686199487,25.42547097698677],[85.63588875150452,25.419100596903967],[85.63179575673057,25.401202862385624],[85.61659320471304,25.384518533597333],[85.61045371255213,25.380878316407163],[85.5952511605346,25.387248696489966],[85.58589574390844,25.381788370704705],[85.5835568897519,25.389978859382595],[85.57654032728227,25.39604588803288],[85.57770975436054,25.411213459658594],[85.57098554866049,25.419100596903967],[85.55695242372124,25.42425757125671],[85.54701229355594,25.41788719117391],[85.53414859569496,25.421224056931568],[85.52274668168182,25.426684382716825],[85.5183613301383,25.422437462661627],[85.50695941612517,25.42638103128431],[85.49672692919029,25.425774328419283],[85.49029508025981,25.435481574259743],[85.48795622610326,25.444885468667685],[85.4821090907119,25.44458211723517],[85.47713902562926,25.43608827712477],[85.44702627836378,25.44245865720757],[85.43942500235502,25.447008928695286],[85.43036194249842,25.445795522965227],[85.42831544511145,25.450649145885457],[85.41311289309394,25.4579295802658],[85.4025880493895,25.459142985995857],[85.40785047124172,25.466423420376202],[85.4034651196982,25.477344071946717],[85.40288040615906,25.487051317787177],[85.39410970307203,25.49008483211232],[85.39177084891548,25.49706191506015]]]},"properties":{"name":"Bakhtiarpur","lgd":1414,"census":"01414","district":"Patna","dist_lgd":212,"state":"Bihar","state_lgd":10,"id":"IN-BR-S-1414","source_name":"Bakhtiarpur","level":"subdistrict","mausam_level":"subdistrict","source_code":"1414","parent_code":"212","parent_id":"IN-BR-D-212","district_code":"212","state_code":"10","subdistrict_code":"1414"}},{"type":"Feature","id":"1413","geometry":{"type":"Polygon","coordinates":[[[85.3391466303933,25.410000053928538],[85.34353198193682,25.412426865388653],[85.34440905224552,25.425167625554256],[85.33622306269763,25.430021248474485],[85.33651541946719,25.44367206293763],[85.33154535438455,25.449739091587915],[85.33242242469325,25.45489606594066],[85.34323962516726,25.456716174535746],[85.34323962516726,25.46703012324123],[85.329206500228,25.466726771808716],[85.32335936483665,25.473400503324033],[85.32862178668887,25.48735466921969],[85.32891414345843,25.508589269495694],[85.35376446887169,25.507982566630666],[85.36692052350224,25.505859106603065],[85.37744536720668,25.49979207795278],[85.39177084891548,25.49706191506015],[85.39410970307203,25.49008483211232],[85.40288040615906,25.487051317787177],[85.4034651196982,25.477344071946717],[85.40785047124172,25.466423420376202],[85.4025880493895,25.459142985995857],[85.39907976815468,25.432751411367114],[85.39264791922419,25.431538005637055],[85.37919950782408,25.427897788446884],[85.37393708597186,25.430627951339513],[85.36750523704137,25.42152740836408],[85.36575109642396,25.412426865388653],[85.35990396103261,25.40180956525065],[85.34762497671076,25.40362967384574],[85.3490867605586,25.408786648198483],[85.3391466303933,25.410000053928538]]]},"properties":{"name":"Khusrupur","lgd":1413,"census":"01413","district":"Patna","dist_lgd":212,"state":"Bihar","state_lgd":10,"id":"IN-BR-S-1413","source_name":"Khusrupur","level":"subdistrict","mausam_level":"subdistrict","source_code":"1413","parent_code":"212","parent_id":"IN-BR-D-212","district_code":"212","state_code":"10","subdistrict_code":"1413"}},{"type":"Feature","id":"1416","geometry":{"type":"Polygon","coordinates":[[[85.61045371255213,25.380878316407163],[85.61659320471304,25.384518533597333],[85.63179575673057,25.401202862385624],[85.63588875150452,25.419100596903967],[85.64670595197852,25.422134111229113],[85.66337028784388,25.423650868391682],[85.66629385553955,25.404236376710767],[85.6613237904569,25.39968610522305],[85.66337028784388,25.391798967977678],[85.67301806123962,25.395439185167852],[85.68120405078751,25.389978859382595],[85.68003462370925,25.37299117916179],[85.68295819140491,25.369654313404133],[85.69377539187892,25.37420458489185],[85.69816074342243,25.38269842500225],[85.7040078788138,25.384518533597333],[85.72359578237483,25.38360847929979],[85.72856584745747,25.37420458489185],[85.7338282693097,25.379361559244593],[85.75049260517505,25.374507936324363],[85.75107731871418,25.36237387902379],[85.75400088640987,25.348116361695617],[85.75020024840549,25.33871246728767],[85.74142954531845,25.342352684477845],[85.72973527453576,25.3414426301803],[85.72154928498784,25.345386198802988],[85.71891807406175,25.362070527591275],[85.71190151159212,25.362677230456303],[85.70371552204422,25.358733661833618],[85.70108431111811,25.349633118858186],[85.68646647263972,25.352363281750815],[85.68646647263972,25.34417279307293],[85.66834035292653,25.343869441640415],[85.66717092584827,25.3371957101251],[85.65752315245253,25.33385884436744],[85.65840022276123,25.321421435634356],[85.65489194152642,25.30989408119881],[85.64787537905679,25.31110748692887],[85.64056645981759,25.314444352686525],[85.64349002751328,25.32172478706687],[85.62770276195661,25.31960132703927],[85.62828747549575,25.331128681474812],[85.64319767074372,25.33385884436744],[85.64641359520895,25.34204933304533],[85.63208811350013,25.35327333604836],[85.63676582181321,25.361463824726247],[85.62507155103052,25.36662079907899],[85.62594862133922,25.37875485637956],[85.61045371255213,25.380878316407163]]]},"properties":{"name":"Belchhi","lgd":1416,"census":"01416","district":"Patna","dist_lgd":212,"state":"Bihar","state_lgd":10,"id":"IN-BR-S-1416","source_name":"Belchhi","level":"subdistrict","mausam_level":"subdistrict","source_code":"1416","parent_code":"212","parent_id":"IN-BR-D-212","district_code":"212","state_code":"10","subdistrict_code":"1416"}},{"type":"Feature","id":"1417","geometry":{"type":"Polygon","coordinates":[[[85.7338282693097,25.379361559244593],[85.72856584745747,25.37420458489185],[85.72359578237483,25.38360847929979],[85.7040078788138,25.384518533597333],[85.69816074342243,25.38269842500225],[85.69377539187892,25.37420458489185],[85.68295819140491,25.369654313404133],[85.68003462370925,25.37299117916179],[85.68120405078751,25.389978859382595],[85.67301806123962,25.395439185167852],[85.66337028784388,25.391798967977678],[85.6613237904569,25.39968610522305],[85.66629385553955,25.404236376710767],[85.66337028784388,25.423650868391682],[85.64670595197852,25.422134111229113],[85.65284544413944,25.43184135706957],[85.65313780090901,25.439425142882428],[85.6586925795308,25.445492171532713],[85.63705817858279,25.451862551615516],[85.63676582181321,25.461569797455972],[85.65489194152642,25.460963094590944],[85.65313780090901,25.47946753197432],[85.6469983087481,25.49857867222272],[85.65109130352204,25.50191553798038],[85.65518429829598,25.491904940707407],[85.6776957695527,25.494635103600036],[85.67915755340053,25.476434017649176],[85.69055946741368,25.485534560624604],[85.6949448189572,25.484624506327062],[85.70137666788767,25.500398780817807],[85.71307093867038,25.51040937809078],[85.7165792199052,25.51950992106621],[85.72359578237483,25.524060192553925],[85.73119705838359,25.521026678228782],[85.72885820422704,25.51586970387604],[85.73324355577056,25.50707251233312],[85.74230661562716,25.50707251233312],[85.74113718854889,25.491904940707407],[85.73061234484445,25.487658020652205],[85.72944291776618,25.48250104629946],[85.73850597762278,25.479770883406832],[85.73967540470105,25.466120068943688],[85.75020024840549,25.45489606594066],[85.75750916764468,25.457626228833288],[85.76774165457955,25.438515088584886],[85.76920343842738,25.43123465420454],[85.75136967548376,25.427291085581857],[85.74961553486635,25.41424697398374],[85.73616712346623,25.41091010822608],[85.73616712346623,25.396955942330422],[85.74230661562716,25.395742536600366],[85.7338282693097,25.379361559244593]]]},"properties":{"name":"Barh","lgd":1417,"census":"01417","district":"Patna","dist_lgd":212,"state":"Bihar","state_lgd":10,"id":"IN-BR-S-1417","source_name":"Barh","level":"subdistrict","mausam_level":"subdistrict","source_code":"1417","parent_code":"212","parent_id":"IN-BR-D-212","district_code":"212","state_code":"10","subdistrict_code":"1417"}},{"type":"Feature","id":"1415","geometry":{"type":"Polygon","coordinates":[[[85.63588875150452,25.419100596903967],[85.620686199487,25.42547097698677],[85.61893205886959,25.420010651201512],[85.61103842609126,25.420314002634026],[85.60782250162602,25.413336919686195],[85.59642058761287,25.414550325416254],[85.59759001469115,25.423650868391682],[85.58764988452585,25.42274081409414],[85.58823459806499,25.432448059934597],[85.57770975436054,25.434268168529684],[85.57683268405184,25.42698773414934],[85.55782949402995,25.426684382716825],[85.55578299664296,25.46065974315843],[85.55198235863858,25.466120068943688],[85.56835433773438,25.470670340431404],[85.58004860851709,25.47795077481175],[85.58238746267364,25.485837912057118],[85.599051798539,25.489174777814778],[85.61600849117391,25.48310774916449],[85.59554351730418,25.474310557621575],[85.62273269687397,25.46763682610626],[85.63676582181321,25.461569797455972],[85.63705817858279,25.451862551615516],[85.6586925795308,25.445492171532713],[85.65313780090901,25.439425142882428],[85.65284544413944,25.43184135706957],[85.64670595197852,25.422134111229113],[85.63588875150452,25.419100596903967]]]},"properties":{"name":"Athmalgola","lgd":1415,"census":"01415","district":"Patna","dist_lgd":212,"state":"Bihar","state_lgd":10,"id":"IN-BR-S-1415","source_name":"Athmalgola","level":"subdistrict","mausam_level":"subdistrict","source_code":"1415","parent_code":"212","parent_id":"IN-BR-D-212","district_code":"212","state_code":"10","subdistrict_code":"1415"}},{"type":"Feature","id":"1420","geometry":{"type":"Polygon","coordinates":[[[85.85778753960639,25.51101608095581],[85.88965442748928,25.500095429385293],[85.89257799518495,25.478254126244263],[85.9031028388894,25.46703012324123],[85.90514933627637,25.4579295802658],[85.89520920611106,25.459142985995857],[85.88263786501966,25.473400503324033],[85.87825251347614,25.466423420376202],[85.87825251347614,25.448525685857856],[85.87328244839348,25.439121791449914],[85.88439200563705,25.42425757125671],[85.89287035195451,25.42547097698677],[85.90017927119371,25.420314002634026],[85.90602640658507,25.430931302772027],[85.9156741799808,25.420314002634026],[85.93935507831578,25.408483296765965],[85.94929520848109,25.407573242468423],[85.95777355479855,25.412730216821167],[85.95514234387244,25.409696702496024],[86.00396592439024,25.379664910677107],[86.0016270702337,25.37299117916179],[86.01273662747728,25.362677230456303],[86.02910860657306,25.364800690483904],[86.03261688780788,25.391798967977678],[86.0469423695167,25.391495616545164],[86.04752708305583,25.384518533597333],[86.06009842414724,25.359037013266132],[86.06565320276903,25.352363281750815],[86.06886912723428,25.33780241299013],[86.06448377569076,25.33385884436744],[86.05834428352983,25.3329487900699],[86.05366657521675,25.339015818720185],[86.04021816381663,25.33385884436744],[86.03407867165572,25.321421435634356],[86.03173981749917,25.308680675468754],[86.0206302602556,25.306860566873667],[86.02033790348604,25.29654661816818],[86.00630477854679,25.297456672465724],[86.00747420562506,25.302613646818468],[86.00045764315543,25.306860566873667],[85.9744378906639,25.313534298388984],[85.95397291679417,25.317174515579154],[85.95046463555936,25.31960132703927],[85.9329232293853,25.321421435634356],[85.9329232293853,25.33021862717727],[85.94023214862449,25.354183390345902],[85.94754106786368,25.373597882026818],[85.93409265646356,25.37299117916179],[85.92269074245043,25.375417990621905],[85.91918246121561,25.381181667839677],[85.90397990919809,25.38633864219242],[85.88790028687187,25.394225779437793],[85.88234550825008,25.38148501927219],[85.87532894578047,25.39392242800528],[85.86977416715868,25.390585562247622],[85.86158817761077,25.393619076572765],[85.85106333390634,25.38633864219242],[85.84521619851499,25.371171070566703],[85.8305983600366,25.373901233459335],[85.82767479234093,25.377238099216992],[85.82007351633217,25.397259293762936],[85.82358179756697,25.41364027111871],[85.83761492250622,25.428504491311912],[85.82504358141482,25.430324599907],[85.82475122464524,25.440941900045],[85.81831937571476,25.447918982992828],[85.82738243557137,25.472490449026488],[85.8469703391324,25.49857867222272],[85.85778753960639,25.51101608095581]]]},"properties":{"name":"Mokameh","lgd":1420,"census":"01420","district":"Patna","dist_lgd":212,"state":"Bihar","state_lgd":10,"id":"IN-BR-S-1420","source_name":"Mokameh","level":"subdistrict","mausam_level":"subdistrict","source_code":"1420","parent_code":"212","parent_id":"IN-BR-D-212","district_code":"212","state_code":"10","subdistrict_code":"1420"}},{"type":"Feature","id":"1418","geometry":{"type":"Polygon","coordinates":[[[85.73061234484445,25.333252141502413],[85.72973527453576,25.3414426301803],[85.74142954531845,25.342352684477845],[85.75020024840549,25.33871246728767],[85.75400088640987,25.348116361695617],[85.75107731871418,25.36237387902379],[85.75049260517505,25.374507936324363],[85.7338282693097,25.379361559244593],[85.74230661562716,25.395742536600366],[85.73616712346623,25.396955942330422],[85.73616712346623,25.41091010822608],[85.74961553486635,25.41424697398374],[85.75136967548376,25.427291085581857],[85.76920343842738,25.43123465420454],[85.76774165457955,25.438515088584886],[85.75750916764468,25.457626228833288],[85.75020024840549,25.45489606594066],[85.73967540470105,25.466120068943688],[85.73850597762278,25.479770883406832],[85.72944291776618,25.48250104629946],[85.73061234484445,25.487658020652205],[85.74113718854889,25.491904940707407],[85.74230661562716,25.50707251233312],[85.73324355577056,25.50707251233312],[85.72885820422704,25.51586970387604],[85.73119705838359,25.521026678228782],[85.73499769638796,25.524666895418953],[85.7455225400924,25.534677492691927],[85.76335630303603,25.543171332802327],[85.7817747795188,25.548024955722557],[85.8089639590886,25.544384738532383],[85.83732256573666,25.52648700401404],[85.83849199281494,25.517689812471122],[85.85778753960639,25.51101608095581],[85.8469703391324,25.49857867222272],[85.82738243557137,25.472490449026488],[85.81831937571476,25.447918982992828],[85.82475122464524,25.440941900045],[85.82504358141482,25.430324599907],[85.83761492250622,25.428504491311912],[85.82358179756697,25.41364027111871],[85.82007351633217,25.397259293762936],[85.82767479234093,25.377238099216992],[85.8305983600366,25.373901233459335],[85.80604039139291,25.369957664836647],[85.80516332108421,25.345082847370474],[85.81276459709298,25.3414426301803],[85.81188752678426,25.333555492934927],[85.80136268307983,25.32930857287973],[85.80136268307983,25.308984026901268],[85.79785440184502,25.306860566873667],[85.78148242274924,25.313534298388984],[85.74084483177933,25.31960132703927],[85.73996776147061,25.332645438637385],[85.73061234484445,25.333252141502413]]]},"properties":{"name":"Pandarak","lgd":1418,"census":"01418","district":"Patna","dist_lgd":212,"state":"Bihar","state_lgd":10,"id":"IN-BR-S-1418","source_name":"Pandarak","level":"subdistrict","mausam_level":"subdistrict","source_code":"1418","parent_code":"212","parent_id":"IN-BR-D-212","district_code":"212","state_code":"10","subdistrict_code":"1418"}},{"type":"Feature","id":"1419","geometry":{"type":"Polygon","coordinates":[[[85.8305983600366,25.373901233459335],[85.84521619851499,25.371171070566703],[85.85106333390634,25.38633864219242],[85.86158817761077,25.393619076572765],[85.86977416715868,25.390585562247622],[85.87532894578047,25.39392242800528],[85.88234550825008,25.38148501927219],[85.88790028687187,25.394225779437793],[85.90397990919809,25.38633864219242],[85.91918246121561,25.381181667839677],[85.92269074245043,25.375417990621905],[85.93409265646356,25.37299117916179],[85.94754106786368,25.373597882026818],[85.94023214862449,25.354183390345902],[85.9329232293853,25.33021862717727],[85.9329232293853,25.321421435634356],[85.93263087261573,25.29927678106081],[85.90631876335463,25.29138964381544],[85.8966709899589,25.29290640097801],[85.8911162113371,25.290479589517894],[85.8911162113371,25.279255586514864],[85.8642193885369,25.279558937947378],[85.86480410207602,25.29381645527555],[85.84170791728017,25.291692995247953],[85.83381428450184,25.287142723760237],[85.8089639590886,25.28805277805778],[85.80984102939729,25.29442315814058],[85.8072098184712,25.306557215441153],[85.80136268307983,25.308984026901268],[85.80136268307983,25.32930857287973],[85.81188752678426,25.333555492934927],[85.81276459709298,25.3414426301803],[85.80516332108421,25.345082847370474],[85.80604039139291,25.369957664836647],[85.8305983600366,25.373901233459335]]]},"properties":{"name":"Ghoswari","lgd":1419,"census":"01419","district":"Patna","dist_lgd":212,"state":"Bihar","state_lgd":10,"id":"IN-BR-S-1419","source_name":"Ghoswari","level":"subdistrict","mausam_level":"subdistrict","source_code":"1419","parent_code":"212","parent_id":"IN-BR-D-212","district_code":"212","state_code":"10","subdistrict_code":"1419"}},{"type":"Feature","id":"1211","geometry":{"type":"Polygon","coordinates":[[[85.63384225411754,26.005175564521643],[85.63179575673057,25.996075021546215],[85.63442696765668,25.9872778300033],[85.63296518380884,25.98242420708307],[85.61834734533045,25.96907674405244],[85.60723778808688,25.96786333832238],[85.6051912906999,25.97332366410764],[85.58911166837369,25.972110258377583],[85.58735752775628,25.981514152785525],[85.57829446789968,25.992131452923527],[85.56484605649956,26.002445401629014],[85.56484605649956,26.008512430279303],[85.5572447804908,26.014276107497075],[85.53561037954279,26.013062701767016],[85.53239445507755,26.00608561881919],[85.52186961137312,26.010332538874387],[85.52216196814268,26.018826378984787],[85.49497278857288,26.027623570527705],[85.48971036672067,26.01821967611976],[85.48474030163801,26.017006270389704],[85.47655431209012,26.021556541877416],[85.48357087455975,26.024286704770045],[85.48971036672067,26.037937519233193],[85.49292629118591,26.054318496588966],[85.51046769735997,26.05947547094171],[85.52245432491225,26.059778822374223],[85.55169000186902,26.04218443928839],[85.55987599141692,26.041577736423363],[85.57478618666487,26.024286704770045],[85.58852695483455,26.01609621609216],[85.5952511605346,26.003052104494046],[85.60285243654337,26.002748753061528],[85.60753014485645,26.014276107497075],[85.62419448072181,26.015186161794617],[85.63384225411754,26.005175564521643]]]},"properties":{"name":"Dholi (Moraul)","lgd":1211,"census":"01211","district":"Muzaffarpur","dist_lgd":208,"state":"Bihar","state_lgd":10,"id":"IN-BR-S-1211","source_name":"Dholi (Moraul)","level":"subdistrict","mausam_level":"subdistrict","source_code":"1211","parent_code":"208","parent_id":"IN-BR-D-208","district_code":"208","state_code":"10","subdistrict_code":"1211"}},{"type":"Feature","id":"1210","geometry":{"type":"Polygon","coordinates":[[[85.70810087358774,26.087080451300512],[85.71160915482255,26.07858661119011],[85.70897794389644,26.06796931105211],[85.70342316527466,26.059778822374223],[85.70254609496595,26.046431359343593],[85.69202125126151,26.04764476507365],[85.68237347786578,26.027623570527705],[85.67652634247443,26.02944367912279],[85.65576901183512,26.018523027552273],[85.64846009259593,26.003052104494046],[85.63384225411754,26.005175564521643],[85.62419448072181,26.015186161794617],[85.60753014485645,26.014276107497075],[85.60285243654337,26.002748753061528],[85.5952511605346,26.003052104494046],[85.58852695483455,26.01609621609216],[85.57478618666487,26.024286704770045],[85.55987599141692,26.041577736423363],[85.55169000186902,26.04218443928839],[85.52245432491225,26.059778822374223],[85.53210209830799,26.076159799729997],[85.54204222847329,26.081013422650226],[85.5473046503255,26.08768715416554],[85.56513841326914,26.091630722788228],[85.57887918143882,26.09193407422074],[85.59846708499985,26.0889005598956],[85.60665307454775,26.094057534248343],[85.61600849117391,26.0952709399784],[85.6224403401044,26.0910240199232],[85.61542377763477,26.075249745432455],[85.62741040518705,26.07373298826988],[85.64173588689587,26.08010336835268],[85.64670595197852,26.074036339702396],[85.66161614722648,26.068272662484624],[85.66570914200042,26.081620125515254],[85.67126392062221,26.08404693697537],[85.67974226693967,26.07221623110731],[85.68734354294843,26.083136882677827],[85.70810087358774,26.087080451300512]]]},"properties":{"name":"Bandra","lgd":1210,"census":"01210","district":"Muzaffarpur","dist_lgd":208,"state":"Bihar","state_lgd":10,"id":"IN-BR-S-1210","source_name":"Bandra","level":"subdistrict","mausam_level":"subdistrict","source_code":"1210","parent_code":"208","parent_id":"IN-BR-D-208","district_code":"208","state_code":"10","subdistrict_code":"1210"}},{"type":"Feature","id":"1209","geometry":{"type":"Polygon","coordinates":[[[85.71307093867038,26.092844128518283],[85.71365565220952,26.089507262760627],[85.70810087358774,26.087080451300512],[85.68734354294843,26.083136882677827],[85.67974226693967,26.07221623110731],[85.67126392062221,26.08404693697537],[85.66570914200042,26.081620125515254],[85.66161614722648,26.068272662484624],[85.64670595197852,26.074036339702396],[85.64173588689587,26.08010336835268],[85.62741040518705,26.07373298826988],[85.61542377763477,26.075249745432455],[85.6224403401044,26.0910240199232],[85.61600849117391,26.0952709399784],[85.60665307454775,26.094057534248343],[85.59846708499985,26.0889005598956],[85.57887918143882,26.09193407422074],[85.56513841326914,26.091630722788228],[85.5473046503255,26.08768715416554],[85.54438108262983,26.095574291410912],[85.5511052883299,26.10012456289863],[85.54759700709508,26.109225105874057],[85.55052057479075,26.13045970615006],[85.55490592633427,26.136830086232862],[85.5554906398734,26.146840683505832],[85.5481817206342,26.155334523616236],[85.5481817206342,26.16200825513155],[85.55753713726037,26.16898533807938],[85.55578299664296,26.18991658692287],[85.5636766294213,26.199623832763326],[85.57215497573875,26.199623832763326],[85.57887918143882,26.214791404389043],[85.59086580899108,26.21054448433384],[85.58794224129542,26.19992718419584],[85.60139065269553,26.199017129898298],[85.6008059391564,26.188399829760296],[85.60928428547385,26.185366315435154],[85.620686199487,26.185366315435154],[85.62127091302614,26.176872475324753],[85.6297492593436,26.16686187805178],[85.64202824366544,26.161704903699036],[85.64378238428284,26.16959204094441],[85.64173588689587,26.177782529622295],[85.64729066551766,26.183242855407553],[85.64933716290463,26.192040046950467],[85.65986200660907,26.194163506978068],[85.66541678523086,26.18657972116521],[85.67272570447005,26.183242855407553],[85.68295819140491,26.18718642403024],[85.71102444128341,26.188399829760296],[85.7183333605226,26.194163506978068],[85.72534992299222,26.192950101248012],[85.72447285268353,26.17747917818978],[85.72096457144872,26.17656912389224],[85.72125692821828,26.16413171515915],[85.74172190208802,26.160794849401494],[85.75049260517505,26.14987419783098],[85.75107731871418,26.139256897692977],[85.73879833439234,26.127122840392403],[85.72798113391835,26.12560608322983],[85.7265193500705,26.113775377361772],[85.73031998807488,26.106191591548914],[85.7165792199052,26.108921754441543],[85.71307093867038,26.1016413200612],[85.71307093867038,26.092844128518283]]]},"properties":{"name":"Gaighat","lgd":1209,"census":"01209","district":"Muzaffarpur","dist_lgd":208,"state":"Bihar","state_lgd":10,"id":"IN-BR-S-1209","source_name":"Gaighat","level":"subdistrict","mausam_level":"subdistrict","source_code":"1209","parent_code":"208","parent_id":"IN-BR-D-208","district_code":"208","state_code":"10","subdistrict_code":"1209"}},{"type":"Feature","id":"1208","geometry":{"type":"Polygon","coordinates":[[[85.72534992299222,26.192950101248012],[85.7183333605226,26.194163506978068],[85.71102444128341,26.188399829760296],[85.68295819140491,26.18718642403024],[85.67272570447005,26.183242855407553],[85.66541678523086,26.18657972116521],[85.65986200660907,26.194163506978068],[85.64933716290463,26.192040046950467],[85.64729066551766,26.183242855407553],[85.64173588689587,26.177782529622295],[85.64378238428284,26.16959204094441],[85.64202824366544,26.161704903699036],[85.6297492593436,26.16686187805178],[85.62127091302614,26.176872475324753],[85.620686199487,26.185366315435154],[85.60928428547385,26.185366315435154],[85.6008059391564,26.188399829760296],[85.60139065269553,26.199017129898298],[85.58794224129542,26.19992718419584],[85.59086580899108,26.21054448433384],[85.57887918143882,26.214791404389043],[85.57215497573875,26.199623832763326],[85.5636766294213,26.199623832763326],[85.55666006695168,26.207207618576184],[85.53707216339063,26.20902772717127],[85.5373645201602,26.212364592928928],[85.52596260614706,26.21661151298413],[85.52274668168182,26.22389194736447],[85.51163712443824,26.2266221102571],[85.50169699427295,26.232992490339903],[85.50169699427295,26.237542761827616],[85.51134476766867,26.239666221855217],[85.51251419474696,26.244216493342932],[85.52625496291662,26.259990767833678],[85.53561037954279,26.261507524996247],[85.5546135695647,26.25817065923859],[85.57770975436054,26.24694665623556],[85.57741739759098,26.23845281612516],[85.58326453298233,26.2372394103951],[85.58881931160411,26.252710333453333],[85.59642058761287,26.24967681912819],[85.61483906409563,26.24967681912819],[85.620686199487,26.26696785078151],[85.62770276195661,26.26787790507905],[85.62185562656526,26.28334882813728],[85.62448683749138,26.291235965382654],[85.61893205886959,26.299123102628027],[85.6215632697957,26.313987322821227],[85.62857983226533,26.318840945741456],[85.6595696498395,26.31702083714637],[85.67243334770048,26.31277391709117],[85.67798812632226,26.320054351471512],[85.69114418095282,26.3176275400114],[85.69377539187892,26.30852699703597],[85.70546966266163,26.306403537008368],[85.70546966266163,26.294876182572825],[85.71599450636606,26.289415856787567],[85.71365565220952,26.272428176566766],[85.69962252727028,26.26302428215882],[85.69640660280503,26.254833793480934],[85.7002072408094,26.250283521993218],[85.71716393344434,26.249070116263162],[85.71453272251823,26.240272924720248],[85.69991488403984,26.23905951899019],[85.69640660280503,26.226015407392072],[85.7066390897399,26.225408704527045],[85.70576201943119,26.219948378741787],[85.71014737097471,26.211454538631386],[85.71862571729217,26.208724375738758],[85.71774864698347,26.201747292790927],[85.72505756622266,26.2011405899259],[85.72534992299222,26.192950101248012]]]},"properties":{"name":"Katra","lgd":1208,"census":"01208","district":"Muzaffarpur","dist_lgd":208,"state":"Bihar","state_lgd":10,"id":"IN-BR-S-1208","source_name":"Katra","level":"subdistrict","mausam_level":"subdistrict","source_code":"1208","parent_code":"208","parent_id":"IN-BR-D-208","district_code":"208","state_code":"10","subdistrict_code":"1208"}},{"type":"Feature","id":"1052","geometry":{"type":"Polygon","coordinates":[[[85.14239052447425,26.612788483847837],[85.13712810262203,26.610058320955208],[85.1347892484655,26.599137669384692],[85.1257261886089,26.593070640734407],[85.11257013397834,26.573352797620974],[85.11987905321753,26.562128794617944],[85.1318656807698,26.561522091752916],[85.13069625369154,26.554545008805086],[85.13858988646987,26.547871277289772],[85.12952682661327,26.539377437179372],[85.11783255583056,26.5399841400444],[85.10906185274354,26.53513051712417],[85.11432427459575,26.527850082743825],[85.13040389692196,26.524816568418682],[85.13303510784809,26.519962945498452],[85.1491147301743,26.51541267401074],[85.14706823278733,26.494178073734737],[85.13274275107851,26.487807693651934],[85.13391217815678,26.49599818232982],[85.12660325891758,26.49933504808748],[85.12192555060452,26.49599818232982],[85.12251026414364,26.486897639354392],[85.11403191782618,26.487807693651934],[85.11140070690007,26.497818290924908],[85.10438414443044,26.496908236627366],[85.10058350642606,26.49023450511205],[85.07690260809107,26.504492022440225],[85.06520833730838,26.508738942495423],[85.06082298576486,26.496604885194852],[85.04942107175172,26.489931153679535],[85.04211215251253,26.47901050210902],[85.0359726603516,26.484167476461764],[85.0342185197342,26.49084120797708],[85.02632488695588,26.49144791084211],[85.02340131926019,26.49721158805988],[85.02954081142111,26.50085180525005],[85.01930832448625,26.506008779602794],[85.02193953541236,26.516626079740796],[85.03860387127772,26.529670191338912],[85.0540987800648,26.551511494479943],[85.03801915773857,26.552421548777488],[85.04094272543426,26.56182544318543],[85.05029814206043,26.561522091752916],[85.04591279051691,26.579723177703777],[85.05000578529085,26.585790206354062],[85.0450357202082,26.591857235004348],[85.04883635821258,26.596710857924577],[85.05526820714307,26.60247453514235],[85.07427139716498,26.60247453514235],[85.07544082424324,26.611271726685267],[85.08011853255633,26.617642106768066],[85.09473637103471,26.616732052470525],[85.10613828504785,26.626742649743495],[85.11724784229142,26.625832595445953],[85.1166631287523,26.61794545820058],[85.12543383183932,26.615518646740465],[85.13215803753937,26.61794545820058],[85.14239052447425,26.612788483847837]]]},"properties":{"name":"Pakri Dayal","lgd":1052,"census":"01052","district":"Purbi Champaran","dist_lgd":213,"state":"Bihar","state_lgd":10,"id":"IN-BR-S-1052","source_name":"Pakri Dayal","level":"subdistrict","mausam_level":"subdistrict","source_code":"1052","parent_code":"213","parent_id":"IN-BR-D-213","district_code":"213","state_code":"10","subdistrict_code":"1052"}},{"type":"Feature","id":"1053","geometry":{"type":"Polygon","coordinates":[[[85.26985807600576,26.624315838283383],[85.26664215154051,26.611878429550295],[85.25933323230132,26.61218178098281],[85.26196444322744,26.59246393786938],[85.25991794584046,26.585790206354062],[85.24763896151862,26.57304944618846],[85.23448290688808,26.572139391890918],[85.23360583657937,26.56667906610566],[85.23945297197072,26.561522091752916],[85.22074213871839,26.549084683019828],[85.21664914394444,26.539074085746858],[85.21577207363573,26.546051168694685],[85.20700137054871,26.554545008805086],[85.19150646176162,26.56091538888789],[85.19209117530076,26.553028251642516],[85.17571919620497,26.55424165737257],[85.17191855820059,26.548174628722286],[85.16139371449614,26.549388034452342],[85.15876250357005,26.540590842909427],[85.15116122756127,26.527850082743825],[85.1491147301743,26.51541267401074],[85.13303510784809,26.519962945498452],[85.13040389692196,26.524816568418682],[85.11432427459575,26.527850082743825],[85.10906185274354,26.53513051712417],[85.11783255583056,26.5399841400444],[85.12952682661327,26.539377437179372],[85.13858988646987,26.547871277289772],[85.13069625369154,26.554545008805086],[85.1318656807698,26.561522091752916],[85.11987905321753,26.562128794617944],[85.11257013397834,26.573352797620974],[85.1257261886089,26.593070640734407],[85.1347892484655,26.599137669384692],[85.13712810262203,26.610058320955208],[85.14239052447425,26.612788483847837],[85.15583893587436,26.61794545820058],[85.1616860712657,26.623709135418352],[85.18478225606157,26.6352364898539],[85.18916760760507,26.622192378255782],[85.19969245130952,26.620978972525723],[85.20056952161822,26.630989569798697],[85.21401793301834,26.63189962409624],[85.22571220380104,26.635539841286413],[85.22834341472715,26.610665023820236],[85.23623704750548,26.61157507811778],[85.2450077505925,26.619765566795667],[85.24559246413165,26.625832595445953],[85.25670202137522,26.62916946120361],[85.25757909168392,26.638573355611555],[85.26459565415354,26.644337032829327],[85.27102750308403,26.630079515501155],[85.26985807600576,26.624315838283383]]]},"properties":{"name":"Patahi","lgd":1053,"census":"01053","district":"Purbi Champaran","dist_lgd":213,"state":"Bihar","state_lgd":10,"id":"IN-BR-S-1053","source_name":"Patahi","level":"subdistrict","mausam_level":"subdistrict","source_code":"1053","parent_code":"213","parent_id":"IN-BR-D-213","district_code":"213","state_code":"10","subdistrict_code":"1053"}},{"type":"Feature","id":"1054","geometry":{"type":"Polygon","coordinates":[[[85.13274275107851,26.487807693651934],[85.14706823278733,26.494178073734737],[85.1491147301743,26.51541267401074],[85.15116122756127,26.527850082743825],[85.15876250357005,26.540590842909427],[85.16139371449614,26.549388034452342],[85.17191855820059,26.548174628722286],[85.17571919620497,26.55424165737257],[85.19209117530076,26.553028251642516],[85.19150646176162,26.56091538888789],[85.20700137054871,26.554545008805086],[85.21577207363573,26.546051168694685],[85.21664914394444,26.539074085746858],[85.22278863610536,26.531490299934],[85.22308099287493,26.523603162688627],[85.21928035487055,26.52026629693097],[85.22395806318363,26.507525536765367],[85.22132685225752,26.50418867100771],[85.20086187838778,26.499031696654967],[85.18478225606157,26.49872834522245],[85.17835040713108,26.48750434221942],[85.1853669696007,26.480830610704107],[85.18419754252243,26.474763582053818],[85.17338034204842,26.475066933486335],[85.17045677435274,26.464752984780848],[85.16577906603966,26.463236227618275],[85.13888224323944,26.464752984780848],[85.14122109739597,26.472336770593706],[85.13274275107851,26.487807693651934]]]},"properties":{"name":"Phenhara","lgd":1054,"census":"01054","district":"Purbi Champaran","dist_lgd":213,"state":"Bihar","state_lgd":10,"id":"IN-BR-S-1054","source_name":"Phenhara","level":"subdistrict","mausam_level":"subdistrict","source_code":"1054","parent_code":"213","parent_id":"IN-BR-D-213","district_code":"213","state_code":"10","subdistrict_code":"1054"}},{"type":"Feature","id":"1055","geometry":{"type":"MultiPolygon","coordinates":[[[[85.04211215251253,26.47901050210902],[85.04942107175172,26.489931153679535],[85.06082298576486,26.496604885194852],[85.06520833730838,26.508738942495423],[85.07690260809107,26.504492022440225],[85.10058350642606,26.49023450511205],[85.10438414443044,26.496908236627366],[85.11140070690007,26.497818290924908],[85.11403191782618,26.487807693651934],[85.12251026414364,26.486897639354392],[85.12192555060452,26.49599818232982],[85.12660325891758,26.49933504808748],[85.13391217815678,26.49599818232982],[85.13274275107851,26.487807693651934],[85.14122109739597,26.472336770593706],[85.13888224323944,26.464752984780848],[85.16577906603966,26.463236227618275],[85.17045677435274,26.464752984780848],[85.17338034204842,26.475066933486335],[85.18419754252243,26.474763582053818],[85.18916760760507,26.46930325626856],[85.19881538100081,26.46687644480845],[85.19998480807908,26.459596010428104],[85.2143102897879,26.44867535885759],[85.20700137054871,26.425924001419013],[85.22074213871839,26.424710595688957],[85.21664914394444,26.411363132658327],[85.20904786793568,26.421070378498783],[85.19852302423124,26.428957515744155],[85.1827357586746,26.433811138664385],[85.18039690451805,26.418643567038668],[85.173672698818,26.412576538388382],[85.16490199573096,26.41652010701107],[85.15788543326133,26.406206158305583],[85.14502173540035,26.408329618333184],[85.13332746461765,26.40317264398044],[85.11549370167401,26.400139129655294],[85.117540199061,26.385274909462094],[85.11607841521315,26.379814583676836],[85.10730771212613,26.386184963759636],[85.09590579811298,26.383454800867007],[85.09502872780428,26.39255534384244],[85.08011853255633,26.399229075357752],[85.0821650299433,26.402262589682895],[85.06871661854319,26.41227318695587],[85.06930133208232,26.416823458443584],[85.08684273825638,26.41803686417364],[85.0929822304173,26.424407244256443],[85.09239751687817,26.434721192961927],[85.08333445702158,26.432901084366843],[85.05760706129962,26.452012224615245],[85.0540987800648,26.461112767590674],[85.06111534253444,26.471730067728675],[85.05205228267783,26.471123364863647],[85.05059049882999,26.478707150676506],[85.04211215251253,26.47901050210902]]],[[[85.13508160523506,26.37647771791918],[85.11929433967839,26.379511232244322],[85.1257261886089,26.393162046707467],[85.13420453492635,26.38770172092221],[85.13508160523506,26.37647771791918]]]]},"properties":{"name":"Madhuban","lgd":1055,"census":"01055","district":"Purbi Champaran","dist_lgd":213,"state":"Bihar","state_lgd":10,"id":"IN-BR-S-1055","source_name":"Madhuban","level":"subdistrict","mausam_level":"subdistrict","source_code":"1055","parent_code":"213","parent_id":"IN-BR-D-213","district_code":"213","state_code":"10","subdistrict_code":"1055"}},{"type":"Feature","id":"1056","geometry":{"type":"Polygon","coordinates":[[[85.13508160523506,26.37647771791918],[85.13420453492635,26.38770172092221],[85.1257261886089,26.393162046707467],[85.11929433967839,26.379511232244322],[85.11607841521315,26.379814583676836],[85.117540199061,26.385274909462094],[85.11549370167401,26.400139129655294],[85.13332746461765,26.40317264398044],[85.14502173540035,26.408329618333184],[85.15788543326133,26.406206158305583],[85.16490199573096,26.41652010701107],[85.173672698818,26.412576538388382],[85.18039690451805,26.418643567038668],[85.1827357586746,26.433811138664385],[85.19852302423124,26.428957515744155],[85.20904786793568,26.421070378498783],[85.21664914394444,26.411363132658327],[85.22074213871839,26.424710595688957],[85.22629691734018,26.425317298553985],[85.24763896151862,26.4171268098761],[85.25377845367953,26.418643567038668],[85.25874851876219,26.41378994411844],[85.25027017244473,26.408329618333184],[85.25260902660126,26.39983577822278],[85.26342622707527,26.39983577822278],[85.26371858384483,26.39255534384244],[85.28272177386674,26.39558885816758],[85.28330648740588,26.381634692271923],[85.29061540664506,26.37162409499895],[85.27979820617107,26.368287229241293],[85.28067527647977,26.34856938612786],[85.26547272446224,26.352512954750548],[85.25407081044911,26.350086143290433],[85.24208418289683,26.36404030918609],[85.22571220380104,26.371320743566436],[85.22044978194882,26.368590580673807],[85.21723385748358,26.371320743566436],[85.21752621425314,26.381331340839406],[85.21167907886179,26.381331340839406],[85.21109436532265,26.371927446431464],[85.2043701596226,26.365860417781178],[85.19472238622686,26.36404030918609],[85.18682875344854,26.36768052637626],[85.18039690451805,26.366163769213692],[85.1581777900309,26.37374755502655],[85.15203829786998,26.368590580673807],[85.13595867554376,26.37253414929649],[85.13508160523506,26.37647771791918]]]},"properties":{"name":"Tetaria","lgd":1056,"census":"01056","district":"Purbi Champaran","dist_lgd":213,"state":"Bihar","state_lgd":10,"id":"IN-BR-S-1056","source_name":"Tetaria","level":"subdistrict","mausam_level":"subdistrict","source_code":"1056","parent_code":"213","parent_id":"IN-BR-D-213","district_code":"213","state_code":"10","subdistrict_code":"1056"}},{"type":"Feature","id":"1057","geometry":{"type":"Polygon","coordinates":[[[85.11929433967839,26.379511232244322],[85.13508160523506,26.37647771791918],[85.13595867554376,26.37253414929649],[85.15203829786998,26.368590580673807],[85.1581777900309,26.37374755502655],[85.18039690451805,26.366163769213692],[85.18682875344854,26.36768052637626],[85.19472238622686,26.36404030918609],[85.2043701596226,26.365860417781178],[85.21109436532265,26.371927446431464],[85.21167907886179,26.381331340839406],[85.21752621425314,26.381331340839406],[85.21723385748358,26.371320743566436],[85.22044978194882,26.368590580673807],[85.21811092779228,26.357366577670774],[85.22103449548796,26.35069284615546],[85.22951284180542,26.354029711913117],[85.23682176104461,26.350086143290433],[85.23828354489245,26.344019114640144],[85.25699437814478,26.34492916893769],[85.26488801092312,26.34219900604506],[85.27278164370144,26.331885057339573],[85.2605026593796,26.331885057339573],[85.25670202137522,26.327031434419343],[85.25728673491435,26.296696291167912],[85.23214405273153,26.301246562655624],[85.22015742517925,26.30003315692557],[85.21752621425314,26.29457283114031],[85.20875551116612,26.29608958830288],[85.20027716484864,26.29335942541025],[85.18975232114421,26.29608958830288],[85.18858289406595,26.30367337411574],[85.19998480807908,26.303370022683225],[85.20320073254433,26.307616942738427],[85.19355295914859,26.31702083714637],[85.19589181330514,26.32551467725677],[85.18419754252243,26.331278354474545],[85.18419754252243,26.339165491719918],[85.17338034204842,26.337042031692317],[85.17630390974409,26.331278354474545],[85.16314785511355,26.328548191581916],[85.16051664418744,26.319447648606484],[85.15262301140912,26.315200728551286],[85.14239052447425,26.32308786579666],[85.13625103231333,26.313077268523685],[85.11900198290883,26.31702083714637],[85.11081599336093,26.314594025686254],[85.10350707412175,26.324604622959228],[85.09619815488256,26.320661054336544],[85.09152044656946,26.325211325824256],[85.08274974348244,26.324301271526714],[85.07573318101281,26.332795111637115],[85.05994591545615,26.342805708910088],[85.0441586498995,26.338558788854886],[85.04357393636036,26.343109060342602],[85.05789941806918,26.34583922323523],[85.061407699304,26.365253714916147],[85.07807203516936,26.361613497725976],[85.08158031640417,26.372230797863978],[85.07836439193892,26.377084420784207],[85.06900897531276,26.379814583676836],[85.05965355868659,26.376174366486662],[85.06257712638227,26.38770172092221],[85.06637776438664,26.39134193811238],[85.07164018623887,26.386791666624664],[85.07807203516936,26.388915126652265],[85.08011853255633,26.399229075357752],[85.09502872780428,26.39255534384244],[85.09590579811298,26.383454800867007],[85.10730771212613,26.386184963759636],[85.11607841521315,26.379814583676836],[85.11929433967839,26.379511232244322]]]},"properties":{"name":"Mehsi","lgd":1057,"census":"01057","district":"Purbi Champaran","dist_lgd":213,"state":"Bihar","state_lgd":10,"id":"IN-BR-S-1057","source_name":"Mehsi","level":"subdistrict","mausam_level":"subdistrict","source_code":"1057","parent_code":"213","parent_id":"IN-BR-D-213","district_code":"213","state_code":"10","subdistrict_code":"1057"}},{"type":"Feature","id":"1200","geometry":{"type":"Polygon","coordinates":[[[85.0441586498995,26.338558788854886],[85.05994591545615,26.342805708910088],[85.07573318101281,26.332795111637115],[85.08274974348244,26.324301271526714],[85.09152044656946,26.325211325824256],[85.09619815488256,26.320661054336544],[85.10350707412175,26.324604622959228],[85.11081599336093,26.314594025686254],[85.11900198290883,26.31702083714637],[85.13625103231333,26.313077268523685],[85.14239052447425,26.32308786579666],[85.15262301140912,26.315200728551286],[85.16051664418744,26.319447648606484],[85.16314785511355,26.328548191581916],[85.17630390974409,26.331278354474545],[85.17338034204842,26.337042031692317],[85.18419754252243,26.339165491719918],[85.18419754252243,26.331278354474545],[85.19589181330514,26.32551467725677],[85.19355295914859,26.31702083714637],[85.20320073254433,26.307616942738427],[85.19998480807908,26.303370022683225],[85.18858289406595,26.30367337411574],[85.18975232114421,26.29608958830288],[85.20027716484864,26.29335942541025],[85.20875551116612,26.29608958830288],[85.21752621425314,26.29457283114031],[85.20583194347043,26.27849520521705],[85.21109436532265,26.274854988026878],[85.20320073254433,26.267574553646536],[85.20086187838778,26.259990767833678],[85.2052472299313,26.246643304803047],[85.20290837577475,26.23632935609756],[85.20729372731827,26.234812598934987],[85.20787844085741,26.2266221102571],[85.20846315439654,26.221161784471843],[85.20056952161822,26.219038324444245],[85.20027716484864,26.208724375738758],[85.19413767268773,26.208117672873726],[85.19150646176162,26.197500372735725],[85.1862440399094,26.191129992652925],[85.17221091497015,26.189309884057838],[85.16285549834399,26.18506296400264],[85.16841027696577,26.16777193234932],[85.16022428741788,26.166255175186752],[85.15759307649176,26.16049149796898],[85.14151345416555,26.166255175186752],[85.13537396200462,26.163525012294123],[85.1228026209132,26.16777193234932],[85.11900198290883,26.172322203837037],[85.11403191782618,26.171412149539496],[85.11227777720877,26.16200825513155],[85.1020452902739,26.161401552266522],[85.09268987364774,26.174142312432124],[85.09005866272163,26.168378635214353],[85.0812879596346,26.16686187805178],[85.07544082424324,26.162311606564064],[85.05936120191703,26.16473841802418],[85.05117521236912,26.170198743809436],[85.0523446394474,26.184456261137612],[85.04678986082561,26.19992718419584],[85.03129495203852,26.207207618576184],[85.01638475679057,26.219645027309273],[85.02457074633847,26.235419301800018],[85.0152153297123,26.23996957328773],[85.01082997816879,26.249070116263162],[85.0225242489515,26.261507524996247],[85.02281660572106,26.28031531381214],[85.0359726603516,26.277888502352024],[85.03860387127772,26.282438773839736],[85.03948094158642,26.293966128275283],[85.03626501712117,26.300336508358082],[85.03568030358204,26.317930891443915],[85.03158730880808,26.32308786579666],[85.0359726603516,26.334008517367174],[85.0441586498995,26.338558788854886]]]},"properties":{"name":"Baruraj (Motipur)","lgd":1200,"census":"01200","district":"Muzaffarpur","dist_lgd":208,"state":"Bihar","state_lgd":10,"id":"IN-BR-S-1200","source_name":"Baruraj (Motipur)","level":"subdistrict","mausam_level":"subdistrict","source_code":"1200","parent_code":"208","parent_id":"IN-BR-D-208","district_code":"208","state_code":"10","subdistrict_code":"1200"}},{"type":"Feature","id":"1205","geometry":{"type":"Polygon","coordinates":[[[85.22044978194882,26.368590580673807],[85.22571220380104,26.371320743566436],[85.24208418289683,26.36404030918609],[85.25407081044911,26.350086143290433],[85.26547272446224,26.352512954750548],[85.28067527647977,26.34856938612786],[85.28739948217982,26.35342300904809],[85.29763196911469,26.344625817505175],[85.30698738574085,26.3494794404254],[85.31721987267574,26.346749277532773],[85.32774471638017,26.348266034695346],[85.32628293253232,26.33522192309723],[85.3356383491585,26.329761597311972],[85.33446892208022,26.342502357477574],[85.33973134393244,26.34492916893769],[85.36107338811088,26.34644592610026],[85.36955173442834,26.341895654612546],[85.37510651305013,26.324907974391742],[85.37481415628056,26.313683971388713],[85.38504664321543,26.30792029417094],[85.39323263276333,26.30792029417094],[85.40171097908079,26.3176275400114],[85.40872754155042,26.314897377118772],[85.41486703371135,26.30428007698077],[85.41282053632436,26.30094321122311],[85.40171097908079,26.305493482710826],[85.40317276292863,26.29517953400534],[85.39323263276333,26.291235965382654],[85.39147849214592,26.280922016677167],[85.40580397385474,26.284258882434823],[85.40931225508956,26.27273152799928],[85.42363773679837,26.28274212527225],[85.42656130449404,26.27697844805448],[85.43562436435064,26.279405259514593],[85.43036194249842,26.26696785078151],[85.44731863513336,26.27212482513425],[85.45345812729428,26.27060806797168],[85.4531657705247,26.263327633591334],[85.44761099190292,26.257563956373563],[85.44381035389854,26.250586873425732],[85.43971735912459,26.233295841772417],[85.42773073157232,26.23147573317733],[85.42422245033751,26.224498650229503],[85.41194346601566,26.222071838769388],[85.40375747646777,26.224195298796985],[85.39674091399814,26.2117578900639],[85.38036893490235,26.211151187198872],[85.3818307187502,26.216308161551616],[85.36779759381093,26.2181282701467],[85.3572727501065,26.212061241496414],[85.3555186094891,26.218431621579214],[85.340023700702,26.221768487336874],[85.34791733348034,26.227532164554646],[85.3464555496325,26.234812598934987],[85.33066828407584,26.22510535309453],[85.30347910450604,26.23420589606996],[85.29090776341464,26.23359919320493],[85.28476827125371,26.22995897601476],[85.28155234678847,26.2223751902019],[85.26576508123182,26.23147573317733],[85.2613797296883,26.231779084609844],[85.25699437814478,26.222678541634416],[85.24296125320554,26.221768487336874],[85.24266889643596,26.23056567887979],[85.22892812826629,26.235419301800018],[85.20729372731827,26.234812598934987],[85.20290837577475,26.23632935609756],[85.2052472299313,26.246643304803047],[85.20086187838778,26.259990767833678],[85.20320073254433,26.267574553646536],[85.21109436532265,26.274854988026878],[85.20583194347043,26.27849520521705],[85.21752621425314,26.29457283114031],[85.22015742517925,26.30003315692557],[85.23214405273153,26.301246562655624],[85.25728673491435,26.296696291167912],[85.25670202137522,26.327031434419343],[85.2605026593796,26.331885057339573],[85.27278164370144,26.331885057339573],[85.26488801092312,26.34219900604506],[85.25699437814478,26.34492916893769],[85.23828354489245,26.344019114640144],[85.23682176104461,26.350086143290433],[85.22951284180542,26.354029711913117],[85.22103449548796,26.35069284615546],[85.21811092779228,26.357366577670774],[85.22044978194882,26.368590580673807]]]},"properties":{"name":"Minapur","lgd":1205,"census":"01205","district":"Muzaffarpur","dist_lgd":208,"state":"Bihar","state_lgd":10,"id":"IN-BR-S-1205","source_name":"Minapur","level":"subdistrict","mausam_level":"subdistrict","source_code":"1205","parent_code":"208","parent_id":"IN-BR-D-208","district_code":"208","state_code":"10","subdistrict_code":"1205"}},{"type":"Feature","id":"1207","geometry":{"type":"Polygon","coordinates":[[[85.62857983226533,26.318840945741456],[85.6215632697957,26.313987322821227],[85.61893205886959,26.299123102628027],[85.62448683749138,26.291235965382654],[85.62185562656526,26.28334882813728],[85.62770276195661,26.26787790507905],[85.620686199487,26.26696785078151],[85.61483906409563,26.24967681912819],[85.59642058761287,26.24967681912819],[85.58881931160411,26.252710333453333],[85.58326453298233,26.2372394103951],[85.57741739759098,26.23845281612516],[85.57770975436054,26.24694665623556],[85.5546135695647,26.25817065923859],[85.53561037954279,26.261507524996247],[85.52625496291662,26.259990767833678],[85.52216196814268,26.25604719921099],[85.49906578334684,26.252710333453333],[85.48795622610326,26.26302428215882],[85.46427532776828,26.268484607944078],[85.44761099190292,26.257563956373563],[85.4531657705247,26.263327633591334],[85.45345812729428,26.27060806797168],[85.44731863513336,26.27212482513425],[85.43036194249842,26.26696785078151],[85.43562436435064,26.279405259514593],[85.4441027106681,26.279708610947107],[85.44819570544206,26.29093261395014],[85.45287341375514,26.290629262517623],[85.45608933822038,26.301246562655624],[85.4604746897639,26.300336508358082],[85.46339825745957,26.312470565658657],[85.46252118715087,26.320054351471512],[85.46749125223353,26.327334785851857],[85.46602946838568,26.3324917602046],[85.47801609593796,26.334918571664716],[85.47918552301623,26.34644592610026],[85.48620208548586,26.354029711913117],[85.49321864795547,26.354029711913117],[85.49497278857288,26.362523552023518],[85.50140463750338,26.362826903456032],[85.50432820519906,26.380724637974378],[85.50871355674258,26.381634692271923],[85.52011547075571,26.37435425789158],[85.54584286647767,26.369803986403863],[85.55695242372124,26.38497155802958],[85.56484605649956,26.384364855164552],[85.57624797051271,26.392858695274953],[85.58209510590406,26.384364855164552],[85.57858682466924,26.37314085216152],[85.57303204604746,26.366467120646206],[85.58677281421714,26.36040009199592],[85.59028109545196,26.355849820508205],[85.6116231396304,26.34978279185792],[85.61571613440435,26.341895654612546],[85.61483906409563,26.3324917602046],[85.62653333487835,26.33613197739477],[85.6350116811958,26.32763813728437],[85.62857983226533,26.318840945741456]]]},"properties":{"name":"Aurai","lgd":1207,"census":"01207","district":"Muzaffarpur","dist_lgd":208,"state":"Bihar","state_lgd":10,"id":"IN-BR-S-1207","source_name":"Aurai","level":"subdistrict","mausam_level":"subdistrict","source_code":"1207","parent_code":"208","parent_id":"IN-BR-D-208","district_code":"208","state_code":"10","subdistrict_code":"1207"}},{"type":"Feature","id":"1206","geometry":{"type":"Polygon","coordinates":[[[85.52245432491225,26.059778822374223],[85.51046769735997,26.05947547094171],[85.50549763227733,26.07160952824228],[85.51426833536436,26.078283259757598],[85.5002352104251,26.083136882677827],[85.50169699427295,26.094967588545884],[85.50988298382084,26.110135160171602],[85.50783648643386,26.115292134524346],[85.51368362182522,26.127426191824917],[85.49701928595987,26.130156354717545],[85.49497278857288,26.138953546260463],[85.48649444225542,26.141380357720575],[85.47509252824229,26.151087603561034],[85.46573711161612,26.152301009291094],[85.45988997622476,26.141683709153092],[85.43971735912459,26.152604360723608],[85.43708614819849,26.16322166086161],[85.42802308834189,26.164435066591665],[85.41545174725047,26.17171550097201],[85.4043421900069,26.170805446674464],[85.40785047124172,26.180816043947438],[85.39410970307203,26.18870318119281],[85.39674091399814,26.2117578900639],[85.40375747646777,26.224195298796985],[85.41194346601566,26.222071838769388],[85.42422245033751,26.224498650229503],[85.42773073157232,26.23147573317733],[85.43971735912459,26.233295841772417],[85.44381035389854,26.250586873425732],[85.44761099190292,26.257563956373563],[85.46427532776828,26.268484607944078],[85.48795622610326,26.26302428215882],[85.49906578334684,26.252710333453333],[85.52216196814268,26.25604719921099],[85.52625496291662,26.259990767833678],[85.51251419474696,26.244216493342932],[85.51134476766867,26.239666221855217],[85.50169699427295,26.237542761827616],[85.50169699427295,26.232992490339903],[85.51163712443824,26.2266221102571],[85.52274668168182,26.22389194736447],[85.52596260614706,26.21661151298413],[85.5373645201602,26.212364592928928],[85.53707216339063,26.20902772717127],[85.55666006695168,26.207207618576184],[85.5636766294213,26.199623832763326],[85.55578299664296,26.18991658692287],[85.55753713726037,26.16898533807938],[85.5481817206342,26.16200825513155],[85.5481817206342,26.155334523616236],[85.5554906398734,26.146840683505832],[85.55490592633427,26.136830086232862],[85.55052057479075,26.13045970615006],[85.54759700709508,26.109225105874057],[85.5511052883299,26.10012456289863],[85.54438108262983,26.095574291410912],[85.5473046503255,26.08768715416554],[85.54204222847329,26.081013422650226],[85.53210209830799,26.076159799729997],[85.52245432491225,26.059778822374223]]]},"properties":{"name":"Bochaha","lgd":1206,"census":"01206","district":"Muzaffarpur","dist_lgd":208,"state":"Bihar","state_lgd":10,"id":"IN-BR-S-1206","source_name":"Bochaha","level":"subdistrict","mausam_level":"subdistrict","source_code":"1206","parent_code":"208","parent_id":"IN-BR-D-208","district_code":"208","state_code":"10","subdistrict_code":"1206"}},{"type":"Feature","id":"1212","geometry":{"type":"Polygon","coordinates":[[[85.51046769735997,26.05947547094171],[85.49292629118591,26.054318496588966],[85.48971036672067,26.037937519233193],[85.48357087455975,26.024286704770045],[85.47655431209012,26.021556541877416],[85.45550462468125,26.027623570527705],[85.45082691636816,26.04127438499085],[85.44030207266373,26.04339784501845],[85.43094665603756,26.033387247745477],[85.4250995206462,26.039454276395762],[85.41749824463744,26.040971033558336],[85.4142823201722,26.049161522236222],[85.40726575770258,26.05189168512885],[85.40638868739387,26.063419039564394],[85.39732562753727,26.069182716782166],[85.37686065366753,26.069182716782166],[85.3663358099631,26.07221623110731],[85.36662816673267,26.080710071217712],[85.35961160426305,26.08283353124531],[85.36224281518915,26.064025742429422],[85.3482096902499,26.06675590532205],[85.34031605747157,26.07069947394474],[85.34177784131941,26.080710071217712],[85.32979121376714,26.08404693697537],[85.32277465129752,26.08283353124531],[85.3218975809888,26.073429636837368],[85.31692751590616,26.071306176809767],[85.31400394821048,26.062812336699366],[85.30435617481476,26.064632445294453],[85.30552560189302,26.070396122512225],[85.29149247695378,26.068272662484624],[85.29587782849728,26.087383802733026],[85.29792432588425,26.09678769714097],[85.29412368787987,26.10952845730657],[85.3002631800408,26.1165055402544],[85.31283452113222,26.1228759203372],[85.32540586222362,26.125909434662347],[85.32949885699757,26.13379657190772],[85.33973134393244,26.135920031935317],[85.34791733348034,26.138953546260463],[85.34499376578466,26.14593062920829],[85.34996383086731,26.151997657858576],[85.35464153918039,26.178389232487323],[85.3373924897759,26.181726098244983],[85.32686764607146,26.180816043947438],[85.31985108360183,26.167468580916807],[85.31078802374523,26.175052366729666],[85.3175122294453,26.181726098244983],[85.318389299754,26.19992718419584],[85.30669502897129,26.201443941358413],[85.29178483372334,26.192950101248012],[85.28009056294063,26.203870752818528],[85.27073514631446,26.20690426714367],[85.26927336246663,26.216914864416644],[85.25933323230132,26.21448805295653],[85.25465552398825,26.206297564278643],[85.24062239904899,26.207814321441212],[85.23682176104461,26.196590318438183],[85.22512749026191,26.199623832763326],[85.22805105795759,26.213577998658987],[85.21898799810099,26.2160048101191],[85.21723385748358,26.224802001662017],[85.20787844085741,26.2266221102571],[85.20729372731827,26.234812598934987],[85.22892812826629,26.235419301800018],[85.24266889643596,26.23056567887979],[85.24296125320554,26.221768487336874],[85.25699437814478,26.222678541634416],[85.2613797296883,26.231779084609844],[85.26576508123182,26.23147573317733],[85.28155234678847,26.2223751902019],[85.28476827125371,26.22995897601476],[85.29090776341464,26.23359919320493],[85.30347910450604,26.23420589606996],[85.33066828407584,26.22510535309453],[85.3464555496325,26.234812598934987],[85.34791733348034,26.227532164554646],[85.340023700702,26.221768487336874],[85.3555186094891,26.218431621579214],[85.3572727501065,26.212061241496414],[85.36779759381093,26.2181282701467],[85.3818307187502,26.216308161551616],[85.38036893490235,26.211151187198872],[85.39674091399814,26.2117578900639],[85.39410970307203,26.18870318119281],[85.40785047124172,26.180816043947438],[85.4043421900069,26.170805446674464],[85.41545174725047,26.17171550097201],[85.42802308834189,26.164435066591665],[85.43708614819849,26.16322166086161],[85.43971735912459,26.152604360723608],[85.45988997622476,26.141683709153092],[85.46573711161612,26.152301009291094],[85.47509252824229,26.151087603561034],[85.48649444225542,26.141380357720575],[85.49497278857288,26.138953546260463],[85.49701928595987,26.130156354717545],[85.51368362182522,26.127426191824917],[85.50783648643386,26.115292134524346],[85.50988298382084,26.110135160171602],[85.50169699427295,26.094967588545884],[85.5002352104251,26.083136882677827],[85.51426833536436,26.078283259757598],[85.50549763227733,26.07160952824228],[85.51046769735997,26.05947547094171]]]},"properties":{"name":"Musahri","lgd":1212,"census":"01212","district":"Muzaffarpur","dist_lgd":208,"state":"Bihar","state_lgd":10,"id":"IN-BR-S-1212","source_name":"Musahri","level":"subdistrict","mausam_level":"subdistrict","source_code":"1212","parent_code":"208","parent_id":"IN-BR-D-208","district_code":"208","state_code":"10","subdistrict_code":"1212"}},{"type":"Feature","id":"1213","geometry":{"type":"Polygon","coordinates":[[[85.29149247695378,26.068272662484624],[85.30552560189302,26.070396122512225],[85.30435617481476,26.064632445294453],[85.31400394821048,26.062812336699366],[85.31692751590616,26.071306176809767],[85.3218975809888,26.073429636837368],[85.32277465129752,26.08283353124531],[85.32979121376714,26.08404693697537],[85.34177784131941,26.080710071217712],[85.34031605747157,26.07069947394474],[85.3482096902499,26.06675590532205],[85.36224281518915,26.064025742429422],[85.35961160426305,26.08283353124531],[85.36662816673267,26.080710071217712],[85.3663358099631,26.07221623110731],[85.37686065366753,26.069182716782166],[85.39732562753727,26.069182716782166],[85.40638868739387,26.063419039564394],[85.40726575770258,26.05189168512885],[85.4142823201722,26.049161522236222],[85.41749824463744,26.040971033558336],[85.4250995206462,26.039454276395762],[85.43094665603756,26.033387247745477],[85.44030207266373,26.04339784501845],[85.45082691636816,26.04127438499085],[85.45550462468125,26.027623570527705],[85.45287341375514,26.018826378984787],[85.44117914297243,26.00972583600936],[85.43445493727238,26.00123199589896],[85.42860780188101,25.98667112713827],[85.43123901280713,25.974840421270212],[85.42860780188101,25.95845944391444],[85.42539187741578,25.951785712399122],[85.41720588786788,25.950572306669066],[85.40901989831998,25.94511198088381],[85.40872754155042,25.93965165509855],[85.40171097908079,25.933584626448262],[85.39235556245463,25.936011437908377],[85.38826256768067,25.93115781498815],[85.37072116150662,25.93267457215072],[85.36399695580656,25.940865060828607],[85.35113325794558,25.94389857515375],[85.34090077101071,25.952089063831636],[85.3338842085411,25.954819226724265],[85.32102051068011,25.951482360966608],[85.31429630498005,25.94602203518135],[85.28564534156241,25.950572306669066],[85.28886126602767,25.96058290394204],[85.29003069310593,25.99941188730387],[85.2821370603276,26.006388970251702],[85.28476827125371,26.01184929603696],[85.28593769833199,26.01761297325473],[85.2739510707797,26.028533624825247],[85.28447591448415,26.02792692196022],[85.28827655248853,26.033387247745477],[85.29061540664506,26.044611250748506],[85.28155234678847,26.046734710776107],[85.2721969301623,26.03915092496325],[85.26518036769268,26.044611250748506],[85.2596255890709,26.05340844229142],[85.26810393538835,26.05674530804908],[85.28447591448415,26.05826206521165],[85.29149247695378,26.068272662484624]]]},"properties":{"name":"Kurhani","lgd":1213,"census":"01213","district":"Muzaffarpur","dist_lgd":208,"state":"Bihar","state_lgd":10,"id":"IN-BR-S-1213","source_name":"Kurhani","level":"subdistrict","mausam_level":"subdistrict","source_code":"1213","parent_code":"208","parent_id":"IN-BR-D-208","district_code":"208","state_code":"10","subdistrict_code":"1213"}},{"type":"Feature","id":"1214","geometry":{"type":"Polygon","coordinates":[[[85.63442696765668,25.9872778300033],[85.64115117335673,25.984244315678154],[85.64056645981759,25.9766605298653],[85.63267282703927,25.970896852647524],[85.63033397288274,25.959672849644495],[85.63208811350013,25.948448846641465],[85.63588875150452,25.942078466558666],[85.64202824366544,25.941775115126152],[85.6388123192002,25.927214246365462],[85.64027410304803,25.92205727201272],[85.62536390780008,25.919630460552604],[85.6116231396304,25.928124300663004],[85.6008059391564,25.927517597797976],[85.59759001469115,25.92296732631026],[85.5826798194432,25.921753920580205],[85.56689255388653,25.926000840635407],[85.56104541849518,25.910529917577175],[85.5563677101821,25.90961986327963],[85.54291929878198,25.91295672903729],[85.53677980662107,25.92145056914769],[85.5274243899949,25.920843866282663],[85.51426833536436,25.910529917577175],[85.4958498588816,25.90961986327963],[85.49263393441635,25.921147217715177],[85.486786799025,25.92691089493295],[85.47538488501185,25.930247760690605],[85.46749125223353,25.926607543500435],[85.452288700216,25.923877380607806],[85.44205621328113,25.924484083472834],[85.43328551019411,25.936921492205922],[85.42217595295054,25.937831546503464],[85.40901989831998,25.94511198088381],[85.41720588786788,25.950572306669066],[85.42539187741578,25.951785712399122],[85.42860780188101,25.95845944391444],[85.43123901280713,25.974840421270212],[85.42860780188101,25.98667112713827],[85.43445493727238,26.00123199589896],[85.44117914297243,26.00972583600936],[85.45287341375514,26.018826378984787],[85.45550462468125,26.027623570527705],[85.47655431209012,26.021556541877416],[85.48474030163801,26.017006270389704],[85.48971036672067,26.01821967611976],[85.49497278857288,26.027623570527705],[85.52216196814268,26.018826378984787],[85.52186961137312,26.010332538874387],[85.53239445507755,26.00608561881919],[85.53561037954279,26.013062701767016],[85.5572447804908,26.014276107497075],[85.56484605649956,26.008512430279303],[85.56484605649956,26.002445401629014],[85.57829446789968,25.992131452923527],[85.58735752775628,25.981514152785525],[85.58911166837369,25.972110258377583],[85.6051912906999,25.97332366410764],[85.60723778808688,25.96786333832238],[85.61834734533045,25.96907674405244],[85.63296518380884,25.98242420708307],[85.63442696765668,25.9872778300033]]]},"properties":{"name":"Sakra","lgd":1214,"census":"01214","district":"Muzaffarpur","dist_lgd":208,"state":"Bihar","state_lgd":10,"id":"IN-BR-S-1214","source_name":"Sakra","level":"subdistrict","mausam_level":"subdistrict","source_code":"1214","parent_code":"208","parent_id":"IN-BR-D-208","district_code":"208","state_code":"10","subdistrict_code":"1214"}},{"type":"Feature","id":"1203","geometry":{"type":"Polygon","coordinates":[[[85.33973134393244,26.135920031935317],[85.32949885699757,26.13379657190772],[85.32540586222362,26.125909434662347],[85.31283452113222,26.1228759203372],[85.3002631800408,26.1165055402544],[85.29412368787987,26.10952845730657],[85.29792432588425,26.09678769714097],[85.29587782849728,26.087383802733026],[85.29149247695378,26.068272662484624],[85.28447591448415,26.05826206521165],[85.26810393538835,26.05674530804908],[85.2596255890709,26.05340844229142],[85.2531937401404,26.04976822510125],[85.24588482090121,26.055835253751535],[85.23740647458375,26.05735201091411],[85.21547971686617,26.06796931105211],[85.2143102897879,26.07555309686497],[85.21898799810099,26.085867045570456],[85.21284850594006,26.08617039700297],[85.20378544608346,26.092237425653256],[85.20466251639216,26.106494942981428],[85.19092174822248,26.110438511604116],[85.18887525083551,26.118932351714516],[85.18215104513546,26.123785974634746],[85.18390518575286,26.134403274772747],[85.17688862328323,26.134403274772747],[85.17425741235712,26.151087603561034],[85.16431728219183,26.15715463221132],[85.16870263373534,26.166255175186752],[85.18302811544416,26.164435066591665],[85.20583194347043,26.169288689511895],[85.21664914394444,26.182636152542525],[85.21986506840969,26.175052366729666],[85.216941500714,26.165041769456693],[85.22132685225752,26.157457983643834],[85.24179182612727,26.15442446931869],[85.24179182612727,26.145627277775777],[85.24910074536646,26.139863600558005],[85.25904087553175,26.13622338336783],[85.2713198598536,26.138953546260463],[85.28009056294063,26.136830086232862],[85.28418355771458,26.144110520613204],[85.29178483372334,26.141987060585606],[85.28681476864068,26.134403274772747],[85.28944597956679,26.130156354717545],[85.30230967742777,26.130156354717545],[85.30669502897129,26.139256897692977],[85.30260203419735,26.141987060585606],[85.30698738574085,26.15442446931869],[85.31429630498005,26.156244577913778],[85.3218975809888,26.15290771215612],[85.32218993775838,26.140470303423033],[85.33973134393244,26.135920031935317]]]},"properties":{"name":"Marwan","lgd":1203,"census":"01203","district":"Muzaffarpur","dist_lgd":208,"state":"Bihar","state_lgd":10,"id":"IN-BR-S-1203","source_name":"Marwan","level":"subdistrict","mausam_level":"subdistrict","source_code":"1203","parent_code":"208","parent_id":"IN-BR-D-208","district_code":"208","state_code":"10","subdistrict_code":"1203"}},{"type":"Feature","id":"1204","geometry":{"type":"Polygon","coordinates":[[[85.16841027696577,26.16777193234932],[85.16285549834399,26.18506296400264],[85.17221091497015,26.189309884057838],[85.1862440399094,26.191129992652925],[85.19150646176162,26.197500372735725],[85.19413767268773,26.208117672873726],[85.20027716484864,26.208724375738758],[85.20056952161822,26.219038324444245],[85.20846315439654,26.221161784471843],[85.20787844085741,26.2266221102571],[85.21723385748358,26.224802001662017],[85.21898799810099,26.2160048101191],[85.22805105795759,26.213577998658987],[85.22512749026191,26.199623832763326],[85.23682176104461,26.196590318438183],[85.24062239904899,26.207814321441212],[85.25465552398825,26.206297564278643],[85.25933323230132,26.21448805295653],[85.26927336246663,26.216914864416644],[85.27073514631446,26.20690426714367],[85.28009056294063,26.203870752818528],[85.29178483372334,26.192950101248012],[85.30669502897129,26.201443941358413],[85.318389299754,26.19992718419584],[85.3175122294453,26.181726098244983],[85.31078802374523,26.175052366729666],[85.31985108360183,26.167468580916807],[85.32686764607146,26.180816043947438],[85.3373924897759,26.181726098244983],[85.35464153918039,26.178389232487323],[85.34996383086731,26.151997657858576],[85.34499376578466,26.14593062920829],[85.34791733348034,26.138953546260463],[85.33973134393244,26.135920031935317],[85.32218993775838,26.140470303423033],[85.3218975809888,26.15290771215612],[85.31429630498005,26.156244577913778],[85.30698738574085,26.15442446931869],[85.30260203419735,26.141987060585606],[85.30669502897129,26.139256897692977],[85.30230967742777,26.130156354717545],[85.28944597956679,26.130156354717545],[85.28681476864068,26.134403274772747],[85.29178483372334,26.141987060585606],[85.28418355771458,26.144110520613204],[85.28009056294063,26.136830086232862],[85.2713198598536,26.138953546260463],[85.25904087553175,26.13622338336783],[85.24910074536646,26.139863600558005],[85.24179182612727,26.145627277775777],[85.24179182612727,26.15442446931869],[85.22132685225752,26.157457983643834],[85.216941500714,26.165041769456693],[85.21986506840969,26.175052366729666],[85.21664914394444,26.182636152542525],[85.20583194347043,26.169288689511895],[85.18302811544416,26.164435066591665],[85.16870263373534,26.166255175186752],[85.16841027696577,26.16777193234932]]]},"properties":{"name":"Kanti","lgd":1204,"census":"01204","district":"Muzaffarpur","dist_lgd":208,"state":"Bihar","state_lgd":10,"id":"IN-BR-S-1204","source_name":"Kanti","level":"subdistrict","mausam_level":"subdistrict","source_code":"1204","parent_code":"208","parent_id":"IN-BR-D-208","district_code":"208","state_code":"10","subdistrict_code":"1204"}},{"type":"Feature","id":"1202","geometry":{"type":"Polygon","coordinates":[[[85.11900198290883,26.172322203837037],[85.1228026209132,26.16777193234932],[85.13537396200462,26.163525012294123],[85.14151345416555,26.166255175186752],[85.15759307649176,26.16049149796898],[85.16022428741788,26.166255175186752],[85.16841027696577,26.16777193234932],[85.16870263373534,26.166255175186752],[85.16431728219183,26.15715463221132],[85.17425741235712,26.151087603561034],[85.17688862328323,26.134403274772747],[85.18390518575286,26.134403274772747],[85.18215104513546,26.123785974634746],[85.18887525083551,26.118932351714516],[85.19092174822248,26.110438511604116],[85.20466251639216,26.106494942981428],[85.20378544608346,26.092237425653256],[85.21284850594006,26.08617039700297],[85.21898799810099,26.085867045570456],[85.2143102897879,26.07555309686497],[85.21547971686617,26.06796931105211],[85.23740647458375,26.05735201091411],[85.24588482090121,26.055835253751535],[85.2531937401404,26.04976822510125],[85.2596255890709,26.05340844229142],[85.26518036769268,26.044611250748506],[85.2721969301623,26.03915092496325],[85.28155234678847,26.046734710776107],[85.29061540664506,26.044611250748506],[85.28827655248853,26.033387247745477],[85.28447591448415,26.02792692196022],[85.2739510707797,26.028533624825247],[85.28593769833199,26.01761297325473],[85.28476827125371,26.01184929603696],[85.27979820617107,26.007299024549244],[85.27161221662317,26.01336605319953],[85.25582495106651,26.011242593171932],[85.23974532874028,26.015186161794617],[85.2341905501185,26.003658807359074],[85.22308099287493,25.99941188730387],[85.20934022470524,26.00608561881919],[85.18887525083551,26.0021420501965],[85.18916760760507,26.005478915954157],[85.17484212589626,26.010939241739415],[85.16811792019621,26.010332538874387],[85.16197842803528,26.0042655102241],[85.15028415725257,26.003658807359074],[85.13215803753937,25.99728842727627],[85.11315484751748,26.000928644466445],[85.10496885796958,25.998805184438844],[85.10584592827828,25.981514152785525],[85.09619815488256,25.98121080135301],[85.08508859763899,25.976357178432785],[85.07924146224762,25.970896852647524],[85.06637776438664,25.974233718405184],[85.05789941806918,25.98394096424564],[85.05731470453004,25.991828101491013],[85.03392616296463,25.997895130141302],[85.01580004325143,25.994861615816156],[85.00556755631656,26.007299024549244],[84.9970892099991,26.00911913314433],[85.00235163185133,26.016399567524676],[85.0061522698557,26.030353733420334],[85.01550768648187,26.03156713915039],[85.02895609788197,26.02671351623016],[85.03071023849938,26.032173842015418],[85.03977329835598,26.033993950610505],[85.05351406652566,26.032173842015418],[85.06667012115622,26.033993950610505],[85.07017840239102,26.048858170803708],[85.07690260809107,26.049161522236222],[85.07719496486065,26.06432909386194],[85.0748561107041,26.072519582539826],[85.07836439193892,26.07706985402754],[85.08888923564336,26.077373205460052],[85.09415165749557,26.069182716782166],[85.09005866272163,26.05098163083131],[85.07982617578676,26.048858170803708],[85.08538095440855,26.04066768212582],[85.09152044656946,26.04764476507365],[85.11169306366963,26.045217953613534],[85.11549370167401,26.040971033558336],[85.12455676153061,26.041881087855877],[85.12543383183932,26.058565416644164],[85.14443702186122,26.05826206521165],[85.15291536817868,26.06705925675457],[85.14502173540035,26.07919331405514],[85.14589880570907,26.084350288407883],[85.12777268599586,26.0889005598956],[85.12689561568716,26.09830445430354],[85.1184172693697,26.104674834386344],[85.10379943089131,26.10952845730657],[85.09736758196082,26.11498878309183],[85.0994140793478,26.128032894689944],[85.10613828504785,26.130763057582573],[85.10730771212613,26.136830086232862],[85.1166631287523,26.13956024912549],[85.12192555060452,26.14714403493835],[85.12338733445235,26.15715463221132],[85.11900198290883,26.172322203837037]]]},"properties":{"name":"Saraiya","lgd":1202,"census":"01202","district":"Muzaffarpur","dist_lgd":208,"state":"Bihar","state_lgd":10,"id":"IN-BR-S-1202","source_name":"Saraiya","level":"subdistrict","mausam_level":"subdistrict","source_code":"1202","parent_code":"208","parent_id":"IN-BR-D-208","district_code":"208","state_code":"10","subdistrict_code":"1202"}},{"type":"Feature","id":"1201","geometry":{"type":"Polygon","coordinates":[[[85.01638475679057,26.219645027309273],[85.03129495203852,26.207207618576184],[85.04678986082561,26.19992718419584],[85.0523446394474,26.184456261137612],[85.05117521236912,26.170198743809436],[85.05936120191703,26.16473841802418],[85.07544082424324,26.162311606564064],[85.0812879596346,26.16686187805178],[85.09005866272163,26.168378635214353],[85.09268987364774,26.174142312432124],[85.1020452902739,26.161401552266522],[85.11227777720877,26.16200825513155],[85.11403191782618,26.171412149539496],[85.11900198290883,26.172322203837037],[85.12338733445235,26.15715463221132],[85.12192555060452,26.14714403493835],[85.1166631287523,26.13956024912549],[85.10730771212613,26.136830086232862],[85.10613828504785,26.130763057582573],[85.0994140793478,26.128032894689944],[85.09736758196082,26.11498878309183],[85.10379943089131,26.10952845730657],[85.1184172693697,26.104674834386344],[85.12689561568716,26.09830445430354],[85.12777268599586,26.0889005598956],[85.14589880570907,26.084350288407883],[85.14502173540035,26.07919331405514],[85.15291536817868,26.06705925675457],[85.14443702186122,26.05826206521165],[85.12543383183932,26.058565416644164],[85.12455676153061,26.041881087855877],[85.11549370167401,26.040971033558336],[85.11169306366963,26.045217953613534],[85.09152044656946,26.04764476507365],[85.08538095440855,26.04066768212582],[85.07982617578676,26.048858170803708],[85.09005866272163,26.05098163083131],[85.09415165749557,26.069182716782166],[85.08888923564336,26.077373205460052],[85.07836439193892,26.07706985402754],[85.0748561107041,26.072519582539826],[85.07719496486065,26.06432909386194],[85.07690260809107,26.049161522236222],[85.07017840239102,26.048858170803708],[85.06667012115622,26.033993950610505],[85.05351406652566,26.032173842015418],[85.03977329835598,26.033993950610505],[85.03071023849938,26.032173842015418],[85.02895609788197,26.02671351623016],[85.01550768648187,26.03156713915039],[85.0061522698557,26.030353733420334],[85.00235163185133,26.016399567524676],[84.9970892099991,26.00911913314433],[84.98159430121201,26.004568861656615],[84.96843824658147,25.99455826438364],[84.96025225703357,25.996681724411243],[84.95557454872049,26.008512430279303],[84.94271085085951,26.013062701767016],[84.93569428838988,26.01821967611976],[84.93218600715508,26.03005038198782],[84.93540193162032,26.04006097926079],[84.93423250454205,26.05067827939879],[84.94329556439865,26.054015145156452],[84.94914269979,26.063722390996908],[84.94475734824648,26.07221623110731],[84.94651148886389,26.08010336835268],[84.94592677532475,26.09375418281583],[84.93978728316384,26.09891115716857],[84.94797327271172,26.103461428656285],[84.93978728316384,26.10861840300903],[84.94124906701167,26.118932351714516],[84.91961466606367,26.13652673480035],[84.90996689266792,26.154727820751205],[84.91581402805929,26.16473841802418],[84.91786052544626,26.17808588105481],[84.92955479622896,26.179905989649896],[84.93130893684636,26.17656912389224],[84.94329556439865,26.172928906702065],[84.95118919717697,26.179602638217382],[84.96229875442054,26.177175826757267],[84.96873060335103,26.18597301830018],[84.97253124135541,26.17808588105481],[84.9798401605946,26.17747917818978],[84.98597965275553,26.190219938355384],[84.98188665798158,26.194163506978068],[84.98364079859898,26.206297564278643],[84.99241150168602,26.203870752818528],[84.99884335061651,26.217521567281672],[85.00410577246873,26.221768487336874],[85.01638475679057,26.219645027309273]]]},"properties":{"name":"Paroo","lgd":1201,"census":"01201","district":"Muzaffarpur","dist_lgd":208,"state":"Bihar","state_lgd":10,"id":"IN-BR-S-1201","source_name":"Paroo","level":"subdistrict","mausam_level":"subdistrict","source_code":"1201","parent_code":"208","parent_id":"IN-BR-D-208","district_code":"208","state_code":"10","subdistrict_code":"1201"}},{"type":"Feature","id":"1047","geometry":{"type":"Polygon","coordinates":[[[84.77957577344074,26.451102170317704],[84.81027323424534,26.44200162734227],[84.81495094255843,26.4362379501245],[84.82810699718897,26.43532789582696],[84.836877700276,26.437148004422042],[84.83980126797168,26.410149726928267],[84.8342464893499,26.39831902106021],[84.82752228364984,26.394982155302554],[84.83570827319774,26.386184963759636],[84.84272483566735,26.38648831519215],[84.86202038245882,26.37920788081181],[84.87605350739807,26.378904529379295],[84.88540892402423,26.38375815229952],[84.89242548649386,26.37526431218912],[84.89184077295474,26.362826903456032],[84.89564141095912,26.355243117643177],[84.90879746558966,26.345232520370203],[84.90675096820269,26.337648734557344],[84.91522931452015,26.33795208598986],[84.91669109836798,26.32551467725677],[84.90967453589836,26.323391217229172],[84.9020732598896,26.3261213801218],[84.89622612449824,26.31702083714637],[84.88804013495036,26.29881975119551],[84.88102357248073,26.27849520521705],[84.87751529124591,26.261810876428765],[84.87196051262413,26.256957253508535],[84.86815987461975,26.25726060494105],[84.85617324706747,26.270304716539165],[84.83629298673686,26.279405259514593],[84.83219999196292,26.286382342462424],[84.82547578626287,26.282135422407222],[84.80618023947139,26.285775639597396],[84.80910380716708,26.294876182572825],[84.80939616393664,26.313077268523685],[84.80764202331923,26.320964405769057],[84.78542290883209,26.337042031692317],[84.77431335158852,26.341895654612546],[84.76788150265803,26.33734538312483],[84.76203436726668,26.34644592610026],[84.74770888555786,26.358883334833347],[84.76729678911889,26.370107337836377],[84.76846621619717,26.378297826514263],[84.75560251833619,26.381027989406892],[84.75940315634057,26.398622372492724],[84.75326366417964,26.40741956403564],[84.76437322142321,26.410756429793295],[84.76495793496235,26.41803686417364],[84.75560251833619,26.421070378498783],[84.75618723187532,26.426227352851527],[84.76437322142321,26.43987816731467],[84.76671207557976,26.45170887318273],[84.77957577344074,26.451102170317704]]]},"properties":{"name":"Kesaria","lgd":1047,"census":"01047","district":"Purbi Champaran","dist_lgd":213,"state":"Bihar","state_lgd":10,"id":"IN-BR-S-1047","source_name":"Kesaria","level":"subdistrict","mausam_level":"subdistrict","source_code":"1047","parent_code":"213","parent_id":"IN-BR-D-213","district_code":"213","state_code":"10","subdistrict_code":"1047"}},{"type":"Feature","id":"1199","geometry":{"type":"Polygon","coordinates":[[[85.03158730880808,26.32308786579666],[85.03568030358204,26.317930891443915],[85.03626501712117,26.300336508358082],[85.03948094158642,26.293966128275283],[85.03860387127772,26.282438773839736],[85.0359726603516,26.277888502352024],[85.02281660572106,26.28031531381214],[85.0225242489515,26.261507524996247],[85.01082997816879,26.249070116263162],[85.0152153297123,26.23996957328773],[85.02457074633847,26.235419301800018],[85.01638475679057,26.219645027309273],[85.00410577246873,26.221768487336874],[84.99884335061651,26.217521567281672],[84.99241150168602,26.203870752818528],[84.98364079859898,26.206297564278643],[84.98188665798158,26.194163506978068],[84.98597965275553,26.190219938355384],[84.9798401605946,26.17747917818978],[84.97253124135541,26.17808588105481],[84.96873060335103,26.18597301830018],[84.96229875442054,26.177175826757267],[84.95118919717697,26.179602638217382],[84.94329556439865,26.172928906702065],[84.93130893684636,26.17656912389224],[84.92955479622896,26.179905989649896],[84.91786052544626,26.17808588105481],[84.91172103328533,26.18384955827258],[84.90178090312003,26.198713778465784],[84.89973440573306,26.207207618576184],[84.89359491357214,26.216308161551616],[84.90587389789398,26.22571205595956],[84.90441211404614,26.235722653232532],[84.88336242663726,26.232992490339903],[84.87196051262413,26.256957253508535],[84.87751529124591,26.261810876428765],[84.88102357248073,26.27849520521705],[84.88804013495036,26.29881975119551],[84.89622612449824,26.31702083714637],[84.9020732598896,26.3261213801218],[84.90967453589836,26.323391217229172],[84.91669109836798,26.32551467725677],[84.92078409314193,26.328548191581916],[84.94475734824648,26.32763813728437],[84.98013251736418,26.32308786579666],[84.98948793399035,26.330368300177],[85.00001277769478,26.33309846306963],[85.01375354586446,26.328244840149402],[85.01550768648187,26.322481162931627],[85.02398603279933,26.319751000039],[85.03158730880808,26.32308786579666]]]},"properties":{"name":"Sahebganj","lgd":1199,"census":"01199","district":"Muzaffarpur","dist_lgd":208,"state":"Bihar","state_lgd":10,"id":"IN-BR-S-1199","source_name":"Sahebganj","level":"subdistrict","mausam_level":"subdistrict","source_code":"1199","parent_code":"208","parent_id":"IN-BR-D-208","district_code":"208","state_code":"10","subdistrict_code":"1199"}},{"type":"Feature","id":"1048","geometry":{"type":"Polygon","coordinates":[[[85.06637776438664,26.39134193811238],[85.06257712638227,26.38770172092221],[85.05965355868659,26.376174366486662],[85.06900897531276,26.379814583676836],[85.07836439193892,26.377084420784207],[85.08158031640417,26.372230797863978],[85.07807203516936,26.361613497725976],[85.061407699304,26.365253714916147],[85.05789941806918,26.34583922323523],[85.04357393636036,26.343109060342602],[85.0441586498995,26.338558788854886],[85.0359726603516,26.334008517367174],[85.03158730880808,26.32308786579666],[85.02398603279933,26.319751000039],[85.01550768648187,26.322481162931627],[85.01375354586446,26.328244840149402],[85.00001277769478,26.33309846306963],[84.98948793399035,26.330368300177],[84.98013251736418,26.32308786579666],[84.94475734824648,26.32763813728437],[84.92078409314193,26.328548191581916],[84.91669109836798,26.32551467725677],[84.91522931452015,26.33795208598986],[84.90675096820269,26.337648734557344],[84.90879746558966,26.345232520370203],[84.89564141095912,26.355243117643177],[84.89184077295474,26.362826903456032],[84.89242548649386,26.37526431218912],[84.88540892402423,26.38375815229952],[84.87605350739807,26.378904529379295],[84.86202038245882,26.37920788081181],[84.84272483566735,26.38648831519215],[84.83570827319774,26.386184963759636],[84.82752228364984,26.394982155302554],[84.8342464893499,26.39831902106021],[84.83980126797168,26.410149726928267],[84.836877700276,26.437148004422042],[84.84301719243692,26.438058058719587],[84.86523630692407,26.435934598691986],[84.86552866369364,26.4532256303453],[84.87546879385894,26.454742387507874],[84.87663822093721,26.46353957905079],[84.8839471401764,26.486897639354392],[84.89008663233733,26.487807693651934],[84.89359491357214,26.501761859547596],[84.90499682758528,26.50145850811508],[84.91142867651577,26.496908236627366],[84.9210764499115,26.48477417932679],[84.93364779100291,26.478403799243992],[84.92400001760717,26.47537028491885],[84.9219535202202,26.468999904836046],[84.92546180145501,26.45929265899559],[84.94037199670296,26.449888764587644],[84.93949492639426,26.4426083302073],[84.95791340287703,26.441394924477244],[84.9681458898119,26.434417841529413],[84.97370066843368,26.427137407149072],[84.98510258244683,26.426227352851527],[84.98568729598597,26.43259773293433],[84.9970892099991,26.432294381501816],[85.00702934016441,26.4277441100141],[85.00936819432094,26.43259773293433],[85.02135482187322,26.43047427290673],[85.0225242489515,26.42076702706627],[85.03451087650376,26.41045307836078],[85.03187966557766,26.404386049710496],[85.04152743897339,26.40044248108781],[85.05819177483875,26.39619556103261],[85.06637776438664,26.39134193811238]]]},"properties":{"name":"Kalyanpur","lgd":1048,"census":"01048","district":"Purbi Champaran","dist_lgd":213,"state":"Bihar","state_lgd":10,"id":"IN-BR-S-1048","source_name":"Kalyanpur","level":"subdistrict","mausam_level":"subdistrict","source_code":"1048","parent_code":"213","parent_id":"IN-BR-D-213","district_code":"213","state_code":"10","subdistrict_code":"1048"}},{"type":"Feature","id":"1051","geometry":{"type":"Polygon","coordinates":[[[85.03860387127772,26.529670191338912],[85.02193953541236,26.516626079740796],[85.01930832448625,26.506008779602794],[85.02954081142111,26.50085180525005],[85.02340131926019,26.49721158805988],[85.02632488695588,26.49144791084211],[85.0342185197342,26.49084120797708],[85.0359726603516,26.484167476461764],[85.04211215251253,26.47901050210902],[85.05059049882999,26.478707150676506],[85.05205228267783,26.471123364863647],[85.06111534253444,26.471730067728675],[85.0540987800648,26.461112767590674],[85.05760706129962,26.452012224615245],[85.08333445702158,26.432901084366843],[85.09239751687817,26.434721192961927],[85.0929822304173,26.424407244256443],[85.08684273825638,26.41803686417364],[85.06930133208232,26.416823458443584],[85.06871661854319,26.41227318695587],[85.0821650299433,26.402262589682895],[85.08011853255633,26.399229075357752],[85.07807203516936,26.388915126652265],[85.07164018623887,26.386791666624664],[85.06637776438664,26.39134193811238],[85.05819177483875,26.39619556103261],[85.04152743897339,26.40044248108781],[85.03187966557766,26.404386049710496],[85.03451087650376,26.41045307836078],[85.0225242489515,26.42076702706627],[85.02135482187322,26.43047427290673],[85.00936819432094,26.43259773293433],[85.00702934016441,26.4277441100141],[84.9970892099991,26.432294381501816],[84.98568729598597,26.43259773293433],[84.98510258244683,26.426227352851527],[84.97370066843368,26.427137407149072],[84.9681458898119,26.434417841529413],[84.95791340287703,26.441394924477244],[84.93949492639426,26.4426083302073],[84.94037199670296,26.449888764587644],[84.92546180145501,26.45929265899559],[84.9219535202202,26.468999904836046],[84.92400001760717,26.47537028491885],[84.93364779100291,26.478403799243992],[84.9210764499115,26.48477417932679],[84.91142867651577,26.496908236627366],[84.9210764499115,26.496908236627366],[84.92516944468545,26.50418867100771],[84.91318281713318,26.50570542817028],[84.91610638482885,26.513895916848167],[84.90616625466355,26.514805971145712],[84.89710319480695,26.52178305409354],[84.89710319480695,26.529063488473884],[84.90733568174181,26.531490299934],[84.90645861143312,26.5399841400444],[84.92721594207242,26.536647274286743],[84.93306307746377,26.543017654369542],[84.93861785608556,26.528153434176343],[84.94709620240303,26.536950625719257],[84.95703633256832,26.532703705664055],[84.96054461380314,26.53604057142171],[84.96317582472925,26.5484779801548],[84.97048474396844,26.546657871559713],[84.98451786890769,26.555758414535145],[85.00322870216002,26.557578523130232],[85.01141469170793,26.55424165737257],[85.01053762139921,26.546657871559713],[85.00176691831219,26.53877073431434],[84.98861086368164,26.543321005802056],[84.98364079859898,26.540590842909427],[84.98481022567725,26.531490299934],[84.99591978292082,26.53088359706897],[85.00469048600786,26.526940028446283],[85.01726182709928,26.52876013704137],[85.02398603279933,26.535737219989198],[85.02720195726457,26.545444465829657],[85.0350955900429,26.542410951504515],[85.03860387127772,26.529670191338912]]]},"properties":{"name":"Chakia(Pipra)","lgd":1051,"census":"01051","district":"Purbi Champaran","dist_lgd":213,"state":"Bihar","state_lgd":10,"id":"IN-BR-S-1051","source_name":"Chakia(Pipra)","level":"subdistrict","mausam_level":"subdistrict","source_code":"1051","parent_code":"213","parent_id":"IN-BR-D-213","district_code":"213","state_code":"10","subdistrict_code":"1051"}},{"type":"Feature","id":"1050","geometry":{"type":"Polygon","coordinates":[[[84.94709620240303,26.536950625719257],[84.93861785608556,26.528153434176343],[84.93306307746377,26.543017654369542],[84.92721594207242,26.536647274286743],[84.90645861143312,26.5399841400444],[84.89417962711127,26.54271430293703],[84.89154841618516,26.534523814259142],[84.87839236155462,26.539074085746858],[84.87459172355024,26.5463545201272],[84.87605350739807,26.553938305940058],[84.88190064278943,26.555758414535145],[84.88277771309814,26.563645551780517],[84.86786751785019,26.56667906610566],[84.8623127392284,26.584576800624006],[84.88014650217202,26.58488015205652],[84.89008663233733,26.592160586436865],[84.89505669741997,26.606114752332523],[84.89505669741997,26.590947180706806],[84.89973440573306,26.585486854921548],[84.91493695775058,26.586700260651604],[84.92400001760717,26.58366674632646],[84.9310165800768,26.58852036924669],[84.94066435347253,26.588823720679205],[84.96259111119011,26.57729636624366],[84.97370066843368,26.576082960513602],[84.9745777387424,26.567285768970688],[84.96931531689017,26.556365117400173],[84.95908282995529,26.551511494479943],[84.9500197700987,26.550904791614915],[84.94563441855519,26.541500897206973],[84.94709620240303,26.536950625719257]]]},"properties":{"name":"Piprakothi","lgd":1050,"census":"01050","district":"Purbi Champaran","dist_lgd":213,"state":"Bihar","state_lgd":10,"id":"IN-BR-S-1050","source_name":"Piprakothi","level":"subdistrict","mausam_level":"subdistrict","source_code":"1050","parent_code":"213","parent_id":"IN-BR-D-213","district_code":"213","state_code":"10","subdistrict_code":"1050"}},{"type":"Feature","id":"1042","geometry":{"type":"Polygon","coordinates":[[[84.89505669741997,26.606114752332523],[84.89008663233733,26.592160586436865],[84.88014650217202,26.58488015205652],[84.8623127392284,26.584576800624006],[84.86786751785019,26.56667906610566],[84.88277771309814,26.563645551780517],[84.88190064278943,26.555758414535145],[84.87605350739807,26.553938305940058],[84.87459172355024,26.5463545201272],[84.87839236155462,26.539074085746858],[84.87254522616327,26.542410951504515],[84.86172802568926,26.543017654369542],[84.86114331215012,26.547264574424744],[84.84886432782828,26.549084683019828],[84.84623311690217,26.557578523130232],[84.82664521334114,26.56030868602286],[84.82810699718897,26.568195823268233],[84.82284457533676,26.570015931863317],[84.81085794778448,26.564858957510573],[84.804426098854,26.56667906610566],[84.79185475776258,26.56091538888789],[84.78337641144512,26.565465660375605],[84.78922354683647,26.580329880568804],[84.80121017438874,26.58002652913629],[84.80354902854529,26.597924263654637],[84.81319680194102,26.605204698034978],[84.80647259624097,26.61642870103801],[84.7862999791408,26.619462215363153],[84.79273182807128,26.607631509495093],[84.77606749220593,26.599137669384692],[84.76583500527106,26.60672145519755],[84.76846621619717,26.615518646740465],[84.77519042189722,26.618855512498126],[84.77402099481895,26.625225892580925],[84.76554264850148,26.62977616406864],[84.7599878698797,26.63614654415144],[84.76788150265803,26.649190655749557],[84.77577513543636,26.6564710901299],[84.7708050703537,26.661628064482645],[84.77548277866678,26.667088390267903],[84.78688469267993,26.669818553160532],[84.78922354683647,26.68013250186602],[84.78571526560165,26.69074980200402],[84.7880541197582,26.695300073491733],[84.79945603377134,26.69347996489665],[84.81115030455405,26.70076039927699],[84.82430635918459,26.698333587816876],[84.82489107272373,26.69347996489665],[84.83570827319774,26.689839747706475],[84.84067833828038,26.683166016191162],[84.85032611167611,26.68528947621876],[84.86143566891968,26.676492284675845],[84.85792738768488,26.667998444565445],[84.86377452307623,26.6607180101851],[84.8666980907719,26.64858395288453],[84.86552866369364,26.63978676134161],[84.85734267414574,26.630989569798697],[84.86523630692407,26.625832595445953],[84.87254522616327,26.637359949881496],[84.88131592925029,26.64100016707167],[84.8848242104851,26.651314115777158],[84.8830700698677,26.662538118780187],[84.8921331297243,26.664964930240302],[84.89271784326343,26.65707779299493],[84.89885733542435,26.646460492856928],[84.90090383281134,26.64312362709927],[84.88804013495036,26.62765270404104],[84.8994420489635,26.62006891822818],[84.89505669741997,26.606114752332523]]]},"properties":{"name":"Turkaulia","lgd":1042,"census":"01042","district":"Purbi Champaran","dist_lgd":213,"state":"Bihar","state_lgd":10,"id":"IN-BR-S-1042","source_name":"Turkaulia","level":"subdistrict","mausam_level":"subdistrict","source_code":"1042","parent_code":"213","parent_id":"IN-BR-D-213","district_code":"213","state_code":"10","subdistrict_code":"1042"}},{"type":"Feature","id":"1049","geometry":{"type":"Polygon","coordinates":[[[84.836877700276,26.437148004422042],[84.82810699718897,26.43532789582696],[84.81495094255843,26.4362379501245],[84.81027323424534,26.44200162734227],[84.77957577344074,26.451102170317704],[84.78688469267993,26.451405521750218],[84.79127004422344,26.481437313569135],[84.78454583852339,26.482954070731708],[84.7871770494495,26.491144559409594],[84.78249934113641,26.494178073734737],[84.7798681302103,26.531186948501485],[84.78454583852339,26.5336137599616],[84.78396112498424,26.54271430293703],[84.77606749220593,26.539074085746858],[84.76612736204062,26.539680788611886],[84.76291143757538,26.5484779801548],[84.75823372926229,26.5506014401824],[84.7608649401884,26.561522091752916],[84.75881844280143,26.571229337593376],[84.76437322142321,26.57304944618846],[84.78337641144512,26.565465660375605],[84.79185475776258,26.56091538888789],[84.804426098854,26.56667906610566],[84.81085794778448,26.564858957510573],[84.82284457533676,26.570015931863317],[84.82810699718897,26.568195823268233],[84.82664521334114,26.56030868602286],[84.84623311690217,26.557578523130232],[84.84886432782828,26.549084683019828],[84.86114331215012,26.547264574424744],[84.86172802568926,26.543017654369542],[84.87254522616327,26.542410951504515],[84.87839236155462,26.539074085746858],[84.89154841618516,26.534523814259142],[84.89417962711127,26.54271430293703],[84.90645861143312,26.5399841400444],[84.90733568174181,26.531490299934],[84.89710319480695,26.529063488473884],[84.89710319480695,26.52178305409354],[84.90616625466355,26.514805971145712],[84.91610638482885,26.513895916848167],[84.91318281713318,26.50570542817028],[84.92516944468545,26.50418867100771],[84.9210764499115,26.496908236627366],[84.91142867651577,26.496908236627366],[84.90499682758528,26.50145850811508],[84.89359491357214,26.501761859547596],[84.89008663233733,26.487807693651934],[84.8839471401764,26.486897639354392],[84.87663822093721,26.46353957905079],[84.87546879385894,26.454742387507874],[84.86552866369364,26.4532256303453],[84.86523630692407,26.435934598691986],[84.84301719243692,26.438058058719587],[84.836877700276,26.437148004422042]]]},"properties":{"name":"Kotwa","lgd":1049,"census":"01049","district":"Purbi Champaran","dist_lgd":213,"state":"Bihar","state_lgd":10,"id":"IN-BR-S-1049","source_name":"Kotwa","level":"subdistrict","mausam_level":"subdistrict","source_code":"1049","parent_code":"213","parent_id":"IN-BR-D-213","district_code":"213","state_code":"10","subdistrict_code":"1049"}},{"type":"Feature","id":"1046","geometry":{"type":"Polygon","coordinates":[[[84.74537003140131,26.361613497725976],[84.73045983615336,26.37526431218912],[84.72256620337504,26.399229075357752],[84.71847320860108,26.401352535385353],[84.71233371644017,26.427137407149072],[84.70619422427924,26.43138432720427],[84.69537702380524,26.43350778723187],[84.6839751097921,26.44109157304473],[84.6658489900789,26.457775901833017],[84.65093879483095,26.46353957905079],[84.65883242760927,26.489021099381993],[84.6667260603876,26.507525536765367],[84.6658489900789,26.51419926828068],[84.67812797440075,26.512985862550625],[84.6939152399574,26.503885319575193],[84.69654645088352,26.511772456820566],[84.70677893781838,26.515109322578226],[84.71321078674887,26.53088359706897],[84.71964263567935,26.529670191338912],[84.72402798722287,26.53725397715177],[84.73455283092731,26.53877073431434],[84.74624710171003,26.53513051712417],[84.75589487510575,26.540287491476914],[84.76612736204062,26.539680788611886],[84.77606749220593,26.539074085746858],[84.78396112498424,26.54271430293703],[84.78454583852339,26.5336137599616],[84.7798681302103,26.531186948501485],[84.78249934113641,26.494178073734737],[84.7871770494495,26.491144559409594],[84.78454583852339,26.482954070731708],[84.79127004422344,26.481437313569135],[84.78688469267993,26.451405521750218],[84.77957577344074,26.451102170317704],[84.76671207557976,26.45170887318273],[84.76437322142321,26.43987816731467],[84.75618723187532,26.426227352851527],[84.75560251833619,26.421070378498783],[84.76495793496235,26.41803686417364],[84.76437322142321,26.410756429793295],[84.75326366417964,26.40741956403564],[84.75940315634057,26.398622372492724],[84.75560251833619,26.381027989406892],[84.76846621619717,26.378297826514263],[84.76729678911889,26.370107337836377],[84.74770888555786,26.358883334833347],[84.74537003140131,26.361613497725976]]]},"properties":{"name":"Sangrampur","lgd":1046,"census":"01046","district":"Purbi Champaran","dist_lgd":213,"state":"Bihar","state_lgd":10,"id":"IN-BR-S-1046","source_name":"Sangrampur","level":"subdistrict","mausam_level":"subdistrict","source_code":"1046","parent_code":"213","parent_id":"IN-BR-D-213","district_code":"213","state_code":"10","subdistrict_code":"1046"}},{"type":"Feature","id":"1043","geometry":{"type":"Polygon","coordinates":[[[84.78571526560165,26.69074980200402],[84.78922354683647,26.68013250186602],[84.78688469267993,26.669818553160532],[84.77548277866678,26.667088390267903],[84.7708050703537,26.661628064482645],[84.77577513543636,26.6564710901299],[84.76788150265803,26.649190655749557],[84.7599878698797,26.63614654415144],[84.76554264850148,26.62977616406864],[84.77402099481895,26.625225892580925],[84.77519042189722,26.618855512498126],[84.76846621619717,26.615518646740465],[84.76583500527106,26.60672145519755],[84.77606749220593,26.599137669384692],[84.79273182807128,26.607631509495093],[84.7862999791408,26.619462215363153],[84.80647259624097,26.61642870103801],[84.81319680194102,26.605204698034978],[84.80354902854529,26.597924263654637],[84.80121017438874,26.58002652913629],[84.78922354683647,26.580329880568804],[84.78337641144512,26.565465660375605],[84.76437322142321,26.57304944618846],[84.75881844280143,26.571229337593376],[84.7608649401884,26.561522091752916],[84.75823372926229,26.5506014401824],[84.76291143757538,26.5484779801548],[84.76612736204062,26.539680788611886],[84.75589487510575,26.540287491476914],[84.74624710171003,26.53513051712417],[84.73455283092731,26.53877073431434],[84.72402798722287,26.53725397715177],[84.71964263567935,26.529670191338912],[84.71321078674887,26.53088359706897],[84.70677893781838,26.515109322578226],[84.69654645088352,26.511772456820566],[84.69420759672697,26.53634392285423],[84.69800823473135,26.541804248639487],[84.70414772689227,26.56303884891549],[84.69537702380524,26.56880252613326],[84.6848521801008,26.57031928329583],[84.6822209691747,26.56394890321303],[84.65707828699188,26.564252254645545],[84.64801522713528,26.563342200348004],[84.64743051359613,26.576082960513602],[84.63222796157862,26.588823720679205],[84.6369056698917,26.60672145519755],[84.6187795501785,26.609148266657666],[84.62316490172202,26.619765566795667],[84.62258018818288,26.627956055473554],[84.63076617773078,26.626135946878467],[84.63456681573516,26.61521529530795],[84.64918465421354,26.604901346602464],[84.65503178960489,26.624315838283383],[84.6658489900789,26.623102432553324],[84.67111141193112,26.61794545820058],[84.67111141193112,26.607934860927607],[84.68455982333123,26.606418103765037],[84.69245345610956,26.609754969522694],[84.70444008366184,26.60308123800738],[84.70590186750968,26.624012486850866],[84.69479231026611,26.62067562109321],[84.69157638580086,26.62643929831098],[84.69274581287914,26.637359949881496],[84.68455982333123,26.640393464206642],[84.68192861240513,26.634326435556353],[84.67315790931809,26.635843192718927],[84.66614134684846,26.64524708712687],[84.66204835207452,26.6607180101851],[84.66380249269193,26.669818553160532],[84.67257319577897,26.678615744703446],[84.68192861240513,26.677098987540873],[84.68660632071821,26.687109584813847],[84.70268594304443,26.67254871605316],[84.70385537012271,26.68164925902859],[84.70970250551406,26.69287326203162],[84.71905792214022,26.691963207734076],[84.72256620337504,26.698333587816876],[84.73659932831428,26.707434130792308],[84.74770888555786,26.705007319332193],[84.74127703662737,26.691659856301563],[84.74507767463174,26.68741293624636],[84.7573566589536,26.691659856301563],[84.76525029173192,26.69924364211442],[84.77372863804938,26.693176613464132],[84.78571526560165,26.69074980200402]]]},"properties":{"name":"Harsidhi","lgd":1043,"census":"01043","district":"Purbi Champaran","dist_lgd":213,"state":"Bihar","state_lgd":10,"id":"IN-BR-S-1043","source_name":"Harsidhi","level":"subdistrict","mausam_level":"subdistrict","source_code":"1043","parent_code":"213","parent_id":"IN-BR-D-213","district_code":"213","state_code":"10","subdistrict_code":"1043"}},{"type":"Feature","id":"1034","geometry":{"type":"Polygon","coordinates":[[[84.7880541197582,26.695300073491733],[84.78571526560165,26.69074980200402],[84.77372863804938,26.693176613464132],[84.76525029173192,26.69924364211442],[84.7573566589536,26.691659856301563],[84.74507767463174,26.68741293624636],[84.74127703662737,26.691659856301563],[84.74770888555786,26.705007319332193],[84.73659932831428,26.707434130792308],[84.72256620337504,26.698333587816876],[84.71905792214022,26.691963207734076],[84.70970250551406,26.69287326203162],[84.70385537012271,26.68164925902859],[84.70268594304443,26.67254871605316],[84.68660632071821,26.687109584813847],[84.67812797440075,26.69226655916659],[84.67958975824858,26.698333587816876],[84.68865281810518,26.706524076494762],[84.69069931549215,26.713501159442593],[84.70122415919658,26.717141376632764],[84.70385537012271,26.734735759718596],[84.7129184299793,26.74080278836888],[84.71935027890979,26.741106139801396],[84.7228585601446,26.749903331344314],[84.71818085183152,26.756273711427113],[84.7219814898359,26.765070902970027],[84.71759613829238,26.76931782302523],[84.71613435444455,26.778115014568144],[84.72139677629676,26.78964236900369],[84.73075219292294,26.800259669141692],[84.73747639862299,26.79813620911409],[84.74361589078391,26.80845015781958],[84.75297130741008,26.808753509252092],[84.76934328650586,26.805113292061918],[84.77928341667116,26.81573059219992],[84.78483819529296,26.83817859820598],[84.80354902854529,26.83605513817838],[84.81612036963669,26.825741189472893],[84.83395413258033,26.82483113517535],[84.83395413258033,26.81573059219992],[84.8523726090631,26.79328258619386],[84.85178789552396,26.775384851675515],[84.84623311690217,26.764160848672486],[84.83658534350644,26.759003874319742],[84.83161527842378,26.73625251688117],[84.83307706227163,26.726241919608196],[84.82313693210632,26.723208405283053],[84.81612036963669,26.72442181101311],[84.79857896346263,26.707434130792308],[84.79243947130172,26.70470396789968],[84.7880541197582,26.695300073491733]]]},"properties":{"name":"Sugauli","lgd":1034,"census":"01034","district":"Purbi Champaran","dist_lgd":213,"state":"Bihar","state_lgd":10,"id":"IN-BR-S-1034","source_name":"Sugauli","level":"subdistrict","mausam_level":"subdistrict","source_code":"1034","parent_code":"213","parent_id":"IN-BR-D-213","district_code":"213","state_code":"10","subdistrict_code":"1034"}},{"type":"Feature","id":"1033","geometry":{"type":"Polygon","coordinates":[[[84.83395413258033,26.82483113517535],[84.81612036963669,26.825741189472893],[84.80354902854529,26.83605513817838],[84.78483819529296,26.83817859820598],[84.77928341667116,26.81573059219992],[84.76934328650586,26.805113292061918],[84.75297130741008,26.808753509252092],[84.74361589078391,26.80845015781958],[84.74449296109262,26.816640646497465],[84.7409846798578,26.820887566552663],[84.72636684137942,26.821190917985177],[84.72519741430115,26.833628326718266],[84.73133690646206,26.836358489610895],[84.73367576061861,26.84303222112621],[84.72665919814898,26.84849254691147],[84.71935027890979,26.84576238401884],[84.71671906798369,26.85850314418444],[84.70444008366184,26.866086929997298],[84.70063944565746,26.87518747297273],[84.69040695872259,26.875794175837758],[84.68660632071821,26.89278185605856],[84.68923753164432,26.89429861322113],[84.70794836489665,26.890355044598444],[84.71496492736628,26.900972344736445],[84.71350314351844,26.910072887711877],[84.72432034399245,26.924937107905077],[84.73455283092731,26.923116999309993],[84.74332353401434,26.924633756472563],[84.75560251833619,26.919173430687305],[84.7708050703537,26.915533213497135],[84.7781139895929,26.92918402796028],[84.7798681302103,26.939497976665766],[84.78834647652776,26.942228139558395],[84.80910380716708,26.93858792236822],[84.80676495301053,26.92857732509525],[84.82284457533676,26.92524045933759],[84.83746241381513,26.926150513635136],[84.86465159338493,26.933127596582963],[84.85909681476315,26.912499699171992],[84.86377452307623,26.907039373386734],[84.85997388507185,26.89975893900639],[84.85821974445444,26.872760661512615],[84.86640573400234,26.870030498619986],[84.86289745276753,26.860019901347012],[84.85646560383704,26.851222709804098],[84.86348216630667,26.843335572558725],[84.85061846844569,26.836358489610895],[84.84564840336304,26.828471352365522],[84.836877700276,26.82968475809558],[84.83395413258033,26.82483113517535]]]},"properties":{"name":"Ramgarhwa","lgd":1033,"census":"01033","district":"Purbi Champaran","dist_lgd":213,"state":"Bihar","state_lgd":10,"id":"IN-BR-S-1033","source_name":"Ramgarhwa","level":"subdistrict","mausam_level":"subdistrict","source_code":"1033","parent_code":"213","parent_id":"IN-BR-D-213","district_code":"213","state_code":"10","subdistrict_code":"1033"}},{"type":"Feature","id":"1031","geometry":{"type":"Polygon","coordinates":[[[84.86465159338493,26.933127596582963],[84.83746241381513,26.926150513635136],[84.82284457533676,26.92524045933759],[84.80676495301053,26.92857732509525],[84.80910380716708,26.93858792236822],[84.78834647652776,26.942228139558395],[84.7798681302103,26.939497976665766],[84.7781139895929,26.92918402796028],[84.7708050703537,26.915533213497135],[84.75560251833619,26.919173430687305],[84.74332353401434,26.924633756472563],[84.73455283092731,26.923116999309993],[84.72432034399245,26.924937107905077],[84.71350314351844,26.910072887711877],[84.71496492736628,26.900972344736445],[84.70794836489665,26.890355044598444],[84.68923753164432,26.89429861322113],[84.68660632071821,26.89278185605856],[84.68046682855729,26.89005169316593],[84.67812797440075,26.914319807767075],[84.68631396394863,26.92281364787748],[84.69830059150092,26.92069018784988],[84.69888530504005,26.939497976665766],[84.70970250551406,26.941014733828336],[84.713795500288,26.94829516820868],[84.72490505753157,26.956485656886567],[84.73075219292294,26.95375549399394],[84.74156939339693,26.95527225115651],[84.74858595586656,26.964676145564454],[84.74478531786218,26.9740800399724],[84.74770888555786,26.986820800138002],[84.75969551311013,26.998348154573545],[84.75852608603186,27.00350512892629],[84.76466557819279,27.01290902333423],[84.77314392451025,27.01776264625446],[84.78279169790598,27.01412242906429],[84.7880541197582,27.005931940386404],[84.7862999791408,26.99865150600606],[84.79390125514955,26.99592134311343],[84.79916367700177,27.00350512892629],[84.8070573097801,27.00714534611646],[84.81582801286713,27.02049280914709],[84.82956878103681,27.019582754849548],[84.83833948412385,27.01412242906429],[84.8541267496805,27.00835875184652],[84.85734267414574,26.990461017328172],[84.86435923661537,26.984393988677887],[84.88248535632857,26.97893366289263],[84.88248535632857,26.972259931377312],[84.87546879385894,26.961339279806797],[84.86728280431105,26.958305765481654],[84.86903694492845,26.94617170818108],[84.86465159338493,26.933127596582963]]]},"properties":{"name":"Raxaul","lgd":1031,"census":"01031","district":"Purbi Champaran","dist_lgd":213,"state":"Bihar","state_lgd":10,"id":"IN-BR-S-1031","source_name":"Raxaul","level":"subdistrict","mausam_level":"subdistrict","source_code":"1031","parent_code":"213","parent_id":"IN-BR-D-213","district_code":"213","state_code":"10","subdistrict_code":"1031"}},{"type":"Feature","id":"1032","geometry":{"type":"Polygon","coordinates":[[[84.86348216630667,26.843335572558725],[84.85646560383704,26.851222709804098],[84.86289745276753,26.860019901347012],[84.86640573400234,26.870030498619986],[84.85821974445444,26.872760661512615],[84.85997388507185,26.89975893900639],[84.86377452307623,26.907039373386734],[84.85909681476315,26.912499699171992],[84.86465159338493,26.933127596582963],[84.86903694492845,26.94617170818108],[84.86728280431105,26.958305765481654],[84.87546879385894,26.961339279806797],[84.88248535632857,26.972259931377312],[84.88248535632857,26.97893366289263],[84.89184077295474,26.97286663424234],[84.9093821791288,26.968013011322114],[84.93364779100291,26.967709659889596],[84.9535280513335,26.96012587407674],[84.96259111119011,26.960429225509255],[84.97779366320763,26.941318085260853],[84.97837837674678,26.93616111090811],[84.97019238719888,26.92857732509525],[84.970777100738,26.917049970659704],[85.00001277769478,26.91189299630696],[84.99270385845558,26.903095804764046],[85.0043981292383,26.89490531608616],[85.00205927508175,26.88277125878559],[85.00761405370353,26.88004109589296],[85.00585991308614,26.869727147187472],[85.00001277769478,26.86669363286233],[84.99767392353823,26.859413198481985],[84.98744143660338,26.850312655506553],[84.98042487413375,26.864266821402214],[84.96142168411184,26.870637201485014],[84.95177391071611,26.871547255782556],[84.94709620240303,26.867300335727357],[84.92721594207242,26.8724573100801],[84.92400001760717,26.8618400099421],[84.92458473114631,26.844245626856267],[84.94329556439865,26.842728869693698],[84.93394014777247,26.826651243770435],[84.914644600981,26.829988109528095],[84.90821275205052,26.839392003936037],[84.91084396297663,26.84727914118141],[84.90324268696787,26.850919358371584],[84.88277771309814,26.847885844046438],[84.87868471832418,26.834538381015808],[84.88511656725467,26.828168000933008],[84.87605350739807,26.827864649500494],[84.86611337723278,26.832111569555696],[84.86348216630667,26.843335572558725]]]},"properties":{"name":"Adapur","lgd":1032,"census":"01032","district":"Purbi Champaran","dist_lgd":213,"state":"Bihar","state_lgd":10,"id":"IN-BR-S-1032","source_name":"Adapur","level":"subdistrict","mausam_level":"subdistrict","source_code":"1032","parent_code":"213","parent_id":"IN-BR-D-213","district_code":"213","state_code":"10","subdistrict_code":"1032"}},{"type":"Feature","id":"1037","geometry":{"type":"Polygon","coordinates":[[[85.13771281616116,26.870030498619986],[85.14999180048301,26.865783578564784],[85.14969944371344,26.858806495616957],[85.13449689169592,26.84636908688387],[85.12631090214802,26.842122166828666],[85.11958669644797,26.816033943632437],[85.10730771212613,26.818157403660035],[85.10964656628266,26.826651243770435],[85.08567331117811,26.82756129806798],[85.08099560286503,26.824224432310324],[85.05936120191703,26.830594812393123],[85.05439113683437,26.813607132172322],[85.05789941806918,26.806933400657005],[85.05497585037351,26.795102694788948],[85.05906884514745,26.783271988920887],[85.06667012115622,26.77417144594546],[85.0912280897999,26.773868094512945],[85.0994140793478,26.7665876601326],[85.09912172257823,26.760520631482315],[85.08976630595205,26.763250794374944],[85.0812879596346,26.757487117157172],[85.0812879596346,26.748993277046768],[85.07514846747367,26.747173168451685],[85.06637776438664,26.75111673707437],[85.05702234776048,26.74565641128911],[85.05059049882999,26.74626311415414],[85.04532807697777,26.754756954264543],[85.04035801189512,26.756273711427113],[85.0277866708037,26.75202679137191],[85.02486310310803,26.740499436936368],[85.01433825940359,26.73291565112351],[85.01199940524705,26.74201619409894],[85.00293634539045,26.74565641128911],[85.00556755631656,26.749903331344314],[85.00235163185133,26.759307225752256],[85.00673698339483,26.78539544894849],[85.01989303802537,26.79388928905889],[85.02398603279933,26.818764106525066],[85.01989303802537,26.839088652503523],[85.0225242489515,26.847582492613924],[85.02807902757328,26.853649521264213],[85.05760706129962,26.849099249776497],[85.07427139716498,26.85577298129181],[85.083042100252,26.853952872696727],[85.09999879288694,26.870940552917528],[85.12367969122191,26.871547255782556],[85.13771281616116,26.870030498619986]]]},"properties":{"name":"Bankatwa","lgd":1037,"census":"01037","district":"Purbi Champaran","dist_lgd":213,"state":"Bihar","state_lgd":10,"id":"IN-BR-S-1037","source_name":"Bankatwa","level":"subdistrict","mausam_level":"subdistrict","source_code":"1037","parent_code":"213","parent_id":"IN-BR-D-213","district_code":"213","state_code":"10","subdistrict_code":"1037"}},{"type":"Feature","id":"1036","geometry":{"type":"Polygon","coordinates":[[[84.88511656725467,26.828168000933008],[84.87868471832418,26.834538381015808],[84.88277771309814,26.847885844046438],[84.90324268696787,26.850919358371584],[84.91084396297663,26.84727914118141],[84.90821275205052,26.839392003936037],[84.914644600981,26.829988109528095],[84.93394014777247,26.826651243770435],[84.94329556439865,26.842728869693698],[84.92458473114631,26.844245626856267],[84.92400001760717,26.8618400099421],[84.92721594207242,26.8724573100801],[84.94709620240303,26.867300335727357],[84.95177391071611,26.871547255782556],[84.96142168411184,26.870637201485014],[84.98042487413375,26.864266821402214],[84.98744143660338,26.850312655506553],[84.99767392353823,26.859413198481985],[85.00001277769478,26.86669363286233],[85.00585991308614,26.869727147187472],[85.00761405370353,26.88004109589296],[85.00205927508175,26.88277125878559],[85.0043981292383,26.89490531608616],[85.02281660572106,26.891568450328503],[85.05380642329524,26.888838287435874],[85.05614527745178,26.8809511501905],[85.03071023849938,26.87397406724267],[85.02807902757328,26.853649521264213],[85.0225242489515,26.847582492613924],[85.01989303802537,26.839088652503523],[85.02398603279933,26.818764106525066],[85.01989303802537,26.79388928905889],[85.00673698339483,26.78539544894849],[85.00235163185133,26.759307225752256],[84.99007264752947,26.764160848672486],[84.98510258244683,26.777508311703116],[84.97954780382504,26.77144128305283],[84.97282359812499,26.771137931620316],[84.97370066843368,26.7623407400774],[84.95762104610746,26.7623407400774],[84.9573286893379,26.772351337350372],[84.93744842900729,26.774778148810487],[84.92633887176372,26.763250794374944],[84.9175681686767,26.770531228755285],[84.91318281713318,26.778721717433175],[84.90441211404614,26.775991554540543],[84.90353504373743,26.786608854678544],[84.90733568174181,26.791765829031288],[84.903827400507,26.799956317709174],[84.893010200033,26.80845015781958],[84.89037898910689,26.82179762085021],[84.88511656725467,26.828168000933008]]]},"properties":{"name":"Narkatia","lgd":1036,"census":"01036","district":"Purbi Champaran","dist_lgd":213,"state":"Bihar","state_lgd":10,"id":"IN-BR-S-1036","source_name":"Narkatia","level":"subdistrict","mausam_level":"subdistrict","source_code":"1036","parent_code":"213","parent_id":"IN-BR-D-213","district_code":"213","state_code":"10","subdistrict_code":"1036"}},{"type":"Feature","id":"1035","geometry":{"type":"Polygon","coordinates":[[[84.89885733542435,26.646460492856928],[84.89271784326343,26.65707779299493],[84.8921331297243,26.664964930240302],[84.8830700698677,26.662538118780187],[84.8848242104851,26.651314115777158],[84.88131592925029,26.64100016707167],[84.87254522616327,26.637359949881496],[84.86523630692407,26.625832595445953],[84.85734267414574,26.630989569798697],[84.86552866369364,26.63978676134161],[84.8666980907719,26.64858395288453],[84.86377452307623,26.6607180101851],[84.85792738768488,26.667998444565445],[84.86143566891968,26.676492284675845],[84.85032611167611,26.68528947621876],[84.84067833828038,26.683166016191162],[84.83570827319774,26.689839747706475],[84.82489107272373,26.69347996489665],[84.82430635918459,26.698333587816876],[84.81115030455405,26.70076039927699],[84.79945603377134,26.69347996489665],[84.7880541197582,26.695300073491733],[84.79243947130172,26.70470396789968],[84.79857896346263,26.707434130792308],[84.81612036963669,26.72442181101311],[84.82313693210632,26.723208405283053],[84.83307706227163,26.726241919608196],[84.83161527842378,26.73625251688117],[84.83658534350644,26.759003874319742],[84.84623311690217,26.764160848672486],[84.85178789552396,26.775384851675515],[84.8523726090631,26.79328258619386],[84.83395413258033,26.81573059219992],[84.83395413258033,26.82483113517535],[84.836877700276,26.82968475809558],[84.84564840336304,26.828471352365522],[84.85061846844569,26.836358489610895],[84.86348216630667,26.843335572558725],[84.86611337723278,26.832111569555696],[84.87605350739807,26.827864649500494],[84.88511656725467,26.828168000933008],[84.89037898910689,26.82179762085021],[84.893010200033,26.80845015781958],[84.87780764801548,26.804809940629404],[84.87751529124591,26.794192640491403],[84.882192999559,26.78539544894849],[84.88248535632857,26.775081500243],[84.88833249171992,26.768104417295174],[84.89681083803738,26.76719436299763],[84.91230574682447,26.751723439939397],[84.92516944468545,26.754150251399512],[84.92692358530286,26.743229599828997],[84.93715607223773,26.73776927404374],[84.93774078577687,26.73018548823088],[84.92692358530286,26.727151973905737],[84.92663122853328,26.71198440228002],[84.93861785608556,26.70197380500705],[84.93510957485074,26.69135650486905],[84.92429237437675,26.692569910599104],[84.9085051088201,26.68528947621876],[84.91172103328533,26.66648168740287],[84.90762803851139,26.65798784729247],[84.89914969219393,26.657381144427443],[84.89885733542435,26.646460492856928]]]},"properties":{"name":"Banjaria","lgd":1035,"census":"01035","district":"Purbi Champaran","dist_lgd":213,"state":"Bihar","state_lgd":10,"id":"IN-BR-S-1035","source_name":"Banjaria","level":"subdistrict","mausam_level":"subdistrict","source_code":"1035","parent_code":"213","parent_id":"IN-BR-D-213","district_code":"213","state_code":"10","subdistrict_code":"1035"}},{"type":"Feature","id":"1041","geometry":{"type":"Polygon","coordinates":[[[85.04883635821258,26.596710857924577],[85.0450357202082,26.591857235004348],[85.05000578529085,26.585790206354062],[85.04591279051691,26.579723177703777],[85.05029814206043,26.561522091752916],[85.04094272543426,26.56182544318543],[85.03801915773857,26.552421548777488],[85.0540987800648,26.551511494479943],[85.03860387127772,26.529670191338912],[85.0350955900429,26.542410951504515],[85.02720195726457,26.545444465829657],[85.02398603279933,26.535737219989198],[85.01726182709928,26.52876013704137],[85.00469048600786,26.526940028446283],[84.99591978292082,26.53088359706897],[84.98481022567725,26.531490299934],[84.98364079859898,26.540590842909427],[84.98861086368164,26.543321005802056],[85.00176691831219,26.53877073431434],[85.01053762139921,26.546657871559713],[85.01141469170793,26.55424165737257],[85.00322870216002,26.557578523130232],[84.98451786890769,26.555758414535145],[84.97048474396844,26.546657871559713],[84.96317582472925,26.5484779801548],[84.96054461380314,26.53604057142171],[84.95703633256832,26.532703705664055],[84.94709620240303,26.536950625719257],[84.94563441855519,26.541500897206973],[84.9500197700987,26.550904791614915],[84.95908282995529,26.551511494479943],[84.96931531689017,26.556365117400173],[84.9745777387424,26.567285768970688],[84.97370066843368,26.576082960513602],[84.96259111119011,26.57729636624366],[84.94066435347253,26.588823720679205],[84.9310165800768,26.58852036924669],[84.92400001760717,26.58366674632646],[84.91493695775058,26.586700260651604],[84.89973440573306,26.585486854921548],[84.89505669741997,26.590947180706806],[84.89505669741997,26.606114752332523],[84.8994420489635,26.62006891822818],[84.88804013495036,26.62765270404104],[84.90090383281134,26.64312362709927],[84.89885733542435,26.646460492856928],[84.89914969219393,26.657381144427443],[84.90762803851139,26.65798784729247],[84.91172103328533,26.66648168740287],[84.9085051088201,26.68528947621876],[84.92429237437675,26.692569910599104],[84.93510957485074,26.69135650486905],[84.93861785608556,26.70197380500705],[84.92663122853328,26.71198440228002],[84.92692358530286,26.727151973905737],[84.93774078577687,26.73018548823088],[84.93715607223773,26.73776927404374],[84.92692358530286,26.743229599828997],[84.92516944468545,26.754150251399512],[84.91230574682447,26.751723439939397],[84.89681083803738,26.76719436299763],[84.88833249171992,26.768104417295174],[84.88248535632857,26.775081500243],[84.882192999559,26.78539544894849],[84.87751529124591,26.794192640491403],[84.87780764801548,26.804809940629404],[84.893010200033,26.80845015781958],[84.903827400507,26.799956317709174],[84.90733568174181,26.791765829031288],[84.90353504373743,26.786608854678544],[84.90441211404614,26.775991554540543],[84.91318281713318,26.778721717433175],[84.9175681686767,26.770531228755285],[84.92633887176372,26.763250794374944],[84.93744842900729,26.774778148810487],[84.9573286893379,26.772351337350372],[84.95762104610746,26.7623407400774],[84.97370066843368,26.7623407400774],[84.97282359812499,26.771137931620316],[84.97954780382504,26.77144128305283],[84.98510258244683,26.777508311703116],[84.99007264752947,26.764160848672486],[85.00235163185133,26.759307225752256],[85.00556755631656,26.749903331344314],[85.00293634539045,26.74565641128911],[84.99358092876429,26.73230894825848],[84.98422551213812,26.727758676770765],[84.970777100738,26.724725162445623],[84.9699000304293,26.71683802520025],[84.97253124135541,26.697423533519334],[84.98159430121201,26.69135650486905],[84.99738156676867,26.696816830654306],[85.00790641047311,26.68862634197642],[85.00176691831219,26.683469367623676],[85.00966055109052,26.67679563610836],[85.0043981292383,26.66769509313293],[85.01229176201662,26.661021361617614],[85.02193953541236,26.662234767347673],[85.03071023849938,26.660414658752586],[85.03334144942549,26.652527521507213],[85.02398603279933,26.644943735694355],[85.03012552496025,26.637359949881496],[85.04123508220383,26.638573355611555],[85.03626501712117,26.627046001176012],[85.04152743897339,26.618552161065608],[85.05059049882999,26.613698538145382],[85.0450357202082,26.600047723682234],[85.04883635821258,26.596710857924577]]]},"properties":{"name":"Motihari","lgd":1041,"census":"01041","district":"Purbi Champaran","dist_lgd":213,"state":"Bihar","state_lgd":10,"id":"IN-BR-S-1041","source_name":"Motihari","level":"subdistrict","mausam_level":"subdistrict","source_code":"1041","parent_code":"213","parent_id":"IN-BR-D-213","district_code":"213","state_code":"10","subdistrict_code":"1041"}},{"type":"Feature","id":"1040","geometry":{"type":"Polygon","coordinates":[[[85.14239052447425,26.612788483847837],[85.13215803753937,26.61794545820058],[85.12543383183932,26.615518646740465],[85.1166631287523,26.61794545820058],[85.11724784229142,26.625832595445953],[85.10613828504785,26.626742649743495],[85.09473637103471,26.616732052470525],[85.08011853255633,26.617642106768066],[85.07544082424324,26.611271726685267],[85.07427139716498,26.60247453514235],[85.05526820714307,26.60247453514235],[85.04883635821258,26.596710857924577],[85.0450357202082,26.600047723682234],[85.05059049882999,26.613698538145382],[85.04152743897339,26.618552161065608],[85.03626501712117,26.627046001176012],[85.04123508220383,26.638573355611555],[85.03012552496025,26.637359949881496],[85.02398603279933,26.644943735694355],[85.03334144942549,26.652527521507213],[85.03071023849938,26.660414658752586],[85.02193953541236,26.662234767347673],[85.01229176201662,26.661021361617614],[85.0043981292383,26.66769509313293],[85.00966055109052,26.67679563610836],[85.00176691831219,26.683469367623676],[85.00790641047311,26.68862634197642],[84.99738156676867,26.696816830654306],[84.98159430121201,26.69135650486905],[84.97253124135541,26.697423533519334],[84.9699000304293,26.71683802520025],[84.970777100738,26.724725162445623],[84.98422551213812,26.727758676770765],[84.99358092876429,26.73230894825848],[85.00293634539045,26.74565641128911],[85.01199940524705,26.74201619409894],[85.01433825940359,26.73291565112351],[85.02486310310803,26.740499436936368],[85.0277866708037,26.75202679137191],[85.04035801189512,26.756273711427113],[85.04532807697777,26.754756954264543],[85.05059049882999,26.74626311415414],[85.05702234776048,26.74565641128911],[85.06637776438664,26.75111673707437],[85.07514846747367,26.747173168451685],[85.0812879596346,26.748993277046768],[85.0812879596346,26.757487117157172],[85.08976630595205,26.763250794374944],[85.09912172257823,26.760520631482315],[85.11578605844359,26.748993277046768],[85.1137395610566,26.73352235398854],[85.1318656807698,26.73139889396094],[85.13449689169592,26.72654527104071],[85.15057651402213,26.72169164812048],[85.15291536817868,26.71046764511745],[85.15145358433085,26.70197380500705],[85.14209816770467,26.695300073491733],[85.14560644893949,26.69135650486905],[85.1646096389614,26.682255961893617],[85.15759307649176,26.67194201318813],[85.1663637795788,26.657684495859957],[85.17571919620497,26.6585945501575],[85.17162620143102,26.649797358614585],[85.16431728219183,26.64464038426184],[85.15671600618306,26.6437303299643],[85.15759307649176,26.62977616406864],[85.1616860712657,26.623709135418352],[85.15583893587436,26.61794545820058],[85.14239052447425,26.612788483847837]]]},"properties":{"name":"Chiraia","lgd":1040,"census":"01040","district":"Purbi Champaran","dist_lgd":213,"state":"Bihar","state_lgd":10,"id":"IN-BR-S-1040","source_name":"Chiraia","level":"subdistrict","mausam_level":"subdistrict","source_code":"1040","parent_code":"213","parent_id":"IN-BR-D-213","district_code":"213","state_code":"10","subdistrict_code":"1040"}},{"type":"Feature","id":"1039","geometry":{"type":"Polygon","coordinates":[[[85.27073514631446,26.649797358614585],[85.26459565415354,26.644337032829327],[85.25757909168392,26.638573355611555],[85.25670202137522,26.62916946120361],[85.24559246413165,26.625832595445953],[85.2450077505925,26.619765566795667],[85.23623704750548,26.61157507811778],[85.22834341472715,26.610665023820236],[85.22571220380104,26.635539841286413],[85.21401793301834,26.63189962409624],[85.20056952161822,26.630989569798697],[85.19969245130952,26.620978972525723],[85.18916760760507,26.622192378255782],[85.18478225606157,26.6352364898539],[85.1616860712657,26.623709135418352],[85.15759307649176,26.62977616406864],[85.15671600618306,26.6437303299643],[85.16431728219183,26.64464038426184],[85.17162620143102,26.649797358614585],[85.17571919620497,26.6585945501575],[85.1663637795788,26.657684495859957],[85.15759307649176,26.67194201318813],[85.1646096389614,26.682255961893617],[85.14560644893949,26.69135650486905],[85.14209816770467,26.695300073491733],[85.15145358433085,26.70197380500705],[85.15291536817868,26.71046764511745],[85.15057651402213,26.72169164812048],[85.13449689169592,26.72654527104071],[85.1318656807698,26.73139889396094],[85.1137395610566,26.73352235398854],[85.11578605844359,26.748993277046768],[85.12251026414364,26.759003874319742],[85.13245039430895,26.759913928617284],[85.13537396200462,26.75111673707437],[85.15262301140912,26.749296628479282],[85.15876250357005,26.754150251399512],[85.16139371449614,26.764767551537513],[85.16811792019621,26.768407768727688],[85.18887525083551,26.77417144594546],[85.195307099766,26.77417144594546],[85.20466251639216,26.762644091509912],[85.2125561491705,26.7580938200222],[85.2324364095011,26.7623407400774],[85.25436316721867,26.7580938200222],[85.25845616199263,26.751420088506883],[85.25173195629256,26.735949165448652],[85.25904087553175,26.731095542528426],[85.26079501614916,26.723511756715567],[85.25787144845349,26.717141376632764],[85.26079501614916,26.70955759081991],[85.26021030261003,26.691963207734076],[85.2523166698317,26.68528947621876],[85.23945297197072,26.679222447568474],[85.23682176104461,26.668605147430473],[85.24471539382294,26.660111307320072],[85.24763896151862,26.668605147430473],[85.25260902660126,26.670121904593046],[85.26722686507965,26.65707779299493],[85.27073514631446,26.649797358614585]]]},"properties":{"name":"Dhaka","lgd":1039,"census":"01039","district":"Purbi Champaran","dist_lgd":213,"state":"Bihar","state_lgd":10,"id":"IN-BR-S-1039","source_name":"Dhaka","level":"subdistrict","mausam_level":"subdistrict","source_code":"1039","parent_code":"213","parent_id":"IN-BR-D-213","district_code":"213","state_code":"10","subdistrict_code":"1039"}},{"type":"Feature","id":"1038","geometry":{"type":"Polygon","coordinates":[[[85.09912172257823,26.760520631482315],[85.0994140793478,26.7665876601326],[85.0912280897999,26.773868094512945],[85.06667012115622,26.77417144594546],[85.05906884514745,26.783271988920887],[85.05497585037351,26.795102694788948],[85.05789941806918,26.806933400657005],[85.05439113683437,26.813607132172322],[85.05936120191703,26.830594812393123],[85.08099560286503,26.824224432310324],[85.08567331117811,26.82756129806798],[85.10964656628266,26.826651243770435],[85.10730771212613,26.818157403660035],[85.11958669644797,26.816033943632437],[85.12631090214802,26.842122166828666],[85.13449689169592,26.84636908688387],[85.14969944371344,26.858806495616957],[85.14999180048301,26.865783578564784],[85.13771281616116,26.870030498619986],[85.15496186556565,26.8703338500525],[85.16782556342663,26.868513741457413],[85.18975232114421,26.870030498619986],[85.19296824560945,26.866086929997298],[85.19092174822248,26.84636908688387],[85.19121410499206,26.830898163825637],[85.17688862328323,26.814820537902378],[85.17659626651367,26.809663563549634],[85.18244340190502,26.80086637200672],[85.18068926128761,26.795709397653976],[85.19179881853118,26.79115912616626],[85.19150646176162,26.78205858319083],[85.195307099766,26.77417144594546],[85.18887525083551,26.77417144594546],[85.16811792019621,26.768407768727688],[85.16139371449614,26.764767551537513],[85.15876250357005,26.754150251399512],[85.15262301140912,26.749296628479282],[85.13537396200462,26.75111673707437],[85.13245039430895,26.759913928617284],[85.12251026414364,26.759003874319742],[85.11578605844359,26.748993277046768],[85.09912172257823,26.760520631482315]]]},"properties":{"name":"Ghorasahan","lgd":1038,"census":"01038","district":"Purbi Champaran","dist_lgd":213,"state":"Bihar","state_lgd":10,"id":"IN-BR-S-1038","source_name":"Ghorasahan","level":"subdistrict","mausam_level":"subdistrict","source_code":"1038","parent_code":"213","parent_id":"IN-BR-D-213","district_code":"213","state_code":"10","subdistrict_code":"1038"}},{"type":"Feature","id":"1044","geometry":{"type":"Polygon","coordinates":[[[84.68660632071821,26.687109584813847],[84.68192861240513,26.677098987540873],[84.67257319577897,26.678615744703446],[84.66380249269193,26.669818553160532],[84.66204835207452,26.6607180101851],[84.66614134684846,26.64524708712687],[84.67315790931809,26.635843192718927],[84.68192861240513,26.634326435556353],[84.68455982333123,26.640393464206642],[84.69274581287914,26.637359949881496],[84.69157638580086,26.62643929831098],[84.69479231026611,26.62067562109321],[84.70590186750968,26.624012486850866],[84.70444008366184,26.60308123800738],[84.69245345610956,26.609754969522694],[84.68455982333123,26.606418103765037],[84.67111141193112,26.607934860927607],[84.67111141193112,26.61794545820058],[84.6658489900789,26.623102432553324],[84.65503178960489,26.624315838283383],[84.64918465421354,26.604901346602464],[84.63456681573516,26.61521529530795],[84.63076617773078,26.626135946878467],[84.62258018818288,26.627956055473554],[84.62316490172202,26.619765566795667],[84.6187795501785,26.609148266657666],[84.6369056698917,26.60672145519755],[84.63222796157862,26.588823720679205],[84.64743051359613,26.576082960513602],[84.64801522713528,26.563342200348004],[84.65707828699188,26.564252254645545],[84.65532414637447,26.56030868602286],[84.63982923758738,26.56455560607806],[84.62667318295684,26.570925986160862],[84.61936426371764,26.56880252613326],[84.60533113877838,26.57153268902589],[84.59656043569136,26.564858957510573],[84.58311202429124,26.571836040458404],[84.58311202429124,26.57790306910869],[84.57317189412595,26.577599717676176],[84.55241456348664,26.58852036924669],[84.54393621716918,26.586093557786576],[84.5401355791648,26.578813123406235],[84.52727188130382,26.584273449191492],[84.51353111313414,26.597317560789605],[84.52610245422554,26.606114752332523],[84.51996296206462,26.616125349605497],[84.52113238914289,26.628259406906068],[84.52727188130382,26.627956055473554],[84.53370373023431,26.64009011277413],[84.54422857393874,26.65313422437224],[84.57755724566945,26.670728607458074],[84.58603559198693,26.66769509313293],[84.58778973260434,26.673458770350702],[84.59597572215222,26.674672176080758],[84.60123814400444,26.682862664758648],[84.59392922476525,26.68862634197642],[84.59831457630877,26.694086667761677],[84.61907190694808,26.69287326203162],[84.63953688081781,26.69014309913899],[84.63982923758738,26.68164925902859],[84.6524005786788,26.678615744703446],[84.65649357345274,26.681345907596075],[84.67169612547025,26.70076039927699],[84.67958975824858,26.698333587816876],[84.67812797440075,26.69226655916659],[84.68660632071821,26.687109584813847]]]},"properties":{"name":"Paharpur","lgd":1044,"census":"01044","district":"Purbi Champaran","dist_lgd":213,"state":"Bihar","state_lgd":10,"id":"IN-BR-S-1044","source_name":"Paharpur","level":"subdistrict","mausam_level":"subdistrict","source_code":"1044","parent_code":"213","parent_id":"IN-BR-D-213","district_code":"213","state_code":"10","subdistrict_code":"1044"}},{"type":"Feature","id":"1045","geometry":{"type":"Polygon","coordinates":[[[84.69654645088352,26.511772456820566],[84.6939152399574,26.503885319575193],[84.67812797440075,26.512985862550625],[84.6658489900789,26.51419926828068],[84.6667260603876,26.507525536765367],[84.65883242760927,26.489021099381993],[84.65093879483095,26.46353957905079],[84.63018146419165,26.457472550400503],[84.62638082618726,26.45170887318273],[84.61527126894369,26.448372007425075],[84.61176298770889,26.44382173593736],[84.59656043569136,26.43532789582696],[84.5898362299913,26.44958541315513],[84.59042094353043,26.457472550400503],[84.57346425089551,26.46990995913359],[84.57755724566945,26.486290936489365],[84.57141775350854,26.48750434221942],[84.5617699801128,26.495391479464793],[84.5544610608736,26.482044016434163],[84.53838143854739,26.485077530759305],[84.54481328747788,26.495694830897307],[84.54042793593436,26.50782888819788],[84.53575022762128,26.51419926828068],[84.51528525375154,26.531793651366513],[84.51060754543846,26.533310408529083],[84.51499289698197,26.556668468832687],[84.51206932928629,26.567892471835716],[84.49715913403834,26.570622634728345],[84.48868078772088,26.583060043461433],[84.4848801497165,26.59337399216692],[84.49072728510785,26.60308123800738],[84.50505276681668,26.60247453514235],[84.51353111313414,26.597317560789605],[84.52727188130382,26.584273449191492],[84.5401355791648,26.578813123406235],[84.54393621716918,26.586093557786576],[84.55241456348664,26.58852036924669],[84.57317189412595,26.577599717676176],[84.58311202429124,26.57790306910869],[84.58311202429124,26.571836040458404],[84.59656043569136,26.564858957510573],[84.60533113877838,26.57153268902589],[84.61936426371764,26.56880252613326],[84.62667318295684,26.570925986160862],[84.63982923758738,26.56455560607806],[84.65532414637447,26.56030868602286],[84.65707828699188,26.564252254645545],[84.6822209691747,26.56394890321303],[84.6848521801008,26.57031928329583],[84.69537702380524,26.56880252613326],[84.70414772689227,26.56303884891549],[84.69800823473135,26.541804248639487],[84.69420759672697,26.53634392285423],[84.69654645088352,26.511772456820566]]]},"properties":{"name":"Areraj","lgd":1045,"census":"01045","district":"Purbi Champaran","dist_lgd":213,"state":"Bihar","state_lgd":10,"id":"IN-BR-S-1045","source_name":"Areraj","level":"subdistrict","mausam_level":"subdistrict","source_code":"1045","parent_code":"213","parent_id":"IN-BR-D-213","district_code":"213","state_code":"10","subdistrict_code":"1045"}}]}
